{
"type": "FeatureCollection",
"name": "registro_mercantil_2025_con_coordenadas_poligono_ciudad_Paraiso",
"crs": { "type": "name", "properties": { "name": "urn:ogc:def:crs:OGC:1.3:CRS84" } },
"features": [
{ "type": "Feature", "properties": { "NUM_INSCRI": "1239693", "Mes_Dia_An": "31 de diciembre de 2024", "Mes_Dia_A1": "27 de marzo de 2025", "CATEGORIA": "PERSONA NATURAL", "NOMBRE_SEC": "EXPLOTACI?N DE MINAS Y CANTERAS", "CODIGO_CII": "510", "DESC_CIIU": "EXTRACCI?N DE HULLA (CARB?N DE PIEDRA)", "TAMANO957": "MICRO", "CIUDAD": "Cali", "COMUNA": "Comuna 01", "BARRIO": "Aguacatal", "DIRECCION_": "-CL 12  14   26", "TIPO_REGIS": "MERCANTIL", "PERSONAL_O": "1.0", "NUMERO_DE_": "1", "NUMERO_DE1": "0", "INGRESOS_A": "500000.0", "X": "-76.52984868692953", "Y": "3.443197017887749", "Id": 0, "area": 136572.15568900001 }, "geometry": { "type": "Point", "coordinates": [ -76.529848686929526, 3.443197017887749 ] } },
{ "type": "Feature", "properties": { "NUM_INSCRI": "1013006", "Mes_Dia_An": "4 de abril de 2018", "Mes_Dia_A1": "24 de abril de 2025", "CATEGORIA": "PERSONA JURIDICA", "NOMBRE_SEC": "INDUSTRIAS MANUFACTURERAS", "CODIGO_CII": "1011", "DESC_CIIU": "PROCESAMIENTO Y CONSERVACI?N DE CARNE Y PRODUCTOS C?RNICOS", "TAMANO957": "MICRO", "CIUDAD": "Cali", "COMUNA": "Comuna 03", "BARRIO": "San Juan Bosco", "DIRECCION_": "-CL 12 # 12 - 60", "TIPO_REGIS": "MERCANTIL", "PERSONAL_O": "0.0", "NUMERO_DE_": "0", "NUMERO_DE1": "0", "INGRESOS_A": "0.0", "X": "-76.53019877700304", "Y": "3.444958662272451", "Id": 0, "area": 136572.15568900001 }, "geometry": { "type": "Point", "coordinates": [ -76.530198777003037, 3.444958662272451 ] } },
{ "type": "Feature", "properties": { "NUM_INSCRI": "1059481", "Mes_Dia_An": "1 de agosto de 2019", "Mes_Dia_A1": "28 de marzo de 2025", "CATEGORIA": "PERSONA JURIDICA", "NOMBRE_SEC": "INDUSTRIAS MANUFACTURERAS", "CODIGO_CII": "1012", "DESC_CIIU": "PROCESAMIENTO Y CONSERVACI?N DE PESCADOS, CRUST?CEOS Y MOLUSCOS", "TAMANO957": "MICRO", "CIUDAD": "Cali", "COMUNA": "Comuna 03", "BARRIO": "Santa Rosa", "DIRECCION_": "-CL 10 # 11 - 47", "TIPO_REGIS": "MERCANTIL", "PERSONAL_O": "0.0", "NUMERO_DE_": "0", "NUMERO_DE1": "0", "INGRESOS_A": "0.0", "X": "-76.53213723609257", "Y": "3.445668544885491", "Id": 0, "area": 136572.15568900001 }, "geometry": { "type": "Point", "coordinates": [ -76.532137236092566, 3.445668544885491 ] } },
{ "type": "Feature", "properties": { "NUM_INSCRI": "994809", "Mes_Dia_An": "28 de agosto de 2017", "Mes_Dia_A1": "19 de marzo de 2025", "CATEGORIA": "PERSONA JURIDICA", "NOMBRE_SEC": "INDUSTRIAS MANUFACTURERAS", "CODIGO_CII": "1040", "DESC_CIIU": "ELABORACI?N DE PRODUCTOS L?CTEOS", "TAMANO957": "MEDIANA", "CIUDAD": "Cali", "COMUNA": "Comuna 03", "BARRIO": "San Juan Bosco", "DIRECCION_": "-CL 12 # 12 - 86", "TIPO_REGIS": "MERCANTIL", "PERSONAL_O": "74.0", "NUMERO_DE_": "34", "NUMERO_DE1": "40", "INGRESOS_A": "51857545522.0", "X": "-76.5301537781646", "Y": "3.444728056875896", "Id": 0, "area": 136572.15568900001 }, "geometry": { "type": "Point", "coordinates": [ -76.530153778164603, 3.444728056875896 ] } },
{ "type": "Feature", "properties": { "NUM_INSCRI": "576918", "Mes_Dia_An": "31 de enero de 2002", "Mes_Dia_A1": "21 de marzo de 2025", "CATEGORIA": "PERSONA JURIDICA", "NOMBRE_SEC": "INDUSTRIAS MANUFACTURERAS", "CODIGO_CII": "1081", "DESC_CIIU": "ELABORACI?N DE PRODUCTOS DE PANADER?A", "TAMANO957": "MEDIANA", "CIUDAD": "Cali", "COMUNA": "Comuna 03", "BARRIO": "San Pascual", "DIRECCION_": "-KR 14 # 13 - 28", "TIPO_REGIS": "MERCANTIL", "PERSONAL_O": "95.0", "NUMERO_DE_": "52", "NUMERO_DE1": "43", "INGRESOS_A": "17729520317.0", "X": "-76.52850329428571", "Y": "3.443334489274623", "Id": 0, "area": 136572.15568900001 }, "geometry": { "type": "Point", "coordinates": [ -76.528503294285713, 3.443334489274623 ] } },
{ "type": "Feature", "properties": { "NUM_INSCRI": "919745", "Mes_Dia_An": "12 de febrero de 2015", "Mes_Dia_A1": "1 de abril de 2025", "CATEGORIA": "PERSONA NATURAL", "NOMBRE_SEC": "INDUSTRIAS MANUFACTURERAS", "CODIGO_CII": "1084", "DESC_CIIU": "ELABORACI?N DE COMIDAS Y PLATOS PREPARADOS", "TAMANO957": "MICRO", "CIUDAD": "Cali", "COMUNA": "Comuna 03", "BARRIO": "San Pascual", "DIRECCION_": "-CRA 14 NRO 13 A 33", "TIPO_REGIS": "MERCANTIL", "PERSONAL_O": "2.0", "NUMERO_DE_": "2", "NUMERO_DE1": "0", "INGRESOS_A": "0.0", "X": "-76.52733068780117", "Y": "3.443491852946616", "Id": 0, "area": 136572.15568900001 }, "geometry": { "type": "Point", "coordinates": [ -76.527330687801168, 3.443491852946616 ] } },
{ "type": "Feature", "properties": { "NUM_INSCRI": "71817", "Mes_Dia_An": "7 de septiembre de 1979", "Mes_Dia_A1": "31 de marzo de 2025", "CATEGORIA": "PERSONA JURIDICA", "NOMBRE_SEC": "INDUSTRIAS MANUFACTURERAS", "CODIGO_CII": "1089", "DESC_CIIU": "ELABORACION DE OTROS PRODUCTOS ALIMENTICIOS NCP", "TAMANO957": "PEQUE?A", "CIUDAD": "Cali", "COMUNA": "Comuna 03", "BARRIO": "El Calvario", "DIRECCION_": "-CL 12 # 11 - 31", "TIPO_REGIS": "MERCANTIL", "PERSONAL_O": "62.0", "NUMERO_DE_": "20", "NUMERO_DE1": "42", "INGRESOS_A": "6924748919.0", "X": "-76.53032658069799", "Y": "3.446288035857735", "Id": 0, "area": 136572.15568900001 }, "geometry": { "type": "Point", "coordinates": [ -76.530326580697988, 3.446288035857735 ] } },
{ "type": "Feature", "properties": { "NUM_INSCRI": "1075777", "Mes_Dia_An": "5 de febrero de 2020", "Mes_Dia_A1": "5 de mayo de 2025", "CATEGORIA": "PERSONA JURIDICA", "NOMBRE_SEC": "INDUSTRIAS MANUFACTURERAS", "CODIGO_CII": "1089", "DESC_CIIU": "ELABORACI?N DE OTROS PRODUCTOS ALIMENTICIOS N.C.P.", "TAMANO957": "MEDIANA", "CIUDAD": "Cali", "COMUNA": "Comuna 03", "BARRIO": "San Pedro", "DIRECCION_": "-CL 15 14 04", "TIPO_REGIS": "MERCANTIL", "PERSONAL_O": "15.0", "NUMERO_DE_": "8", "NUMERO_DE1": "7", "INGRESOS_A": "10562471816.0", "X": "-76.5262480712978", "Y": "3.443216037350825", "Id": 0, "area": 136572.15568900001 }, "geometry": { "type": "Point", "coordinates": [ -76.5262480712978, 3.443216037350825 ] } },
{ "type": "Feature", "properties": { "NUM_INSCRI": "1118062", "Mes_Dia_An": "20 de mayo de 2021", "Mes_Dia_A1": "9 de enero de 2025", "CATEGORIA": "PERSONA JURIDICA", "NOMBRE_SEC": "INDUSTRIAS MANUFACTURERAS", "CODIGO_CII": "1089", "DESC_CIIU": "ELABORACI?N DE OTROS PRODUCTOS ALIMENTICIOS N.C.P.", "TAMANO957": "MICRO", "CIUDAD": "Cali", "COMUNA": "Comuna 03", "BARRIO": "San Juan Bosco", "DIRECCION_": "-KR 13 # 10 - 58", "TIPO_REGIS": "MERCANTIL", "PERSONAL_O": "0.0", "NUMERO_DE_": "0", "NUMERO_DE1": "0", "INGRESOS_A": "0.0", "X": "-76.53167735385486", "Y": "3.444171873195258", "Id": 0, "area": 136572.15568900001 }, "geometry": { "type": "Point", "coordinates": [ -76.53167735385486, 3.444171873195258 ] } },
{ "type": "Feature", "properties": { "NUM_INSCRI": "1231531", "Mes_Dia_An": "9 de septiembre de 2024", "Mes_Dia_A1": "9 de septiembre de 2024", "CATEGORIA": "PERSONA NATURAL", "NOMBRE_SEC": "INDUSTRIAS MANUFACTURERAS", "CODIGO_CII": "1089", "DESC_CIIU": "ELABORACI?N DE OTROS PRODUCTOS ALIMENTICIOS N.C.P.", "TAMANO957": "MICRO", "CIUDAD": "Cali", "COMUNA": "Comuna 03", "BARRIO": "San Juan Bosco", "DIRECCION_": "-CR 13  10   58 LC 1", "TIPO_REGIS": "MERCANTIL", "PERSONAL_O": "0.0", "NUMERO_DE_": "0", "NUMERO_DE1": "0", "INGRESOS_A": null, "X": "-76.53167735385486", "Y": "3.444171873195258", "Id": 0, "area": 136572.15568900001 }, "geometry": { "type": "Point", "coordinates": [ -76.53167735385486, 3.444171873195258 ] } },
{ "type": "Feature", "properties": { "NUM_INSCRI": "1235085", "Mes_Dia_An": "17 de octubre de 2024", "Mes_Dia_A1": "28 de marzo de 2025", "CATEGORIA": "PERSONA NATURAL", "NOMBRE_SEC": "INDUSTRIAS MANUFACTURERAS", "CODIGO_CII": "1104", "DESC_CIIU": "ELABORACI?N DE BEBIDAS NO ALCOH?LICAS, PRODUCCI?N DE AGUAS MINERA", "TAMANO957": "MICRO", "CIUDAD": "Cali", "COMUNA": null, "BARRIO": null, "DIRECCION_": "-CL 13   13   34", "TIPO_REGIS": "MERCANTIL", "PERSONAL_O": "1.0", "NUMERO_DE_": "1", "NUMERO_DE1": "0", "INGRESOS_A": "116574000.0", "X": "-76.52905945808197", "Y": "3.444194508660823", "Id": 0, "area": 136572.15568900001 }, "geometry": { "type": "Point", "coordinates": [ -76.529059458081974, 3.444194508660823 ] } },
{ "type": "Feature", "properties": { "NUM_INSCRI": "409413", "Mes_Dia_An": "29 de enero de 2010", "Mes_Dia_A1": "12 de febrero de 2025", "CATEGORIA": "PERSONA NATURAL", "NOMBRE_SEC": "INDUSTRIAS MANUFACTURERAS", "CODIGO_CII": "1410", "DESC_CIIU": "CONFECCI?N  DE PRENDAS DE VESTIR, EXCEPTO PRENDAS DE PIEL.", "TAMANO957": "MICRO", "CIUDAD": "Cali", "COMUNA": "Comuna 03", "BARRIO": "San Pascual", "DIRECCION_": "-CL 15 # 13 A - 54", "TIPO_REGIS": "MERCANTIL", "PERSONAL_O": "1.0", "NUMERO_DE_": "1", "NUMERO_DE1": "0", "INGRESOS_A": "0.0", "X": "-76.52638666272806", "Y": "3.443605805633393", "Id": 0, "area": 136572.15568900001 }, "geometry": { "type": "Point", "coordinates": [ -76.526386662728058, 3.443605805633393 ] } },
{ "type": "Feature", "properties": { "NUM_INSCRI": "868826", "Mes_Dia_An": "11 de abril de 2013", "Mes_Dia_A1": "31 de marzo de 2025", "CATEGORIA": "PERSONA NATURAL", "NOMBRE_SEC": "INDUSTRIAS MANUFACTURERAS", "CODIGO_CII": "1410", "DESC_CIIU": "CONFECCI?N DE PRENDAS DE VESTIR, EXCEPTO PRENDAS DE PIEL", "TAMANO957": "MICRO", "CIUDAD": "Cali", "COMUNA": "Comuna 03", "BARRIO": "San Pascual", "DIRECCION_": "-C 14        13       35", "TIPO_REGIS": "MERCANTIL", "PERSONAL_O": "1.0", "NUMERO_DE_": "1", "NUMERO_DE1": "0", "INGRESOS_A": "0.0", "X": "-76.527142608825", "Y": "3.444399808315939", "Id": 0, "area": 136572.15568900001 }, "geometry": { "type": "Point", "coordinates": [ -76.527142608825002, 3.444399808315939 ] } },
{ "type": "Feature", "properties": { "NUM_INSCRI": "953358", "Mes_Dia_An": "3 de mayo de 2016", "Mes_Dia_A1": "20 de agosto de 2024", "CATEGORIA": "PERSONA JURIDICA", "NOMBRE_SEC": "INDUSTRIAS MANUFACTURERAS", "CODIGO_CII": "1410", "DESC_CIIU": "CONFECCI?N DE PRENDAS DE VESTIR, EXCEPTO PRENDAS DE PIEL", "TAMANO957": "MICRO", "CIUDAD": "Cali", "COMUNA": "Comuna 03", "BARRIO": "San Pedro", "DIRECCION_": "-CL 13 #13-35 LOCAL  265", "TIPO_REGIS": "MERCANTIL", "PERSONAL_O": "3.0", "NUMERO_DE_": "3", "NUMERO_DE1": "0", "INGRESOS_A": null, "X": "-76.52872108465169", "Y": "3.444218928720624", "Id": 0, "area": 136572.15568900001 }, "geometry": { "type": "Point", "coordinates": [ -76.528721084651693, 3.444218928720624 ] } },
{ "type": "Feature", "properties": { "NUM_INSCRI": "1204768", "Mes_Dia_An": "28 de noviembre de 2023", "Mes_Dia_A1": "28 de marzo de 2025", "CATEGORIA": "PERSONA NATURAL", "NOMBRE_SEC": "INDUSTRIAS MANUFACTURERAS", "CODIGO_CII": "1410", "DESC_CIIU": "CONFECCI?N DE PRENDAS DE VESTIR, EXCEPTO PRENDAS DE PIEL", "TAMANO957": "MICRO", "CIUDAD": "Cali", "COMUNA": "Comuna 03", "BARRIO": "San Pascual", "DIRECCION_": "-CR 13  13 A 47", "TIPO_REGIS": "MERCANTIL", "PERSONAL_O": "1.0", "NUMERO_DE_": "0", "NUMERO_DE1": "1", "INGRESOS_A": "0.0", "X": "-76.52762677397716", "Y": "3.444775104560535", "Id": 0, "area": 136572.15568900001 }, "geometry": { "type": "Point", "coordinates": [ -76.527626773977161, 3.444775104560535 ] } },
{ "type": "Feature", "properties": { "NUM_INSCRI": "1215131", "Mes_Dia_An": "21 de marzo de 2024", "Mes_Dia_A1": "21 de marzo de 2024", "CATEGORIA": "PERSONA NATURAL", "NOMBRE_SEC": "INDUSTRIAS MANUFACTURERAS", "CODIGO_CII": "1410", "DESC_CIIU": "CONFECCI?N DE PRENDAS DE VESTIR, EXCEPTO PRENDAS DE PIEL", "TAMANO957": "MICRO", "CIUDAD": "Cali", "COMUNA": "Comuna 03", "BARRIO": "San Juan Bosco", "DIRECCION_": "-CR 13  10   22", "TIPO_REGIS": "MERCANTIL", "PERSONAL_O": "0.0", "NUMERO_DE_": "0", "NUMERO_DE1": "0", "INGRESOS_A": null, "X": "-76.5319716327491", "Y": "3.444325606939276", "Id": 0, "area": 136572.15568900001 }, "geometry": { "type": "Point", "coordinates": [ -76.531971632749105, 3.444325606939276 ] } },
{ "type": "Feature", "properties": { "NUM_INSCRI": "1061497", "Mes_Dia_An": "22 de agosto de 2019", "Mes_Dia_A1": "27 de mayo de 2025", "CATEGORIA": "PERSONA JURIDICA", "NOMBRE_SEC": "INDUSTRIAS MANUFACTURERAS", "CODIGO_CII": "1521", "DESC_CIIU": "FABRICACI?N DE CALZADO DE CUERO Y PIEL, CON CUALQUIER TIPO DE SUE", "TAMANO957": "PEQUE?A", "CIUDAD": "Cali", "COMUNA": "Comuna 03", "BARRIO": "San Juan Bosco", "DIRECCION_": "-CL 10 # 13 - 43", "TIPO_REGIS": "MERCANTIL", "PERSONAL_O": "7.0", "NUMERO_DE_": "5", "NUMERO_DE1": "2", "INGRESOS_A": "3859606025.0", "X": "-76.53191943229736", "Y": "3.443944881821102", "Id": 0, "area": 136572.15568900001 }, "geometry": { "type": "Point", "coordinates": [ -76.531919432297357, 3.443944881821102 ] } },
{ "type": "Feature", "properties": { "NUM_INSCRI": "1142602", "Mes_Dia_An": "16 de febrero de 2022", "Mes_Dia_A1": "13 de marzo de 2025", "CATEGORIA": "PERSONA JURIDICA", "NOMBRE_SEC": "INDUSTRIAS MANUFACTURERAS", "CODIGO_CII": "1521", "DESC_CIIU": "FABRICACI?N DE CALZADO DE CUERO Y PIEL, CON CUALQUIER TIPO DE SUE", "TAMANO957": "MICRO", "CIUDAD": "Cali", "COMUNA": "Comuna 08", "BARRIO": "Villa Colombia", "DIRECCION_": "-CR 12  13   73 TO 1 AP 901", "TIPO_REGIS": "MERCANTIL", "PERSONAL_O": "0.0", "NUMERO_DE_": "0", "NUMERO_DE1": "0", "INGRESOS_A": "0.0", "X": "-76.52863380485014", "Y": "3.44580965768147", "Id": 0, "area": 136572.15568900001 }, "geometry": { "type": "Point", "coordinates": [ -76.528633804850145, 3.44580965768147 ] } },
{ "type": "Feature", "properties": { "NUM_INSCRI": "1119773", "Mes_Dia_An": "16 de junio de 2021", "Mes_Dia_A1": "18 de julio de 2025", "CATEGORIA": "PERSONA JURIDICA", "NOMBRE_SEC": "INDUSTRIAS MANUFACTURERAS", "CODIGO_CII": "1522", "DESC_CIIU": "FABRICACI?N DE OTROS TIPOS DE CALZADO, EXCEPTO CALZADO DE CUERO Y", "TAMANO957": "MICRO", "CIUDAD": "Cali", "COMUNA": "Comuna 03", "BARRIO": "San Pedro", "DIRECCION_": "-CR 13  10   58", "TIPO_REGIS": "MERCANTIL", "PERSONAL_O": "1.0", "NUMERO_DE_": "1", "NUMERO_DE1": "0", "INGRESOS_A": "202837179.0", "X": "-76.53167735385486", "Y": "3.444171873195258", "Id": 0, "area": 136572.15568900001 }, "geometry": { "type": "Point", "coordinates": [ -76.53167735385486, 3.444171873195258 ] } },
{ "type": "Feature", "properties": { "NUM_INSCRI": "54742", "Mes_Dia_An": "22 de marzo de 1978", "Mes_Dia_A1": "2 de abril de 2025", "CATEGORIA": "PERSONA JURIDICA", "NOMBRE_SEC": "INDUSTRIAS MANUFACTURERAS", "CODIGO_CII": "1630", "DESC_CIIU": "FABRICACI?N DE PARTES Y PIEZAS DE MADERA, DE CARPINTER?A Y EBANIS", "TAMANO957": "MICRO", "CIUDAD": "Cali", "COMUNA": "Comuna 03", "BARRIO": "San Pascual", "DIRECCION_": "-KRA 12 A # 14 - 28", "TIPO_REGIS": "MERCANTIL", "PERSONAL_O": "0.0", "NUMERO_DE_": "0", "NUMERO_DE1": "0", "INGRESOS_A": "1000.0", "X": "-76.5272488057179", "Y": "3.445136841971395", "Id": 0, "area": 136572.15568900001 }, "geometry": { "type": "Point", "coordinates": [ -76.527248805717903, 3.445136841971395 ] } },
{ "type": "Feature", "properties": { "NUM_INSCRI": "652983", "Mes_Dia_An": "23 de febrero de 2005", "Mes_Dia_A1": "13 de febrero de 2025", "CATEGORIA": "PERSONA NATURAL", "NOMBRE_SEC": "INDUSTRIAS MANUFACTURERAS", "CODIGO_CII": "1630", "DESC_CIIU": "FABRICACI?N DE PARTES Y PIEZAS DE MADERA, DE CARPINTER?A Y EBANIS", "TAMANO957": "MICRO", "CIUDAD": "Cali", "COMUNA": "Comuna 08", "BARRIO": "Atanasio Girardot", "DIRECCION_": "-CL 15 # 12 - 112", "TIPO_REGIS": "MERCANTIL", "PERSONAL_O": "1.0", "NUMERO_DE_": "1", "NUMERO_DE1": "0", "INGRESOS_A": "0.0", "X": "-76.52693203176169", "Y": "3.445389154083297", "Id": 0, "area": 136572.15568900001 }, "geometry": { "type": "Point", "coordinates": [ -76.526932031761689, 3.445389154083297 ] } },
{ "type": "Feature", "properties": { "NUM_INSCRI": "933349", "Mes_Dia_An": "10 de agosto de 2015", "Mes_Dia_A1": "24 de febrero de 2025", "CATEGORIA": "PERSONA JURIDICA", "NOMBRE_SEC": "INDUSTRIAS MANUFACTURERAS", "CODIGO_CII": "1630", "DESC_CIIU": "FABRICACI?N DE PARTES Y PIEZAS DE MADERA, DE CARPINTER?A Y EBANIS", "TAMANO957": "MICRO", "CIUDAD": "Cali", "COMUNA": "Comuna 03", "BARRIO": "San Pascual", "DIRECCION_": "-CR 13  14   27", "TIPO_REGIS": "MERCANTIL", "PERSONAL_O": "2.0", "NUMERO_DE_": "1", "NUMERO_DE1": "1", "INGRESOS_A": "1034000000.0", "X": "-76.52719390766855", "Y": "3.444808568141637", "Id": 0, "area": 136572.15568900001 }, "geometry": { "type": "Point", "coordinates": [ -76.527193907668547, 3.444808568141637 ] } },
{ "type": "Feature", "properties": { "NUM_INSCRI": "1072609", "Mes_Dia_An": "13 de enero de 2020", "Mes_Dia_A1": "26 de marzo de 2025", "CATEGORIA": "PERSONA NATURAL", "NOMBRE_SEC": "INDUSTRIAS MANUFACTURERAS", "CODIGO_CII": "1630", "DESC_CIIU": "FABRICACI?N DE PARTES Y PIEZAS DE MADERA, DE CARPINTER?A Y EBANIS", "TAMANO957": "MICRO", "CIUDAD": "Cali", "COMUNA": "Comuna 03", "BARRIO": "San Pascual", "DIRECCION_": "-CL 14 # 12 A - 45", "TIPO_REGIS": "MERCANTIL", "PERSONAL_O": "5.0", "NUMERO_DE_": "4", "NUMERO_DE1": "1", "INGRESOS_A": "0.0", "X": "-76.52736849454558", "Y": "3.444860114096396", "Id": 0, "area": 136572.15568900001 }, "geometry": { "type": "Point", "coordinates": [ -76.527368494545584, 3.444860114096396 ] } },
{ "type": "Feature", "properties": { "NUM_INSCRI": "1078422", "Mes_Dia_An": "26 de febrero de 2020", "Mes_Dia_A1": "19 de marzo de 2025", "CATEGORIA": "PERSONA NATURAL", "NOMBRE_SEC": "INDUSTRIAS MANUFACTURERAS", "CODIGO_CII": "1630", "DESC_CIIU": "FABRICACI?N DE PARTES Y PIEZAS DE MADERA, DE CARPINTER?A Y EBANIS", "TAMANO957": "MICRO", "CIUDAD": "Cali", "COMUNA": "Comuna 03", "BARRIO": "San Juan Bosco", "DIRECCION_": "-KR 13 # 10 - 58 ED VELTA", "TIPO_REGIS": "MERCANTIL", "PERSONAL_O": "0.0", "NUMERO_DE_": "0", "NUMERO_DE1": "0", "INGRESOS_A": "114577736.0", "X": "-76.53167735385486", "Y": "3.444171873195258", "Id": 0, "area": 136572.15568900001 }, "geometry": { "type": "Point", "coordinates": [ -76.53167735385486, 3.444171873195258 ] } },
{ "type": "Feature", "properties": { "NUM_INSCRI": "1139945", "Mes_Dia_An": "25 de enero de 2022", "Mes_Dia_A1": "9 de mayo de 2025", "CATEGORIA": "PERSONA JURIDICA", "NOMBRE_SEC": "INDUSTRIAS MANUFACTURERAS", "CODIGO_CII": "1630", "DESC_CIIU": "FABRICACI?N DE PARTES Y PIEZAS DE MADERA, DE CARPINTER?A Y EBANIS", "TAMANO957": "MICRO", "CIUDAD": "Cali", "COMUNA": "Comuna 03", "BARRIO": "San Pascual", "DIRECCION_": "-KR 13 # 14 - 28", "TIPO_REGIS": "MERCANTIL", "PERSONAL_O": "0.0", "NUMERO_DE_": "0", "NUMERO_DE1": "0", "INGRESOS_A": "157761352.0", "X": "-76.52717050824155", "Y": "3.444629509641165", "Id": 0, "area": 136572.15568900001 }, "geometry": { "type": "Point", "coordinates": [ -76.527170508241554, 3.444629509641165 ] } },
{ "type": "Feature", "properties": { "NUM_INSCRI": "1170190", "Mes_Dia_An": "9 de noviembre de 2022", "Mes_Dia_A1": "3 de abril de 2024", "CATEGORIA": "PERSONA NATURAL", "NOMBRE_SEC": "INDUSTRIAS MANUFACTURERAS", "CODIGO_CII": "1630", "DESC_CIIU": "FABRICACI?N DE PARTES Y PIEZAS DE MADERA, DE CARPINTER?A Y EBANIS", "TAMANO957": "MICRO", "CIUDAD": "Cali", "COMUNA": "Comuna 03", "BARRIO": "San Pascual", "DIRECCION_": "-KR 10 # 11 - 44", "TIPO_REGIS": "MERCANTIL", "PERSONAL_O": "1.0", "NUMERO_DE_": "1", "NUMERO_DE1": "0", "INGRESOS_A": null, "X": "-76.53105643613105", "Y": "3.447264711631693", "Id": 0, "area": 136572.15568900001 }, "geometry": { "type": "Point", "coordinates": [ -76.531056436131053, 3.447264711631693 ] } },
{ "type": "Feature", "properties": { "NUM_INSCRI": "1225822", "Mes_Dia_An": "11 de julio de 2024", "Mes_Dia_A1": "26 de marzo de 2025", "CATEGORIA": "PERSONA NATURAL", "NOMBRE_SEC": "INDUSTRIAS MANUFACTURERAS", "CODIGO_CII": "1630", "DESC_CIIU": "FABRICACI?N DE PARTES Y PIEZAS DE MADERA, DE CARPINTER?A Y EBANIS", "TAMANO957": "MICRO", "CIUDAD": "Cali", "COMUNA": "Comuna 03", "BARRIO": "El Calvario", "DIRECCION_": "-CL 12  10   52", "TIPO_REGIS": "MERCANTIL", "PERSONAL_O": "2.0", "NUMERO_DE_": "1", "NUMERO_DE1": "1", "INGRESOS_A": "0.0", "X": "-76.53071445912899", "Y": "3.447024161810776", "Id": 0, "area": 136572.15568900001 }, "geometry": { "type": "Point", "coordinates": [ -76.530714459128987, 3.447024161810776 ] } },
{ "type": "Feature", "properties": { "NUM_INSCRI": "892649", "Mes_Dia_An": "18 de febrero de 2014", "Mes_Dia_A1": "20 de enero de 2025", "CATEGORIA": "PERSONA NATURAL", "NOMBRE_SEC": "INDUSTRIAS MANUFACTURERAS", "CODIGO_CII": "1702", "DESC_CIIU": "FABRICACI?N DE PAPEL Y CART?N ONDULADO (CORRUGADO); FABRICACI?N D", "TAMANO957": "MICRO", "CIUDAD": "Cali", "COMUNA": "Comuna 03", "BARRIO": "Santa Rosa", "DIRECCION_": "-C 12        11       12", "TIPO_REGIS": "MERCANTIL", "PERSONAL_O": "1.0", "NUMERO_DE_": "1", "NUMERO_DE1": "0", "INGRESOS_A": "12000000.0", "X": "-76.5305452653726", "Y": "3.446406501682046", "Id": 0, "area": 136572.15568900001 }, "geometry": { "type": "Point", "coordinates": [ -76.530545265372595, 3.446406501682046 ] } },
{ "type": "Feature", "properties": { "NUM_INSCRI": "1199041", "Mes_Dia_An": "15 de septiembre de 2023", "Mes_Dia_A1": "18 de octubre de 2024", "CATEGORIA": "PERSONA JURIDICA", "NOMBRE_SEC": "INDUSTRIAS MANUFACTURERAS", "CODIGO_CII": "2012", "DESC_CIIU": "FABRICACI?N DE ABONOS Y COMPUESTOS INORG?NICOS NITROGENADOS", "TAMANO957": "MICRO", "CIUDAD": "Cali", "COMUNA": "Comuna 03", "BARRIO": "Santa Rosa", "DIRECCION_": "-CALLE 12 # 11-66", "TIPO_REGIS": "MERCANTIL", "PERSONAL_O": "1.0", "NUMERO_DE_": "1", "NUMERO_DE1": "0", "INGRESOS_A": null, "X": "-76.53060826056253", "Y": "3.446401979333689", "Id": 0, "area": 136572.15568900001 }, "geometry": { "type": "Point", "coordinates": [ -76.530608260562531, 3.446401979333689 ] } },
{ "type": "Feature", "properties": { "NUM_INSCRI": "188822", "Mes_Dia_An": "27 de febrero de 1987", "Mes_Dia_A1": "31 de marzo de 2025", "CATEGORIA": "PERSONA JURIDICA", "NOMBRE_SEC": "INDUSTRIAS MANUFACTURERAS", "CODIGO_CII": "2100", "DESC_CIIU": "FABRICACI?N DE PRODUCTOS FARMAC?UTICOS, SUSTANCIAS QU?MICAS MEDIC", "TAMANO957": "MICRO", "CIUDAD": "Cali", "COMUNA": "Comuna 03", "BARRIO": "San Juan Bosco", "DIRECCION_": "-CL 10 # 14 - 79", "TIPO_REGIS": "MERCANTIL", "PERSONAL_O": "11.0", "NUMERO_DE_": "10", "NUMERO_DE1": "1", "INGRESOS_A": "915362000.0", "X": "-76.53195991546555", "Y": "3.44279546939118", "Id": 0, "area": 136572.15568900001 }, "geometry": { "type": "Point", "coordinates": [ -76.531959915465549, 3.44279546939118 ] } },
{ "type": "Feature", "properties": { "NUM_INSCRI": "491667", "Mes_Dia_An": "18 de agosto de 1998", "Mes_Dia_A1": "13 de marzo de 2025", "CATEGORIA": "PERSONA NATURAL", "NOMBRE_SEC": "INDUSTRIAS MANUFACTURERAS", "CODIGO_CII": "2221", "DESC_CIIU": "FABRICACION DE FORMAS BASICAS DE PLASTICO", "TAMANO957": "MICRO", "CIUDAD": "Cali", "COMUNA": "Comuna 03", "BARRIO": "San Pascual", "DIRECCION_": "-C 12        13       79", "TIPO_REGIS": "MERCANTIL", "PERSONAL_O": "1.0", "NUMERO_DE_": "1", "NUMERO_DE1": "0", "INGRESOS_A": "0.0", "X": "-76.52969030442881", "Y": "3.44372153471205", "Id": 0, "area": 136572.15568900001 }, "geometry": { "type": "Point", "coordinates": [ -76.529690304428811, 3.44372153471205 ] } },
{ "type": "Feature", "properties": { "NUM_INSCRI": "368349", "Mes_Dia_An": "15 de abril de 1994", "Mes_Dia_A1": "19 de marzo de 2025", "CATEGORIA": "PERSONA NATURAL", "NOMBRE_SEC": "INDUSTRIAS MANUFACTURERAS", "CODIGO_CII": "2229", "DESC_CIIU": "FABRICACION DE ARTICULOS DE PLASTICO NCP", "TAMANO957": "MICRO", "CIUDAD": "Cali", "COMUNA": "Comuna 03", "BARRIO": "San Pascual", "DIRECCION_": "-CL 12 # 13 - 85", "TIPO_REGIS": "MERCANTIL", "PERSONAL_O": "2.0", "NUMERO_DE_": "2", "NUMERO_DE1": "0", "INGRESOS_A": "0.0", "X": "-76.52967590491286", "Y": "3.443653709597941", "Id": 0, "area": 136572.15568900001 }, "geometry": { "type": "Point", "coordinates": [ -76.529675904912864, 3.443653709597941 ] } },
{ "type": "Feature", "properties": { "NUM_INSCRI": "795465", "Mes_Dia_An": "8 de julio de 2010", "Mes_Dia_A1": "31 de marzo de 2025", "CATEGORIA": "PERSONA JURIDICA", "NOMBRE_SEC": "INDUSTRIAS MANUFACTURERAS", "CODIGO_CII": "2229", "DESC_CIIU": "FABRICACION DE ARTICULOS DE PLASTICO NCP", "TAMANO957": "MICRO", "CIUDAD": "Cali", "COMUNA": "Comuna 03", "BARRIO": "El Calvario", "DIRECCION_": "-CL 11 # 10 - 31", "TIPO_REGIS": "MERCANTIL", "PERSONAL_O": "4.0", "NUMERO_DE_": "3", "NUMERO_DE1": "1", "INGRESOS_A": "825672000.0", "X": "-76.53126971711266", "Y": "3.446988886575245", "Id": 0, "area": 136572.15568900001 }, "geometry": { "type": "Point", "coordinates": [ -76.531269717112664, 3.446988886575245 ] } },
{ "type": "Feature", "properties": { "NUM_INSCRI": "860752", "Mes_Dia_An": "27 de diciembre de 2012", "Mes_Dia_A1": "31 de marzo de 2025", "CATEGORIA": "PERSONA JURIDICA", "NOMBRE_SEC": "INDUSTRIAS MANUFACTURERAS", "CODIGO_CII": "2229", "DESC_CIIU": "FABRICACI?N DE ART?CULOS DE PL?STICO N.C.P.", "TAMANO957": "PEQUE?A", "CIUDAD": "Cali", "COMUNA": "Comuna 03", "BARRIO": "Santa Rosa", "DIRECCION_": "-CL 11 # 10 - 28", "TIPO_REGIS": "MERCANTIL", "PERSONAL_O": "20.0", "NUMERO_DE_": "17", "NUMERO_DE1": "3", "INGRESOS_A": "2346626000.0", "X": "-76.53154419695251", "Y": "3.447025961238275", "Id": 0, "area": 136572.15568900001 }, "geometry": { "type": "Point", "coordinates": [ -76.53154419695251, 3.447025961238275 ] } },
{ "type": "Feature", "properties": { "NUM_INSCRI": "1054978", "Mes_Dia_An": "18 de junio de 2019", "Mes_Dia_A1": "29 de abril de 2025", "CATEGORIA": "PERSONA JURIDICA", "NOMBRE_SEC": "INDUSTRIAS MANUFACTURERAS", "CODIGO_CII": "2229", "DESC_CIIU": "FABRICACI?N DE ART?CULOS DE PL?STICO N.C.P.", "TAMANO957": "PEQUE?A", "CIUDAD": "Cali", "COMUNA": "Comuna 03", "BARRIO": "San Juan Bosco", "DIRECCION_": "-CL 11 # 13 - 01", "TIPO_REGIS": "MERCANTIL", "PERSONAL_O": "4.0", "NUMERO_DE_": "4", "NUMERO_DE1": "0", "INGRESOS_A": "1621047000.0", "X": "-76.53063883713376", "Y": "3.444394351614083", "Id": 0, "area": 136572.15568900001 }, "geometry": { "type": "Point", "coordinates": [ -76.530638837133765, 3.444394351614083 ] } },
{ "type": "Feature", "properties": { "NUM_INSCRI": "1110540", "Mes_Dia_An": "2 de marzo de 2021", "Mes_Dia_A1": "22 de abril de 2024", "CATEGORIA": "PERSONA JURIDICA", "NOMBRE_SEC": "INDUSTRIAS MANUFACTURERAS", "CODIGO_CII": "2229", "DESC_CIIU": "FABRICACI?N DE ART?CULOS DE PL?STICO N.C.P.", "TAMANO957": "MICRO", "CIUDAD": "Cali", "COMUNA": "Comuna 03", "BARRIO": "San Pedro", "DIRECCION_": "-CL 11 # 13 - 59", "TIPO_REGIS": "MERCANTIL", "PERSONAL_O": "2.0", "NUMERO_DE_": "2", "NUMERO_DE1": "0", "INGRESOS_A": null, "X": "-76.53050294224329", "Y": "3.443868933430942", "Id": 0, "area": 136572.15568900001 }, "geometry": { "type": "Point", "coordinates": [ -76.530502942243288, 3.443868933430942 ] } },
{ "type": "Feature", "properties": { "NUM_INSCRI": "1211956", "Mes_Dia_An": "23 de febrero de 2024", "Mes_Dia_A1": "28 de mayo de 2025", "CATEGORIA": "PERSONA NATURAL", "NOMBRE_SEC": "INDUSTRIAS MANUFACTURERAS", "CODIGO_CII": "2229", "DESC_CIIU": "FABRICACI?N DE ART?CULOS DE PL?STICO N.C.P.", "TAMANO957": "MICRO", "CIUDAD": "Cali", "COMUNA": "Comuna 03", "BARRIO": "San Juan Bosco", "DIRECCION_": "-CR 14  10   132", "TIPO_REGIS": "MERCANTIL", "PERSONAL_O": "0.0", "NUMERO_DE_": "0", "NUMERO_DE1": "0", "INGRESOS_A": "0.0", "X": "-76.5308773075372", "Y": "3.443366118232493", "Id": 0, "area": 136572.15568900001 }, "geometry": { "type": "Point", "coordinates": [ -76.530877307537196, 3.443366118232493 ] } },
{ "type": "Feature", "properties": { "NUM_INSCRI": "889641", "Mes_Dia_An": "21 de enero de 2014", "Mes_Dia_A1": "14 de marzo de 2025", "CATEGORIA": "PERSONA JURIDICA", "NOMBRE_SEC": "INDUSTRIAS MANUFACTURERAS", "CODIGO_CII": "2396", "DESC_CIIU": "CORTE, TALLADO Y ACABADO DE LA PIEDRA", "TAMANO957": "PEQUE?A", "CIUDAD": "Cali", "COMUNA": "Comuna 03", "BARRIO": "Santa Rosa", "DIRECCION_": "-CL 10 # 11 - 53", "TIPO_REGIS": "MERCANTIL", "PERSONAL_O": "6.0", "NUMERO_DE_": "4", "NUMERO_DE1": "2", "INGRESOS_A": "1968229706.0", "X": "-76.53212733566961", "Y": "3.445570876647401", "Id": 0, "area": 136572.15568900001 }, "geometry": { "type": "Point", "coordinates": [ -76.532127335669614, 3.445570876647401 ] } },
{ "type": "Feature", "properties": { "NUM_INSCRI": "725470", "Mes_Dia_An": "6 de noviembre de 2007", "Mes_Dia_A1": "31 de marzo de 2025", "CATEGORIA": "PERSONA JURIDICA", "NOMBRE_SEC": "INDUSTRIAS MANUFACTURERAS", "CODIGO_CII": "2511", "DESC_CIIU": "FABRICACI?N DE PRODUCTOS MET?LICOS PARA USO ESTRUCTURAL", "TAMANO957": "MICRO", "CIUDAD": "Cali", "COMUNA": "Comuna 03", "BARRIO": "San Pascual", "DIRECCION_": "-KR 14 # 14 - 54", "TIPO_REGIS": "MERCANTIL", "PERSONAL_O": "3.0", "NUMERO_DE_": "3", "NUMERO_DE1": "0", "INGRESOS_A": "935364442.0", "X": "-76.52662424102601", "Y": "3.443123792678409", "Id": 0, "area": 136572.15568900001 }, "geometry": { "type": "Point", "coordinates": [ -76.526624241026013, 3.443123792678409 ] } },
{ "type": "Feature", "properties": { "NUM_INSCRI": "1010790", "Mes_Dia_An": "12 de marzo de 2018", "Mes_Dia_A1": "1 de abril de 2025", "CATEGORIA": "PERSONA JURIDICA", "NOMBRE_SEC": "INDUSTRIAS MANUFACTURERAS", "CODIGO_CII": "2511", "DESC_CIIU": "FABRICACI?N DE PRODUCTOS MET?LICOS PARA USO ESTRUCTURAL", "TAMANO957": "MICRO", "CIUDAD": "Cali", "COMUNA": "Comuna 03", "BARRIO": "San Pascual", "DIRECCION_": "-KR 14 # 14 - 72", "TIPO_REGIS": "MERCANTIL", "PERSONAL_O": "0.0", "NUMERO_DE_": "0", "NUMERO_DE1": "0", "INGRESOS_A": "0.0", "X": "-76.52650365000021", "Y": "3.443034264105675", "Id": 0, "area": 136572.15568900001 }, "geometry": { "type": "Point", "coordinates": [ -76.526503650000208, 3.443034264105675 ] } },
{ "type": "Feature", "properties": { "NUM_INSCRI": "1017170", "Mes_Dia_An": "16 de mayo de 2018", "Mes_Dia_A1": "31 de marzo de 2025", "CATEGORIA": "PERSONA JURIDICA", "NOMBRE_SEC": "INDUSTRIAS MANUFACTURERAS", "CODIGO_CII": "2511", "DESC_CIIU": "FABRICACI?N DE PRODUCTOS MET?LICOS PARA USO ESTRUCTURAL", "TAMANO957": "MICRO", "CIUDAD": "Cali", "COMUNA": "Comuna 09", "BARRIO": "Barrio Obrero", "DIRECCION_": "-CL 10  12   17", "TIPO_REGIS": "MERCANTIL", "PERSONAL_O": "5.0", "NUMERO_DE_": "3", "NUMERO_DE1": "2", "INGRESOS_A": "805578990.0", "X": "-76.53221642343249", "Y": "3.445125037583453", "Id": 0, "area": 136572.15568900001 }, "geometry": { "type": "Point", "coordinates": [ -76.532216423432487, 3.445125037583453 ] } },
{ "type": "Feature", "properties": { "NUM_INSCRI": "1179345", "Mes_Dia_An": "27 de febrero de 2023", "Mes_Dia_A1": "20 de marzo de 2025", "CATEGORIA": "PERSONA JURIDICA", "NOMBRE_SEC": "INDUSTRIAS MANUFACTURERAS", "CODIGO_CII": "2511", "DESC_CIIU": "FABRICACI?N DE PRODUCTOS MET?LICOS PARA USO ESTRUCTURAL", "TAMANO957": "MICRO", "CIUDAD": "Cali", "COMUNA": null, "BARRIO": null, "DIRECCION_": "-KR 13 # 12 - 56", "TIPO_REGIS": "MERCANTIL", "PERSONAL_O": "1.0", "NUMERO_DE_": "1", "NUMERO_DE1": "0", "INGRESOS_A": "457919000.0", "X": "-76.52945542940604", "Y": "3.444428728235375", "Id": 0, "area": 136572.15568900001 }, "geometry": { "type": "Point", "coordinates": [ -76.529455429406042, 3.444428728235375 ] } },
{ "type": "Feature", "properties": { "NUM_INSCRI": "1041151", "Mes_Dia_An": "13 de febrero de 2019", "Mes_Dia_A1": "21 de marzo de 2025", "CATEGORIA": "PERSONA JURIDICA", "NOMBRE_SEC": "INDUSTRIAS MANUFACTURERAS", "CODIGO_CII": "2593", "DESC_CIIU": "FABRICACI?N DE ART?CULOS DE CUCHILLER?A, HERRAMIENTAS DE MANO Y A", "TAMANO957": "MICRO", "CIUDAD": "Cali", "COMUNA": "Comuna 03", "BARRIO": "San Juan Bosco", "DIRECCION_": "-CR 14  11   47", "TIPO_REGIS": "MERCANTIL", "PERSONAL_O": "1.0", "NUMERO_DE_": "1", "NUMERO_DE1": "0", "INGRESOS_A": "0.0", "X": "-76.5303544516455", "Y": "3.443651894167308", "Id": 0, "area": 136572.15568900001 }, "geometry": { "type": "Point", "coordinates": [ -76.530354451645493, 3.443651894167308 ] } },
{ "type": "Feature", "properties": { "NUM_INSCRI": "1024831", "Mes_Dia_An": "3 de agosto de 2018", "Mes_Dia_A1": "28 de marzo de 2025", "CATEGORIA": "PERSONA JURIDICA", "NOMBRE_SEC": "INDUSTRIAS MANUFACTURERAS", "CODIGO_CII": "2599", "DESC_CIIU": "FABRICACI?N DE OTROS PRODUCTOS ELABORADOS DE METAL N.C.P.", "TAMANO957": "MICRO", "CIUDAD": "Cali", "COMUNA": "Comuna 03", "BARRIO": "San Pascual", "DIRECCION_": "-KR 13 # 14 - 64", "TIPO_REGIS": "MERCANTIL", "PERSONAL_O": "0.0", "NUMERO_DE_": "0", "NUMERO_DE1": "0", "INGRESOS_A": "0.0", "X": "-76.52684743342958", "Y": "3.444654833263148", "Id": 0, "area": 136572.15568900001 }, "geometry": { "type": "Point", "coordinates": [ -76.52684743342958, 3.444654833263148 ] } },
{ "type": "Feature", "properties": { "NUM_INSCRI": "1016479", "Mes_Dia_An": "8 de mayo de 2018", "Mes_Dia_A1": "24 de octubre de 2025", "CATEGORIA": "PERSONA NATURAL", "NOMBRE_SEC": "INDUSTRIAS MANUFACTURERAS", "CODIGO_CII": "2750", "DESC_CIIU": "FABRICACI?N DE APARATOS DE USO DOM?STICO", "TAMANO957": "MICRO", "CIUDAD": "Cali", "COMUNA": "Comuna 03", "BARRIO": "San Pascual", "DIRECCION_": "-KR 14 # 12 - 68", "TIPO_REGIS": "MERCANTIL", "PERSONAL_O": "3.0", "NUMERO_DE_": "3", "NUMERO_DE1": "0", "INGRESOS_A": "0.0", "X": "-76.52915934201019", "Y": "3.443270275653909", "Id": 0, "area": 136572.15568900001 }, "geometry": { "type": "Point", "coordinates": [ -76.529159342010189, 3.443270275653909 ] } },
{ "type": "Feature", "properties": { "NUM_INSCRI": "571119", "Mes_Dia_An": "3 de octubre de 2001", "Mes_Dia_A1": "27 de junio de 2025", "CATEGORIA": "PERSONA NATURAL", "NOMBRE_SEC": "INDUSTRIAS MANUFACTURERAS", "CODIGO_CII": "2811", "DESC_CIIU": "FABRICACI?N DE MOTORES, TURBINAS, Y PARTES PARA MOTORES DE COMBUS", "TAMANO957": "MICRO", "CIUDAD": "Cali", "COMUNA": "Comuna 03", "BARRIO": "San Juan Bosco", "DIRECCION_": "-CL 12 # 12 - 70", "TIPO_REGIS": "MERCANTIL", "PERSONAL_O": "0.0", "NUMERO_DE_": "0", "NUMERO_DE1": "0", "INGRESOS_A": "0.0", "X": "-76.53029866818808", "Y": "3.444849236515076", "Id": 0, "area": 136572.15568900001 }, "geometry": { "type": "Point", "coordinates": [ -76.530298668188081, 3.444849236515076 ] } },
{ "type": "Feature", "properties": { "NUM_INSCRI": "1086295", "Mes_Dia_An": "3 de julio de 2020", "Mes_Dia_A1": "23 de abril de 2025", "CATEGORIA": "PERSONA JURIDICA", "NOMBRE_SEC": "INDUSTRIAS MANUFACTURERAS", "CODIGO_CII": "2813", "DESC_CIIU": "FABRICACI?N DE OTRAS BOMBAS, COMPRESORES, GRIFOS Y V?LVULAS", "TAMANO957": "MICRO", "CIUDAD": "Cali", "COMUNA": "Comuna 03", "BARRIO": "San Pascual", "DIRECCION_": "-CL 13 # 13 - 04", "TIPO_REGIS": "MERCANTIL", "PERSONAL_O": "6.0", "NUMERO_DE_": "5", "NUMERO_DE1": "1", "INGRESOS_A": "386923423.0", "X": "-76.52912155560264", "Y": "3.444458574415965", "Id": 0, "area": 136572.15568900001 }, "geometry": { "type": "Point", "coordinates": [ -76.529121555602643, 3.444458574415965 ] } },
{ "type": "Feature", "properties": { "NUM_INSCRI": "984268", "Mes_Dia_An": "25 de abril de 2017", "Mes_Dia_A1": "30 de octubre de 2025", "CATEGORIA": "PERSONA NATURAL", "NOMBRE_SEC": "INDUSTRIAS MANUFACTURERAS", "CODIGO_CII": "2815", "DESC_CIIU": "FABRICACI?N DE HORNOS, HOGARES Y QUEMADORES INDUSTRIALES", "TAMANO957": "MICRO", "CIUDAD": "Cali", "COMUNA": "Comuna 03", "BARRIO": "San Pascual", "DIRECCION_": "-KR 14 # 13 - 21", "TIPO_REGIS": "MERCANTIL", "PERSONAL_O": "1.0", "NUMERO_DE_": "1", "NUMERO_DE1": "0", "INGRESOS_A": "0.0", "X": "-76.52855189200125", "Y": "3.443519877891841", "Id": 0, "area": 136572.15568900001 }, "geometry": { "type": "Point", "coordinates": [ -76.528551892001246, 3.443519877891841 ] } },
{ "type": "Feature", "properties": { "NUM_INSCRI": "708275", "Mes_Dia_An": "26 de marzo de 2007", "Mes_Dia_A1": "27 de marzo de 2025", "CATEGORIA": "PERSONA JURIDICA", "NOMBRE_SEC": "INDUSTRIAS MANUFACTURERAS", "CODIGO_CII": "2819", "DESC_CIIU": "FABRICACION DE OTROS TIPOS DE MAQUINARIA DE USO GENERAL NCP", "TAMANO957": "MICRO", "CIUDAD": "Cali", "COMUNA": "Comuna 03", "BARRIO": "San Juan Bosco", "DIRECCION_": "-CL 11 # 13 - 73", "TIPO_REGIS": "MERCANTIL", "PERSONAL_O": "2.0", "NUMERO_DE_": "1", "NUMERO_DE1": "1", "INGRESOS_A": "265361000.0", "X": "-76.53055243712596", "Y": "3.443749560467559", "Id": 0, "area": 136572.15568900001 }, "geometry": { "type": "Point", "coordinates": [ -76.530552437125962, 3.443749560467559 ] } },
{ "type": "Feature", "properties": { "NUM_INSCRI": "1261274", "Mes_Dia_An": "1 de agosto de 2025", "Mes_Dia_A1": "1 de agosto de 2025", "CATEGORIA": "PERSONA JURIDICA", "NOMBRE_SEC": "INDUSTRIAS MANUFACTURERAS", "CODIGO_CII": "2920", "DESC_CIIU": "FABRICACI?N DE CARROCER?AS PARA VEH?CULOS AUTOMOTORES; FABRICACI?", "TAMANO957": "MICRO", "CIUDAD": "Cali", "COMUNA": "Comuna 03", "BARRIO": "San Juan Bosco", "DIRECCION_": "-CL 11   14   48", "TIPO_REGIS": "MERCANTIL", "PERSONAL_O": "1.0", "NUMERO_DE_": "1", "NUMERO_DE1": "0", "INGRESOS_A": "0.0", "X": "-76.53106718866428", "Y": "3.443008903151692", "Id": 0, "area": 136572.15568900001 }, "geometry": { "type": "Point", "coordinates": [ -76.531067188664281, 3.443008903151692 ] } },
{ "type": "Feature", "properties": { "NUM_INSCRI": "385158", "Mes_Dia_An": "30 de septiembre de 1994", "Mes_Dia_A1": "30 de abril de 2025", "CATEGORIA": "PERSONA NATURAL", "NOMBRE_SEC": "INDUSTRIAS MANUFACTURERAS", "CODIGO_CII": "3110", "DESC_CIIU": "FABRICACI?N DE MUEBLES", "TAMANO957": "MICRO", "CIUDAD": "Cali", "COMUNA": "Comuna 03", "BARRIO": "San Juan Bosco", "DIRECCION_": "-CL 11 # 13 - 47", "TIPO_REGIS": "MERCANTIL", "PERSONAL_O": "4.0", "NUMERO_DE_": "3", "NUMERO_DE1": "1", "INGRESOS_A": "193568130.0", "X": "-76.53061363461518", "Y": "3.443967504964725", "Id": 0, "area": 136572.15568900001 }, "geometry": { "type": "Point", "coordinates": [ -76.530613634615179, 3.443967504964725 ] } },
{ "type": "Feature", "properties": { "NUM_INSCRI": "547313", "Mes_Dia_An": "20 de octubre de 2000", "Mes_Dia_A1": "15 de febrero de 2024", "CATEGORIA": "PERSONA NATURAL", "NOMBRE_SEC": "INDUSTRIAS MANUFACTURERAS", "CODIGO_CII": "3110", "DESC_CIIU": "FABRICACI?N DE MUEBLES", "TAMANO957": "MICRO", "CIUDAD": "Cali", "COMUNA": "Comuna 03", "BARRIO": "El Calvario", "DIRECCION_": "-CRA 14 NRO 12 53", "TIPO_REGIS": "MERCANTIL", "PERSONAL_O": "1.0", "NUMERO_DE_": "1", "NUMERO_DE1": "0", "INGRESOS_A": null, "X": "-76.52927003636839", "Y": "3.443610305246222", "Id": 0, "area": 136572.15568900001 }, "geometry": { "type": "Point", "coordinates": [ -76.529270036368388, 3.443610305246222 ] } },
{ "type": "Feature", "properties": { "NUM_INSCRI": "657730", "Mes_Dia_An": "5 de mayo de 2005", "Mes_Dia_A1": "17 de marzo de 2025", "CATEGORIA": "PERSONA NATURAL", "NOMBRE_SEC": "INDUSTRIAS MANUFACTURERAS", "CODIGO_CII": "3110", "DESC_CIIU": "FABRICACI?N DE MUEBLES", "TAMANO957": "MICRO", "CIUDAD": "Cali", "COMUNA": "Comuna 03", "BARRIO": "El Calvario", "DIRECCION_": "-CL 11 # 12 - 42", "TIPO_REGIS": "MERCANTIL", "PERSONAL_O": "4.0", "NUMERO_DE_": "2", "NUMERO_DE1": "2", "INGRESOS_A": "25635000.0", "X": "-76.53098621699793", "Y": "3.445024670525755", "Id": 0, "area": 136572.15568900001 }, "geometry": { "type": "Point", "coordinates": [ -76.530986216997931, 3.445024670525755 ] } },
{ "type": "Feature", "properties": { "NUM_INSCRI": "823647", "Mes_Dia_An": "26 de julio de 2011", "Mes_Dia_A1": "19 de marzo de 2025", "CATEGORIA": "PERSONA NATURAL", "NOMBRE_SEC": "INDUSTRIAS MANUFACTURERAS", "CODIGO_CII": "3110", "DESC_CIIU": "FABRICACI?N DE MUEBLES", "TAMANO957": "MICRO", "CIUDAD": "Cali", "COMUNA": "Comuna 03", "BARRIO": "El Calvario", "DIRECCION_": "-CL 13 # 11 - 22", "TIPO_REGIS": "MERCANTIL", "PERSONAL_O": "0.0", "NUMERO_DE_": "0", "NUMERO_DE1": "0", "INGRESOS_A": "0.0", "X": "-76.52964983422736", "Y": "3.44652859613128", "Id": 0, "area": 136572.15568900001 }, "geometry": { "type": "Point", "coordinates": [ -76.529649834227357, 3.44652859613128 ] } },
{ "type": "Feature", "properties": { "NUM_INSCRI": "963181", "Mes_Dia_An": "19 de agosto de 2016", "Mes_Dia_A1": "21 de marzo de 2025", "CATEGORIA": "PERSONA JURIDICA", "NOMBRE_SEC": "INDUSTRIAS MANUFACTURERAS", "CODIGO_CII": "3110", "DESC_CIIU": "FABRICACI?N DE MUEBLES", "TAMANO957": "MICRO", "CIUDAD": "Cali", "COMUNA": "Comuna 03", "BARRIO": "San Juan Bosco", "DIRECCION_": "-CL 12 # 14 - 48", "TIPO_REGIS": "MERCANTIL", "PERSONAL_O": "4.0", "NUMERO_DE_": "4", "NUMERO_DE1": "0", "INGRESOS_A": "165256000.0", "X": "-76.52981718752187", "Y": "3.443000777129181", "Id": 0, "area": 136572.15568900001 }, "geometry": { "type": "Point", "coordinates": [ -76.529817187521871, 3.443000777129181 ] } },
{ "type": "Feature", "properties": { "NUM_INSCRI": "972900", "Mes_Dia_An": "5 de enero de 2017", "Mes_Dia_A1": "24 de julio de 2025", "CATEGORIA": "PERSONA JURIDICA", "NOMBRE_SEC": "INDUSTRIAS MANUFACTURERAS", "CODIGO_CII": "3110", "DESC_CIIU": "FABRICACI?N DE MUEBLES", "TAMANO957": "MICRO", "CIUDAD": "Cali", "COMUNA": "Comuna 03", "BARRIO": "San Juan Bosco", "DIRECCION_": "-CL 11 # 12 - 56", "TIPO_REGIS": "MERCANTIL", "PERSONAL_O": "2.0", "NUMERO_DE_": "1", "NUMERO_DE1": "1", "INGRESOS_A": "650877253.0", "X": "-76.53095201830897", "Y": "3.444902585450127", "Id": 0, "area": 136572.15568900001 }, "geometry": { "type": "Point", "coordinates": [ -76.530952018308966, 3.444902585450127 ] } },
{ "type": "Feature", "properties": { "NUM_INSCRI": "990114", "Mes_Dia_An": "30 de junio de 2017", "Mes_Dia_A1": "31 de marzo de 2025", "CATEGORIA": "PERSONA JURIDICA", "NOMBRE_SEC": "INDUSTRIAS MANUFACTURERAS", "CODIGO_CII": "3110", "DESC_CIIU": "FABRICACI?N DE MUEBLES", "TAMANO957": "PEQUE?A", "CIUDAD": "Cali", "COMUNA": "Comuna 19", "BARRIO": "El Cedro", "DIRECCION_": "-CL 11 # 12 - 72 PI 1 2 3", "TIPO_REGIS": "MERCANTIL", "PERSONAL_O": "10.0", "NUMERO_DE_": "6", "NUMERO_DE1": "4", "INGRESOS_A": "3714345721.0", "X": "-76.53091331979098", "Y": "3.444763318025186", "Id": 0, "area": 136572.15568900001 }, "geometry": { "type": "Point", "coordinates": [ -76.530913319790983, 3.444763318025186 ] } },
{ "type": "Feature", "properties": { "NUM_INSCRI": "1011401", "Mes_Dia_An": "16 de marzo de 2018", "Mes_Dia_A1": "19 de marzo de 2025", "CATEGORIA": "PERSONA JURIDICA", "NOMBRE_SEC": "INDUSTRIAS MANUFACTURERAS", "CODIGO_CII": "3110", "DESC_CIIU": "FABRICACI?N DE MUEBLES", "TAMANO957": "PEQUE?A", "CIUDAD": "Cali", "COMUNA": "Comuna 03", "BARRIO": "San Pascual", "DIRECCION_": "-CL 11 # 13 - 15", "TIPO_REGIS": "MERCANTIL", "PERSONAL_O": "14.0", "NUMERO_DE_": "6", "NUMERO_DE1": "8", "INGRESOS_A": "2922803482.0", "X": "-76.53062983649355", "Y": "3.444266840237041", "Id": 0, "area": 136572.15568900001 }, "geometry": { "type": "Point", "coordinates": [ -76.530629836493546, 3.444266840237041 ] } },
{ "type": "Feature", "properties": { "NUM_INSCRI": "1026830", "Mes_Dia_An": "27 de agosto de 2018", "Mes_Dia_A1": "27 de marzo de 2025", "CATEGORIA": "PERSONA NATURAL", "NOMBRE_SEC": "INDUSTRIAS MANUFACTURERAS", "CODIGO_CII": "3110", "DESC_CIIU": "FABRICACI?N DE MUEBLES", "TAMANO957": "MICRO", "CIUDAD": "Cali", "COMUNA": "Comuna 03", "BARRIO": "San Pedro", "DIRECCION_": "-CL 13 # 11 - 78", "TIPO_REGIS": "MERCANTIL", "PERSONAL_O": "1.0", "NUMERO_DE_": "1", "NUMERO_DE1": "0", "INGRESOS_A": "0.0", "X": "-76.52972452327853", "Y": "3.445973332709158", "Id": 0, "area": 136572.15568900001 }, "geometry": { "type": "Point", "coordinates": [ -76.529724523278531, 3.445973332709158 ] } },
{ "type": "Feature", "properties": { "NUM_INSCRI": "1065386", "Mes_Dia_An": "26 de septiembre de 2019", "Mes_Dia_A1": "30 de marzo de 2025", "CATEGORIA": "PERSONA NATURAL", "NOMBRE_SEC": "INDUSTRIAS MANUFACTURERAS", "CODIGO_CII": "3110", "DESC_CIIU": "FABRICACI?N DE MUEBLES", "TAMANO957": "MICRO", "CIUDAD": "Cali", "COMUNA": "Comuna 03", "BARRIO": "San Juan Bosco", "DIRECCION_": "-CL 11 # 13 - 31", "TIPO_REGIS": "MERCANTIL", "PERSONAL_O": "1.0", "NUMERO_DE_": "1", "NUMERO_DE1": "0", "INGRESOS_A": "0.0", "X": "-76.53054524154261", "Y": "3.444119434250544", "Id": 0, "area": 136572.15568900001 }, "geometry": { "type": "Point", "coordinates": [ -76.530545241542612, 3.444119434250544 ] } },
{ "type": "Feature", "properties": { "NUM_INSCRI": "1084976", "Mes_Dia_An": "23 de junio de 2020", "Mes_Dia_A1": "1 de abril de 2025", "CATEGORIA": "PERSONA NATURAL", "NOMBRE_SEC": "INDUSTRIAS MANUFACTURERAS", "CODIGO_CII": "3110", "DESC_CIIU": "FABRICACI?N DE MUEBLES", "TAMANO957": "MICRO", "CIUDAD": "Cali", "COMUNA": "Comuna 03", "BARRIO": "San Juan Bosco", "DIRECCION_": "-CL 11 # 11 - 33", "TIPO_REGIS": "MERCANTIL", "PERSONAL_O": "2.0", "NUMERO_DE_": "1", "NUMERO_DE1": "1", "INGRESOS_A": "42652231.0", "X": "-76.53110142001124", "Y": "3.446105351561925", "Id": 0, "area": 136572.15568900001 }, "geometry": { "type": "Point", "coordinates": [ -76.53110142001124, 3.446105351561925 ] } },
{ "type": "Feature", "properties": { "NUM_INSCRI": "1137840", "Mes_Dia_An": "4 de enero de 2022", "Mes_Dia_A1": "11 de marzo de 2025", "CATEGORIA": "PERSONA NATURAL", "NOMBRE_SEC": "INDUSTRIAS MANUFACTURERAS", "CODIGO_CII": "3110", "DESC_CIIU": "FABRICACI?N DE MUEBLES", "TAMANO957": "MICRO", "CIUDAD": "Cali", "COMUNA": "Comuna 03", "BARRIO": "San Juan Bosco", "DIRECCION_": "-CL 11 # 14 - 26", "TIPO_REGIS": "MERCANTIL", "PERSONAL_O": "5.0", "NUMERO_DE_": "3", "NUMERO_DE1": "2", "INGRESOS_A": "60000000.0", "X": "-76.53087010646104", "Y": "3.44321328540774", "Id": 0, "area": 136572.15568900001 }, "geometry": { "type": "Point", "coordinates": [ -76.530870106461037, 3.44321328540774 ] } },
{ "type": "Feature", "properties": { "NUM_INSCRI": "1192110", "Mes_Dia_An": "6 de julio de 2023", "Mes_Dia_A1": "31 de marzo de 2025", "CATEGORIA": "PERSONA JURIDICA", "NOMBRE_SEC": "INDUSTRIAS MANUFACTURERAS", "CODIGO_CII": "3110", "DESC_CIIU": "FABRICACI?N DE MUEBLES", "TAMANO957": "MICRO", "CIUDAD": "Cali", "COMUNA": "Comuna 03", "BARRIO": "Santa Rosa", "DIRECCION_": "-CL 11 # 11 - 80", "TIPO_REGIS": "MERCANTIL", "PERSONAL_O": "1.0", "NUMERO_DE_": "0", "NUMERO_DE1": "1", "INGRESOS_A": "94102522.0", "X": "-76.53115991050794", "Y": "3.445647756563358", "Id": 0, "area": 136572.15568900001 }, "geometry": { "type": "Point", "coordinates": [ -76.531159910507938, 3.445647756563358 ] } },
{ "type": "Feature", "properties": { "NUM_INSCRI": "1221271", "Mes_Dia_An": "23 de mayo de 2024", "Mes_Dia_A1": "23 de mayo de 2024", "CATEGORIA": "PERSONA NATURAL", "NOMBRE_SEC": "INDUSTRIAS MANUFACTURERAS", "CODIGO_CII": "3110", "DESC_CIIU": "FABRICACI?N DE MUEBLES", "TAMANO957": "MICRO", "CIUDAD": "Cali", "COMUNA": "Comuna 03", "BARRIO": "San Juan Bosco", "DIRECCION_": "-CL 12  12   70", "TIPO_REGIS": "MERCANTIL", "PERSONAL_O": "0.0", "NUMERO_DE_": "0", "NUMERO_DE1": "0", "INGRESOS_A": null, "X": "-76.53029866818808", "Y": "3.444849236515076", "Id": 0, "area": 136572.15568900001 }, "geometry": { "type": "Point", "coordinates": [ -76.530298668188081, 3.444849236515076 ] } },
{ "type": "Feature", "properties": { "NUM_INSCRI": "1246966", "Mes_Dia_An": "10 de marzo de 2025", "Mes_Dia_A1": "10 de marzo de 2025", "CATEGORIA": "PERSONA JURIDICA", "NOMBRE_SEC": "INDUSTRIAS MANUFACTURERAS", "CODIGO_CII": "3110", "DESC_CIIU": "FABRICACI?N DE MUEBLES", "TAMANO957": "MICRO", "CIUDAD": "Cali", "COMUNA": "Comuna 03", "BARRIO": "Santa Rosa", "DIRECCION_": "-CL 12  11   42", "TIPO_REGIS": "MERCANTIL", "PERSONAL_O": "0.0", "NUMERO_DE_": "0", "NUMERO_DE1": "0", "INGRESOS_A": "0.0", "X": "-76.53059835820301", "Y": "3.446105357017852", "Id": 0, "area": 136572.15568900001 }, "geometry": { "type": "Point", "coordinates": [ -76.530598358203008, 3.446105357017852 ] } },
{ "type": "Feature", "properties": { "NUM_INSCRI": "1258082", "Mes_Dia_An": "2 de julio de 2025", "Mes_Dia_A1": "2 de julio de 2025", "CATEGORIA": "PERSONA NATURAL", "NOMBRE_SEC": "INDUSTRIAS MANUFACTURERAS", "CODIGO_CII": "3110", "DESC_CIIU": "FABRICACI?N DE MUEBLES", "TAMANO957": "MICRO", "CIUDAD": "Cali", "COMUNA": "Comuna 03", "BARRIO": "San Pascual", "DIRECCION_": "-CR 14  14   43", "TIPO_REGIS": "MERCANTIL", "PERSONAL_O": "0.0", "NUMERO_DE_": "0", "NUMERO_DE1": "0", "INGRESOS_A": "0.0", "X": "-76.52645775603365", "Y": "3.443424937852622", "Id": 0, "area": 136572.15568900001 }, "geometry": { "type": "Point", "coordinates": [ -76.526457756033651, 3.443424937852622 ] } },
{ "type": "Feature", "properties": { "NUM_INSCRI": "1267582", "Mes_Dia_An": "6 de octubre de 2025", "Mes_Dia_A1": "6 de octubre de 2025", "CATEGORIA": "PERSONA NATURAL", "NOMBRE_SEC": "INDUSTRIAS MANUFACTURERAS", "CODIGO_CII": "3110", "DESC_CIIU": "FABRICACI?N DE MUEBLES", "TAMANO957": "MICRO", "CIUDAD": "Cali", "COMUNA": "Comuna 03", "BARRIO": "El Calvario", "DIRECCION_": "-CL 13  11   78", "TIPO_REGIS": "MERCANTIL", "PERSONAL_O": "0.0", "NUMERO_DE_": "0", "NUMERO_DE1": "0", "INGRESOS_A": "0.0", "X": "-76.52972452327853", "Y": "3.445973332709158", "Id": 0, "area": 136572.15568900001 }, "geometry": { "type": "Point", "coordinates": [ -76.529724523278531, 3.445973332709158 ] } },
{ "type": "Feature", "properties": { "NUM_INSCRI": "1232432", "Mes_Dia_An": "18 de septiembre de 2024", "Mes_Dia_A1": "20 de marzo de 2025", "CATEGORIA": "PERSONA JURIDICA", "NOMBRE_SEC": "INDUSTRIAS MANUFACTURERAS", "CODIGO_CII": "3120", "DESC_CIIU": "FABRICACI?N DE COLCHONES Y SOMIERES", "TAMANO957": "MICRO", "CIUDAD": "Cali", "COMUNA": "Comuna 03", "BARRIO": "Santa Rosa", "DIRECCION_": "-CL 11  12   34", "TIPO_REGIS": "MERCANTIL", "PERSONAL_O": "2.0", "NUMERO_DE_": "0", "NUMERO_DE1": "2", "INGRESOS_A": "118536000.0", "X": "-76.53100511630078", "Y": "3.445094304241529", "Id": 0, "area": 136572.15568900001 }, "geometry": { "type": "Point", "coordinates": [ -76.531005116300776, 3.445094304241529 ] } },
{ "type": "Feature", "properties": { "NUM_INSCRI": "212163", "Mes_Dia_An": "11 de julio de 2000", "Mes_Dia_A1": "21 de marzo de 2025", "CATEGORIA": "PERSONA NATURAL", "NOMBRE_SEC": "INDUSTRIAS MANUFACTURERAS", "CODIGO_CII": "3290", "DESC_CIIU": "OTRAS INDUSTRIAS MANUFACTURERAS N.C.P.", "TAMANO957": "MICRO", "CIUDAD": "Cali", "COMUNA": "Comuna 03", "BARRIO": "San Juan Bosco", "DIRECCION_": "-KR 14 # 11 - 49", "TIPO_REGIS": "MERCANTIL", "PERSONAL_O": "1.0", "NUMERO_DE_": "1", "NUMERO_DE1": "0", "INGRESOS_A": "15000000.0", "X": "-76.53027525772298", "Y": "3.443638329930471", "Id": 0, "area": 136572.15568900001 }, "geometry": { "type": "Point", "coordinates": [ -76.530275257722977, 3.443638329930471 ] } },
{ "type": "Feature", "properties": { "NUM_INSCRI": "689868", "Mes_Dia_An": "18 de julio de 2006", "Mes_Dia_A1": "31 de diciembre de 2024", "CATEGORIA": "PERSONA JURIDICA", "NOMBRE_SEC": "INDUSTRIAS MANUFACTURERAS", "CODIGO_CII": "3290", "DESC_CIIU": "OTRAS INDUSTRIAS MANUFACTURERAS N.C.P.", "TAMANO957": "MICRO", "CIUDAD": "Cali", "COMUNA": "Comuna 03", "BARRIO": "San Pascual", "DIRECCION_": "-CL 15 # 13 - 38", "TIPO_REGIS": "MERCANTIL", "PERSONAL_O": "0.0", "NUMERO_DE_": "0", "NUMERO_DE1": "0", "INGRESOS_A": null, "X": "-76.52675293880594", "Y": "3.444354594103136", "Id": 0, "area": 136572.15568900001 }, "geometry": { "type": "Point", "coordinates": [ -76.526752938805942, 3.444354594103136 ] } },
{ "type": "Feature", "properties": { "NUM_INSCRI": "755790", "Mes_Dia_An": "22 de enero de 2009", "Mes_Dia_A1": "28 de marzo de 2025", "CATEGORIA": "PERSONA JURIDICA", "NOMBRE_SEC": "INDUSTRIAS MANUFACTURERAS", "CODIGO_CII": "3290", "DESC_CIIU": "OTRAS INDUSTRIAS MANUFACTURERAS NCP", "TAMANO957": "MICRO", "CIUDAD": "Cali", "COMUNA": "Comuna 03", "BARRIO": "Santa Rosa", "DIRECCION_": "-CL 12 # 11 - 74", "TIPO_REGIS": "MERCANTIL", "PERSONAL_O": "1.0", "NUMERO_DE_": "1", "NUMERO_DE1": "0", "INGRESOS_A": "557308088.0", "X": "-76.53040037077224", "Y": "3.445865709878635", "Id": 0, "area": 136572.15568900001 }, "geometry": { "type": "Point", "coordinates": [ -76.530400370772242, 3.445865709878635 ] } },
{ "type": "Feature", "properties": { "NUM_INSCRI": "1183938", "Mes_Dia_An": "10 de abril de 2023", "Mes_Dia_A1": "13 de marzo de 2025", "CATEGORIA": "PERSONA JURIDICA", "NOMBRE_SEC": "INDUSTRIAS MANUFACTURERAS", "CODIGO_CII": "3311", "DESC_CIIU": "MANTENIMIENTO Y REPARACI?N ESPECIALIZADO DE PRODUCTOS ELABORADOS", "TAMANO957": "MICRO", "CIUDAD": "Cali", "COMUNA": "Comuna 20", "BARRIO": "Belen", "DIRECCION_": "-KR 13 # 12 - 56", "TIPO_REGIS": "MERCANTIL", "PERSONAL_O": "1.0", "NUMERO_DE_": "1", "NUMERO_DE1": "0", "INGRESOS_A": "14333018.0", "X": "-76.52945542940604", "Y": "3.444428728235375", "Id": 0, "area": 136572.15568900001 }, "geometry": { "type": "Point", "coordinates": [ -76.529455429406042, 3.444428728235375 ] } },
{ "type": "Feature", "properties": { "NUM_INSCRI": "838993", "Mes_Dia_An": "5 de marzo de 2012", "Mes_Dia_A1": "10 de marzo de 2025", "CATEGORIA": "PERSONA JURIDICA", "NOMBRE_SEC": "INDUSTRIAS MANUFACTURERAS", "CODIGO_CII": "3312", "DESC_CIIU": "MANTENIMIENTO Y REPARACI?N DE MAQUINARIA Y EQUIPO", "TAMANO957": "MICRO", "CIUDAD": "Cali", "COMUNA": "Comuna 03", "BARRIO": "San Juan Bosco", "DIRECCION_": "-CRA. 14 NRO. 10 73", "TIPO_REGIS": "MERCANTIL", "PERSONAL_O": "3.0", "NUMERO_DE_": "2", "NUMERO_DE1": "1", "INGRESOS_A": "0.0", "X": "-76.53141276796492", "Y": "3.443596718121479", "Id": 0, "area": 136572.15568900001 }, "geometry": { "type": "Point", "coordinates": [ -76.531412767964923, 3.443596718121479 ] } },
{ "type": "Feature", "properties": { "NUM_INSCRI": "591964", "Mes_Dia_An": "30 de agosto de 2002", "Mes_Dia_A1": "1 de agosto de 2025", "CATEGORIA": "PERSONA JURIDICA", "NOMBRE_SEC": "INDUSTRIAS MANUFACTURERAS", "CODIGO_CII": "3313", "DESC_CIIU": "MANTENIMIENTO Y REPARACI?N ESPECIALIZADO DE EQUIPO ELECTR?NICO Y", "TAMANO957": "MICRO", "CIUDAD": "Cali", "COMUNA": "Area de expansi?n urbana", "BARRIO": "Zonamerica", "DIRECCION_": "-CL 12  11   55 LC   4", "TIPO_REGIS": "MERCANTIL", "PERSONAL_O": "1.0", "NUMERO_DE_": "1", "NUMERO_DE1": "0", "INGRESOS_A": "2535000.0", "X": "-76.53027078279666", "Y": "3.446078230327553", "Id": 0, "area": 136572.15568900001 }, "geometry": { "type": "Point", "coordinates": [ -76.530270782796663, 3.446078230327553 ] } },
{ "type": "Feature", "properties": { "NUM_INSCRI": "929099", "Mes_Dia_An": "16 de junio de 2015", "Mes_Dia_A1": "27 de junio de 2025", "CATEGORIA": "PERSONA NATURAL", "NOMBRE_SEC": "INDUSTRIAS MANUFACTURERAS", "CODIGO_CII": "3314", "DESC_CIIU": "MANTENIMIENTO Y REPARACI?N ESPECIALIZADO DE EQUIPO EL?CTRICO", "TAMANO957": "MICRO", "CIUDAD": "Cali", "COMUNA": "Comuna 03", "BARRIO": "El Calvario", "DIRECCION_": "-KR 10 # 14 - 00 LC 196 CENTRO COMERCIAL CALI 2", "TIPO_REGIS": "MERCANTIL", "PERSONAL_O": "1.0", "NUMERO_DE_": "1", "NUMERO_DE1": "0", "INGRESOS_A": "0.0", "X": "-76.52802186649004", "Y": "3.447734995407312", "Id": 0, "area": 136572.15568900001 }, "geometry": { "type": "Point", "coordinates": [ -76.528021866490036, 3.447734995407312 ] } },
{ "type": "Feature", "properties": { "NUM_INSCRI": "1250273", "Mes_Dia_An": "8 de abril de 2025", "Mes_Dia_A1": "8 de abril de 2025", "CATEGORIA": "PERSONA NATURAL", "NOMBRE_SEC": "INDUSTRIAS MANUFACTURERAS", "CODIGO_CII": "3314", "DESC_CIIU": "MANTENIMIENTO Y REPARACI?N ESPECIALIZADO DE EQUIPO EL?CTRICO", "TAMANO957": "MICRO", "CIUDAD": "Cali", "COMUNA": "Comuna 03", "BARRIO": "San Pascual", "DIRECCION_": "-CL 15  13   16", "TIPO_REGIS": "MERCANTIL", "PERSONAL_O": "0.0", "NUMERO_DE_": "0", "NUMERO_DE1": "0", "INGRESOS_A": "0.0", "X": "-76.52671064335293", "Y": "3.444550835440093", "Id": 0, "area": 136572.15568900001 }, "geometry": { "type": "Point", "coordinates": [ -76.526710643352928, 3.444550835440093 ] } },
{ "type": "Feature", "properties": { "NUM_INSCRI": "1262584", "Mes_Dia_An": "15 de agosto de 2025", "Mes_Dia_A1": "15 de agosto de 2025", "CATEGORIA": "PERSONA NATURAL", "NOMBRE_SEC": "INDUSTRIAS MANUFACTURERAS", "CODIGO_CII": "3320", "DESC_CIIU": "INSTALACI?N ESPECIALIZADA DE MAQUINARIA Y EQUIPO INDUSTRIAL", "TAMANO957": "MICRO", "CIUDAD": "Cali", "COMUNA": null, "BARRIO": null, "DIRECCION_": "-CL 10  14   63", "TIPO_REGIS": "MERCANTIL", "PERSONAL_O": "0.0", "NUMERO_DE_": "0", "NUMERO_DE1": "0", "INGRESOS_A": "0.0", "X": "-76.53180602936682", "Y": "3.442939260762753", "Id": 0, "area": 136572.15568900001 }, "geometry": { "type": "Point", "coordinates": [ -76.53180602936682, 3.442939260762753 ] } },
{ "type": "Feature", "properties": { "NUM_INSCRI": "992746", "Mes_Dia_An": "2 de agosto de 2017", "Mes_Dia_A1": "31 de marzo de 2025", "CATEGORIA": "PERSONA NATURAL", "NOMBRE_SEC": "DISTRIBUCI?N DE AGUA; EVACUACI?N Y TRATAMIENTO DE AGUAS RESIDUALES, GESTI?N DE DESECHOS Y ACTIVIDADES DE SANEAMIENTO AMBIENTAL", "CODIGO_CII": "3811", "DESC_CIIU": "RECOLECCI?N DE DESECHOS NO PELIGROSOS", "TAMANO957": "MICRO", "CIUDAD": "Cali", "COMUNA": "Comuna 03", "BARRIO": "San Juan Bosco", "DIRECCION_": "-KR 13 # 10 - 135", "TIPO_REGIS": "MERCANTIL", "PERSONAL_O": "0.0", "NUMERO_DE_": "0", "NUMERO_DE1": "0", "INGRESOS_A": "0.0", "X": "-76.53097271237893", "Y": "3.444503772748846", "Id": 0, "area": 136572.15568900001 }, "geometry": { "type": "Point", "coordinates": [ -76.530972712378926, 3.444503772748846 ] } },
{ "type": "Feature", "properties": { "NUM_INSCRI": "1152284", "Mes_Dia_An": "11 de mayo de 2022", "Mes_Dia_A1": "7 de mayo de 2024", "CATEGORIA": "PERSONA NATURAL", "NOMBRE_SEC": "DISTRIBUCI?N DE AGUA; EVACUACI?N Y TRATAMIENTO DE AGUAS RESIDUALES, GESTI?N DE DESECHOS Y ACTIVIDADES DE SANEAMIENTO AMBIENTAL", "CODIGO_CII": "3811", "DESC_CIIU": "RECOLECCI?N DE DESECHOS NO PELIGROSOS", "TAMANO957": "MICRO", "CIUDAD": "Cali", "COMUNA": "Comuna 03", "BARRIO": "San Juan Bosco", "DIRECCION_": "-CR 13  10   80 POR 2", "TIPO_REGIS": "MERCANTIL", "PERSONAL_O": "1.0", "NUMERO_DE_": "1", "NUMERO_DE1": "0", "INGRESOS_A": null, "X": "-76.53147486978047", "Y": "3.444184536258594", "Id": 0, "area": 136572.15568900001 }, "geometry": { "type": "Point", "coordinates": [ -76.531474869780467, 3.444184536258594 ] } },
{ "type": "Feature", "properties": { "NUM_INSCRI": "1214201", "Mes_Dia_An": "13 de marzo de 2024", "Mes_Dia_A1": "13 de marzo de 2024", "CATEGORIA": "PERSONA NATURAL", "NOMBRE_SEC": "DISTRIBUCI?N DE AGUA; EVACUACI?N Y TRATAMIENTO DE AGUAS RESIDUALES, GESTI?N DE DESECHOS Y ACTIVIDADES DE SANEAMIENTO AMBIENTAL", "CODIGO_CII": "3811", "DESC_CIIU": "RECOLECCI?N DE DESECHOS NO PELIGROSOS", "TAMANO957": "MICRO", "CIUDAD": "Cali", "COMUNA": "Comuna 03", "BARRIO": "El Calvario", "DIRECCION_": "-CL 11  12   90", "TIPO_REGIS": "MERCANTIL", "PERSONAL_O": "0.0", "NUMERO_DE_": "0", "NUMERO_DE1": "0", "INGRESOS_A": null, "X": "-76.53086922151778", "Y": "3.444606868259992", "Id": 0, "area": 136572.15568900001 }, "geometry": { "type": "Point", "coordinates": [ -76.530869221517776, 3.444606868259992 ] } },
{ "type": "Feature", "properties": { "NUM_INSCRI": "1239868", "Mes_Dia_An": "7 de enero de 2025", "Mes_Dia_A1": "7 de enero de 2025", "CATEGORIA": "PERSONA NATURAL", "NOMBRE_SEC": "DISTRIBUCI?N DE AGUA; EVACUACI?N Y TRATAMIENTO DE AGUAS RESIDUALES, GESTI?N DE DESECHOS Y ACTIVIDADES DE SANEAMIENTO AMBIENTAL", "CODIGO_CII": "3811", "DESC_CIIU": "RECOLECCI?N DE DESECHOS NO PELIGROSOS", "TAMANO957": "MICRO", "CIUDAD": "Cali", "COMUNA": "Comuna 03", "BARRIO": "San Juan Bosco", "DIRECCION_": "-CL 11  12   90", "TIPO_REGIS": "MERCANTIL", "PERSONAL_O": "0.0", "NUMERO_DE_": "0", "NUMERO_DE1": "0", "INGRESOS_A": "0.0", "X": "-76.53086922151778", "Y": "3.444606868259992", "Id": 0, "area": 136572.15568900001 }, "geometry": { "type": "Point", "coordinates": [ -76.530869221517776, 3.444606868259992 ] } },
{ "type": "Feature", "properties": { "NUM_INSCRI": "1252167", "Mes_Dia_An": "30 de abril de 2025", "Mes_Dia_A1": "30 de abril de 2025", "CATEGORIA": "PERSONA NATURAL", "NOMBRE_SEC": "DISTRIBUCI?N DE AGUA; EVACUACI?N Y TRATAMIENTO DE AGUAS RESIDUALES, GESTI?N DE DESECHOS Y ACTIVIDADES DE SANEAMIENTO AMBIENTAL", "CODIGO_CII": "3811", "DESC_CIIU": "RECOLECCI?N DE DESECHOS NO PELIGROSOS", "TAMANO957": "MICRO", "CIUDAD": "Cali", "COMUNA": "Comuna 03", "BARRIO": "San Pedro", "DIRECCION_": "-CR 13  10   97", "TIPO_REGIS": "MERCANTIL", "PERSONAL_O": "0.0", "NUMERO_DE_": "0", "NUMERO_DE1": "0", "INGRESOS_A": "0.0", "X": "-76.53130208706557", "Y": "3.444525473158801", "Id": 0, "area": 136572.15568900001 }, "geometry": { "type": "Point", "coordinates": [ -76.531302087065569, 3.444525473158801 ] } },
{ "type": "Feature", "properties": { "NUM_INSCRI": "21171", "Mes_Dia_An": "7 de junio de 2022", "Mes_Dia_A1": "9 de julio de 2024", "CATEGORIA": "0", "NOMBRE_SEC": "DISTRIBUCI?N DE AGUA; EVACUACI?N Y TRATAMIENTO DE AGUAS RESIDUALES, GESTI?N DE DESECHOS Y ACTIVIDADES DE SANEAMIENTO AMBIENTAL", "CODIGO_CII": "3830", "DESC_CIIU": "RECUPERACI?N DE MATERIALES", "TAMANO957": "MICRO", "CIUDAD": "Cali", "COMUNA": "Comuna 03", "BARRIO": "San Pascual", "DIRECCION_": "-CL 12  14  39", "TIPO_REGIS": "ESAL", "PERSONAL_O": "0.0", "NUMERO_DE_": "0", "NUMERO_DE1": "0", "INGRESOS_A": null, "X": "-76.52954900934297", "Y": "3.443064083275364", "Id": 0, "area": 136572.15568900001 }, "geometry": { "type": "Point", "coordinates": [ -76.529549009342972, 3.443064083275364 ] } },
{ "type": "Feature", "properties": { "NUM_INSCRI": "344995", "Mes_Dia_An": "6 de diciembre de 1996", "Mes_Dia_A1": "29 de marzo de 2025", "CATEGORIA": "PERSONA NATURAL", "NOMBRE_SEC": "DISTRIBUCI?N DE AGUA; EVACUACI?N Y TRATAMIENTO DE AGUAS RESIDUALES, GESTI?N DE DESECHOS Y ACTIVIDADES DE SANEAMIENTO AMBIENTAL", "CODIGO_CII": "3830", "DESC_CIIU": "RECUPERACI?N DE MATERIALES", "TAMANO957": "MICRO", "CIUDAD": "Cali", "COMUNA": "Comuna 03", "BARRIO": "San Juan Bosco", "DIRECCION_": "-KR 12 # 12 - 49", "TIPO_REGIS": "MERCANTIL", "PERSONAL_O": "2.0", "NUMERO_DE_": "2", "NUMERO_DE1": "0", "INGRESOS_A": "1500000.0", "X": "-76.52977041788422", "Y": "3.445775282536713", "Id": 0, "area": 136572.15568900001 }, "geometry": { "type": "Point", "coordinates": [ -76.529770417884222, 3.445775282536713 ] } },
{ "type": "Feature", "properties": { "NUM_INSCRI": "623982", "Mes_Dia_An": "16 de enero de 2004", "Mes_Dia_A1": "31 de marzo de 2025", "CATEGORIA": "PERSONA NATURAL", "NOMBRE_SEC": "DISTRIBUCI?N DE AGUA; EVACUACI?N Y TRATAMIENTO DE AGUAS RESIDUALES, GESTI?N DE DESECHOS Y ACTIVIDADES DE SANEAMIENTO AMBIENTAL", "CODIGO_CII": "3830", "DESC_CIIU": "RECUPERACI?N DE MATERIALES", "TAMANO957": "MICRO", "CIUDAD": "Cali", "COMUNA": "Comuna 03", "BARRIO": "San Juan Bosco", "DIRECCION_": "-CR 11  NRO 11 -  54", "TIPO_REGIS": "MERCANTIL", "PERSONAL_O": "2.0", "NUMERO_DE_": "2", "NUMERO_DE1": "0", "INGRESOS_A": "0.0", "X": "-76.53072345155569", "Y": "3.446373943670626", "Id": 0, "area": 136572.15568900001 }, "geometry": { "type": "Point", "coordinates": [ -76.530723451555687, 3.446373943670626 ] } },
{ "type": "Feature", "properties": { "NUM_INSCRI": "763483", "Mes_Dia_An": "28 de abril de 2009", "Mes_Dia_A1": "6 de marzo de 2025", "CATEGORIA": "PERSONA NATURAL", "NOMBRE_SEC": "DISTRIBUCI?N DE AGUA; EVACUACI?N Y TRATAMIENTO DE AGUAS RESIDUALES, GESTI?N DE DESECHOS Y ACTIVIDADES DE SANEAMIENTO AMBIENTAL", "CODIGO_CII": "3830", "DESC_CIIU": "RECUPERACI?N DE MATERIALES", "TAMANO957": "MICRO", "CIUDAD": "Cali", "COMUNA": "Comuna 03", "BARRIO": "San Juan Bosco", "DIRECCION_": "-KR 13 # 11 - 39", "TIPO_REGIS": "MERCANTIL", "PERSONAL_O": "0.0", "NUMERO_DE_": "0", "NUMERO_DE1": "0", "INGRESOS_A": "12000000.0", "X": "-76.53033826207634", "Y": "3.444549900667365", "Id": 0, "area": 136572.15568900001 }, "geometry": { "type": "Point", "coordinates": [ -76.530338262076341, 3.444549900667365 ] } },
{ "type": "Feature", "properties": { "NUM_INSCRI": "857995", "Mes_Dia_An": "26 de octubre de 2012", "Mes_Dia_A1": "27 de marzo de 2025", "CATEGORIA": "PERSONA NATURAL", "NOMBRE_SEC": "DISTRIBUCI?N DE AGUA; EVACUACI?N Y TRATAMIENTO DE AGUAS RESIDUALES, GESTI?N DE DESECHOS Y ACTIVIDADES DE SANEAMIENTO AMBIENTAL", "CODIGO_CII": "3830", "DESC_CIIU": "RECICLAJE DE DESPERDICIOS Y DE DESECHOS METALICOS", "TAMANO957": "MICRO", "CIUDAD": "Cali", "COMUNA": "Comuna 03", "BARRIO": "San Pascual", "DIRECCION_": "-CL 12 # 13 - 95", "TIPO_REGIS": "MERCANTIL", "PERSONAL_O": "3.0", "NUMERO_DE_": "2", "NUMERO_DE1": "1", "INGRESOS_A": "0.0", "X": "-76.52966960481436", "Y": "3.443591310426049", "Id": 0, "area": 136572.15568900001 }, "geometry": { "type": "Point", "coordinates": [ -76.529669604814359, 3.443591310426049 ] } },
{ "type": "Feature", "properties": { "NUM_INSCRI": "1024086", "Mes_Dia_An": "27 de julio de 2018", "Mes_Dia_A1": "27 de marzo de 2025", "CATEGORIA": "PERSONA NATURAL", "NOMBRE_SEC": "DISTRIBUCI?N DE AGUA; EVACUACI?N Y TRATAMIENTO DE AGUAS RESIDUALES, GESTI?N DE DESECHOS Y ACTIVIDADES DE SANEAMIENTO AMBIENTAL", "CODIGO_CII": "3830", "DESC_CIIU": "RECUPERACI?N DE MATERIALES", "TAMANO957": "MICRO", "CIUDAD": "Cali", "COMUNA": "Comuna 03", "BARRIO": "San Juan Bosco", "DIRECCION_": "-CL 11 # 12 - 102 LC 2", "TIPO_REGIS": "MERCANTIL", "PERSONAL_O": "1.0", "NUMERO_DE_": "1", "NUMERO_DE1": "0", "INGRESOS_A": "0.0", "X": "-76.53084042263369", "Y": "3.444502869854144", "Id": 0, "area": 136572.15568900001 }, "geometry": { "type": "Point", "coordinates": [ -76.530840422633688, 3.444502869854144 ] } },
{ "type": "Feature", "properties": { "NUM_INSCRI": "1060646", "Mes_Dia_An": "13 de agosto de 2019", "Mes_Dia_A1": "20 de enero de 2025", "CATEGORIA": "PERSONA NATURAL", "NOMBRE_SEC": "DISTRIBUCI?N DE AGUA; EVACUACI?N Y TRATAMIENTO DE AGUAS RESIDUALES, GESTI?N DE DESECHOS Y ACTIVIDADES DE SANEAMIENTO AMBIENTAL", "CODIGO_CII": "3830", "DESC_CIIU": "RECUPERACI?N DE MATERIALES", "TAMANO957": "MICRO", "CIUDAD": "Cali", "COMUNA": "Comuna 03", "BARRIO": "San Pascual", "DIRECCION_": "-CALLE 12 # 13 - 09", "TIPO_REGIS": "MERCANTIL", "PERSONAL_O": "2.0", "NUMERO_DE_": "1", "NUMERO_DE1": "1", "INGRESOS_A": "0.0", "X": "-76.52985679721627", "Y": "3.444323821333782", "Id": 0, "area": 136572.15568900001 }, "geometry": { "type": "Point", "coordinates": [ -76.529856797216269, 3.444323821333782 ] } },
{ "type": "Feature", "properties": { "NUM_INSCRI": "1078629", "Mes_Dia_An": "27 de febrero de 2020", "Mes_Dia_A1": "17 de enero de 2025", "CATEGORIA": "PERSONA NATURAL", "NOMBRE_SEC": "DISTRIBUCI?N DE AGUA; EVACUACI?N Y TRATAMIENTO DE AGUAS RESIDUALES, GESTI?N DE DESECHOS Y ACTIVIDADES DE SANEAMIENTO AMBIENTAL", "CODIGO_CII": "3830", "DESC_CIIU": "RECUPERACI?N DE MATERIALES", "TAMANO957": "MICRO", "CIUDAD": "Cali", "COMUNA": "Comuna 03", "BARRIO": "Santa Rosa", "DIRECCION_": "-CR 11 # 11 - 78", "TIPO_REGIS": "MERCANTIL", "PERSONAL_O": "1.0", "NUMERO_DE_": "1", "NUMERO_DE1": "0", "INGRESOS_A": "0.0", "X": "-76.53053176714621", "Y": "3.446478848755619", "Id": 0, "area": 136572.15568900001 }, "geometry": { "type": "Point", "coordinates": [ -76.530531767146215, 3.446478848755619 ] } },
{ "type": "Feature", "properties": { "NUM_INSCRI": "1092278", "Mes_Dia_An": "31 de agosto de 2020", "Mes_Dia_A1": "20 de febrero de 2024", "CATEGORIA": "PERSONA NATURAL", "NOMBRE_SEC": "DISTRIBUCI?N DE AGUA; EVACUACI?N Y TRATAMIENTO DE AGUAS RESIDUALES, GESTI?N DE DESECHOS Y ACTIVIDADES DE SANEAMIENTO AMBIENTAL", "CODIGO_CII": "3830", "DESC_CIIU": "RECUPERACI?N DE MATERIALES", "TAMANO957": "MICRO", "CIUDAD": "Cali", "COMUNA": "Comuna 03", "BARRIO": "San Juan Bosco", "DIRECCION_": "-KR 13 # 10 - 140 LC 101", "TIPO_REGIS": "MERCANTIL", "PERSONAL_O": "0.0", "NUMERO_DE_": "0", "NUMERO_DE1": "0", "INGRESOS_A": null, "X": "-76.53090971566542", "Y": "3.444355462221941", "Id": 0, "area": 136572.15568900001 }, "geometry": { "type": "Point", "coordinates": [ -76.530909715665416, 3.444355462221941 ] } },
{ "type": "Feature", "properties": { "NUM_INSCRI": "1124766", "Mes_Dia_An": "4 de agosto de 2021", "Mes_Dia_A1": "28 de marzo de 2025", "CATEGORIA": "PERSONA NATURAL", "NOMBRE_SEC": "DISTRIBUCI?N DE AGUA; EVACUACI?N Y TRATAMIENTO DE AGUAS RESIDUALES, GESTI?N DE DESECHOS Y ACTIVIDADES DE SANEAMIENTO AMBIENTAL", "CODIGO_CII": "3830", "DESC_CIIU": "RECUPERACI?N DE MATERIALES", "TAMANO957": "MICRO", "CIUDAD": "Cali", "COMUNA": "Comuna 03", "BARRIO": "El Calvario", "DIRECCION_": "-KR 12 # 12 - 23", "TIPO_REGIS": "MERCANTIL", "PERSONAL_O": "1.0", "NUMERO_DE_": "1", "NUMERO_DE1": "0", "INGRESOS_A": "0.0", "X": "-76.52998100075807", "Y": "3.445666760070101", "Id": 0, "area": 136572.15568900001 }, "geometry": { "type": "Point", "coordinates": [ -76.52998100075807, 3.445666760070101 ] } },
{ "type": "Feature", "properties": { "NUM_INSCRI": "1125135", "Mes_Dia_An": "9 de agosto de 2021", "Mes_Dia_A1": "26 de marzo de 2025", "CATEGORIA": "PERSONA NATURAL", "NOMBRE_SEC": "DISTRIBUCI?N DE AGUA; EVACUACI?N Y TRATAMIENTO DE AGUAS RESIDUALES, GESTI?N DE DESECHOS Y ACTIVIDADES DE SANEAMIENTO AMBIENTAL", "CODIGO_CII": "3830", "DESC_CIIU": "RECUPERACI?N DE MATERIALES", "TAMANO957": "MICRO", "CIUDAD": "Cali", "COMUNA": "Comuna 03", "BARRIO": "San Juan Bosco", "DIRECCION_": "-KR 13 # 10 - 109", "TIPO_REGIS": "MERCANTIL", "PERSONAL_O": "0.0", "NUMERO_DE_": "0", "NUMERO_DE1": "0", "INGRESOS_A": "0.0", "X": "-76.5312084945465", "Y": "3.444545369620317", "Id": 0, "area": 136572.15568900001 }, "geometry": { "type": "Point", "coordinates": [ -76.531208494546505, 3.444545369620317 ] } },
{ "type": "Feature", "properties": { "NUM_INSCRI": "1125482", "Mes_Dia_An": "11 de agosto de 2021", "Mes_Dia_A1": "31 de marzo de 2025", "CATEGORIA": "PERSONA NATURAL", "NOMBRE_SEC": "DISTRIBUCI?N DE AGUA; EVACUACI?N Y TRATAMIENTO DE AGUAS RESIDUALES, GESTI?N DE DESECHOS Y ACTIVIDADES DE SANEAMIENTO AMBIENTAL", "CODIGO_CII": "3830", "DESC_CIIU": "RECUPERACI?N DE MATERIALES", "TAMANO957": "MICRO", "CIUDAD": "Cali", "COMUNA": "Comuna 03", "BARRIO": "San Pascual", "DIRECCION_": "-KR 13 # 12 - 66", "TIPO_REGIS": "MERCANTIL", "PERSONAL_O": "0.0", "NUMERO_DE_": "0", "NUMERO_DE1": "0", "INGRESOS_A": "0.0", "X": "-76.52932223853503", "Y": "3.44429579198105", "Id": 0, "area": 136572.15568900001 }, "geometry": { "type": "Point", "coordinates": [ -76.52932223853503, 3.44429579198105 ] } },
{ "type": "Feature", "properties": { "NUM_INSCRI": "1135092", "Mes_Dia_An": "16 de noviembre de 2021", "Mes_Dia_A1": "2 de abril de 2025", "CATEGORIA": "PERSONA NATURAL", "NOMBRE_SEC": "DISTRIBUCI?N DE AGUA; EVACUACI?N Y TRATAMIENTO DE AGUAS RESIDUALES, GESTI?N DE DESECHOS Y ACTIVIDADES DE SANEAMIENTO AMBIENTAL", "CODIGO_CII": "3830", "DESC_CIIU": "RECUPERACI?N DE MATERIALES", "TAMANO957": "MICRO", "CIUDAD": "Cali", "COMUNA": "Comuna 18", "BARRIO": "Los Chorros", "DIRECCION_": "-CL 12  13   82", "TIPO_REGIS": "MERCANTIL", "PERSONAL_O": "0.0", "NUMERO_DE_": "0", "NUMERO_DE1": "0", "INGRESOS_A": "0.0", "X": "-76.53002777704091", "Y": "3.44362748039012", "Id": 0, "area": 136572.15568900001 }, "geometry": { "type": "Point", "coordinates": [ -76.530027777040914, 3.44362748039012 ] } },
{ "type": "Feature", "properties": { "NUM_INSCRI": "1143242", "Mes_Dia_An": "22 de febrero de 2022", "Mes_Dia_A1": "10 de noviembre de 2025", "CATEGORIA": "PERSONA JURIDICA", "NOMBRE_SEC": "DISTRIBUCI?N DE AGUA; EVACUACI?N Y TRATAMIENTO DE AGUAS RESIDUALES, GESTI?N DE DESECHOS Y ACTIVIDADES DE SANEAMIENTO AMBIENTAL", "CODIGO_CII": "3830", "DESC_CIIU": "RECUPERACI?N DE MATERIALES", "TAMANO957": "MICRO", "CIUDAD": "Cali", "COMUNA": "Comuna 03", "BARRIO": "San Juan Bosco", "DIRECCION_": "-CARRERA 13 # 11 - 39", "TIPO_REGIS": "MERCANTIL", "PERSONAL_O": "0.0", "NUMERO_DE_": "0", "NUMERO_DE1": "0", "INGRESOS_A": "303735000.0", "X": "-76.53033826207634", "Y": "3.444549900667365", "Id": 0, "area": 136572.15568900001 }, "geometry": { "type": "Point", "coordinates": [ -76.530338262076341, 3.444549900667365 ] } },
{ "type": "Feature", "properties": { "NUM_INSCRI": "1223467", "Mes_Dia_An": "18 de junio de 2024", "Mes_Dia_A1": "18 de junio de 2024", "CATEGORIA": "PERSONA NATURAL", "NOMBRE_SEC": "DISTRIBUCI?N DE AGUA; EVACUACI?N Y TRATAMIENTO DE AGUAS RESIDUALES, GESTI?N DE DESECHOS Y ACTIVIDADES DE SANEAMIENTO AMBIENTAL", "CODIGO_CII": "3830", "DESC_CIIU": "RECUPERACI?N DE MATERIALES", "TAMANO957": "MICRO", "CIUDAD": "Cali", "COMUNA": "Comuna 09", "BARRIO": "Sucre", "DIRECCION_": "-CL 12  13   55", "TIPO_REGIS": "MERCANTIL", "PERSONAL_O": "0.0", "NUMERO_DE_": "0", "NUMERO_DE1": "0", "INGRESOS_A": null, "X": "-76.52981089722539", "Y": "3.443954852412397", "Id": 0, "area": 136572.15568900001 }, "geometry": { "type": "Point", "coordinates": [ -76.529810897225389, 3.443954852412397 ] } },
{ "type": "Feature", "properties": { "NUM_INSCRI": "1223746", "Mes_Dia_An": "20 de junio de 2024", "Mes_Dia_A1": "20 de junio de 2024", "CATEGORIA": "PERSONA NATURAL", "NOMBRE_SEC": "DISTRIBUCI?N DE AGUA; EVACUACI?N Y TRATAMIENTO DE AGUAS RESIDUALES, GESTI?N DE DESECHOS Y ACTIVIDADES DE SANEAMIENTO AMBIENTAL", "CODIGO_CII": "3830", "DESC_CIIU": "RECUPERACI?N DE MATERIALES", "TAMANO957": "MICRO", "CIUDAD": "Cali", "COMUNA": "Comuna 03", "BARRIO": "Santa Rosa", "DIRECCION_": "-CR 13  10   97", "TIPO_REGIS": "MERCANTIL", "PERSONAL_O": "0.0", "NUMERO_DE_": "0", "NUMERO_DE1": "0", "INGRESOS_A": null, "X": "-76.53130208706557", "Y": "3.444525473158801", "Id": 0, "area": 136572.15568900001 }, "geometry": { "type": "Point", "coordinates": [ -76.531302087065569, 3.444525473158801 ] } },
{ "type": "Feature", "properties": { "NUM_INSCRI": "1229266", "Mes_Dia_An": "15 de agosto de 2024", "Mes_Dia_A1": "28 de marzo de 2025", "CATEGORIA": "PERSONA NATURAL", "NOMBRE_SEC": "DISTRIBUCI?N DE AGUA; EVACUACI?N Y TRATAMIENTO DE AGUAS RESIDUALES, GESTI?N DE DESECHOS Y ACTIVIDADES DE SANEAMIENTO AMBIENTAL", "CODIGO_CII": "3830", "DESC_CIIU": "RECUPERACI?N DE MATERIALES", "TAMANO957": "MICRO", "CIUDAD": "Cali", "COMUNA": "Comuna 03", "BARRIO": "San Juan Bosco", "DIRECCION_": "-CR 14  11   72", "TIPO_REGIS": "MERCANTIL", "PERSONAL_O": "0.0", "NUMERO_DE_": "0", "NUMERO_DE1": "0", "INGRESOS_A": "0.0", "X": "-76.53005927227467", "Y": "3.44339596987984", "Id": 0, "area": 136572.15568900001 }, "geometry": { "type": "Point", "coordinates": [ -76.53005927227467, 3.44339596987984 ] } },
{ "type": "Feature", "properties": { "NUM_INSCRI": "1230382", "Mes_Dia_An": "27 de agosto de 2024", "Mes_Dia_A1": "27 de febrero de 2025", "CATEGORIA": "PERSONA NATURAL", "NOMBRE_SEC": "DISTRIBUCI?N DE AGUA; EVACUACI?N Y TRATAMIENTO DE AGUAS RESIDUALES, GESTI?N DE DESECHOS Y ACTIVIDADES DE SANEAMIENTO AMBIENTAL", "CODIGO_CII": "3830", "DESC_CIIU": "RECUPERACI?N DE MATERIALES", "TAMANO957": "MICRO", "CIUDAD": "Cali", "COMUNA": "Comuna 03", "BARRIO": "San Pascual", "DIRECCION_": "-CL 12  13   55", "TIPO_REGIS": "MERCANTIL", "PERSONAL_O": "0.0", "NUMERO_DE_": "0", "NUMERO_DE1": "0", "INGRESOS_A": "0.0", "X": "-76.52981089722539", "Y": "3.443954852412397", "Id": 0, "area": 136572.15568900001 }, "geometry": { "type": "Point", "coordinates": [ -76.529810897225389, 3.443954852412397 ] } },
{ "type": "Feature", "properties": { "NUM_INSCRI": "1236547", "Mes_Dia_An": "6 de noviembre de 2024", "Mes_Dia_A1": "29 de marzo de 2025", "CATEGORIA": "PERSONA JURIDICA", "NOMBRE_SEC": "DISTRIBUCI?N DE AGUA; EVACUACI?N Y TRATAMIENTO DE AGUAS RESIDUALES, GESTI?N DE DESECHOS Y ACTIVIDADES DE SANEAMIENTO AMBIENTAL", "CODIGO_CII": "3830", "DESC_CIIU": "RECUPERACI?N DE MATERIALES", "TAMANO957": "MICRO", "CIUDAD": "Cali", "COMUNA": "Comuna 03", "BARRIO": "San Pascual", "DIRECCION_": "-CL 12  11   66", "TIPO_REGIS": "MERCANTIL", "PERSONAL_O": "1.0", "NUMERO_DE_": "1", "NUMERO_DE1": "0", "INGRESOS_A": "0.0", "X": "-76.53060826056253", "Y": "3.446401979333689", "Id": 0, "area": 136572.15568900001 }, "geometry": { "type": "Point", "coordinates": [ -76.530608260562531, 3.446401979333689 ] } },
{ "type": "Feature", "properties": { "NUM_INSCRI": "1248015", "Mes_Dia_An": "18 de marzo de 2025", "Mes_Dia_A1": "18 de marzo de 2025", "CATEGORIA": "PERSONA NATURAL", "NOMBRE_SEC": "DISTRIBUCI?N DE AGUA; EVACUACI?N Y TRATAMIENTO DE AGUAS RESIDUALES, GESTI?N DE DESECHOS Y ACTIVIDADES DE SANEAMIENTO AMBIENTAL", "CODIGO_CII": "3830", "DESC_CIIU": "RECUPERACI?N DE MATERIALES", "TAMANO957": "MICRO", "CIUDAD": "Cali", "COMUNA": "Comuna 03", "BARRIO": "San Juan Bosco", "DIRECCION_": "-CL 11  12   90", "TIPO_REGIS": "MERCANTIL", "PERSONAL_O": "0.0", "NUMERO_DE_": "0", "NUMERO_DE1": "0", "INGRESOS_A": "0.0", "X": "-76.53086922151778", "Y": "3.444606868259992", "Id": 0, "area": 136572.15568900001 }, "geometry": { "type": "Point", "coordinates": [ -76.530869221517776, 3.444606868259992 ] } },
{ "type": "Feature", "properties": { "NUM_INSCRI": "1252302", "Mes_Dia_An": "2 de mayo de 2025", "Mes_Dia_A1": "2 de mayo de 2025", "CATEGORIA": "PERSONA NATURAL", "NOMBRE_SEC": "DISTRIBUCI?N DE AGUA; EVACUACI?N Y TRATAMIENTO DE AGUAS RESIDUALES, GESTI?N DE DESECHOS Y ACTIVIDADES DE SANEAMIENTO AMBIENTAL", "CODIGO_CII": "3830", "DESC_CIIU": "RECUPERACI?N DE MATERIALES", "TAMANO957": "MICRO", "CIUDAD": "Cali", "COMUNA": "Comuna 03", "BARRIO": "San Juan Bosco", "DIRECCION_": "-CL 11  14   40", "TIPO_REGIS": "MERCANTIL", "PERSONAL_O": "0.0", "NUMERO_DE_": "0", "NUMERO_DE1": "0", "INGRESOS_A": "0.0", "X": "-76.53088270411332", "Y": "3.443087582468662", "Id": 0, "area": 136572.15568900001 }, "geometry": { "type": "Point", "coordinates": [ -76.530882704113324, 3.443087582468662 ] } },
{ "type": "Feature", "properties": { "NUM_INSCRI": "1002093", "Mes_Dia_An": "30 de noviembre de 2017", "Mes_Dia_A1": "29 de septiembre de 2025", "CATEGORIA": "PERSONA JURIDICA", "NOMBRE_SEC": "CONSTRUCCI?N", "CODIGO_CII": "4111", "DESC_CIIU": "CONSTRUCCI?N DE EDIFICIOS RESIDENCIALES", "TAMANO957": "MICRO", "CIUDAD": "Cali", "COMUNA": "Comuna 03", "BARRIO": "San Pascual", "DIRECCION_": "-KR 14 # 13 - 60", "TIPO_REGIS": "MERCANTIL", "PERSONAL_O": "3.0", "NUMERO_DE_": "3", "NUMERO_DE1": "0", "INGRESOS_A": "0.0", "X": "-76.52821621672793", "Y": "3.44331188321483", "Id": 0, "area": 136572.15568900001 }, "geometry": { "type": "Point", "coordinates": [ -76.528216216727927, 3.44331188321483 ] } },
{ "type": "Feature", "properties": { "NUM_INSCRI": "1172669", "Mes_Dia_An": "19 de diciembre de 2022", "Mes_Dia_A1": "31 de marzo de 2025", "CATEGORIA": "PERSONA JURIDICA", "NOMBRE_SEC": "CONSTRUCCI?N", "CODIGO_CII": "4290", "DESC_CIIU": "CONSTRUCCI?N DE OTRAS OBRAS DE INGENIER?A CIVIL", "TAMANO957": "GRANDE", "CIUDAD": "Cali", "COMUNA": "Comuna 03", "BARRIO": "El Calvario", "DIRECCION_": "-KR 10 # 12 - 00", "TIPO_REGIS": "MERCANTIL", "PERSONAL_O": "40.0", "NUMERO_DE_": "28", "NUMERO_DE1": "12", "INGRESOS_A": "174552590343.0", "X": "-76.5306730660038", "Y": "3.4473813752219", "Id": 0, "area": 136572.15568900001 }, "geometry": { "type": "Point", "coordinates": [ -76.5306730660038, 3.4473813752219 ] } },
{ "type": "Feature", "properties": { "NUM_INSCRI": "1095871", "Mes_Dia_An": "28 de septiembre de 2020", "Mes_Dia_A1": "31 de marzo de 2025", "CATEGORIA": "PERSONA JURIDICA", "NOMBRE_SEC": "CONSTRUCCI?N", "CODIGO_CII": "4330", "DESC_CIIU": "TERMINACI?N Y ACABADO DE EDIFICIOS Y OBRAS DE INGENIER?A CIVIL", "TAMANO957": "PEQUE?A", "CIUDAD": "Cali", "COMUNA": "Comuna 03", "BARRIO": "San Juan Bosco", "DIRECCION_": "-KR 13 # 10 - 112", "TIPO_REGIS": "MERCANTIL", "PERSONAL_O": "10.0", "NUMERO_DE_": "8", "NUMERO_DE1": "2", "INGRESOS_A": "3357978491.0", "X": "-76.53116169599498", "Y": "3.444348224747683", "Id": 0, "area": 136572.15568900001 }, "geometry": { "type": "Point", "coordinates": [ -76.531161695994982, 3.444348224747683 ] } },
{ "type": "Feature", "properties": { "NUM_INSCRI": "1207952", "Mes_Dia_An": "22 de enero de 2024", "Mes_Dia_A1": "22 de enero de 2024", "CATEGORIA": "PERSONA JURIDICA", "NOMBRE_SEC": "CONSTRUCCI?N", "CODIGO_CII": "4330", "DESC_CIIU": "TERMINACI?N Y ACABADO DE EDIFICIOS Y OBRAS DE INGENIER?A CIVIL", "TAMANO957": "MICRO", "CIUDAD": "Cali", "COMUNA": "Comuna 03", "BARRIO": "Santa Rosa", "DIRECCION_": "-CR 10  11   16", "TIPO_REGIS": "MERCANTIL", "PERSONAL_O": "2.0", "NUMERO_DE_": "1", "NUMERO_DE1": "1", "INGRESOS_A": null, "X": "-76.53129761728123", "Y": "3.447190553328411", "Id": 0, "area": 136572.15568900001 }, "geometry": { "type": "Point", "coordinates": [ -76.531297617281226, 3.447190553328411 ] } },
{ "type": "Feature", "properties": { "NUM_INSCRI": "1194115", "Mes_Dia_An": "28 de julio de 2023", "Mes_Dia_A1": "3 de marzo de 2025", "CATEGORIA": "PERSONA JURIDICA", "NOMBRE_SEC": "CONSTRUCCI?N", "CODIGO_CII": "4390", "DESC_CIIU": "OTRAS ACTIVIDADES ESPECIALIZADAS PARA LA CONSTRUCCI?N DE EDIFICIO", "TAMANO957": "MICRO", "CIUDAD": "Cali", "COMUNA": null, "BARRIO": null, "DIRECCION_": "-CL 10  12   63", "TIPO_REGIS": "MERCANTIL", "PERSONAL_O": "3.0", "NUMERO_DE_": "0", "NUMERO_DE1": "3", "INGRESOS_A": "3500000.0", "X": "-76.53216422244475", "Y": "3.444711756365403", "Id": 0, "area": 136572.15568900001 }, "geometry": { "type": "Point", "coordinates": [ -76.532164222444749, 3.444711756365403 ] } },
{ "type": "Feature", "properties": { "NUM_INSCRI": "1200367", "Mes_Dia_An": "2 de octubre de 2023", "Mes_Dia_A1": "2 de abril de 2024", "CATEGORIA": "PERSONA JURIDICA", "NOMBRE_SEC": "CONSTRUCCI?N", "CODIGO_CII": "4390", "DESC_CIIU": "OTRAS ACTIVIDADES ESPECIALIZADAS PARA LA CONSTRUCCI?N DE EDIFICIO", "TAMANO957": "MICRO", "CIUDAD": "Cali", "COMUNA": "Comuna 03", "BARRIO": "San Juan Bosco", "DIRECCION_": "-KR 13 # 10 - 67 AP 101", "TIPO_REGIS": "MERCANTIL", "PERSONAL_O": "0.0", "NUMERO_DE_": "0", "NUMERO_DE1": "0", "INGRESOS_A": null, "X": "-76.53157206602987", "Y": "3.444517331034939", "Id": 0, "area": 136572.15568900001 }, "geometry": { "type": "Point", "coordinates": [ -76.531572066029867, 3.444517331034939 ] } },
{ "type": "Feature", "properties": { "NUM_INSCRI": "523658", "Mes_Dia_An": "26 de noviembre de 1999", "Mes_Dia_A1": "16 de enero de 2025", "CATEGORIA": "PERSONA NATURAL", "NOMBRE_SEC": "COMERCIO AL POR MAYOR Y AL POR MENOR; REPARACI?N DE VEH?CULOS AUTOMOTORES Y MOTOCICLETAS", "CODIGO_CII": "4520", "DESC_CIIU": "MANTENIMIENTO Y REPARACI?N DE VEH?CULOS AUTOMOTORES", "TAMANO957": "MICRO", "CIUDAD": "Cali", "COMUNA": "Comuna 03", "BARRIO": "San Pascual", "DIRECCION_": "-CL. 12 # 14 - 25", "TIPO_REGIS": "MERCANTIL", "PERSONAL_O": "1.0", "NUMERO_DE_": "1", "NUMERO_DE1": "0", "INGRESOS_A": "0.0", "X": "-76.5295643094662", "Y": "3.443206063993944", "Id": 0, "area": 136572.15568900001 }, "geometry": { "type": "Point", "coordinates": [ -76.529564309466195, 3.443206063993944 ] } },
{ "type": "Feature", "properties": { "NUM_INSCRI": "1089235", "Mes_Dia_An": "30 de julio de 2020", "Mes_Dia_A1": "31 de marzo de 2025", "CATEGORIA": "PERSONA NATURAL", "NOMBRE_SEC": "COMERCIO AL POR MAYOR Y AL POR MENOR; REPARACI?N DE VEH?CULOS AUTOMOTORES Y MOTOCICLETAS", "CODIGO_CII": "4520", "DESC_CIIU": "MANTENIMIENTO Y REPARACI?N DE VEH?CULOS AUTOMOTORES", "TAMANO957": "MICRO", "CIUDAD": "Cali", "COMUNA": "Comuna 03", "BARRIO": "San Juan Bosco", "DIRECCION_": "-KR 15 # 10 - 87", "TIPO_REGIS": "MERCANTIL", "PERSONAL_O": "4.0", "NUMERO_DE_": "3", "NUMERO_DE1": "1", "INGRESOS_A": "11474000.0", "X": "-76.53111038270816", "Y": "3.442778296811529", "Id": 0, "area": 136572.15568900001 }, "geometry": { "type": "Point", "coordinates": [ -76.531110382708164, 3.442778296811529 ] } },
{ "type": "Feature", "properties": { "NUM_INSCRI": "1200257", "Mes_Dia_An": "29 de septiembre de 2023", "Mes_Dia_A1": "4 de febrero de 2025", "CATEGORIA": "PERSONA NATURAL", "NOMBRE_SEC": "COMERCIO AL POR MAYOR Y AL POR MENOR; REPARACI?N DE VEH?CULOS AUTOMOTORES Y MOTOCICLETAS", "CODIGO_CII": "4520", "DESC_CIIU": "MANTENIMIENTO Y REPARACI?N DE VEH?CULOS AUTOMOTORES", "TAMANO957": "MICRO", "CIUDAD": "Cali", "COMUNA": "Comuna 02", "BARRIO": null, "DIRECCION_": "-CALLE 11  NRO 10-54", "TIPO_REGIS": "MERCANTIL", "PERSONAL_O": "1.0", "NUMERO_DE_": "1", "NUMERO_DE1": "0", "INGRESOS_A": "0.0", "X": "-76.53148119908651", "Y": "3.446798973470771", "Id": 0, "area": 136572.15568900001 }, "geometry": { "type": "Point", "coordinates": [ -76.531481199086514, 3.446798973470771 ] } },
{ "type": "Feature", "properties": { "NUM_INSCRI": "1226000", "Mes_Dia_An": "12 de julio de 2024", "Mes_Dia_A1": "30 de abril de 2025", "CATEGORIA": "PERSONA NATURAL", "NOMBRE_SEC": "COMERCIO AL POR MAYOR Y AL POR MENOR; REPARACI?N DE VEH?CULOS AUTOMOTORES Y MOTOCICLETAS", "CODIGO_CII": "4520", "DESC_CIIU": "MANTENIMIENTO Y REPARACI?N DE VEH?CULOS AUTOMOTORES", "TAMANO957": "MICRO", "CIUDAD": "Cali", "COMUNA": "Comuna 03", "BARRIO": "San Pascual", "DIRECCION_": "--CR 15  13   73", "TIPO_REGIS": "MERCANTIL", "PERSONAL_O": "2.0", "NUMERO_DE_": "2", "NUMERO_DE1": "0", "INGRESOS_A": "3000000.0", "X": "-76.52795163370142", "Y": "3.442808169760632", "Id": 0, "area": 136572.15568900001 }, "geometry": { "type": "Point", "coordinates": [ -76.52795163370142, 3.442808169760632 ] } },
{ "type": "Feature", "properties": { "NUM_INSCRI": "958666", "Mes_Dia_An": "1 de julio de 2016", "Mes_Dia_A1": "28 de marzo de 2025", "CATEGORIA": "PERSONA JURIDICA", "NOMBRE_SEC": "COMERCIO AL POR MAYOR Y AL POR MENOR; REPARACI?N DE VEH?CULOS AUTOMOTORES Y MOTOCICLETAS", "CODIGO_CII": "4530", "DESC_CIIU": "COMERCIO DE PARTES, PIEZAS (AUTOPARTES) Y ACCESORIOS (LUJOS) PARA", "TAMANO957": "PEQUENA", "CIUDAD": "Cali", "COMUNA": "Comuna 03", "BARRIO": "El Calvario", "DIRECCION_": "-CL 10 # 11 - 35", "TIPO_REGIS": "MERCANTIL", "PERSONAL_O": "12.0", "NUMERO_DE_": "9", "NUMERO_DE1": "3", "INGRESOS_A": "3020844692.0", "X": "-76.53217593434289", "Y": "3.445768021444465", "Id": 0, "area": 136572.15568900001 }, "geometry": { "type": "Point", "coordinates": [ -76.532175934342888, 3.445768021444465 ] } },
{ "type": "Feature", "properties": { "NUM_INSCRI": "410994", "Mes_Dia_An": "12 de septiembre de 1995", "Mes_Dia_A1": "26 de marzo de 2025", "CATEGORIA": "PERSONA NATURAL", "NOMBRE_SEC": "COMERCIO AL POR MAYOR Y AL POR MENOR; REPARACI?N DE VEH?CULOS AUTOMOTORES Y MOTOCICLETAS", "CODIGO_CII": "4541", "DESC_CIIU": "COMERCIO, MANTENIMIENTO Y REPARACION DE MOTOCICLETAS Y DE SUS PAR", "TAMANO957": "MICRO", "CIUDAD": "Cali", "COMUNA": "Comuna 03", "BARRIO": "San Pascual", "DIRECCION_": "-CL 12 # 14 - 53", "TIPO_REGIS": "MERCANTIL", "PERSONAL_O": "0.0", "NUMERO_DE_": "0", "NUMERO_DE1": "0", "INGRESOS_A": "0.0", "X": "-76.52963270197087", "Y": "3.442984500848785", "Id": 0, "area": 136572.15568900001 }, "geometry": { "type": "Point", "coordinates": [ -76.529632701970868, 3.442984500848785 ] } },
{ "type": "Feature", "properties": { "NUM_INSCRI": "678120", "Mes_Dia_An": "20 de febrero de 2006", "Mes_Dia_A1": "27 de marzo de 2025", "CATEGORIA": "PERSONA NATURAL", "NOMBRE_SEC": "COMERCIO AL POR MAYOR Y AL POR MENOR; REPARACI?N DE VEH?CULOS AUTOMOTORES Y MOTOCICLETAS", "CODIGO_CII": "4541", "DESC_CIIU": "COMERCIO DE MOTOCICLETAS Y DE SUS PARTES, PIEZAS Y ACCESORIOS", "TAMANO957": "MICRO", "CIUDAD": "Cali", "COMUNA": "Comuna 03", "BARRIO": "San Pascual", "DIRECCION_": "-KR 14 # 14 - 29", "TIPO_REGIS": "MERCANTIL", "PERSONAL_O": "1.0", "NUMERO_DE_": "1", "NUMERO_DE1": "0", "INGRESOS_A": "0.0", "X": "-76.52653784967347", "Y": "3.44341589398473", "Id": 0, "area": 136572.15568900001 }, "geometry": { "type": "Point", "coordinates": [ -76.526537849673474, 3.44341589398473 ] } },
{ "type": "Feature", "properties": { "NUM_INSCRI": "725130", "Mes_Dia_An": "30 de octubre de 2007", "Mes_Dia_A1": "25 de enero de 2024", "CATEGORIA": "PERSONA JURIDICA", "NOMBRE_SEC": "COMERCIO AL POR MAYOR Y AL POR MENOR; REPARACI?N DE VEH?CULOS AUTOMOTORES Y MOTOCICLETAS", "CODIGO_CII": "4541", "DESC_CIIU": "COMERCIO DE MOTOCICLETAS Y DE SUS PARTES, PIEZAS Y ACCESORIOS", "TAMANO957": "MICRO", "CIUDAD": "Cali", "COMUNA": "Comuna 03", "BARRIO": "San Pascual", "DIRECCION_": "-CL 15 # 14 - 32", "TIPO_REGIS": "MERCANTIL", "PERSONAL_O": "0.0", "NUMERO_DE_": "0", "NUMERO_DE1": "0", "INGRESOS_A": null, "X": "-76.526180575215", "Y": "3.442975484185689", "Id": 0, "area": 136572.15568900001 }, "geometry": { "type": "Point", "coordinates": [ -76.526180575214994, 3.442975484185689 ] } },
{ "type": "Feature", "properties": { "NUM_INSCRI": "732083", "Mes_Dia_An": "21 de febrero de 2008", "Mes_Dia_A1": "9 de abril de 2025", "CATEGORIA": "PERSONA NATURAL", "NOMBRE_SEC": "COMERCIO AL POR MAYOR Y AL POR MENOR; REPARACI?N DE VEH?CULOS AUTOMOTORES Y MOTOCICLETAS", "CODIGO_CII": "4541", "DESC_CIIU": "COMERCIO DE MOTOCICLETAS Y DE SUS PARTES, PIEZAS Y ACCESORIOS", "TAMANO957": "MICRO", "CIUDAD": "Cali", "COMUNA": "Comuna 03", "BARRIO": "San Pascual", "DIRECCION_": "-KR 15 # 12 - 13", "TIPO_REGIS": "MERCANTIL", "PERSONAL_O": "2.0", "NUMERO_DE_": "2", "NUMERO_DE1": "0", "INGRESOS_A": "81000000.0", "X": "-76.52951121021361", "Y": "3.442837095117188", "Id": 0, "area": 136572.15568900001 }, "geometry": { "type": "Point", "coordinates": [ -76.529511210213613, 3.442837095117188 ] } },
{ "type": "Feature", "properties": { "NUM_INSCRI": "767449", "Mes_Dia_An": "18 de junio de 2009", "Mes_Dia_A1": "27 de marzo de 2025", "CATEGORIA": "PERSONA JURIDICA", "NOMBRE_SEC": "COMERCIO AL POR MAYOR Y AL POR MENOR; REPARACI?N DE VEH?CULOS AUTOMOTORES Y MOTOCICLETAS", "CODIGO_CII": "4541", "DESC_CIIU": "COMERCIO DE MOTOCICLETAS Y DE SUS PARTES, PIEZAS Y ACCESORIOS", "TAMANO957": "MICRO", "CIUDAD": "Cali", "COMUNA": "Comuna 03", "BARRIO": "San Juan Bosco", "DIRECCION_": "-KR 15 # 10 - 49 LC 102", "TIPO_REGIS": "MERCANTIL", "PERSONAL_O": "4.0", "NUMERO_DE_": "4", "NUMERO_DE1": "0", "INGRESOS_A": "50000000.0", "X": "-76.53156664633904", "Y": "3.442765630919129", "Id": 0, "area": 136572.15568900001 }, "geometry": { "type": "Point", "coordinates": [ -76.531566646339044, 3.442765630919129 ] } },
{ "type": "Feature", "properties": { "NUM_INSCRI": "835676", "Mes_Dia_An": "26 de enero de 2012", "Mes_Dia_A1": "4 de septiembre de 2025", "CATEGORIA": "PERSONA NATURAL", "NOMBRE_SEC": "COMERCIO AL POR MAYOR Y AL POR MENOR; REPARACI?N DE VEH?CULOS AUTOMOTORES Y MOTOCICLETAS", "CODIGO_CII": "4541", "DESC_CIIU": "COMERCIO DE MOTOCICLETAS Y DE SUS PARTES, PIEZAS Y ACCESORIOS", "TAMANO957": "MICRO", "CIUDAD": "Cali", "COMUNA": "Comuna 03", "BARRIO": "San Pascual", "DIRECCION_": "-KR 15 # 12 - 83", "TIPO_REGIS": "MERCANTIL", "PERSONAL_O": "3.0", "NUMERO_DE_": "2", "NUMERO_DE1": "1", "INGRESOS_A": "0.0", "X": "-76.5289586545201", "Y": "3.442891360367389", "Id": 0, "area": 136572.15568900001 }, "geometry": { "type": "Point", "coordinates": [ -76.528958654520096, 3.442891360367389 ] } },
{ "type": "Feature", "properties": { "NUM_INSCRI": "836734", "Mes_Dia_An": "8 de febrero de 2012", "Mes_Dia_A1": "14 de marzo de 2025", "CATEGORIA": "PERSONA NATURAL", "NOMBRE_SEC": "COMERCIO AL POR MAYOR Y AL POR MENOR; REPARACI?N DE VEH?CULOS AUTOMOTORES Y MOTOCICLETAS", "CODIGO_CII": "4541", "DESC_CIIU": "COMERCIO, MANTENIMIENTO Y REPARACION DE MOTOCICLETAS Y DE SUS PAR", "TAMANO957": "MICRO", "CIUDAD": "Cali", "COMUNA": "Comuna 03", "BARRIO": "San Pascual", "DIRECCION_": "-KR 15 # 12 - 23", "TIPO_REGIS": "MERCANTIL", "PERSONAL_O": "1.0", "NUMERO_DE_": "1", "NUMERO_DE1": "0", "INGRESOS_A": "68794500.0", "X": "-76.52942031743206", "Y": "3.44283800030624", "Id": 0, "area": 136572.15568900001 }, "geometry": { "type": "Point", "coordinates": [ -76.529420317432056, 3.44283800030624 ] } },
{ "type": "Feature", "properties": { "NUM_INSCRI": "883322", "Mes_Dia_An": "7 de octubre de 2013", "Mes_Dia_A1": "1 de abril de 2024", "CATEGORIA": "PERSONA NATURAL", "NOMBRE_SEC": "COMERCIO AL POR MAYOR Y AL POR MENOR; REPARACI?N DE VEH?CULOS AUTOMOTORES Y MOTOCICLETAS", "CODIGO_CII": "4541", "DESC_CIIU": "COMERCIO DE MOTOCICLETAS Y DE SUS PARTES, PIEZAS Y ACCESORIOS", "TAMANO957": "MICRO", "CIUDAD": "Cali", "COMUNA": "Comuna 03", "BARRIO": "San Pascual", "DIRECCION_": "-KR 15 # 12 - 13 PI 2", "TIPO_REGIS": "MERCANTIL", "PERSONAL_O": "2.0", "NUMERO_DE_": "2", "NUMERO_DE1": "0", "INGRESOS_A": null, "X": "-76.52951121021361", "Y": "3.442837095117188", "Id": 0, "area": 136572.15568900001 }, "geometry": { "type": "Point", "coordinates": [ -76.529511210213613, 3.442837095117188 ] } },
{ "type": "Feature", "properties": { "NUM_INSCRI": "945860", "Mes_Dia_An": "9 de febrero de 2016", "Mes_Dia_A1": "1 de abril de 2025", "CATEGORIA": "PERSONA NATURAL", "NOMBRE_SEC": "COMERCIO AL POR MAYOR Y AL POR MENOR; REPARACI?N DE VEH?CULOS AUTOMOTORES Y MOTOCICLETAS", "CODIGO_CII": "4541", "DESC_CIIU": "COMERCIO DE MOTOCICLETAS Y DE SUS PARTES, PIEZAS Y ACCESORIOS", "TAMANO957": "MICRO", "CIUDAD": "Cali", "COMUNA": "Comuna 09", "BARRIO": "Guayaquil", "DIRECCION_": "-C 15 13 A 138 LC 01", "TIPO_REGIS": "MERCANTIL", "PERSONAL_O": "1.0", "NUMERO_DE_": "1", "NUMERO_DE1": "0", "INGRESOS_A": "0.0", "X": "-76.52628226924635", "Y": "3.443324557551132", "Id": 0, "area": 136572.15568900001 }, "geometry": { "type": "Point", "coordinates": [ -76.526282269246352, 3.443324557551132 ] } },
{ "type": "Feature", "properties": { "NUM_INSCRI": "999240", "Mes_Dia_An": "18 de octubre de 2017", "Mes_Dia_A1": "22 de marzo de 2025", "CATEGORIA": "PERSONA NATURAL", "NOMBRE_SEC": "COMERCIO AL POR MAYOR Y AL POR MENOR; REPARACI?N DE VEH?CULOS AUTOMOTORES Y MOTOCICLETAS", "CODIGO_CII": "4541", "DESC_CIIU": "COMERCIO DE MOTOCICLETAS Y DE SUS PARTES, PIEZAS Y ACCESORIOS", "TAMANO957": "MICRO", "CIUDAD": "Cali", "COMUNA": "Comuna 03", "BARRIO": "San Pascual", "DIRECCION_": "-KR 15 # 12 - 31", "TIPO_REGIS": "MERCANTIL", "PERSONAL_O": "2.0", "NUMERO_DE_": "2", "NUMERO_DE1": "0", "INGRESOS_A": "161455695.0", "X": "-76.52934742322262", "Y": "3.442838905320226", "Id": 0, "area": 136572.15568900001 }, "geometry": { "type": "Point", "coordinates": [ -76.529347423222617, 3.442838905320226 ] } },
{ "type": "Feature", "properties": { "NUM_INSCRI": "1003128", "Mes_Dia_An": "3 de enero de 2018", "Mes_Dia_A1": "26 de febrero de 2025", "CATEGORIA": "PERSONA NATURAL", "NOMBRE_SEC": "COMERCIO AL POR MAYOR Y AL POR MENOR; REPARACI?N DE VEH?CULOS AUTOMOTORES Y MOTOCICLETAS", "CODIGO_CII": "4541", "DESC_CIIU": "COMERCIO DE MOTOCICLETAS Y DE SUS PARTES, PIEZAS Y ACCESORIOS", "TAMANO957": "MICRO", "CIUDAD": "Cali", "COMUNA": "Comuna 09", "BARRIO": "Guayaquil", "DIRECCION_": "-KR 15 # 12 - 01", "TIPO_REGIS": "MERCANTIL", "PERSONAL_O": "7.0", "NUMERO_DE_": "5", "NUMERO_DE1": "2", "INGRESOS_A": "17700000.0", "X": "-76.52953370867432", "Y": "3.442863320669629", "Id": 0, "area": 136572.15568900001 }, "geometry": { "type": "Point", "coordinates": [ -76.529533708674322, 3.442863320669629 ] } },
{ "type": "Feature", "properties": { "NUM_INSCRI": "1130387", "Mes_Dia_An": "27 de septiembre de 2021", "Mes_Dia_A1": "9 de diciembre de 2025", "CATEGORIA": "PERSONA NATURAL", "NOMBRE_SEC": "COMERCIO AL POR MAYOR Y AL POR MENOR; REPARACI?N DE VEH?CULOS AUTOMOTORES Y MOTOCICLETAS", "CODIGO_CII": "4541", "DESC_CIIU": "COMERCIO DE MOTOCICLETAS Y DE SUS PARTES, PIEZAS Y ACCESORIOS", "TAMANO957": "MICRO", "CIUDAD": "Cali", "COMUNA": "Comuna 03", "BARRIO": "San Pascual", "DIRECCION_": "-CALLE 13 # 14 -44", "TIPO_REGIS": "MERCANTIL", "PERSONAL_O": "0.0", "NUMERO_DE_": "0", "NUMERO_DE1": "0", "INGRESOS_A": "0.0", "X": "-76.52879486839603", "Y": "3.442995360524008", "Id": 0, "area": 136572.15568900001 }, "geometry": { "type": "Point", "coordinates": [ -76.528794868396034, 3.442995360524008 ] } },
{ "type": "Feature", "properties": { "NUM_INSCRI": "1132660", "Mes_Dia_An": "20 de octubre de 2021", "Mes_Dia_A1": "26 de febrero de 2025", "CATEGORIA": "PERSONA NATURAL", "NOMBRE_SEC": "COMERCIO AL POR MAYOR Y AL POR MENOR; REPARACI?N DE VEH?CULOS AUTOMOTORES Y MOTOCICLETAS", "CODIGO_CII": "4541", "DESC_CIIU": "COMERCIO DE MOTOCICLETAS Y DE SUS PARTES, PIEZAS Y ACCESORIOS", "TAMANO957": "MICRO", "CIUDAD": "Cali", "COMUNA": "Comuna 09", "BARRIO": "Guayaquil", "DIRECCION_": "-CL 13 # 19 - 49", "TIPO_REGIS": "MERCANTIL", "PERSONAL_O": "2.0", "NUMERO_DE_": "1", "NUMERO_DE1": "1", "INGRESOS_A": "5000000.0", "X": "-76.52856718594322", "Y": "3.442938389257874", "Id": 0, "area": 136572.15568900001 }, "geometry": { "type": "Point", "coordinates": [ -76.528567185943217, 3.442938389257874 ] } },
{ "type": "Feature", "properties": { "NUM_INSCRI": "1133456", "Mes_Dia_An": "28 de octubre de 2021", "Mes_Dia_A1": "26 de marzo de 2025", "CATEGORIA": "PERSONA NATURAL", "NOMBRE_SEC": "COMERCIO AL POR MAYOR Y AL POR MENOR; REPARACI?N DE VEH?CULOS AUTOMOTORES Y MOTOCICLETAS", "CODIGO_CII": "4541", "DESC_CIIU": "COMERCIO DE MOTOCICLETAS Y DE SUS PARTES, PIEZAS Y ACCESORIOS", "TAMANO957": "MICRO", "CIUDAD": "Cali", "COMUNA": "Comuna 09", "BARRIO": "Guayaquil", "DIRECCION_": "-KR 15 # 12 - 75", "TIPO_REGIS": "MERCANTIL", "PERSONAL_O": "5.0", "NUMERO_DE_": "4", "NUMERO_DE1": "1", "INGRESOS_A": "1475381923.0", "X": "-76.5290162499467", "Y": "3.442890455519585", "Id": 0, "area": 136572.15568900001 }, "geometry": { "type": "Point", "coordinates": [ -76.529016249946693, 3.442890455519585 ] } },
{ "type": "Feature", "properties": { "NUM_INSCRI": "1168502", "Mes_Dia_An": "20 de octubre de 2022", "Mes_Dia_A1": "22 de marzo de 2025", "CATEGORIA": "PERSONA NATURAL", "NOMBRE_SEC": "COMERCIO AL POR MAYOR Y AL POR MENOR; REPARACI?N DE VEH?CULOS AUTOMOTORES Y MOTOCICLETAS", "CODIGO_CII": "4541", "DESC_CIIU": "COMERCIO DE MOTOCICLETAS Y DE SUS PARTES, PIEZAS Y ACCESORIOS", "TAMANO957": "MICRO", "CIUDAD": "Cali", "COMUNA": "Comuna 09", "BARRIO": "Guayaquil", "DIRECCION_": "--CR 15  12   67", "TIPO_REGIS": "MERCANTIL", "PERSONAL_O": "2.0", "NUMERO_DE_": "1", "NUMERO_DE1": "1", "INGRESOS_A": "50560000.0", "X": "-76.52909544360473", "Y": "3.442883220117408", "Id": 0, "area": 136572.15568900001 }, "geometry": { "type": "Point", "coordinates": [ -76.529095443604731, 3.442883220117408 ] } },
{ "type": "Feature", "properties": { "NUM_INSCRI": "1216187", "Mes_Dia_An": "3 de abril de 2024", "Mes_Dia_A1": "16 de enero de 2025", "CATEGORIA": "PERSONA NATURAL", "NOMBRE_SEC": "COMERCIO AL POR MAYOR Y AL POR MENOR; REPARACI?N DE VEH?CULOS AUTOMOTORES Y MOTOCICLETAS", "CODIGO_CII": "4541", "DESC_CIIU": "COMERCIO DE MOTOCICLETAS Y DE SUS PARTES, PIEZAS Y ACCESORIOS", "TAMANO957": "MICRO", "CIUDAD": "Cali", "COMUNA": "Comuna 03", "BARRIO": "San Pascual", "DIRECCION_": "-CR 15 12 07", "TIPO_REGIS": "MERCANTIL", "PERSONAL_O": "3.0", "NUMERO_DE_": "2", "NUMERO_DE1": "1", "INGRESOS_A": "0.0", "X": "-76.5295661058505", "Y": "3.442836190261481", "Id": 0, "area": 136572.15568900001 }, "geometry": { "type": "Point", "coordinates": [ -76.529566105850506, 3.442836190261481 ] } },
{ "type": "Feature", "properties": { "NUM_INSCRI": "1217719", "Mes_Dia_An": "17 de abril de 2024", "Mes_Dia_A1": "19 de mayo de 2025", "CATEGORIA": "PERSONA JURIDICA", "NOMBRE_SEC": "COMERCIO AL POR MAYOR Y AL POR MENOR; REPARACI?N DE VEH?CULOS AUTOMOTORES Y MOTOCICLETAS", "CODIGO_CII": "4541", "DESC_CIIU": "COMERCIO DE MOTOCICLETAS Y DE SUS PARTES, PIEZAS Y ACCESORIOS", "TAMANO957": "MICRO", "CIUDAD": "Cali", "COMUNA": "Comuna 03", "BARRIO": "San Pascual", "DIRECCION_": "-CL 13 A  14   35", "TIPO_REGIS": "MERCANTIL", "PERSONAL_O": "2.0", "NUMERO_DE_": "2", "NUMERO_DE1": "0", "INGRESOS_A": "178647000.0", "X": "-76.5276051625762", "Y": "3.442996274431421", "Id": 0, "area": 136572.15568900001 }, "geometry": { "type": "Point", "coordinates": [ -76.527605162576194, 3.442996274431421 ] } },
{ "type": "Feature", "properties": { "NUM_INSCRI": "1236577", "Mes_Dia_An": "6 de noviembre de 2024", "Mes_Dia_A1": "14 de febrero de 2025", "CATEGORIA": "PERSONA NATURAL", "NOMBRE_SEC": "COMERCIO AL POR MAYOR Y AL POR MENOR; REPARACI?N DE VEH?CULOS AUTOMOTORES Y MOTOCICLETAS", "CODIGO_CII": "4541", "DESC_CIIU": "COMERCIO DE MOTOCICLETAS Y DE SUS PARTES, PIEZAS Y ACCESORIOS", "TAMANO957": "MICRO", "CIUDAD": "Cali", "COMUNA": "Comuna 09", "BARRIO": "Barrio Obrero", "DIRECCION_": "-CR 15  10   49 LC 103", "TIPO_REGIS": "MERCANTIL", "PERSONAL_O": "0.0", "NUMERO_DE_": "0", "NUMERO_DE1": "0", "INGRESOS_A": "0.0", "X": "-76.53156664633904", "Y": "3.442765630919129", "Id": 0, "area": 136572.15568900001 }, "geometry": { "type": "Point", "coordinates": [ -76.531566646339044, 3.442765630919129 ] } },
{ "type": "Feature", "properties": { "NUM_INSCRI": "1245405", "Mes_Dia_An": "24 de febrero de 2025", "Mes_Dia_A1": "24 de febrero de 2025", "CATEGORIA": "PERSONA JURIDICA", "NOMBRE_SEC": "COMERCIO AL POR MAYOR Y AL POR MENOR; REPARACI?N DE VEH?CULOS AUTOMOTORES Y MOTOCICLETAS", "CODIGO_CII": "4541", "DESC_CIIU": "COMERCIO DE MOTOCICLETAS Y DE SUS PARTES, PIEZAS Y ACCESORIOS", "TAMANO957": "MICRO", "CIUDAD": "Cali", "COMUNA": null, "BARRIO": null, "DIRECCION_": "-CR 15  12   21", "TIPO_REGIS": "MERCANTIL", "PERSONAL_O": "3.0", "NUMERO_DE_": "2", "NUMERO_DE1": "1", "INGRESOS_A": "0.0", "X": "-76.52943831600435", "Y": "3.442838000138152", "Id": 0, "area": 136572.15568900001 }, "geometry": { "type": "Point", "coordinates": [ -76.529438316004345, 3.442838000138152 ] } },
{ "type": "Feature", "properties": { "NUM_INSCRI": "1247129", "Mes_Dia_An": "11 de marzo de 2025", "Mes_Dia_A1": "11 de marzo de 2025", "CATEGORIA": "PERSONA NATURAL", "NOMBRE_SEC": "COMERCIO AL POR MAYOR Y AL POR MENOR; REPARACI?N DE VEH?CULOS AUTOMOTORES Y MOTOCICLETAS", "CODIGO_CII": "4541", "DESC_CIIU": "COMERCIO DE MOTOCICLETAS Y DE SUS PARTES, PIEZAS Y ACCESORIOS", "TAMANO957": "MICRO", "CIUDAD": "Cali", "COMUNA": "Comuna 09", "BARRIO": "Guayaquil", "DIRECCION_": "-CL 15  13 A   66", "TIPO_REGIS": "MERCANTIL", "PERSONAL_O": "0.0", "NUMERO_DE_": "0", "NUMERO_DE1": "0", "INGRESOS_A": "0.0", "X": "-76.52634886507887", "Y": "3.443503615816444", "Id": 0, "area": 136572.15568900001 }, "geometry": { "type": "Point", "coordinates": [ -76.526348865078873, 3.443503615816444 ] } },
{ "type": "Feature", "properties": { "NUM_INSCRI": "1259686", "Mes_Dia_An": "17 de julio de 2025", "Mes_Dia_A1": "17 de julio de 2025", "CATEGORIA": "PERSONA NATURAL", "NOMBRE_SEC": "COMERCIO AL POR MAYOR Y AL POR MENOR; REPARACI?N DE VEH?CULOS AUTOMOTORES Y MOTOCICLETAS", "CODIGO_CII": "4541", "DESC_CIIU": "COMERCIO DE MOTOCICLETAS Y DE SUS PARTES, PIEZAS Y ACCESORIOS", "TAMANO957": "MICRO", "CIUDAD": "Cali", "COMUNA": "Comuna 03", "BARRIO": "San Juan Bosco", "DIRECCION_": "-CR 15  12   07", "TIPO_REGIS": "MERCANTIL", "PERSONAL_O": "0.0", "NUMERO_DE_": "0", "NUMERO_DE1": "0", "INGRESOS_A": "0.0", "X": "-76.5295661058505", "Y": "3.442836190261481", "Id": 0, "area": 136572.15568900001 }, "geometry": { "type": "Point", "coordinates": [ -76.529566105850506, 3.442836190261481 ] } },
{ "type": "Feature", "properties": { "NUM_INSCRI": "1263714", "Mes_Dia_An": "29 de agosto de 2025", "Mes_Dia_A1": "29 de agosto de 2025", "CATEGORIA": "PERSONA NATURAL", "NOMBRE_SEC": "COMERCIO AL POR MAYOR Y AL POR MENOR; REPARACI?N DE VEH?CULOS AUTOMOTORES Y MOTOCICLETAS", "CODIGO_CII": "4541", "DESC_CIIU": "COMERCIO DE MOTOCICLETAS Y DE SUS PARTES, PIEZAS Y ACCESORIOS", "TAMANO957": "MICRO", "CIUDAD": "Cali", "COMUNA": "Comuna 03", "BARRIO": "San Juan Bosco", "DIRECCION_": "-CR 15  12   67", "TIPO_REGIS": "MERCANTIL", "PERSONAL_O": "1.0", "NUMERO_DE_": "0", "NUMERO_DE1": "1", "INGRESOS_A": "0.0", "X": "-76.52909544360473", "Y": "3.442883220117408", "Id": 0, "area": 136572.15568900001 }, "geometry": { "type": "Point", "coordinates": [ -76.529095443604731, 3.442883220117408 ] } },
{ "type": "Feature", "properties": { "NUM_INSCRI": "930316", "Mes_Dia_An": "2 de julio de 2015", "Mes_Dia_A1": "28 de noviembre de 2025", "CATEGORIA": "PERSONA NATURAL", "NOMBRE_SEC": "COMERCIO AL POR MAYOR Y AL POR MENOR; REPARACI?N DE VEH?CULOS AUTOMOTORES Y MOTOCICLETAS", "CODIGO_CII": "4542", "DESC_CIIU": "MANTENIMIENTO Y REPARACI?N DE MOTOCICLETAS Y DE SUS PARTES Y PIEZ", "TAMANO957": "MICRO", "CIUDAD": "Cali", "COMUNA": "Comuna 03", "BARRIO": "San Pascual", "DIRECCION_": "-CL 12 NRO. 14 - 11", "TIPO_REGIS": "MERCANTIL", "PERSONAL_O": "1.0", "NUMERO_DE_": "1", "NUMERO_DE1": "0", "INGRESOS_A": "0.0", "X": "-76.52966060287754", "Y": "3.443312774807505", "Id": 0, "area": 136572.15568900001 }, "geometry": { "type": "Point", "coordinates": [ -76.529660602877541, 3.443312774807505 ] } },
{ "type": "Feature", "properties": { "NUM_INSCRI": "1265175", "Mes_Dia_An": "11 de septiembre de 2025", "Mes_Dia_A1": "7 de abril de 2025", "CATEGORIA": "PERSONA NATURAL", "NOMBRE_SEC": "COMERCIO AL POR MAYOR Y AL POR MENOR; REPARACI?N DE VEH?CULOS AUTOMOTORES Y MOTOCICLETAS", "CODIGO_CII": "4542", "DESC_CIIU": "MANTENIMIENTO Y REPARACI?N DE MOTOCICLETAS Y DE SUS PARTES Y PIEZ", "TAMANO957": "MICRO", "CIUDAD": "Cali", "COMUNA": null, "BARRIO": null, "DIRECCION_": "K 15        12       57", "TIPO_REGIS": "MERCANTIL", "PERSONAL_O": null, "NUMERO_DE_": "0", "NUMERO_DE1": "0", "INGRESOS_A": "0.0", "X": "-76.52917193831206", "Y": "3.442969131414786", "Id": 0, "area": 136572.15568900001 }, "geometry": { "type": "Point", "coordinates": [ -76.529171938312061, 3.442969131414786 ] } },
{ "type": "Feature", "properties": { "NUM_INSCRI": "268664", "Mes_Dia_An": "17 de julio de 1990", "Mes_Dia_A1": "27 de marzo de 2025", "CATEGORIA": "PERSONA JURIDICA", "NOMBRE_SEC": "COMERCIO AL POR MAYOR Y AL POR MENOR; REPARACI?N DE VEH?CULOS AUTOMOTORES Y MOTOCICLETAS", "CODIGO_CII": "4610", "DESC_CIIU": "COMERCIO AL POR MAYOR A CAMBIO DE UNA RETRIBUCI?N O POR CONTRATA", "TAMANO957": "MICRO", "CIUDAD": "Cali", "COMUNA": "Comuna 03", "BARRIO": "San Juan Bosco", "DIRECCION_": "-CL 12 # 12 - 32", "TIPO_REGIS": "MERCANTIL", "PERSONAL_O": "0.0", "NUMERO_DE_": "0", "NUMERO_DE1": "0", "INGRESOS_A": "0.0", "X": "-76.53036706632075", "Y": "3.445182936042974", "Id": 0, "area": 136572.15568900001 }, "geometry": { "type": "Point", "coordinates": [ -76.53036706632075, 3.445182936042974 ] } },
{ "type": "Feature", "properties": { "NUM_INSCRI": "1258765", "Mes_Dia_An": "8 de julio de 2025", "Mes_Dia_A1": "8 de julio de 2025", "CATEGORIA": "PERSONA JURIDICA", "NOMBRE_SEC": "COMERCIO AL POR MAYOR Y AL POR MENOR; REPARACI?N DE VEH?CULOS AUTOMOTORES Y MOTOCICLETAS", "CODIGO_CII": "4620", "DESC_CIIU": "COMERCIO AL POR MAYOR DE MATERIAS PRIMAS AGROPECUARIAS; ANIMALES", "TAMANO957": "MICRO", "CIUDAD": "Cali", "COMUNA": null, "BARRIO": null, "DIRECCION_": "-CR 12  13   73 AP 605", "TIPO_REGIS": "MERCANTIL", "PERSONAL_O": "1.0", "NUMERO_DE_": "1", "NUMERO_DE1": "0", "INGRESOS_A": "0.0", "X": "-76.52863380485014", "Y": "3.44580965768147", "Id": 0, "area": 136572.15568900001 }, "geometry": { "type": "Point", "coordinates": [ -76.528633804850145, 3.44580965768147 ] } },
{ "type": "Feature", "properties": { "NUM_INSCRI": "1237338", "Mes_Dia_An": "18 de noviembre de 2024", "Mes_Dia_A1": "4 de abril de 2025", "CATEGORIA": "PERSONA NATURAL", "NOMBRE_SEC": "COMERCIO AL POR MAYOR Y AL POR MENOR; REPARACI?N DE VEH?CULOS AUTOMOTORES Y MOTOCICLETAS", "CODIGO_CII": "4631", "DESC_CIIU": "COMERCIO AL POR MAYOR DE PRODUCTOS ALIMENTICIOS", "TAMANO957": "MICRO", "CIUDAD": "Cali", "COMUNA": "Comuna 18", "BARRIO": "Horizontes", "DIRECCION_": "-CR 13   12   56", "TIPO_REGIS": "MERCANTIL", "PERSONAL_O": "1.0", "NUMERO_DE_": "1", "NUMERO_DE1": "0", "INGRESOS_A": "0.0", "X": "-76.52945542940604", "Y": "3.444428728235375", "Id": 0, "area": 136572.15568900001 }, "geometry": { "type": "Point", "coordinates": [ -76.529455429406042, 3.444428728235375 ] } },
{ "type": "Feature", "properties": { "NUM_INSCRI": "1257953", "Mes_Dia_An": "1 de julio de 2025", "Mes_Dia_A1": "1 de julio de 2025", "CATEGORIA": "PERSONA NATURAL", "NOMBRE_SEC": "COMERCIO AL POR MAYOR Y AL POR MENOR; REPARACI?N DE VEH?CULOS AUTOMOTORES Y MOTOCICLETAS", "CODIGO_CII": "4631", "DESC_CIIU": "COMERCIO AL POR MAYOR DE PRODUCTOS ALIMENTICIOS", "TAMANO957": "MICRO", "CIUDAD": "Cali", "COMUNA": "Comuna 03", "BARRIO": "San Juan Bosco", "DIRECCION_": "-CR 12  10   94", "TIPO_REGIS": "MERCANTIL", "PERSONAL_O": "0.0", "NUMERO_DE_": "0", "NUMERO_DE1": "0", "INGRESOS_A": "5000000.0", "X": "-76.53143528575421", "Y": "3.44532038357609", "Id": 0, "area": 136572.15568900001 }, "geometry": { "type": "Point", "coordinates": [ -76.531435285754213, 3.44532038357609 ] } },
{ "type": "Feature", "properties": { "NUM_INSCRI": "1021173", "Mes_Dia_An": "26 de junio de 2018", "Mes_Dia_A1": "28 de marzo de 2025", "CATEGORIA": "PERSONA JURIDICA", "NOMBRE_SEC": "COMERCIO AL POR MAYOR Y AL POR MENOR; REPARACI?N DE VEH?CULOS AUTOMOTORES Y MOTOCICLETAS", "CODIGO_CII": "4644", "DESC_CIIU": "COMERCIO AL POR MAYOR DE APARATOS Y EQUIPO DE USO DOM?STICO", "TAMANO957": "MICRO", "CIUDAD": "Cali", "COMUNA": "Comuna 03", "BARRIO": "Santa Rosa", "DIRECCION_": "-CL 11   11   75", "TIPO_REGIS": "MERCANTIL", "PERSONAL_O": "1.0", "NUMERO_DE_": "0", "NUMERO_DE1": "1", "INGRESOS_A": "0.0", "X": "-76.53099882381947", "Y": "3.445740000688254", "Id": 0, "area": 136572.15568900001 }, "geometry": { "type": "Point", "coordinates": [ -76.530998823819473, 3.445740000688254 ] } },
{ "type": "Feature", "properties": { "NUM_INSCRI": "674064", "Mes_Dia_An": "7 de diciembre de 2005", "Mes_Dia_A1": "31 de marzo de 2025", "CATEGORIA": "PERSONA JURIDICA", "NOMBRE_SEC": "COMERCIO AL POR MAYOR Y AL POR MENOR; REPARACI?N DE VEH?CULOS AUTOMOTORES Y MOTOCICLETAS", "CODIGO_CII": "4645", "DESC_CIIU": "COMERCIO AL POR MAYOR DE PRODUCTOS FARMAC?UTICOS, MEDICINALES, CO", "TAMANO957": "PEQUENA", "CIUDAD": "Cali", "COMUNA": "Comuna 03", "BARRIO": "San Juan Bosco", "DIRECCION_": "-CL 10 # 14 - 79", "TIPO_REGIS": "MERCANTIL", "PERSONAL_O": "9.0", "NUMERO_DE_": "3", "NUMERO_DE1": "6", "INGRESOS_A": "2280140117.0", "X": "-76.53195991546555", "Y": "3.44279546939118", "Id": 0, "area": 136572.15568900001 }, "geometry": { "type": "Point", "coordinates": [ -76.531959915465549, 3.44279546939118 ] } },
{ "type": "Feature", "properties": { "NUM_INSCRI": "1199247", "Mes_Dia_An": "19 de septiembre de 2023", "Mes_Dia_A1": "30 de marzo de 2025", "CATEGORIA": "PERSONA JURIDICA", "NOMBRE_SEC": "COMERCIO AL POR MAYOR Y AL POR MENOR; REPARACI?N DE VEH?CULOS AUTOMOTORES Y MOTOCICLETAS", "CODIGO_CII": "4649", "DESC_CIIU": "COMERCIO AL POR MAYOR DE OTROS UTENSILIOS DOM?STICOS N.C.P.", "TAMANO957": "MICRO", "CIUDAD": "Cali", "COMUNA": "Comuna 03", "BARRIO": "San Juan Bosco", "DIRECCION_": "-CALLE 10 # 13-45", "TIPO_REGIS": "MERCANTIL", "PERSONAL_O": "17.0", "NUMERO_DE_": "5", "NUMERO_DE1": "12", "INGRESOS_A": "10830000.0", "X": "-76.53207692028958", "Y": "3.443970201350862", "Id": 0, "area": 136572.15568900001 }, "geometry": { "type": "Point", "coordinates": [ -76.532076920289583, 3.443970201350862 ] } },
{ "type": "Feature", "properties": { "NUM_INSCRI": "1230135", "Mes_Dia_An": "26 de agosto de 2024", "Mes_Dia_A1": "31 de marzo de 2025", "CATEGORIA": "PERSONA JURIDICA", "NOMBRE_SEC": "COMERCIO AL POR MAYOR Y AL POR MENOR; REPARACI?N DE VEH?CULOS AUTOMOTORES Y MOTOCICLETAS", "CODIGO_CII": "4649", "DESC_CIIU": "COMERCIO AL POR MAYOR DE OTROS UTENSILIOS DOM?STICOS N.C.P.", "TAMANO957": "MICRO", "CIUDAD": "Cali", "COMUNA": "Comuna 03", "BARRIO": "San Juan Bosco", "DIRECCION_": "-CL 11  11   76", "TIPO_REGIS": "MERCANTIL", "PERSONAL_O": "0.0", "NUMERO_DE_": "0", "NUMERO_DE1": "0", "INGRESOS_A": "37690412.0", "X": "-76.53116981013217", "Y": "3.445682121245721", "Id": 0, "area": 136572.15568900001 }, "geometry": { "type": "Point", "coordinates": [ -76.53116981013217, 3.445682121245721 ] } },
{ "type": "Feature", "properties": { "NUM_INSCRI": "872316", "Mes_Dia_An": "24 de mayo de 2013", "Mes_Dia_A1": "31 de marzo de 2025", "CATEGORIA": "PERSONA JURIDICA", "NOMBRE_SEC": "COMERCIO AL POR MAYOR Y AL POR MENOR; REPARACI?N DE VEH?CULOS AUTOMOTORES Y MOTOCICLETAS", "CODIGO_CII": "4663", "DESC_CIIU": "COMERCIO AL POR MAYOR DE MATERIALES DE CONSTRUCCI?N, ART?CULOS DE", "TAMANO957": "PEQUENA", "CIUDAD": "Cali", "COMUNA": "Comuna 03", "BARRIO": "San Pascual", "DIRECCION_": "-CL 15 # 13 A - 38", "TIPO_REGIS": "MERCANTIL", "PERSONAL_O": "29.0", "NUMERO_DE_": "22", "NUMERO_DE1": "7", "INGRESOS_A": "7971491319.0", "X": "-76.5264370596025", "Y": "3.443741455828818", "Id": 0, "area": 136572.15568900001 }, "geometry": { "type": "Point", "coordinates": [ -76.5264370596025, 3.443741455828818 ] } },
{ "type": "Feature", "properties": { "NUM_INSCRI": "838474", "Mes_Dia_An": "28 de febrero de 2012", "Mes_Dia_A1": "15 de agosto de 2025", "CATEGORIA": "PERSONA JURIDICA", "NOMBRE_SEC": "COMERCIO AL POR MAYOR Y AL POR MENOR; REPARACI?N DE VEH?CULOS AUTOMOTORES Y MOTOCICLETAS", "CODIGO_CII": "4665", "DESC_CIIU": "COMERCIO AL POR MAYOR DE DESPERDICIOS, DESECHOS Y CHATARRA", "TAMANO957": "MICRO", "CIUDAD": "Cali", "COMUNA": "Comuna 03", "BARRIO": "El Calvario", "DIRECCION_": "-CL 11 # 11 - 75", "TIPO_REGIS": "MERCANTIL", "PERSONAL_O": "4.0", "NUMERO_DE_": "2", "NUMERO_DE1": "2", "INGRESOS_A": "750948000.0", "X": "-76.53099882381947", "Y": "3.445740000688254", "Id": 0, "area": 136572.15568900001 }, "geometry": { "type": "Point", "coordinates": [ -76.530998823819473, 3.445740000688254 ] } },
{ "type": "Feature", "properties": { "NUM_INSCRI": "1145603", "Mes_Dia_An": "11 de marzo de 2022", "Mes_Dia_A1": "3 de junio de 2025", "CATEGORIA": "PERSONA JURIDICA", "NOMBRE_SEC": "COMERCIO AL POR MAYOR Y AL POR MENOR; REPARACI?N DE VEH?CULOS AUTOMOTORES Y MOTOCICLETAS", "CODIGO_CII": "4665", "DESC_CIIU": "COMERCIO AL POR MAYOR DE DESPERDICIOS, DESECHOS Y CHATARRA", "TAMANO957": "MICRO", "CIUDAD": "Cali", "COMUNA": "Comuna 03", "BARRIO": "El Calvario", "DIRECCION_": "-CL 12  11   16", "TIPO_REGIS": "MERCANTIL", "PERSONAL_O": "1.0", "NUMERO_DE_": "0", "NUMERO_DE1": "1", "INGRESOS_A": "0.0", "X": "-76.53053626569512", "Y": "3.44637213698418", "Id": 0, "area": 136572.15568900001 }, "geometry": { "type": "Point", "coordinates": [ -76.530536265695119, 3.44637213698418 ] } },
{ "type": "Feature", "properties": { "NUM_INSCRI": "1227641", "Mes_Dia_An": "30 de julio de 2024", "Mes_Dia_A1": "27 de marzo de 2025", "CATEGORIA": "PERSONA NATURAL", "NOMBRE_SEC": "COMERCIO AL POR MAYOR Y AL POR MENOR; REPARACI?N DE VEH?CULOS AUTOMOTORES Y MOTOCICLETAS", "CODIGO_CII": "4665", "DESC_CIIU": "COMERCIO AL POR MAYOR DE DESPERDICIOS, DESECHOS Y CHATARRA", "TAMANO957": "MICRO", "CIUDAD": "Cali", "COMUNA": "Comuna 09", "BARRIO": "Sucre", "DIRECCION_": "-CR 13  11   49", "TIPO_REGIS": "MERCANTIL", "PERSONAL_O": "0.0", "NUMERO_DE_": "0", "NUMERO_DE1": "0", "INGRESOS_A": "0.0", "X": "-76.53026986723313", "Y": "3.444535431982557", "Id": 0, "area": 136572.15568900001 }, "geometry": { "type": "Point", "coordinates": [ -76.53026986723313, 3.444535431982557 ] } },
{ "type": "Feature", "properties": { "NUM_INSCRI": "1244914", "Mes_Dia_An": "19 de febrero de 2025", "Mes_Dia_A1": "19 de febrero de 2025", "CATEGORIA": "PERSONA JURIDICA", "NOMBRE_SEC": "COMERCIO AL POR MAYOR Y AL POR MENOR; REPARACI?N DE VEH?CULOS AUTOMOTORES Y MOTOCICLETAS", "CODIGO_CII": "4665", "DESC_CIIU": "COMERCIO AL POR MAYOR DE DESPERDICIOS, DESECHOS Y CHATARRA", "TAMANO957": "MICRO", "CIUDAD": "Cali", "COMUNA": null, "BARRIO": null, "DIRECCION_": "-CALLE 11   NRO 12 43 PISO 1", "TIPO_REGIS": "MERCANTIL", "PERSONAL_O": "2.0", "NUMERO_DE_": "1", "NUMERO_DE1": "1", "INGRESOS_A": "0.0", "X": "-76.53065144342916", "Y": "3.445085264701388", "Id": 0, "area": 136572.15568900001 }, "geometry": { "type": "Point", "coordinates": [ -76.530651443429164, 3.445085264701388 ] } },
{ "type": "Feature", "properties": { "NUM_INSCRI": "971462", "Mes_Dia_An": "2 de diciembre de 2016", "Mes_Dia_A1": "25 de marzo de 2025", "CATEGORIA": "PERSONA NATURAL", "NOMBRE_SEC": "COMERCIO AL POR MAYOR Y AL POR MENOR; REPARACI?N DE VEH?CULOS AUTOMOTORES Y MOTOCICLETAS", "CODIGO_CII": "4669", "DESC_CIIU": "COMERCIO AL POR MAYOR DE OTROS PRODUCTOS N.C.P.", "TAMANO957": "MICRO", "CIUDAD": "Cali", "COMUNA": "Comuna 03", "BARRIO": "San Juan Bosco", "DIRECCION_": "-CL 12 # 13 - 68", "TIPO_REGIS": "MERCANTIL", "PERSONAL_O": "1.0", "NUMERO_DE_": "1", "NUMERO_DE1": "0", "INGRESOS_A": "0.0", "X": "-76.53010697247191", "Y": "3.443792973212856", "Id": 0, "area": 136572.15568900001 }, "geometry": { "type": "Point", "coordinates": [ -76.530106972471913, 3.443792973212856 ] } },
{ "type": "Feature", "properties": { "NUM_INSCRI": "853866", "Mes_Dia_An": "4 de septiembre de 2012", "Mes_Dia_A1": "8 de agosto de 2025", "CATEGORIA": "PERSONA JURIDICA", "NOMBRE_SEC": "COMERCIO AL POR MAYOR Y AL POR MENOR; REPARACI?N DE VEH?CULOS AUTOMOTORES Y MOTOCICLETAS", "CODIGO_CII": "4690", "DESC_CIIU": "COMERCIO AL POR MAYOR NO ESPECIALIZADO", "TAMANO957": "MICRO", "CIUDAD": "Cali", "COMUNA": "Comuna 03", "BARRIO": "San Juan Bosco", "DIRECCION_": "-CL 11 # 13 - 76", "TIPO_REGIS": "MERCANTIL", "PERSONAL_O": "0.0", "NUMERO_DE_": "0", "NUMERO_DE1": "0", "INGRESOS_A": "74295603.0", "X": "-76.53102130050604", "Y": "3.44376131179415", "Id": 0, "area": 136572.15568900001 }, "geometry": { "type": "Point", "coordinates": [ -76.53102130050604, 3.44376131179415 ] } },
{ "type": "Feature", "properties": { "NUM_INSCRI": "853908", "Mes_Dia_An": "4 de septiembre de 2012", "Mes_Dia_A1": "20 de marzo de 2025", "CATEGORIA": "PERSONA JURIDICA", "NOMBRE_SEC": "COMERCIO AL POR MAYOR Y AL POR MENOR; REPARACI?N DE VEH?CULOS AUTOMOTORES Y MOTOCICLETAS", "CODIGO_CII": "4690", "DESC_CIIU": "COMERCIO AL POR MAYOR NO ESPECIALIZADO", "TAMANO957": "PEQUENA", "CIUDAD": "Cali", "COMUNA": "Comuna 03", "BARRIO": "San Juan Bosco", "DIRECCION_": "-CL 11 # 13 - 58", "TIPO_REGIS": "MERCANTIL", "PERSONAL_O": "20.0", "NUMERO_DE_": "14", "NUMERO_DE1": "6", "INGRESOS_A": "4753531000.0", "X": "-76.53100420287058", "Y": "3.443855362998536", "Id": 0, "area": 136572.15568900001 }, "geometry": { "type": "Point", "coordinates": [ -76.531004202870577, 3.443855362998536 ] } },
{ "type": "Feature", "properties": { "NUM_INSCRI": "898923", "Mes_Dia_An": "30 de abril de 2014", "Mes_Dia_A1": "28 de marzo de 2025", "CATEGORIA": "PERSONA JURIDICA", "NOMBRE_SEC": "COMERCIO AL POR MAYOR Y AL POR MENOR; REPARACI?N DE VEH?CULOS AUTOMOTORES Y MOTOCICLETAS", "CODIGO_CII": "4690", "DESC_CIIU": "COMERCIO AL POR MAYOR NO ESPECIALIZADO", "TAMANO957": "MICRO", "CIUDAD": "Cali", "COMUNA": "Comuna 03", "BARRIO": "San Juan Bosco", "DIRECCION_": "-CL 10  14   87 OF 301", "TIPO_REGIS": "MERCANTIL", "PERSONAL_O": "4.0", "NUMERO_DE_": "1", "NUMERO_DE1": "3", "INGRESOS_A": "1239287377.0", "X": "-76.53183842382211", "Y": "3.442686046099722", "Id": 0, "area": 136572.15568900001 }, "geometry": { "type": "Point", "coordinates": [ -76.531838423822109, 3.442686046099722 ] } },
{ "type": "Feature", "properties": { "NUM_INSCRI": "1042510", "Mes_Dia_An": "25 de febrero de 2019", "Mes_Dia_A1": "20 de marzo de 2025", "CATEGORIA": "PERSONA JURIDICA", "NOMBRE_SEC": "COMERCIO AL POR MAYOR Y AL POR MENOR; REPARACI?N DE VEH?CULOS AUTOMOTORES Y MOTOCICLETAS", "CODIGO_CII": "4690", "DESC_CIIU": "COMERCIO AL POR MAYOR NO ESPECIALIZADO", "TAMANO957": "PEQUENA", "CIUDAD": "Cali", "COMUNA": null, "BARRIO": null, "DIRECCION_": "-CL 11 # 10 - 32 PI 3", "TIPO_REGIS": "MERCANTIL", "PERSONAL_O": "16.0", "NUMERO_DE_": "11", "NUMERO_DE1": "5", "INGRESOS_A": "2190229988.0", "X": "-76.53162158943827", "Y": "3.446877649131206", "Id": 0, "area": 136572.15568900001 }, "geometry": { "type": "Point", "coordinates": [ -76.531621589438274, 3.446877649131206 ] } },
{ "type": "Feature", "properties": { "NUM_INSCRI": "327950", "Mes_Dia_An": "1 de diciembre de 1992", "Mes_Dia_A1": "7 de marzo de 2025", "CATEGORIA": "PERSONA NATURAL", "NOMBRE_SEC": "COMERCIO AL POR MAYOR Y AL POR MENOR; REPARACI?N DE VEH?CULOS AUTOMOTORES Y MOTOCICLETAS", "CODIGO_CII": "4711", "DESC_CIIU": "COMERCIO AL POR MENOR EN ESTABLECIMIENTOS NO ESPECIALIZADOS CON S", "TAMANO957": "MICRO", "CIUDAD": "Cali", "COMUNA": "Comuna 03", "BARRIO": "San Pascual", "DIRECCION_": "-CL 13 A # 13 - 34", "TIPO_REGIS": "MERCANTIL", "PERSONAL_O": "2.0", "NUMERO_DE_": "2", "NUMERO_DE1": "0", "INGRESOS_A": "0.0", "X": "-76.52828551860321", "Y": "3.444222549711776", "Id": 0, "area": 136572.15568900001 }, "geometry": { "type": "Point", "coordinates": [ -76.528285518603212, 3.444222549711776 ] } },
{ "type": "Feature", "properties": { "NUM_INSCRI": "474923", "Mes_Dia_An": "26 de abril de 1999", "Mes_Dia_A1": "26 de febrero de 2025", "CATEGORIA": "PERSONA NATURAL", "NOMBRE_SEC": "COMERCIO AL POR MAYOR Y AL POR MENOR; REPARACI?N DE VEH?CULOS AUTOMOTORES Y MOTOCICLETAS", "CODIGO_CII": "4711", "DESC_CIIU": "COMERCIO AL POR MENOR EN ESTABLECIMIENTOS NO ESPECIALIZADOS CON S", "TAMANO957": "MICRO", "CIUDAD": "Cali", "COMUNA": "Comuna 03", "BARRIO": "San Pascual", "DIRECCION_": "-CL 13 A # 13 - 110", "TIPO_REGIS": "MERCANTIL", "PERSONAL_O": "5.0", "NUMERO_DE_": "5", "NUMERO_DE1": "0", "INGRESOS_A": "0.0", "X": "-76.52795344120722", "Y": "3.443800227118305", "Id": 0, "area": 136572.15568900001 }, "geometry": { "type": "Point", "coordinates": [ -76.527953441207217, 3.443800227118305 ] } },
{ "type": "Feature", "properties": { "NUM_INSCRI": "551760", "Mes_Dia_An": "22 de enero de 2001", "Mes_Dia_A1": "19 de marzo de 2025", "CATEGORIA": "PERSONA NATURAL", "NOMBRE_SEC": "COMERCIO AL POR MAYOR Y AL POR MENOR; REPARACI?N DE VEH?CULOS AUTOMOTORES Y MOTOCICLETAS", "CODIGO_CII": "4711", "DESC_CIIU": "COMERCIO AL POR MENOR EN ESTABLECIMIENTOS NO ESPECIALIZADOS CON S", "TAMANO957": "MICRO", "CIUDAD": "Cali", "COMUNA": "Comuna 03", "BARRIO": "San Pascual", "DIRECCION_": "-CL 12 # 13 - 83", "TIPO_REGIS": "MERCANTIL", "PERSONAL_O": "0.0", "NUMERO_DE_": "0", "NUMERO_DE1": "0", "INGRESOS_A": "0.0", "X": "-76.52975869892762", "Y": "3.443707064664699", "Id": 0, "area": 136572.15568900001 }, "geometry": { "type": "Point", "coordinates": [ -76.529758698927623, 3.443707064664699 ] } },
{ "type": "Feature", "properties": { "NUM_INSCRI": "792499", "Mes_Dia_An": "28 de mayo de 2010", "Mes_Dia_A1": "3 de julio de 2025", "CATEGORIA": "PERSONA NATURAL", "NOMBRE_SEC": "COMERCIO AL POR MAYOR Y AL POR MENOR; REPARACI?N DE VEH?CULOS AUTOMOTORES Y MOTOCICLETAS", "CODIGO_CII": "4711", "DESC_CIIU": "COMERCIO AL POR MENOR EN ESTABLECIMIENTOS NO ESPECIALIZADOS CON S", "TAMANO957": "MICRO", "CIUDAD": "Cali", "COMUNA": "Comuna 03", "BARRIO": "El Calvario", "DIRECCION_": "-CL 11 # 11 - 11", "TIPO_REGIS": "MERCANTIL", "PERSONAL_O": "1.0", "NUMERO_DE_": "1", "NUMERO_DE1": "0", "INGRESOS_A": "0.0", "X": "-76.53115541803218", "Y": "3.446297070329769", "Id": 0, "area": 136572.15568900001 }, "geometry": { "type": "Point", "coordinates": [ -76.531155418032185, 3.446297070329769 ] } },
{ "type": "Feature", "properties": { "NUM_INSCRI": "820089", "Mes_Dia_An": "13 de junio de 2011", "Mes_Dia_A1": "26 de marzo de 2025", "CATEGORIA": "PERSONA NATURAL", "NOMBRE_SEC": "COMERCIO AL POR MAYOR Y AL POR MENOR; REPARACI?N DE VEH?CULOS AUTOMOTORES Y MOTOCICLETAS", "CODIGO_CII": "4711", "DESC_CIIU": "COMERCIO AL POR MENOR, EN ESTABLECIMIENTOS NO ESPECIALIZADOS, CON", "TAMANO957": "MICRO", "CIUDAD": "Cali", "COMUNA": "Comuna 03", "BARRIO": "San Pascual", "DIRECCION_": "-CL 12 # 14 - 47", "TIPO_REGIS": "MERCANTIL", "PERSONAL_O": "1.0", "NUMERO_DE_": "1", "NUMERO_DE1": "0", "INGRESOS_A": "0.0", "X": "-76.52964080184341", "Y": "3.443038760974119", "Id": 0, "area": 136572.15568900001 }, "geometry": { "type": "Point", "coordinates": [ -76.529640801843414, 3.443038760974119 ] } },
{ "type": "Feature", "properties": { "NUM_INSCRI": "836519", "Mes_Dia_An": "6 de febrero de 2012", "Mes_Dia_A1": "5 de abril de 2024", "CATEGORIA": "PERSONA NATURAL", "NOMBRE_SEC": "COMERCIO AL POR MAYOR Y AL POR MENOR; REPARACI?N DE VEH?CULOS AUTOMOTORES Y MOTOCICLETAS", "CODIGO_CII": "4711", "DESC_CIIU": "COMERCIO AL POR MENOR, EN ESTABLECIMIENTOS NO ESPECIALIZADOS, CON", "TAMANO957": "MICRO", "CIUDAD": "Cali", "COMUNA": "Comuna 03", "BARRIO": "San Pascual", "DIRECCION_": "-KR 13 # 13 - 69", "TIPO_REGIS": "MERCANTIL", "PERSONAL_O": "2.0", "NUMERO_DE_": "2", "NUMERO_DE1": "0", "INGRESOS_A": null, "X": "-76.528398013843", "Y": "3.444711794937751", "Id": 0, "area": 136572.15568900001 }, "geometry": { "type": "Point", "coordinates": [ -76.528398013843002, 3.444711794937751 ] } },
{ "type": "Feature", "properties": { "NUM_INSCRI": "928052", "Mes_Dia_An": "2 de junio de 2015", "Mes_Dia_A1": "27 de marzo de 2025", "CATEGORIA": "PERSONA NATURAL", "NOMBRE_SEC": "COMERCIO AL POR MAYOR Y AL POR MENOR; REPARACI?N DE VEH?CULOS AUTOMOTORES Y MOTOCICLETAS", "CODIGO_CII": "4711", "DESC_CIIU": "COMERCIO AL POR MENOR EN ESTABLECIMIENTOS NO ESPECIALIZADOS CON S", "TAMANO957": "MICRO", "CIUDAD": "Cali", "COMUNA": "Comuna 03", "BARRIO": "San Pascual", "DIRECCION_": "-KR 14 # 12 - 02", "TIPO_REGIS": "MERCANTIL", "PERSONAL_O": "1.0", "NUMERO_DE_": "1", "NUMERO_DE1": "0", "INGRESOS_A": "0.0", "X": "-76.52974519699738", "Y": "3.44339506863322", "Id": 0, "area": 136572.15568900001 }, "geometry": { "type": "Point", "coordinates": [ -76.529745196997382, 3.44339506863322 ] } },
{ "type": "Feature", "properties": { "NUM_INSCRI": "1049322", "Mes_Dia_An": "24 de abril de 2019", "Mes_Dia_A1": "19 de marzo de 2025", "CATEGORIA": "PERSONA NATURAL", "NOMBRE_SEC": "COMERCIO AL POR MAYOR Y AL POR MENOR; REPARACI?N DE VEH?CULOS AUTOMOTORES Y MOTOCICLETAS", "CODIGO_CII": "4711", "DESC_CIIU": "COMERCIO AL POR MENOR EN ESTABLECIMIENTOS NO ESPECIALIZADOS CON S", "TAMANO957": "MICRO", "CIUDAD": "Cali", "COMUNA": "Comuna 14", "BARRIO": "Alfonso Bonilla Aragon", "DIRECCION_": "-CR 12 # 10 - 63", "TIPO_REGIS": "MERCANTIL", "PERSONAL_O": "0.0", "NUMERO_DE_": "0", "NUMERO_DE1": "0", "INGRESOS_A": "0.0", "X": "-76.53173226469316", "Y": "3.445468691338704", "Id": 0, "area": 136572.15568900001 }, "geometry": { "type": "Point", "coordinates": [ -76.531732264693161, 3.445468691338704 ] } },
{ "type": "Feature", "properties": { "NUM_INSCRI": "1063271", "Mes_Dia_An": "6 de septiembre de 2019", "Mes_Dia_A1": "6 de marzo de 2025", "CATEGORIA": "PERSONA NATURAL", "NOMBRE_SEC": "COMERCIO AL POR MAYOR Y AL POR MENOR; REPARACI?N DE VEH?CULOS AUTOMOTORES Y MOTOCICLETAS", "CODIGO_CII": "4711", "DESC_CIIU": "COMERCIO AL POR MENOR EN ESTABLECIMIENTOS NO ESPECIALIZADOS CON S", "TAMANO957": "MICRO", "CIUDAD": "Cali", "COMUNA": null, "BARRIO": null, "DIRECCION_": "-CL 11 # 12 - 102", "TIPO_REGIS": "MERCANTIL", "PERSONAL_O": "0.0", "NUMERO_DE_": "0", "NUMERO_DE1": "0", "INGRESOS_A": "0.0", "X": "-76.53084042263369", "Y": "3.444502869854144", "Id": 0, "area": 136572.15568900001 }, "geometry": { "type": "Point", "coordinates": [ -76.530840422633688, 3.444502869854144 ] } },
{ "type": "Feature", "properties": { "NUM_INSCRI": "1086658", "Mes_Dia_An": "7 de julio de 2020", "Mes_Dia_A1": "1 de abril de 2024", "CATEGORIA": "PERSONA NATURAL", "NOMBRE_SEC": "COMERCIO AL POR MAYOR Y AL POR MENOR; REPARACI?N DE VEH?CULOS AUTOMOTORES Y MOTOCICLETAS", "CODIGO_CII": "4711", "DESC_CIIU": "COMERCIO AL POR MENOR EN ESTABLECIMIENTOS NO ESPECIALIZADOS CON S", "TAMANO957": "MICRO", "CIUDAD": "Cali", "COMUNA": "Comuna 03", "BARRIO": "San Juan Bosco", "DIRECCION_": "-CL 11 # 13 - 16", "TIPO_REGIS": "MERCANTIL", "PERSONAL_O": "0.0", "NUMERO_DE_": "0", "NUMERO_DE1": "0", "INGRESOS_A": null, "X": "-76.53080892254431", "Y": "3.444265933983748", "Id": 0, "area": 136572.15568900001 }, "geometry": { "type": "Point", "coordinates": [ -76.53080892254431, 3.444265933983748 ] } },
{ "type": "Feature", "properties": { "NUM_INSCRI": "1111022", "Mes_Dia_An": "5 de marzo de 2021", "Mes_Dia_A1": "25 de marzo de 2025", "CATEGORIA": "PERSONA NATURAL", "NOMBRE_SEC": "COMERCIO AL POR MAYOR Y AL POR MENOR; REPARACI?N DE VEH?CULOS AUTOMOTORES Y MOTOCICLETAS", "CODIGO_CII": "4711", "DESC_CIIU": "COMERCIO AL POR MENOR EN ESTABLECIMIENTOS NO ESPECIALIZADOS CON S", "TAMANO957": "MICRO", "CIUDAD": "Cali", "COMUNA": "Comuna 03", "BARRIO": "San Pascual", "DIRECCION_": "-KR 13 # 13 A - 01", "TIPO_REGIS": "MERCANTIL", "PERSONAL_O": "0.0", "NUMERO_DE_": "0", "NUMERO_DE1": "0", "INGRESOS_A": "0.0", "X": "-76.52803984180744", "Y": "3.444744353948274", "Id": 0, "area": 136572.15568900001 }, "geometry": { "type": "Point", "coordinates": [ -76.528039841807441, 3.444744353948274 ] } },
{ "type": "Feature", "properties": { "NUM_INSCRI": "1166652", "Mes_Dia_An": "29 de septiembre de 2022", "Mes_Dia_A1": "1 de abril de 2025", "CATEGORIA": "PERSONA NATURAL", "NOMBRE_SEC": "COMERCIO AL POR MAYOR Y AL POR MENOR; REPARACI?N DE VEH?CULOS AUTOMOTORES Y MOTOCICLETAS", "CODIGO_CII": "4711", "DESC_CIIU": "COMERCIO AL POR MENOR EN ESTABLECIMIENTOS NO ESPECIALIZADOS CON S", "TAMANO957": "MICRO", "CIUDAD": "Cali", "COMUNA": "Comuna 03", "BARRIO": "San Juan Bosco", "DIRECCION_": "-CL 10 # 10 - 45", "TIPO_REGIS": "MERCANTIL", "PERSONAL_O": "1.0", "NUMERO_DE_": "1", "NUMERO_DE1": "0", "INGRESOS_A": "0.0", "X": "-76.53244142422078", "Y": "3.446584634146916", "Id": 0, "area": 136572.15568900001 }, "geometry": { "type": "Point", "coordinates": [ -76.532441424220778, 3.446584634146916 ] } },
{ "type": "Feature", "properties": { "NUM_INSCRI": "1170432", "Mes_Dia_An": "10 de noviembre de 2022", "Mes_Dia_A1": "23 de febrero de 2024", "CATEGORIA": "PERSONA NATURAL", "NOMBRE_SEC": "COMERCIO AL POR MAYOR Y AL POR MENOR; REPARACI?N DE VEH?CULOS AUTOMOTORES Y MOTOCICLETAS", "CODIGO_CII": "4711", "DESC_CIIU": "COMERCIO AL POR MENOR EN ESTABLECIMIENTOS NO ESPECIALIZADOS CON S", "TAMANO957": "MICRO", "CIUDAD": "Cali", "COMUNA": "Comuna 03", "BARRIO": "San Pedro", "DIRECCION_": "-CALLE 12 # 13 - 63", "TIPO_REGIS": "MERCANTIL", "PERSONAL_O": "0.0", "NUMERO_DE_": "0", "NUMERO_DE1": "0", "INGRESOS_A": null, "X": "-76.5296210111779", "Y": "3.443860803227322", "Id": 0, "area": 136572.15568900001 }, "geometry": { "type": "Point", "coordinates": [ -76.529621011177895, 3.443860803227322 ] } },
{ "type": "Feature", "properties": { "NUM_INSCRI": "1185387", "Mes_Dia_An": "24 de abril de 2023", "Mes_Dia_A1": "4 de marzo de 2025", "CATEGORIA": "PERSONA NATURAL", "NOMBRE_SEC": "COMERCIO AL POR MAYOR Y AL POR MENOR; REPARACI?N DE VEH?CULOS AUTOMOTORES Y MOTOCICLETAS", "CODIGO_CII": "4711", "DESC_CIIU": "COMERCIO AL POR MENOR EN ESTABLECIMIENTOS NO ESPECIALIZADOS CON S", "TAMANO957": "MICRO", "CIUDAD": "Cali", "COMUNA": "Comuna 03", "BARRIO": "San Juan Bosco", "DIRECCION_": "-CR 13  11   58", "TIPO_REGIS": "MERCANTIL", "PERSONAL_O": "0.0", "NUMERO_DE_": "0", "NUMERO_DE1": "0", "INGRESOS_A": "0.0", "X": "-76.53018167220307", "Y": "3.44434913952374", "Id": 0, "area": 136572.15568900001 }, "geometry": { "type": "Point", "coordinates": [ -76.530181672203071, 3.44434913952374 ] } },
{ "type": "Feature", "properties": { "NUM_INSCRI": "1196520", "Mes_Dia_An": "23 de agosto de 2023", "Mes_Dia_A1": "17 de junio de 2024", "CATEGORIA": "PERSONA NATURAL", "NOMBRE_SEC": "COMERCIO AL POR MAYOR Y AL POR MENOR; REPARACI?N DE VEH?CULOS AUTOMOTORES Y MOTOCICLETAS", "CODIGO_CII": "4711", "DESC_CIIU": "COMERCIO AL POR MENOR EN ESTABLECIMIENTOS NO ESPECIALIZADOS CON S", "TAMANO957": "MICRO", "CIUDAD": "Cali", "COMUNA": "Comuna 03", "BARRIO": "San Pascual", "DIRECCION_": "-CL 14  12 A   05", "TIPO_REGIS": "MERCANTIL", "PERSONAL_O": "0.0", "NUMERO_DE_": "0", "NUMERO_DE1": "0", "INGRESOS_A": null, "X": "-76.52741439351117", "Y": "3.445210996397499", "Id": 0, "area": 136572.15568900001 }, "geometry": { "type": "Point", "coordinates": [ -76.527414393511165, 3.445210996397499 ] } },
{ "type": "Feature", "properties": { "NUM_INSCRI": "1200874", "Mes_Dia_An": "6 de octubre de 2023", "Mes_Dia_A1": "24 de julio de 2025", "CATEGORIA": "PERSONA NATURAL", "NOMBRE_SEC": "COMERCIO AL POR MAYOR Y AL POR MENOR; REPARACI?N DE VEH?CULOS AUTOMOTORES Y MOTOCICLETAS", "CODIGO_CII": "4711", "DESC_CIIU": "COMERCIO AL POR MENOR EN ESTABLECIMIENTOS NO ESPECIALIZADOS CON S", "TAMANO957": "MICRO", "CIUDAD": "Cali", "COMUNA": "Comuna 03", "BARRIO": "San Juan Bosco", "DIRECCION_": "-KR 13 # 11 - 57", "TIPO_REGIS": "MERCANTIL", "PERSONAL_O": "0.0", "NUMERO_DE_": "0", "NUMERO_DE1": "0", "INGRESOS_A": "0.0", "X": "-76.53017627467322", "Y": "3.444553519668969", "Id": 0, "area": 136572.15568900001 }, "geometry": { "type": "Point", "coordinates": [ -76.530176274673224, 3.444553519668969 ] } },
{ "type": "Feature", "properties": { "NUM_INSCRI": "1204339", "Mes_Dia_An": "22 de noviembre de 2023", "Mes_Dia_A1": "26 de febrero de 2025", "CATEGORIA": "PERSONA NATURAL", "NOMBRE_SEC": "COMERCIO AL POR MAYOR Y AL POR MENOR; REPARACI?N DE VEH?CULOS AUTOMOTORES Y MOTOCICLETAS", "CODIGO_CII": "4711", "DESC_CIIU": "COMERCIO AL POR MENOR EN ESTABLECIMIENTOS NO ESPECIALIZADOS CON S", "TAMANO957": "MICRO", "CIUDAD": "Cali", "COMUNA": "Comuna 03", "BARRIO": "San Pascual", "DIRECCION_": "-CL 14  12 A   04", "TIPO_REGIS": "MERCANTIL", "PERSONAL_O": "0.0", "NUMERO_DE_": "0", "NUMERO_DE1": "0", "INGRESOS_A": "0.0", "X": "-76.5276771731235", "Y": "3.445184768699803", "Id": 0, "area": 136572.15568900001 }, "geometry": { "type": "Point", "coordinates": [ -76.527677173123493, 3.445184768699803 ] } },
{ "type": "Feature", "properties": { "NUM_INSCRI": "1224148", "Mes_Dia_An": "24 de junio de 2024", "Mes_Dia_A1": "28 de marzo de 2025", "CATEGORIA": "PERSONA NATURAL", "NOMBRE_SEC": "COMERCIO AL POR MAYOR Y AL POR MENOR; REPARACI?N DE VEH?CULOS AUTOMOTORES Y MOTOCICLETAS", "CODIGO_CII": "4711", "DESC_CIIU": "COMERCIO AL POR MENOR EN ESTABLECIMIENTOS NO ESPECIALIZADOS CON S", "TAMANO957": "MICRO", "CIUDAD": "Cali", "COMUNA": "Comuna 03", "BARRIO": "Santa Rosa", "DIRECCION_": "-CL 10  10   55", "TIPO_REGIS": "MERCANTIL", "PERSONAL_O": "0.0", "NUMERO_DE_": "0", "NUMERO_DE1": "0", "INGRESOS_A": "0.0", "X": "-76.53224793609978", "Y": "3.446362169737368", "Id": 0, "area": 136572.15568900001 }, "geometry": { "type": "Point", "coordinates": [ -76.532247936099779, 3.446362169737368 ] } },
{ "type": "Feature", "properties": { "NUM_INSCRI": "1240766", "Mes_Dia_An": "15 de enero de 2025", "Mes_Dia_A1": "15 de enero de 2025", "CATEGORIA": "PERSONA NATURAL", "NOMBRE_SEC": "COMERCIO AL POR MAYOR Y AL POR MENOR; REPARACI?N DE VEH?CULOS AUTOMOTORES Y MOTOCICLETAS", "CODIGO_CII": "4711", "DESC_CIIU": "COMERCIO AL POR MENOR EN ESTABLECIMIENTOS NO ESPECIALIZADOS CON S", "TAMANO957": "MICRO", "CIUDAD": "Cali", "COMUNA": "Comuna 03", "BARRIO": "Santa Rosa", "DIRECCION_": "-CL 10  10   29", "TIPO_REGIS": "MERCANTIL", "PERSONAL_O": "0.0", "NUMERO_DE_": "0", "NUMERO_DE1": "0", "INGRESOS_A": "0.0", "X": "-76.53246572416403", "Y": "3.446727519030591", "Id": 0, "area": 136572.15568900001 }, "geometry": { "type": "Point", "coordinates": [ -76.532465724164027, 3.446727519030591 ] } },
{ "type": "Feature", "properties": { "NUM_INSCRI": "1251892", "Mes_Dia_An": "28 de abril de 2025", "Mes_Dia_A1": "28 de abril de 2025", "CATEGORIA": "PERSONA NATURAL", "NOMBRE_SEC": "COMERCIO AL POR MAYOR Y AL POR MENOR; REPARACI?N DE VEH?CULOS AUTOMOTORES Y MOTOCICLETAS", "CODIGO_CII": "4711", "DESC_CIIU": "COMERCIO AL POR MENOR EN ESTABLECIMIENTOS NO ESPECIALIZADOS CON S", "TAMANO957": "MICRO", "CIUDAD": "Cali", "COMUNA": null, "BARRIO": null, "DIRECCION_": "-CR 10  11   60 LC 158", "TIPO_REGIS": "MERCANTIL", "PERSONAL_O": "1.0", "NUMERO_DE_": "0", "NUMERO_DE1": "1", "INGRESOS_A": "1000000.0", "X": "-76.53091874687735", "Y": "3.447307216966998", "Id": 0, "area": 136572.15568900001 }, "geometry": { "type": "Point", "coordinates": [ -76.530918746877347, 3.447307216966998 ] } },
{ "type": "Feature", "properties": { "NUM_INSCRI": "1262025", "Mes_Dia_An": "12 de agosto de 2025", "Mes_Dia_A1": "12 de agosto de 2025", "CATEGORIA": "PERSONA NATURAL", "NOMBRE_SEC": "COMERCIO AL POR MAYOR Y AL POR MENOR; REPARACI?N DE VEH?CULOS AUTOMOTORES Y MOTOCICLETAS", "CODIGO_CII": "4711", "DESC_CIIU": "COMERCIO AL POR MENOR EN ESTABLECIMIENTOS NO ESPECIALIZADOS CON S", "TAMANO957": "MICRO", "CIUDAD": "Cali", "COMUNA": "Comuna 03", "BARRIO": "San Pascual", "DIRECCION_": "-CR 12  13   73 AP 1402", "TIPO_REGIS": "MERCANTIL", "PERSONAL_O": "0.0", "NUMERO_DE_": "0", "NUMERO_DE1": "0", "INGRESOS_A": "0.0", "X": "-76.52863380485014", "Y": "3.44580965768147", "Id": 0, "area": 136572.15568900001 }, "geometry": { "type": "Point", "coordinates": [ -76.528633804850145, 3.44580965768147 ] } },
{ "type": "Feature", "properties": { "NUM_INSCRI": "1271055", "Mes_Dia_An": "14 de noviembre de 2025", "Mes_Dia_A1": "14 de noviembre de 2025", "CATEGORIA": "PERSONA NATURAL", "NOMBRE_SEC": "COMERCIO AL POR MAYOR Y AL POR MENOR; REPARACI?N DE VEH?CULOS AUTOMOTORES Y MOTOCICLETAS", "CODIGO_CII": "4711", "DESC_CIIU": "COMERCIO AL POR MENOR EN ESTABLECIMIENTOS NO ESPECIALIZADOS CON S", "TAMANO957": "MICRO", "CIUDAD": "Cali", "COMUNA": "Comuna 03", "BARRIO": "San Juan Bosco", "DIRECCION_": "-CR 13  10   123", "TIPO_REGIS": "MERCANTIL", "PERSONAL_O": "0.0", "NUMERO_DE_": "0", "NUMERO_DE1": "0", "INGRESOS_A": "0.0", "X": "-76.53104020732982", "Y": "3.44452095440296", "Id": 0, "area": 136572.15568900001 }, "geometry": { "type": "Point", "coordinates": [ -76.531040207329823, 3.44452095440296 ] } },
{ "type": "Feature", "properties": { "NUM_INSCRI": "16768", "Mes_Dia_An": "27 de febrero de 1973", "Mes_Dia_A1": "6 de marzo de 2025", "CATEGORIA": "PERSONA JURIDICA", "NOMBRE_SEC": "COMERCIO AL POR MAYOR Y AL POR MENOR; REPARACI?N DE VEH?CULOS AUTOMOTORES Y MOTOCICLETAS", "CODIGO_CII": "4719", "DESC_CIIU": "COMERCIO AL POR MENOR EN ESTABLECIMIENTOS NO ESPECIALIZADOS, CON", "TAMANO957": "MICRO", "CIUDAD": "Cali", "COMUNA": "Comuna 03", "BARRIO": "Santa Rosa", "DIRECCION_": "-CL 10 # 10 - 25", "TIPO_REGIS": "MERCANTIL", "PERSONAL_O": "1.0", "NUMERO_DE_": "0", "NUMERO_DE1": "1", "INGRESOS_A": "0.0", "X": "-76.53247202412844", "Y": "3.446762788080198", "Id": 0, "area": 136572.15568900001 }, "geometry": { "type": "Point", "coordinates": [ -76.532472024128438, 3.446762788080198 ] } },
{ "type": "Feature", "properties": { "NUM_INSCRI": "54595", "Mes_Dia_An": "20 de marzo de 1978", "Mes_Dia_A1": "19 de febrero de 2025", "CATEGORIA": "PERSONA NATURAL", "NOMBRE_SEC": "COMERCIO AL POR MAYOR Y AL POR MENOR; REPARACI?N DE VEH?CULOS AUTOMOTORES Y MOTOCICLETAS", "CODIGO_CII": "4719", "DESC_CIIU": "COMERCIO AL POR MENOR EN ESTABLECIMIENTOS NO ESPECIALIZADOS, CON", "TAMANO957": "MICRO", "CIUDAD": "Cali", "COMUNA": "Comuna 03", "BARRIO": "San Juan Bosco", "DIRECCION_": "-CL 10 # 14 - 13", "TIPO_REGIS": "MERCANTIL", "PERSONAL_O": "1.0", "NUMERO_DE_": "1", "NUMERO_DE1": "0", "INGRESOS_A": "0.0", "X": "-76.53190952600569", "Y": "3.443348019721487", "Id": 0, "area": 136572.15568900001 }, "geometry": { "type": "Point", "coordinates": [ -76.531909526005691, 3.443348019721487 ] } },
{ "type": "Feature", "properties": { "NUM_INSCRI": "590331", "Mes_Dia_An": "6 de agosto de 2002", "Mes_Dia_A1": "31 de marzo de 2025", "CATEGORIA": "PERSONA NATURAL", "NOMBRE_SEC": "COMERCIO AL POR MAYOR Y AL POR MENOR; REPARACI?N DE VEH?CULOS AUTOMOTORES Y MOTOCICLETAS", "CODIGO_CII": "4719", "DESC_CIIU": "COMERCIO AL POR MENOR EN ESTABLECIMIENTOS NO ESPECIALIZADOS, CON", "TAMANO957": "MICRO", "CIUDAD": "Cali", "COMUNA": "Comuna 03", "BARRIO": "San Juan Bosco", "DIRECCION_": "-CL 10 # 12 - 85", "TIPO_REGIS": "MERCANTIL", "PERSONAL_O": "1.0", "NUMERO_DE_": "1", "NUMERO_DE1": "0", "INGRESOS_A": "0.0", "X": "-76.53213992194306", "Y": "3.444514611267047", "Id": 0, "area": 136572.15568900001 }, "geometry": { "type": "Point", "coordinates": [ -76.532139921943056, 3.444514611267047 ] } },
{ "type": "Feature", "properties": { "NUM_INSCRI": "635168", "Mes_Dia_An": "20 de mayo de 2004", "Mes_Dia_A1": "5 de mayo de 2025", "CATEGORIA": "PERSONA NATURAL", "NOMBRE_SEC": "COMERCIO AL POR MAYOR Y AL POR MENOR; REPARACI?N DE VEH?CULOS AUTOMOTORES Y MOTOCICLETAS", "CODIGO_CII": "4719", "DESC_CIIU": "COMERCIO AL POR MENOR EN ESTABLECIMIENTOS NO ESPECIALIZADOS, CON", "TAMANO957": "MICRO", "CIUDAD": "Cali", "COMUNA": "Comuna 03", "BARRIO": "San Pascual", "DIRECCION_": "-CL 13 A # 13 - 32", "TIPO_REGIS": "MERCANTIL", "PERSONAL_O": "3.0", "NUMERO_DE_": "1", "NUMERO_DE1": "2", "INGRESOS_A": "0.0", "X": "-76.52829361838829", "Y": "3.444274096837281", "Id": 0, "area": 136572.15568900001 }, "geometry": { "type": "Point", "coordinates": [ -76.52829361838829, 3.444274096837281 ] } },
{ "type": "Feature", "properties": { "NUM_INSCRI": "730886", "Mes_Dia_An": "7 de febrero de 2008", "Mes_Dia_A1": "13 de marzo de 2025", "CATEGORIA": "PERSONA NATURAL", "NOMBRE_SEC": "COMERCIO AL POR MAYOR Y AL POR MENOR; REPARACI?N DE VEH?CULOS AUTOMOTORES Y MOTOCICLETAS", "CODIGO_CII": "4719", "DESC_CIIU": "COMERCIO AL POR MENOR EN ESTABLECIMIENTOS NO ESPECIALIZADOS, CON", "TAMANO957": "MICRO", "CIUDAD": "Cali", "COMUNA": "Comuna 03", "BARRIO": "El Calvario", "DIRECCION_": "-CRA 10 # 11 - 22", "TIPO_REGIS": "MERCANTIL", "PERSONAL_O": "1.0", "NUMERO_DE_": "1", "NUMERO_DE1": "0", "INGRESOS_A": "0.0", "X": "-76.5312454213664", "Y": "3.447206831977199", "Id": 0, "area": 136572.15568900001 }, "geometry": { "type": "Point", "coordinates": [ -76.531245421366407, 3.447206831977199 ] } },
{ "type": "Feature", "properties": { "NUM_INSCRI": "835650", "Mes_Dia_An": "26 de enero de 2012", "Mes_Dia_A1": "26 de marzo de 2025", "CATEGORIA": "PERSONA NATURAL", "NOMBRE_SEC": "COMERCIO AL POR MAYOR Y AL POR MENOR; REPARACI?N DE VEH?CULOS AUTOMOTORES Y MOTOCICLETAS", "CODIGO_CII": "4719", "DESC_CIIU": "COMERCIO AL POR MENOR EN ESTABLECIMIENTOS NO ESPECIALIZADOS CON S", "TAMANO957": "MICRO", "CIUDAD": "Cali", "COMUNA": "Comuna 03", "BARRIO": "Santa Rosa", "DIRECCION_": "-CL 10 # 10 - 59", "TIPO_REGIS": "MERCANTIL", "PERSONAL_O": "1.0", "NUMERO_DE_": "1", "NUMERO_DE1": "0", "INGRESOS_A": "0.0", "X": "-76.53241892437273", "Y": "3.446459835972448", "Id": 0, "area": 136572.15568900001 }, "geometry": { "type": "Point", "coordinates": [ -76.532418924372735, 3.446459835972448 ] } },
{ "type": "Feature", "properties": { "NUM_INSCRI": "838909", "Mes_Dia_An": "5 de marzo de 2012", "Mes_Dia_A1": "12 de marzo de 2025", "CATEGORIA": "PERSONA JURIDICA", "NOMBRE_SEC": "COMERCIO AL POR MAYOR Y AL POR MENOR; REPARACI?N DE VEH?CULOS AUTOMOTORES Y MOTOCICLETAS", "CODIGO_CII": "4719", "DESC_CIIU": "COMERCIO AL POR MENOR EN ESTABLECIMIENTOS NO ESPECIALIZADOS, CON", "TAMANO957": "MICRO", "CIUDAD": "Cali", "COMUNA": "Comuna 03", "BARRIO": "San Juan Bosco", "DIRECCION_": "-CL 10 # 13 - 45", "TIPO_REGIS": "MERCANTIL", "PERSONAL_O": "9.0", "NUMERO_DE_": "5", "NUMERO_DE1": "4", "INGRESOS_A": "661870066.0", "X": "-76.53207692028958", "Y": "3.443970201350862", "Id": 0, "area": 136572.15568900001 }, "geometry": { "type": "Point", "coordinates": [ -76.532076920289583, 3.443970201350862 ] } },
{ "type": "Feature", "properties": { "NUM_INSCRI": "876598", "Mes_Dia_An": "16 de julio de 2013", "Mes_Dia_A1": "17 de marzo de 2025", "CATEGORIA": "PERSONA JURIDICA", "NOMBRE_SEC": "COMERCIO AL POR MAYOR Y AL POR MENOR; REPARACI?N DE VEH?CULOS AUTOMOTORES Y MOTOCICLETAS", "CODIGO_CII": "4719", "DESC_CIIU": "COMERCIO AL POR MENOR EN ESTABLECIMIENTOS NO ESPECIALIZADOS, CON", "TAMANO957": "PEQUENA", "CIUDAD": "Cali", "COMUNA": "Comuna 03", "BARRIO": "San Pascual", "DIRECCION_": "-CL 15 # 13 A - 72", "TIPO_REGIS": "MERCANTIL", "PERSONAL_O": "5.0", "NUMERO_DE_": "0", "NUMERO_DE1": "5", "INGRESOS_A": "3560429921.0", "X": "-76.52632996626004", "Y": "3.443452973075672", "Id": 0, "area": 136572.15568900001 }, "geometry": { "type": "Point", "coordinates": [ -76.526329966260036, 3.443452973075672 ] } },
{ "type": "Feature", "properties": { "NUM_INSCRI": "914100", "Mes_Dia_An": "11 de noviembre de 2014", "Mes_Dia_A1": "31 de diciembre de 2024", "CATEGORIA": "PERSONA JURIDICA", "NOMBRE_SEC": "COMERCIO AL POR MAYOR Y AL POR MENOR; REPARACI?N DE VEH?CULOS AUTOMOTORES Y MOTOCICLETAS", "CODIGO_CII": "4719", "DESC_CIIU": "COMERCIO AL POR MENOR EN ESTABLECIMIENTOS NO ESPECIALIZADOS, CON", "TAMANO957": "MICRO", "CIUDAD": "Cali", "COMUNA": "Comuna 03", "BARRIO": "San Juan Bosco", "DIRECCION_": "-CL 10 # 13 - 45", "TIPO_REGIS": "MERCANTIL", "PERSONAL_O": "0.0", "NUMERO_DE_": "0", "NUMERO_DE1": "0", "INGRESOS_A": null, "X": "-76.53207692028958", "Y": "3.443970201350862", "Id": 0, "area": 136572.15568900001 }, "geometry": { "type": "Point", "coordinates": [ -76.532076920289583, 3.443970201350862 ] } },
{ "type": "Feature", "properties": { "NUM_INSCRI": "922538", "Mes_Dia_An": "17 de marzo de 2015", "Mes_Dia_A1": "8 de mayo de 2025", "CATEGORIA": "PERSONA NATURAL", "NOMBRE_SEC": "COMERCIO AL POR MAYOR Y AL POR MENOR; REPARACI?N DE VEH?CULOS AUTOMOTORES Y MOTOCICLETAS", "CODIGO_CII": "4719", "DESC_CIIU": "COMERCIO AL POR MENOR EN ESTABLECIMIENTOS NO ESPECIALIZADOS, CON", "TAMANO957": "MICRO", "CIUDAD": "Cali", "COMUNA": "Comuna 03", "BARRIO": "El Calvario", "DIRECCION_": "-KR 10 # 11 - 50", "TIPO_REGIS": "MERCANTIL", "PERSONAL_O": "3.0", "NUMERO_DE_": "1", "NUMERO_DE1": "2", "INGRESOS_A": "0.0", "X": "-76.53100514014083", "Y": "3.447280990257294", "Id": 0, "area": 136572.15568900001 }, "geometry": { "type": "Point", "coordinates": [ -76.531005140140834, 3.447280990257294 ] } },
{ "type": "Feature", "properties": { "NUM_INSCRI": "974967", "Mes_Dia_An": "26 de enero de 2017", "Mes_Dia_A1": "31 de marzo de 2025", "CATEGORIA": "PERSONA NATURAL", "NOMBRE_SEC": "COMERCIO AL POR MAYOR Y AL POR MENOR; REPARACI?N DE VEH?CULOS AUTOMOTORES Y MOTOCICLETAS", "CODIGO_CII": "4719", "DESC_CIIU": "COMERCIO AL POR MENOR EN ESTABLECIMIENTOS NO ESPECIALIZADOS, CON", "TAMANO957": "MICRO", "CIUDAD": "Cali", "COMUNA": "Comuna 03", "BARRIO": "San Pascual", "DIRECCION_": "-CL 14 # 13 - 53", "TIPO_REGIS": "MERCANTIL", "PERSONAL_O": "1.0", "NUMERO_DE_": "1", "NUMERO_DE1": "0", "INGRESOS_A": "0.0", "X": "-76.52700671845783", "Y": "3.444262350071075", "Id": 0, "area": 136572.15568900001 }, "geometry": { "type": "Point", "coordinates": [ -76.527006718457827, 3.444262350071075 ] } },
{ "type": "Feature", "properties": { "NUM_INSCRI": "1005956", "Mes_Dia_An": "30 de enero de 2018", "Mes_Dia_A1": "21 de marzo de 2025", "CATEGORIA": "PERSONA JURIDICA", "NOMBRE_SEC": "COMERCIO AL POR MAYOR Y AL POR MENOR; REPARACI?N DE VEH?CULOS AUTOMOTORES Y MOTOCICLETAS", "CODIGO_CII": "4719", "DESC_CIIU": "COMERCIO AL POR MENOR EN ESTABLECIMIENTOS NO ESPECIALIZADOS, CON", "TAMANO957": "PEQUENA", "CIUDAD": "Cali", "COMUNA": "Comuna 03", "BARRIO": "San Juan Bosco", "DIRECCION_": "-CL 10 # 13 - 45", "TIPO_REGIS": "MERCANTIL", "PERSONAL_O": "8.0", "NUMERO_DE_": "3", "NUMERO_DE1": "5", "INGRESOS_A": "2467717329.0", "X": "-76.53207692028958", "Y": "3.443970201350862", "Id": 0, "area": 136572.15568900001 }, "geometry": { "type": "Point", "coordinates": [ -76.532076920289583, 3.443970201350862 ] } },
{ "type": "Feature", "properties": { "NUM_INSCRI": "1038841", "Mes_Dia_An": "24 de enero de 2019", "Mes_Dia_A1": "10 de febrero de 2025", "CATEGORIA": "PERSONA NATURAL", "NOMBRE_SEC": "COMERCIO AL POR MAYOR Y AL POR MENOR; REPARACI?N DE VEH?CULOS AUTOMOTORES Y MOTOCICLETAS", "CODIGO_CII": "4719", "DESC_CIIU": "COMERCIO AL POR MENOR EN ESTABLECIMIENTOS NO ESPECIALIZADOS, CON", "TAMANO957": "MICRO", "CIUDAD": "Cali", "COMUNA": "Comuna 03", "BARRIO": "San Pedro", "DIRECCION_": "-CR 11 # 10 - 17", "TIPO_REGIS": "MERCANTIL", "PERSONAL_O": "1.0", "NUMERO_DE_": "0", "NUMERO_DE1": "1", "INGRESOS_A": "0.0", "X": "-76.53227673195234", "Y": "3.446201197459738", "Id": 0, "area": 136572.15568900001 }, "geometry": { "type": "Point", "coordinates": [ -76.532276731952336, 3.446201197459738 ] } },
{ "type": "Feature", "properties": { "NUM_INSCRI": "1069477", "Mes_Dia_An": "13 de noviembre de 2019", "Mes_Dia_A1": "7 de marzo de 2025", "CATEGORIA": "PERSONA NATURAL", "NOMBRE_SEC": "COMERCIO AL POR MAYOR Y AL POR MENOR; REPARACI?N DE VEH?CULOS AUTOMOTORES Y MOTOCICLETAS", "CODIGO_CII": "4719", "DESC_CIIU": "COMERCIO AL POR MENOR EN ESTABLECIMIENTOS NO ESPECIALIZADOS, CON", "TAMANO957": "MICRO", "CIUDAD": "Cali", "COMUNA": "Comuna 13", "BARRIO": "El Vergel", "DIRECCION_": "-CR 13 #14 - 41 BARRIO SAN PASCUAL", "TIPO_REGIS": "MERCANTIL", "PERSONAL_O": "0.0", "NUMERO_DE_": "0", "NUMERO_DE1": "0", "INGRESOS_A": "0.0", "X": "-76.52706791747043", "Y": "3.44481851671728", "Id": 0, "area": 136572.15568900001 }, "geometry": { "type": "Point", "coordinates": [ -76.527067917470433, 3.44481851671728 ] } },
{ "type": "Feature", "properties": { "NUM_INSCRI": "1090824", "Mes_Dia_An": "14 de agosto de 2020", "Mes_Dia_A1": "10 de marzo de 2025", "CATEGORIA": "PERSONA NATURAL", "NOMBRE_SEC": "COMERCIO AL POR MAYOR Y AL POR MENOR; REPARACI?N DE VEH?CULOS AUTOMOTORES Y MOTOCICLETAS", "CODIGO_CII": "4719", "DESC_CIIU": "COMERCIO AL POR MENOR EN ESTABLECIMIENTOS NO ESPECIALIZADOS, CON", "TAMANO957": "MICRO", "CIUDAD": "Cali", "COMUNA": "Comuna 03", "BARRIO": "Santa Rosa", "DIRECCION_": "-CL 10 # 10 - 13", "TIPO_REGIS": "MERCANTIL", "PERSONAL_O": "1.0", "NUMERO_DE_": "1", "NUMERO_DE1": "0", "INGRESOS_A": "0.0", "X": "-76.53241442799175", "Y": "3.446724806663128", "Id": 0, "area": 136572.15568900001 }, "geometry": { "type": "Point", "coordinates": [ -76.532414427991753, 3.446724806663128 ] } },
{ "type": "Feature", "properties": { "NUM_INSCRI": "1138653", "Mes_Dia_An": "14 de enero de 2022", "Mes_Dia_A1": "5 de marzo de 2025", "CATEGORIA": "PERSONA JURIDICA", "NOMBRE_SEC": "COMERCIO AL POR MAYOR Y AL POR MENOR; REPARACI?N DE VEH?CULOS AUTOMOTORES Y MOTOCICLETAS", "CODIGO_CII": "4719", "DESC_CIIU": "COMERCIO AL POR MENOR EN ESTABLECIMIENTOS NO ESPECIALIZADOS, CON", "TAMANO957": "MICRO", "CIUDAD": "Cali", "COMUNA": "Comuna 03", "BARRIO": "San Juan Bosco", "DIRECCION_": "-CRA 13 10 58 PISO 1 SAN  BOSCO", "TIPO_REGIS": "MERCANTIL", "PERSONAL_O": "3.0", "NUMERO_DE_": "2", "NUMERO_DE1": "1", "INGRESOS_A": "505896838.0", "X": "-76.53167735385486", "Y": "3.444171873195258", "Id": 0, "area": 136572.15568900001 }, "geometry": { "type": "Point", "coordinates": [ -76.53167735385486, 3.444171873195258 ] } },
{ "type": "Feature", "properties": { "NUM_INSCRI": "1140096", "Mes_Dia_An": "26 de enero de 2022", "Mes_Dia_A1": "31 de marzo de 2025", "CATEGORIA": "PERSONA JURIDICA", "NOMBRE_SEC": "COMERCIO AL POR MAYOR Y AL POR MENOR; REPARACI?N DE VEH?CULOS AUTOMOTORES Y MOTOCICLETAS", "CODIGO_CII": "4719", "DESC_CIIU": "COMERCIO AL POR MENOR EN ESTABLECIMIENTOS NO ESPECIALIZADOS, CON", "TAMANO957": "PEQUENA", "CIUDAD": "Cali", "COMUNA": "Comuna 03", "BARRIO": "San Juan Bosco", "DIRECCION_": "-CALLE 12 12 50", "TIPO_REGIS": "MERCANTIL", "PERSONAL_O": "20.0", "NUMERO_DE_": "13", "NUMERO_DE1": "7", "INGRESOS_A": "15624148000.0", "X": "-76.53021587658648", "Y": "3.445048191429285", "Id": 0, "area": 136572.15568900001 }, "geometry": { "type": "Point", "coordinates": [ -76.530215876586482, 3.445048191429285 ] } },
{ "type": "Feature", "properties": { "NUM_INSCRI": "1157308", "Mes_Dia_An": "5 de julio de 2022", "Mes_Dia_A1": "7 de marzo de 2025", "CATEGORIA": "PERSONA NATURAL", "NOMBRE_SEC": "COMERCIO AL POR MAYOR Y AL POR MENOR; REPARACI?N DE VEH?CULOS AUTOMOTORES Y MOTOCICLETAS", "CODIGO_CII": "4719", "DESC_CIIU": "COMERCIO AL POR MENOR EN ESTABLECIMIENTOS NO ESPECIALIZADOS, CON", "TAMANO957": "MICRO", "CIUDAD": "Cali", "COMUNA": "Comuna 03", "BARRIO": "Santa Rosa", "DIRECCION_": "-KR 10 # 10 - 10", "TIPO_REGIS": "MERCANTIL", "PERSONAL_O": "1.0", "NUMERO_DE_": "0", "NUMERO_DE1": "1", "INGRESOS_A": "99840000.0", "X": "-76.53243782801343", "Y": "3.446868595894975", "Id": 0, "area": 136572.15568900001 }, "geometry": { "type": "Point", "coordinates": [ -76.532437828013428, 3.446868595894975 ] } },
{ "type": "Feature", "properties": { "NUM_INSCRI": "1250640", "Mes_Dia_An": "11 de abril de 2025", "Mes_Dia_A1": "11 de abril de 2025", "CATEGORIA": "PERSONA NATURAL", "NOMBRE_SEC": "COMERCIO AL POR MAYOR Y AL POR MENOR; REPARACI?N DE VEH?CULOS AUTOMOTORES Y MOTOCICLETAS", "CODIGO_CII": "4719", "DESC_CIIU": "COMERCIO AL POR MENOR EN ESTABLECIMIENTOS NO ESPECIALIZADOS, CON", "TAMANO957": "MICRO", "CIUDAD": "Cali", "COMUNA": "Comuna 03", "BARRIO": "San Juan Bosco", "DIRECCION_": "-CL 12  13   20", "TIPO_REGIS": "MERCANTIL", "PERSONAL_O": "0.0", "NUMERO_DE_": "0", "NUMERO_DE1": "0", "INGRESOS_A": "0.0", "X": "-76.53005208106975", "Y": "3.444227055375632", "Id": 0, "area": 136572.15568900001 }, "geometry": { "type": "Point", "coordinates": [ -76.530052081069755, 3.444227055375632 ] } },
{ "type": "Feature", "properties": { "NUM_INSCRI": "1262428", "Mes_Dia_An": "14 de agosto de 2025", "Mes_Dia_A1": "14 de agosto de 2025", "CATEGORIA": "PERSONA NATURAL", "NOMBRE_SEC": "COMERCIO AL POR MAYOR Y AL POR MENOR; REPARACI?N DE VEH?CULOS AUTOMOTORES Y MOTOCICLETAS", "CODIGO_CII": "4719", "DESC_CIIU": "COMERCIO AL POR MENOR EN ESTABLECIMIENTOS NO ESPECIALIZADOS, CON", "TAMANO957": "MICRO", "CIUDAD": "Cali", "COMUNA": "Comuna 03", "BARRIO": "San Juan Bosco", "DIRECCION_": "-CL 10  11   65", "TIPO_REGIS": "MERCANTIL", "PERSONAL_O": "0.0", "NUMERO_DE_": "0", "NUMERO_DE1": "0", "INGRESOS_A": "0.0", "X": "-76.53225872404192", "Y": "3.445441554894598", "Id": 0, "area": 136572.15568900001 }, "geometry": { "type": "Point", "coordinates": [ -76.532258724041924, 3.445441554894598 ] } },
{ "type": "Feature", "properties": { "NUM_INSCRI": "964939", "Mes_Dia_An": "7 de septiembre de 2016", "Mes_Dia_A1": "31 de marzo de 2025", "CATEGORIA": "PERSONA NATURAL", "NOMBRE_SEC": "COMERCIO AL POR MAYOR Y AL POR MENOR; REPARACI?N DE VEH?CULOS AUTOMOTORES Y MOTOCICLETAS", "CODIGO_CII": "4721", "DESC_CIIU": "COMERCIO AL POR MENOR DE PRODUCTOS AGR?COLAS PARA EL CONSUMO EN E", "TAMANO957": "MICRO", "CIUDAD": "Cali", "COMUNA": "Comuna 03", "BARRIO": "Santa Rosa", "DIRECCION_": "-CL 10 # 10 - 65", "TIPO_REGIS": "MERCANTIL", "PERSONAL_O": "2.0", "NUMERO_DE_": "0", "NUMERO_DE1": "2", "INGRESOS_A": "0.0", "X": "-76.53240992439265", "Y": "3.446406480223182", "Id": 0, "area": 136572.15568900001 }, "geometry": { "type": "Point", "coordinates": [ -76.532409924392653, 3.446406480223182 ] } },
{ "type": "Feature", "properties": { "NUM_INSCRI": "988706", "Mes_Dia_An": "14 de junio de 2017", "Mes_Dia_A1": "14 de abril de 2025", "CATEGORIA": "PERSONA NATURAL", "NOMBRE_SEC": "COMERCIO AL POR MAYOR Y AL POR MENOR; REPARACI?N DE VEH?CULOS AUTOMOTORES Y MOTOCICLETAS", "CODIGO_CII": "4721", "DESC_CIIU": "COMERCIO AL POR MENOR DE PRODUCTOS AGR?COLAS PARA EL CONSUMO EN E", "TAMANO957": "MICRO", "CIUDAD": "Cali", "COMUNA": "Comuna 03", "BARRIO": "San Pascual", "DIRECCION_": "-KR 14 # 14 - 68", "TIPO_REGIS": "MERCANTIL", "PERSONAL_O": "1.0", "NUMERO_DE_": "1", "NUMERO_DE1": "0", "INGRESOS_A": "0.0", "X": "-76.52619317567813", "Y": "3.443224176708448", "Id": 0, "area": 136572.15568900001 }, "geometry": { "type": "Point", "coordinates": [ -76.526193175678131, 3.443224176708448 ] } },
{ "type": "Feature", "properties": { "NUM_INSCRI": "1009391", "Mes_Dia_An": "28 de febrero de 2018", "Mes_Dia_A1": "4 de abril de 2025", "CATEGORIA": "PERSONA NATURAL", "NOMBRE_SEC": "COMERCIO AL POR MAYOR Y AL POR MENOR; REPARACI?N DE VEH?CULOS AUTOMOTORES Y MOTOCICLETAS", "CODIGO_CII": "4721", "DESC_CIIU": "COMERCIO AL POR MENOR DE PRODUCTOS AGR?COLAS PARA EL CONSUMO EN E", "TAMANO957": "MICRO", "CIUDAD": "Cali", "COMUNA": "Comuna 03", "BARRIO": "Santa Rosa", "DIRECCION_": "-CL 12 # 10 - 38", "TIPO_REGIS": "MERCANTIL", "PERSONAL_O": "2.0", "NUMERO_DE_": "0", "NUMERO_DE1": "2", "INGRESOS_A": "30000000.0", "X": "-76.53077565371238", "Y": "3.446946388203162", "Id": 0, "area": 136572.15568900001 }, "geometry": { "type": "Point", "coordinates": [ -76.530775653712382, 3.446946388203162 ] } },
{ "type": "Feature", "properties": { "NUM_INSCRI": "1087832", "Mes_Dia_An": "17 de julio de 2020", "Mes_Dia_A1": "5 de marzo de 2025", "CATEGORIA": "PERSONA NATURAL", "NOMBRE_SEC": "COMERCIO AL POR MAYOR Y AL POR MENOR; REPARACI?N DE VEH?CULOS AUTOMOTORES Y MOTOCICLETAS", "CODIGO_CII": "4721", "DESC_CIIU": "COMERCIO AL POR MENOR DE PRODUCTOS AGR?COLAS PARA EL CONSUMO EN E", "TAMANO957": "MICRO", "CIUDAD": "Cali", "COMUNA": "Comuna 03", "BARRIO": "San Juan Bosco", "DIRECCION_": "-CL 10   10   65 LC 2", "TIPO_REGIS": "MERCANTIL", "PERSONAL_O": "0.0", "NUMERO_DE_": "0", "NUMERO_DE1": "0", "INGRESOS_A": "0.0", "X": "-76.53240992439265", "Y": "3.446406480223182", "Id": 0, "area": 136572.15568900001 }, "geometry": { "type": "Point", "coordinates": [ -76.532409924392653, 3.446406480223182 ] } },
{ "type": "Feature", "properties": { "NUM_INSCRI": "711604", "Mes_Dia_An": "4 de mayo de 2007", "Mes_Dia_A1": "13 de marzo de 2025", "CATEGORIA": "PERSONA NATURAL", "NOMBRE_SEC": "COMERCIO AL POR MAYOR Y AL POR MENOR; REPARACI?N DE VEH?CULOS AUTOMOTORES Y MOTOCICLETAS", "CODIGO_CII": "4723", "DESC_CIIU": "COMERCIO AL POR MENOR DE CARNES (INCLUYE AVES DE CORRAL), PRODUCT", "TAMANO957": "MICRO", "CIUDAD": "Cali", "COMUNA": "Comuna 03", "BARRIO": "Santa Rosa", "DIRECCION_": "-KR 10 # 10 - 18", "TIPO_REGIS": "MERCANTIL", "PERSONAL_O": "1.0", "NUMERO_DE_": "1", "NUMERO_DE1": "0", "INGRESOS_A": "0.0", "X": "-76.53231903548347", "Y": "3.446750129276212", "Id": 0, "area": 136572.15568900001 }, "geometry": { "type": "Point", "coordinates": [ -76.532319035483468, 3.446750129276212 ] } },
{ "type": "Feature", "properties": { "NUM_INSCRI": "984049", "Mes_Dia_An": "21 de abril de 2017", "Mes_Dia_A1": "25 de febrero de 2025", "CATEGORIA": "PERSONA NATURAL", "NOMBRE_SEC": "COMERCIO AL POR MAYOR Y AL POR MENOR; REPARACI?N DE VEH?CULOS AUTOMOTORES Y MOTOCICLETAS", "CODIGO_CII": "4724", "DESC_CIIU": "COMERCIO AL POR MENOR DE BEBIDAS Y PRODUCTOS DEL TABACO, EN ESTAB", "TAMANO957": "MICRO", "CIUDAD": "Cali", "COMUNA": "Comuna 03", "BARRIO": "San Juan Bosco", "DIRECCION_": "-CL 10 # 13 - 03", "TIPO_REGIS": "MERCANTIL", "PERSONAL_O": "1.0", "NUMERO_DE_": "0", "NUMERO_DE1": "1", "INGRESOS_A": "0.0", "X": "-76.53211922153135", "Y": "3.444347309233837", "Id": 0, "area": 136572.15568900001 }, "geometry": { "type": "Point", "coordinates": [ -76.532119221531346, 3.444347309233837 ] } },
{ "type": "Feature", "properties": { "NUM_INSCRI": "1196967", "Mes_Dia_An": "28 de agosto de 2023", "Mes_Dia_A1": "27 de marzo de 2024", "CATEGORIA": "PERSONA NATURAL", "NOMBRE_SEC": "COMERCIO AL POR MAYOR Y AL POR MENOR; REPARACI?N DE VEH?CULOS AUTOMOTORES Y MOTOCICLETAS", "CODIGO_CII": "4729", "DESC_CIIU": "COMERCIO AL POR MENOR DE OTROS PRODUCTOS ALIMENTICIOS N.C.P., EN", "TAMANO957": "MICRO", "CIUDAD": "Cali", "COMUNA": null, "BARRIO": null, "DIRECCION_": "-CL 12 # 14 - 29", "TIPO_REGIS": "MERCANTIL", "PERSONAL_O": "0.0", "NUMERO_DE_": "0", "NUMERO_DE1": "0", "INGRESOS_A": null, "X": "-76.5296669012988", "Y": "3.443198828321935", "Id": 0, "area": 136572.15568900001 }, "geometry": { "type": "Point", "coordinates": [ -76.529666901298796, 3.443198828321935 ] } },
{ "type": "Feature", "properties": { "NUM_INSCRI": "661049", "Mes_Dia_An": "21 de junio de 2005", "Mes_Dia_A1": "28 de marzo de 2025", "CATEGORIA": "PERSONA NATURAL", "NOMBRE_SEC": "COMERCIO AL POR MAYOR Y AL POR MENOR; REPARACI?N DE VEH?CULOS AUTOMOTORES Y MOTOCICLETAS", "CODIGO_CII": "4751", "DESC_CIIU": "COMERCIO AL POR MENOR DE PRODUCTOS TEXTILES EN ESTABLECIMIENTOS E", "TAMANO957": "MICRO", "CIUDAD": "Cali", "COMUNA": "Comuna 03", "BARRIO": "San Pascual", "DIRECCION_": "-K 13        13A      35", "TIPO_REGIS": "MERCANTIL", "PERSONAL_O": "0.0", "NUMERO_DE_": "0", "NUMERO_DE1": "0", "INGRESOS_A": "0.0", "X": "-76.52772036658043", "Y": "3.444753399778754", "Id": 0, "area": 136572.15568900001 }, "geometry": { "type": "Point", "coordinates": [ -76.527720366580425, 3.444753399778754 ] } },
{ "type": "Feature", "properties": { "NUM_INSCRI": "605651", "Mes_Dia_An": "1 de abril de 2003", "Mes_Dia_A1": "5 de marzo de 2025", "CATEGORIA": "PERSONA NATURAL", "NOMBRE_SEC": "COMERCIO AL POR MAYOR Y AL POR MENOR; REPARACI?N DE VEH?CULOS AUTOMOTORES Y MOTOCICLETAS", "CODIGO_CII": "4752", "DESC_CIIU": "COMERCIO AL POR MENOR DE ART?CULOS DE FERRETER?A, PINTURAS Y PROD", "TAMANO957": "MICRO", "CIUDAD": "Cali", "COMUNA": null, "BARRIO": null, "DIRECCION_": "-CL 10 # 12 - 53", "TIPO_REGIS": "MERCANTIL", "PERSONAL_O": "1.0", "NUMERO_DE_": "1", "NUMERO_DE1": "0", "INGRESOS_A": "0.0", "X": "-76.5320139352517", "Y": "3.444810330888246", "Id": 0, "area": 136572.15568900001 }, "geometry": { "type": "Point", "coordinates": [ -76.532013935251697, 3.444810330888246 ] } },
{ "type": "Feature", "properties": { "NUM_INSCRI": "677734", "Mes_Dia_An": "14 de febrero de 2006", "Mes_Dia_A1": "10 de noviembre de 2025", "CATEGORIA": "PERSONA NATURAL", "NOMBRE_SEC": "COMERCIO AL POR MAYOR Y AL POR MENOR; REPARACI?N DE VEH?CULOS AUTOMOTORES Y MOTOCICLETAS", "CODIGO_CII": "4752", "DESC_CIIU": "COMERCIO AL POR MENOR DE ART?CULOS DE FERRETER?A, PINTURAS Y PROD", "TAMANO957": "MICRO", "CIUDAD": "Cali", "COMUNA": "Comuna 03", "BARRIO": "San Pascual", "DIRECCION_": "-KR 14 # 14 - 21", "TIPO_REGIS": "MERCANTIL", "PERSONAL_O": "1.0", "NUMERO_DE_": "1", "NUMERO_DE1": "0", "INGRESOS_A": "0.0", "X": "-76.52660984401787", "Y": "3.443417702202248", "Id": 0, "area": 136572.15568900001 }, "geometry": { "type": "Point", "coordinates": [ -76.526609844017869, 3.443417702202248 ] } },
{ "type": "Feature", "properties": { "NUM_INSCRI": "690799", "Mes_Dia_An": "31 de julio de 2006", "Mes_Dia_A1": "12 de diciembre de 2024", "CATEGORIA": "PERSONA NATURAL", "NOMBRE_SEC": "COMERCIO AL POR MAYOR Y AL POR MENOR; REPARACI?N DE VEH?CULOS AUTOMOTORES Y MOTOCICLETAS", "CODIGO_CII": "4752", "DESC_CIIU": "COMERCIO AL POR MENOR DE MATERIALES DE CONSTRUCCI?N, ART?CULOS DE", "TAMANO957": "MICRO", "CIUDAD": "Cali", "COMUNA": "Comuna 03", "BARRIO": "San Juan Bosco", "DIRECCION_": "-CL 11 # 14 - 60", "TIPO_REGIS": "MERCANTIL", "PERSONAL_O": "1.0", "NUMERO_DE_": "1", "NUMERO_DE1": "0", "INGRESOS_A": null, "X": "-76.53090070074961", "Y": "3.442907619267681", "Id": 0, "area": 136572.15568900001 }, "geometry": { "type": "Point", "coordinates": [ -76.530900700749612, 3.442907619267681 ] } },
{ "type": "Feature", "properties": { "NUM_INSCRI": "705443", "Mes_Dia_An": "26 de febrero de 2007", "Mes_Dia_A1": "31 de marzo de 2025", "CATEGORIA": "PERSONA NATURAL", "NOMBRE_SEC": "COMERCIO AL POR MAYOR Y AL POR MENOR; REPARACI?N DE VEH?CULOS AUTOMOTORES Y MOTOCICLETAS", "CODIGO_CII": "4752", "DESC_CIIU": "COMERCIO AL POR MENOR DE MATERIALES DE CONSTRUCCI?N, ART?CULOS DE", "TAMANO957": "MICRO", "CIUDAD": "Cali", "COMUNA": "Comuna 03", "BARRIO": "San Juan Bosco", "DIRECCION_": "-KR 14 # 10 - 112", "TIPO_REGIS": "MERCANTIL", "PERSONAL_O": "1.0", "NUMERO_DE_": "1", "NUMERO_DE1": "0", "INGRESOS_A": "0.0", "X": "-76.53106809292382", "Y": "3.443404098281763", "Id": 0, "area": 136572.15568900001 }, "geometry": { "type": "Point", "coordinates": [ -76.531068092923817, 3.443404098281763 ] } },
{ "type": "Feature", "properties": { "NUM_INSCRI": "708674", "Mes_Dia_An": "30 de marzo de 2007", "Mes_Dia_A1": "3 de febrero de 2025", "CATEGORIA": "PERSONA NATURAL", "NOMBRE_SEC": "COMERCIO AL POR MAYOR Y AL POR MENOR; REPARACI?N DE VEH?CULOS AUTOMOTORES Y MOTOCICLETAS", "CODIGO_CII": "4752", "DESC_CIIU": "COMERCIO AL POR MENOR DE ART?CULOS DE FERRETER?A, PINTURAS Y PROD", "TAMANO957": "MICRO", "CIUDAD": "Cali", "COMUNA": "Comuna 09", "BARRIO": "Sucre", "DIRECCION_": "-KR 10 # 15 - 02", "TIPO_REGIS": "MERCANTIL", "PERSONAL_O": "2.0", "NUMERO_DE_": "2", "NUMERO_DE1": "0", "INGRESOS_A": "0.0", "X": "-76.52745850886919", "Y": "3.447814581295428", "Id": 0, "area": 136572.15568900001 }, "geometry": { "type": "Point", "coordinates": [ -76.527458508869188, 3.447814581295428 ] } },
{ "type": "Feature", "properties": { "NUM_INSCRI": "799276", "Mes_Dia_An": "27 de agosto de 2010", "Mes_Dia_A1": "4 de abril de 2025", "CATEGORIA": "PERSONA NATURAL", "NOMBRE_SEC": "COMERCIO AL POR MAYOR Y AL POR MENOR; REPARACI?N DE VEH?CULOS AUTOMOTORES Y MOTOCICLETAS", "CODIGO_CII": "4752", "DESC_CIIU": "COMERCIO AL POR MENOR DE PINTURAS EN ESTABLECIMIENTOS ESPECIALIZA", "TAMANO957": "MICRO", "CIUDAD": "Cali", "COMUNA": "Comuna 03", "BARRIO": "Santa Rosa", "DIRECCION_": "-CL 11  12   89", "TIPO_REGIS": "MERCANTIL", "PERSONAL_O": "3.0", "NUMERO_DE_": "3", "NUMERO_DE1": "0", "INGRESOS_A": "0.0", "X": "-76.53069823537845", "Y": "3.444664747649135", "Id": 0, "area": 136572.15568900001 }, "geometry": { "type": "Point", "coordinates": [ -76.530698235378452, 3.444664747649135 ] } },
{ "type": "Feature", "properties": { "NUM_INSCRI": "895501", "Mes_Dia_An": "19 de marzo de 2014", "Mes_Dia_A1": "28 de marzo de 2025", "CATEGORIA": "PERSONA JURIDICA", "NOMBRE_SEC": "COMERCIO AL POR MAYOR Y AL POR MENOR; REPARACI?N DE VEH?CULOS AUTOMOTORES Y MOTOCICLETAS", "CODIGO_CII": "4752", "DESC_CIIU": "COMERCIO AL POR MENOR DE ART?CULOS DE FERRETER?A, PINTURAS Y PROD", "TAMANO957": "MICRO", "CIUDAD": "Cali", "COMUNA": "Comuna 03", "BARRIO": "San Pascual", "DIRECCION_": "-KR 12 A # 14 - 05", "TIPO_REGIS": "MERCANTIL", "PERSONAL_O": "5.0", "NUMERO_DE_": "3", "NUMERO_DE1": "2", "INGRESOS_A": "743118000.0", "X": "-76.52748818912839", "Y": "3.445389150186432", "Id": 0, "area": 136572.15568900001 }, "geometry": { "type": "Point", "coordinates": [ -76.527488189128391, 3.445389150186432 ] } },
{ "type": "Feature", "properties": { "NUM_INSCRI": "960132", "Mes_Dia_An": "19 de julio de 2016", "Mes_Dia_A1": "27 de marzo de 2025", "CATEGORIA": "PERSONA NATURAL", "NOMBRE_SEC": "COMERCIO AL POR MAYOR Y AL POR MENOR; REPARACI?N DE VEH?CULOS AUTOMOTORES Y MOTOCICLETAS", "CODIGO_CII": "4752", "DESC_CIIU": "COMERCIO AL POR MENOR DE ART?CULOS DE FERRETER?A, PINTURAS Y PROD", "TAMANO957": "MICRO", "CIUDAD": "Cali", "COMUNA": "Comuna 03", "BARRIO": "San Pascual", "DIRECCION_": "-CL 14 # 12 A - 28", "TIPO_REGIS": "MERCANTIL", "PERSONAL_O": "4.0", "NUMERO_DE_": "4", "NUMERO_DE1": "0", "INGRESOS_A": "77550000.0", "X": "-76.52768977052705", "Y": "3.444965919129265", "Id": 0, "area": 136572.15568900001 }, "geometry": { "type": "Point", "coordinates": [ -76.527689770527047, 3.444965919129265 ] } },
{ "type": "Feature", "properties": { "NUM_INSCRI": "967592", "Mes_Dia_An": "6 de octubre de 2016", "Mes_Dia_A1": "27 de marzo de 2025", "CATEGORIA": "PERSONA NATURAL", "NOMBRE_SEC": "COMERCIO AL POR MAYOR Y AL POR MENOR; REPARACI?N DE VEH?CULOS AUTOMOTORES Y MOTOCICLETAS", "CODIGO_CII": "4752", "DESC_CIIU": "COMERCIO AL POR MENOR DE ART?CULOS DE FERRETER?A, PINTURAS Y PROD", "TAMANO957": "MICRO", "CIUDAD": "Cali", "COMUNA": "Comuna 03", "BARRIO": "San Juan Bosco", "DIRECCION_": "-CL 11 # 14 - 28", "TIPO_REGIS": "MERCANTIL", "PERSONAL_O": "0.0", "NUMERO_DE_": "0", "NUMERO_DE1": "0", "INGRESOS_A": "121532000.0", "X": "-76.53087190612446", "Y": "3.443195198654087", "Id": 0, "area": 136572.15568900001 }, "geometry": { "type": "Point", "coordinates": [ -76.53087190612446, 3.443195198654087 ] } },
{ "type": "Feature", "properties": { "NUM_INSCRI": "973378", "Mes_Dia_An": "12 de enero de 2017", "Mes_Dia_A1": "28 de marzo de 2025", "CATEGORIA": "PERSONA NATURAL", "NOMBRE_SEC": "COMERCIO AL POR MAYOR Y AL POR MENOR; REPARACI?N DE VEH?CULOS AUTOMOTORES Y MOTOCICLETAS", "CODIGO_CII": "4752", "DESC_CIIU": "COMERCIO AL POR MENOR DE ART?CULOS DE FERRETER?A, PINTURAS Y PROD", "TAMANO957": "MICRO", "CIUDAD": "Cali", "COMUNA": "Comuna 03", "BARRIO": "Santa Rosa", "DIRECCION_": "-KR 10 # 10 - 22", "TIPO_REGIS": "MERCANTIL", "PERSONAL_O": "1.0", "NUMERO_DE_": "1", "NUMERO_DE1": "0", "INGRESOS_A": "0.0", "X": "-76.53233343621179", "Y": "3.44689753596865", "Id": 0, "area": 136572.15568900001 }, "geometry": { "type": "Point", "coordinates": [ -76.532333436211786, 3.44689753596865 ] } },
{ "type": "Feature", "properties": { "NUM_INSCRI": "1014520", "Mes_Dia_An": "18 de abril de 2018", "Mes_Dia_A1": "24 de febrero de 2025", "CATEGORIA": "PERSONA NATURAL", "NOMBRE_SEC": "COMERCIO AL POR MAYOR Y AL POR MENOR; REPARACI?N DE VEH?CULOS AUTOMOTORES Y MOTOCICLETAS", "CODIGO_CII": "4752", "DESC_CIIU": "COMERCIO AL POR MENOR DE ART?CULOS DE FERRETER?A, PINTURAS Y PROD", "TAMANO957": "MICRO", "CIUDAD": "Cali", "COMUNA": "Comuna 09", "BARRIO": "Sucre", "DIRECCION_": "-CL 15 # 14 - 16", "TIPO_REGIS": "MERCANTIL", "PERSONAL_O": "1.0", "NUMERO_DE_": "1", "NUMERO_DE1": "0", "INGRESOS_A": "0.0", "X": "-76.52621927296228", "Y": "3.443112943137172", "Id": 0, "area": 136572.15568900001 }, "geometry": { "type": "Point", "coordinates": [ -76.52621927296228, 3.443112943137172 ] } },
{ "type": "Feature", "properties": { "NUM_INSCRI": "1015366", "Mes_Dia_An": "26 de abril de 2018", "Mes_Dia_A1": "31 de diciembre de 2024", "CATEGORIA": "PERSONA NATURAL", "NOMBRE_SEC": "COMERCIO AL POR MAYOR Y AL POR MENOR; REPARACI?N DE VEH?CULOS AUTOMOTORES Y MOTOCICLETAS", "CODIGO_CII": "4752", "DESC_CIIU": "COMERCIO AL POR MENOR DE ART?CULOS DE FERRETER?A, PINTURAS Y PROD", "TAMANO957": "MICRO", "CIUDAD": "Cali", "COMUNA": "Comuna 03", "BARRIO": "San Juan Bosco", "DIRECCION_": "-K 14       10            73", "TIPO_REGIS": "MERCANTIL", "PERSONAL_O": "0.0", "NUMERO_DE_": "0", "NUMERO_DE1": "0", "INGRESOS_A": null, "X": "-76.53141276796492", "Y": "3.443596718121479", "Id": 0, "area": 136572.15568900001 }, "geometry": { "type": "Point", "coordinates": [ -76.531412767964923, 3.443596718121479 ] } },
{ "type": "Feature", "properties": { "NUM_INSCRI": "1026501", "Mes_Dia_An": "23 de agosto de 2018", "Mes_Dia_A1": "31 de marzo de 2025", "CATEGORIA": "PERSONA JURIDICA", "NOMBRE_SEC": "COMERCIO AL POR MAYOR Y AL POR MENOR; REPARACI?N DE VEH?CULOS AUTOMOTORES Y MOTOCICLETAS", "CODIGO_CII": "4752", "DESC_CIIU": "COMERCIO AL POR MENOR DE ART?CULOS DE FERRETER?A, PINTURAS Y PROD", "TAMANO957": "MICRO", "CIUDAD": "Cali", "COMUNA": "Comuna 03", "BARRIO": "San Pascual", "DIRECCION_": "-CL 15 # 12 A - 10", "TIPO_REGIS": "MERCANTIL", "PERSONAL_O": "15.0", "NUMERO_DE_": "10", "NUMERO_DE1": "5", "INGRESOS_A": "1340840332.0", "X": "-76.52688793397769", "Y": "3.445212808726734", "Id": 0, "area": 136572.15568900001 }, "geometry": { "type": "Point", "coordinates": [ -76.52688793397769, 3.445212808726734 ] } },
{ "type": "Feature", "properties": { "NUM_INSCRI": "1099924", "Mes_Dia_An": "4 de noviembre de 2020", "Mes_Dia_A1": "18 de marzo de 2025", "CATEGORIA": "PERSONA JURIDICA", "NOMBRE_SEC": "COMERCIO AL POR MAYOR Y AL POR MENOR; REPARACI?N DE VEH?CULOS AUTOMOTORES Y MOTOCICLETAS", "CODIGO_CII": "4752", "DESC_CIIU": "COMERCIO AL POR MENOR DE ART?CULOS DE FERRETER?A, PINTURAS Y PROD", "TAMANO957": "MICRO", "CIUDAD": "Cali", "COMUNA": "Comuna 03", "BARRIO": "San Juan Bosco", "DIRECCION_": "-CR 13  10   58", "TIPO_REGIS": "MERCANTIL", "PERSONAL_O": "1.0", "NUMERO_DE_": "1", "NUMERO_DE1": "0", "INGRESOS_A": "144944508.0", "X": "-76.53167735385486", "Y": "3.444171873195258", "Id": 0, "area": 136572.15568900001 }, "geometry": { "type": "Point", "coordinates": [ -76.53167735385486, 3.444171873195258 ] } },
{ "type": "Feature", "properties": { "NUM_INSCRI": "1138162", "Mes_Dia_An": "7 de enero de 2022", "Mes_Dia_A1": "27 de marzo de 2025", "CATEGORIA": "PERSONA JURIDICA", "NOMBRE_SEC": "COMERCIO AL POR MAYOR Y AL POR MENOR; REPARACI?N DE VEH?CULOS AUTOMOTORES Y MOTOCICLETAS", "CODIGO_CII": "4752", "DESC_CIIU": "COMERCIO AL POR MENOR DE ART?CULOS DE FERRETER?A, PINTURAS Y PROD", "TAMANO957": "MICRO", "CIUDAD": "Cali", "COMUNA": "Comuna 09", "BARRIO": "Barrio Obrero", "DIRECCION_": "-CL 10 # 12 - 35", "TIPO_REGIS": "MERCANTIL", "PERSONAL_O": "11.0", "NUMERO_DE_": "6", "NUMERO_DE1": "5", "INGRESOS_A": "0.0", "X": "-76.53210572983619", "Y": "3.4449495976232", "Id": 0, "area": 136572.15568900001 }, "geometry": { "type": "Point", "coordinates": [ -76.532105729836189, 3.4449495976232 ] } },
{ "type": "Feature", "properties": { "NUM_INSCRI": "1203719", "Mes_Dia_An": "14 de noviembre de 2023", "Mes_Dia_A1": "27 de marzo de 2025", "CATEGORIA": "PERSONA JURIDICA", "NOMBRE_SEC": "COMERCIO AL POR MAYOR Y AL POR MENOR; REPARACI?N DE VEH?CULOS AUTOMOTORES Y MOTOCICLETAS", "CODIGO_CII": "4752", "DESC_CIIU": "COMERCIO AL POR MENOR DE ART?CULOS DE FERRETER?A, PINTURAS Y PROD", "TAMANO957": "MICRO", "CIUDAD": "Cali", "COMUNA": "Comuna 03", "BARRIO": "San Nicolas", "DIRECCION_": "-KR 15 # 10 - 49 LC 102", "TIPO_REGIS": "MERCANTIL", "PERSONAL_O": "0.0", "NUMERO_DE_": "0", "NUMERO_DE1": "0", "INGRESOS_A": "0.0", "X": "-76.53156664633904", "Y": "3.442765630919129", "Id": 0, "area": 136572.15568900001 }, "geometry": { "type": "Point", "coordinates": [ -76.531566646339044, 3.442765630919129 ] } },
{ "type": "Feature", "properties": { "NUM_INSCRI": "1222552", "Mes_Dia_An": "6 de junio de 2024", "Mes_Dia_A1": "13 de marzo de 2025", "CATEGORIA": "PERSONA NATURAL", "NOMBRE_SEC": "COMERCIO AL POR MAYOR Y AL POR MENOR; REPARACI?N DE VEH?CULOS AUTOMOTORES Y MOTOCICLETAS", "CODIGO_CII": "4752", "DESC_CIIU": "COMERCIO AL POR MENOR DE ART?CULOS DE FERRETER?A, PINTURAS Y PROD", "TAMANO957": "MICRO", "CIUDAD": "Cali", "COMUNA": "Comuna 03", "BARRIO": "San Juan Bosco", "DIRECCION_": "-CL 15  10   42", "TIPO_REGIS": "MERCANTIL", "PERSONAL_O": "0.0", "NUMERO_DE_": "0", "NUMERO_DE1": "0", "INGRESOS_A": "0.0", "X": "-76.52749900324007", "Y": "3.447451942011643", "Id": 0, "area": 136572.15568900001 }, "geometry": { "type": "Point", "coordinates": [ -76.527499003240067, 3.447451942011643 ] } },
{ "type": "Feature", "properties": { "NUM_INSCRI": "1227643", "Mes_Dia_An": "30 de julio de 2024", "Mes_Dia_A1": "31 de marzo de 2025", "CATEGORIA": "PERSONA JURIDICA", "NOMBRE_SEC": "COMERCIO AL POR MAYOR Y AL POR MENOR; REPARACI?N DE VEH?CULOS AUTOMOTORES Y MOTOCICLETAS", "CODIGO_CII": "4752", "DESC_CIIU": "COMERCIO AL POR MENOR DE ART?CULOS DE FERRETER?A, PINTURAS Y PROD", "TAMANO957": "MICRO", "CIUDAD": "Cali", "COMUNA": "Comuna 03", "BARRIO": "San Pedro", "DIRECCION_": "-CR 14   10   112", "TIPO_REGIS": "MERCANTIL", "PERSONAL_O": "5.0", "NUMERO_DE_": "5", "NUMERO_DE1": "0", "INGRESOS_A": "13139400.0", "X": "-76.53106809292382", "Y": "3.443404098281763", "Id": 0, "area": 136572.15568900001 }, "geometry": { "type": "Point", "coordinates": [ -76.531068092923817, 3.443404098281763 ] } },
{ "type": "Feature", "properties": { "NUM_INSCRI": "1266289", "Mes_Dia_An": "23 de septiembre de 2025", "Mes_Dia_A1": "23 de septiembre de 2025", "CATEGORIA": "PERSONA NATURAL", "NOMBRE_SEC": "COMERCIO AL POR MAYOR Y AL POR MENOR; REPARACI?N DE VEH?CULOS AUTOMOTORES Y MOTOCICLETAS", "CODIGO_CII": "4752", "DESC_CIIU": "COMERCIO AL POR MENOR DE ART?CULOS DE FERRETER?A, PINTURAS Y PROD", "TAMANO957": "MICRO", "CIUDAD": "Cali", "COMUNA": "Comuna 09", "BARRIO": "Belalcazar", "DIRECCION_": "-CR 10  11   20", "TIPO_REGIS": "MERCANTIL", "PERSONAL_O": "0.0", "NUMERO_DE_": "0", "NUMERO_DE1": "0", "INGRESOS_A": "5000000.0", "X": "-76.53126252002731", "Y": "3.447201405764639", "Id": 0, "area": 136572.15568900001 }, "geometry": { "type": "Point", "coordinates": [ -76.531262520027312, 3.447201405764639 ] } },
{ "type": "Feature", "properties": { "NUM_INSCRI": "513188", "Mes_Dia_An": "20 de septiembre de 2007", "Mes_Dia_A1": "17 de enero de 2025", "CATEGORIA": "PERSONA NATURAL", "NOMBRE_SEC": "COMERCIO AL POR MAYOR Y AL POR MENOR; REPARACI?N DE VEH?CULOS AUTOMOTORES Y MOTOCICLETAS", "CODIGO_CII": "4754", "DESC_CIIU": "COMERCIO AL POR MENOR DE MUEBLES PARA EL HOGAR, EN ESTABLECIMIENT", "TAMANO957": "MICRO", "CIUDAD": "Cali", "COMUNA": "Comuna 03", "BARRIO": "El Calvario", "DIRECCION_": "-KR 10 # 11 - 64", "TIPO_REGIS": "MERCANTIL", "PERSONAL_O": "2.0", "NUMERO_DE_": "1", "NUMERO_DE1": "1", "INGRESOS_A": "110000000.0", "X": "-76.53088454954764", "Y": "3.447318069379407", "Id": 0, "area": 136572.15568900001 }, "geometry": { "type": "Point", "coordinates": [ -76.530884549547636, 3.447318069379407 ] } },
{ "type": "Feature", "properties": { "NUM_INSCRI": "619313", "Mes_Dia_An": "9 de octubre de 2003", "Mes_Dia_A1": "9 de enero de 2025", "CATEGORIA": "PERSONA NATURAL", "NOMBRE_SEC": "COMERCIO AL POR MAYOR Y AL POR MENOR; REPARACI?N DE VEH?CULOS AUTOMOTORES Y MOTOCICLETAS", "CODIGO_CII": "4754", "DESC_CIIU": "COMERCIO AL POR MENOR DE ELECTRODOM?STICOS Y GASODOMESTICOS DE US", "TAMANO957": "MICRO", "CIUDAD": "Cali", "COMUNA": "Comuna 03", "BARRIO": "San Pascual", "DIRECCION_": "-CRA 10 NRO. 10 - 64", "TIPO_REGIS": "MERCANTIL", "PERSONAL_O": "1.0", "NUMERO_DE_": "1", "NUMERO_DE1": "0", "INGRESOS_A": "0.0", "X": "-76.5319689647886", "Y": "3.446998826125227", "Id": 0, "area": 136572.15568900001 }, "geometry": { "type": "Point", "coordinates": [ -76.531968964788604, 3.446998826125227 ] } },
{ "type": "Feature", "properties": { "NUM_INSCRI": "920698", "Mes_Dia_An": "24 de febrero de 2015", "Mes_Dia_A1": "31 de marzo de 2025", "CATEGORIA": "PERSONA NATURAL", "NOMBRE_SEC": "COMERCIO AL POR MAYOR Y AL POR MENOR; REPARACI?N DE VEH?CULOS AUTOMOTORES Y MOTOCICLETAS", "CODIGO_CII": "4754", "DESC_CIIU": "COMERCIO AL POR MENOR DE ELECTRODOM?STICOS Y GASODOM?STICOS, MUEB", "TAMANO957": "MICRO", "CIUDAD": "Cali", "COMUNA": "Comuna 03", "BARRIO": "San Juan Bosco", "DIRECCION_": "-KR 14 # 10 - 61 LC 2 BRR SAN JUAN BOSCO", "TIPO_REGIS": "MERCANTIL", "PERSONAL_O": "1.0", "NUMERO_DE_": "1", "NUMERO_DE1": "0", "INGRESOS_A": "0.0", "X": "-76.53151986009162", "Y": "3.443643742399496", "Id": 0, "area": 136572.15568900001 }, "geometry": { "type": "Point", "coordinates": [ -76.53151986009162, 3.443643742399496 ] } },
{ "type": "Feature", "properties": { "NUM_INSCRI": "1117925", "Mes_Dia_An": "19 de mayo de 2021", "Mes_Dia_A1": "21 de febrero de 2024", "CATEGORIA": "PERSONA NATURAL", "NOMBRE_SEC": "COMERCIO AL POR MAYOR Y AL POR MENOR; REPARACI?N DE VEH?CULOS AUTOMOTORES Y MOTOCICLETAS", "CODIGO_CII": "4754", "DESC_CIIU": "COMERCIO AL POR MENOR DE ELECTRODOM?STICOS Y GASODOM?STICOS, MUEB", "TAMANO957": "MICRO", "CIUDAD": "Cali", "COMUNA": "Comuna 03", "BARRIO": "Santa Rosa", "DIRECCION_": "-CL 11 # 11 - 66", "TIPO_REGIS": "MERCANTIL", "PERSONAL_O": "1.0", "NUMERO_DE_": "0", "NUMERO_DE1": "1", "INGRESOS_A": null, "X": "-76.53119410924022", "Y": "3.445768937292759", "Id": 0, "area": 136572.15568900001 }, "geometry": { "type": "Point", "coordinates": [ -76.531194109240218, 3.445768937292759 ] } },
{ "type": "Feature", "properties": { "NUM_INSCRI": "1148175", "Mes_Dia_An": "31 de marzo de 2022", "Mes_Dia_A1": "24 de enero de 2025", "CATEGORIA": "PERSONA NATURAL", "NOMBRE_SEC": "COMERCIO AL POR MAYOR Y AL POR MENOR; REPARACI?N DE VEH?CULOS AUTOMOTORES Y MOTOCICLETAS", "CODIGO_CII": "4754", "DESC_CIIU": "COMERCIO AL POR MENOR DE ELECTRODOM?STICOS Y GASODOM?STICOS, MUEB", "TAMANO957": "MICRO", "CIUDAD": "Cali", "COMUNA": "Comuna 03", "BARRIO": "Santa Rosa", "DIRECCION_": "-KR 10 # 10 - 76", "TIPO_REGIS": "MERCANTIL", "PERSONAL_O": "1.0", "NUMERO_DE_": "0", "NUMERO_DE1": "1", "INGRESOS_A": "75000000.0", "X": "-76.53186457295843", "Y": "3.447027766147305", "Id": 0, "area": 136572.15568900001 }, "geometry": { "type": "Point", "coordinates": [ -76.531864572958426, 3.447027766147305 ] } },
{ "type": "Feature", "properties": { "NUM_INSCRI": "1172630", "Mes_Dia_An": "16 de diciembre de 2022", "Mes_Dia_A1": "1 de abril de 2024", "CATEGORIA": "PERSONA JURIDICA", "NOMBRE_SEC": "COMERCIO AL POR MAYOR Y AL POR MENOR; REPARACI?N DE VEH?CULOS AUTOMOTORES Y MOTOCICLETAS", "CODIGO_CII": "4754", "DESC_CIIU": "COMERCIO AL POR MENOR DE ELECTRODOM?STICOS Y GASODOM?STICOS, MUEB", "TAMANO957": "MICRO", "CIUDAD": "Cali", "COMUNA": "Comuna 03", "BARRIO": "Santa Rosa", "DIRECCION_": "-CL 11 # 12 - 33", "TIPO_REGIS": "MERCANTIL", "PERSONAL_O": "1.0", "NUMERO_DE_": "1", "NUMERO_DE1": "0", "INGRESOS_A": null, "X": "-76.53072253872327", "Y": "3.445157610876326", "Id": 0, "area": 136572.15568900001 }, "geometry": { "type": "Point", "coordinates": [ -76.530722538723268, 3.445157610876326 ] } },
{ "type": "Feature", "properties": { "NUM_INSCRI": "1182281", "Mes_Dia_An": "24 de marzo de 2023", "Mes_Dia_A1": "23 de enero de 2025", "CATEGORIA": "PERSONA NATURAL", "NOMBRE_SEC": "COMERCIO AL POR MAYOR Y AL POR MENOR; REPARACI?N DE VEH?CULOS AUTOMOTORES Y MOTOCICLETAS", "CODIGO_CII": "4754", "DESC_CIIU": "COMERCIO AL POR MENOR DE ELECTRODOM?STICOS Y GASODOM?STICOS, MUEB", "TAMANO957": "MICRO", "CIUDAD": "Cali", "COMUNA": null, "BARRIO": null, "DIRECCION_": "-CL 11  11   27", "TIPO_REGIS": "MERCANTIL", "PERSONAL_O": "1.0", "NUMERO_DE_": "0", "NUMERO_DE1": "1", "INGRESOS_A": "28000000.0", "X": "-76.53096373160366", "Y": "3.446210256133039", "Id": 0, "area": 136572.15568900001 }, "geometry": { "type": "Point", "coordinates": [ -76.530963731603663, 3.446210256133039 ] } },
{ "type": "Feature", "properties": { "NUM_INSCRI": "1211824", "Mes_Dia_An": "22 de febrero de 2024", "Mes_Dia_A1": "28 de mayo de 2025", "CATEGORIA": "PERSONA NATURAL", "NOMBRE_SEC": "COMERCIO AL POR MAYOR Y AL POR MENOR; REPARACI?N DE VEH?CULOS AUTOMOTORES Y MOTOCICLETAS", "CODIGO_CII": "4754", "DESC_CIIU": "COMERCIO AL POR MENOR DE ELECTRODOM?STICOS Y GASODOM?STICOS, MUEB", "TAMANO957": "MICRO", "CIUDAD": "Cali", "COMUNA": "Comuna 03", "BARRIO": "San Pascual", "DIRECCION_": "-CR 14  13 A 57", "TIPO_REGIS": "MERCANTIL", "PERSONAL_O": "1.0", "NUMERO_DE_": "1", "NUMERO_DE1": "0", "INGRESOS_A": "0.0", "X": "-76.52713630304358", "Y": "3.443485523955705", "Id": 0, "area": 136572.15568900001 }, "geometry": { "type": "Point", "coordinates": [ -76.527136303043577, 3.443485523955705 ] } },
{ "type": "Feature", "properties": { "NUM_INSCRI": "1214293", "Mes_Dia_An": "13 de marzo de 2024", "Mes_Dia_A1": "4 de marzo de 2025", "CATEGORIA": "PERSONA NATURAL", "NOMBRE_SEC": "COMERCIO AL POR MAYOR Y AL POR MENOR; REPARACI?N DE VEH?CULOS AUTOMOTORES Y MOTOCICLETAS", "CODIGO_CII": "4754", "DESC_CIIU": "COMERCIO AL POR MENOR DE ELECTRODOM?STICOS Y GASODOM?STICOS, MUEB", "TAMANO957": "MICRO", "CIUDAD": "Cali", "COMUNA": "Comuna 03", "BARRIO": "Santa Rosa", "DIRECCION_": "-CR 13  13   78", "TIPO_REGIS": "MERCANTIL", "PERSONAL_O": "1.0", "NUMERO_DE_": "1", "NUMERO_DE1": "0", "INGRESOS_A": "5000000.0", "X": "-76.52826572186783", "Y": "3.444436877668351", "Id": 0, "area": 136572.15568900001 }, "geometry": { "type": "Point", "coordinates": [ -76.528265721867825, 3.444436877668351 ] } },
{ "type": "Feature", "properties": { "NUM_INSCRI": "1241008", "Mes_Dia_An": "16 de enero de 2025", "Mes_Dia_A1": "16 de enero de 2025", "CATEGORIA": "PERSONA NATURAL", "NOMBRE_SEC": "COMERCIO AL POR MAYOR Y AL POR MENOR; REPARACI?N DE VEH?CULOS AUTOMOTORES Y MOTOCICLETAS", "CODIGO_CII": "4754", "DESC_CIIU": "COMERCIO AL POR MENOR DE ELECTRODOM?STICOS Y GASODOM?STICOS, MUEB", "TAMANO957": "MICRO", "CIUDAD": "Cali", "COMUNA": "Comuna 03", "BARRIO": "San Pascual", "DIRECCION_": "-CR 13  13   26", "TIPO_REGIS": "MERCANTIL", "PERSONAL_O": "1.0", "NUMERO_DE_": "1", "NUMERO_DE1": "0", "INGRESOS_A": "0.0", "X": "-76.52867788974662", "Y": "3.444423309182887", "Id": 0, "area": 136572.15568900001 }, "geometry": { "type": "Point", "coordinates": [ -76.528677889746618, 3.444423309182887 ] } },
{ "type": "Feature", "properties": { "NUM_INSCRI": "1259695", "Mes_Dia_An": "17 de julio de 2025", "Mes_Dia_A1": "17 de julio de 2025", "CATEGORIA": "PERSONA NATURAL", "NOMBRE_SEC": "COMERCIO AL POR MAYOR Y AL POR MENOR; REPARACI?N DE VEH?CULOS AUTOMOTORES Y MOTOCICLETAS", "CODIGO_CII": "4754", "DESC_CIIU": "COMERCIO AL POR MENOR DE ELECTRODOM?STICOS Y GASODOM?STICOS, MUEB", "TAMANO957": "MICRO", "CIUDAD": "Cali", "COMUNA": "Comuna 03", "BARRIO": "San Pascual", "DIRECCION_": "-CR 14  13 A   26", "TIPO_REGIS": "MERCANTIL", "PERSONAL_O": "0.0", "NUMERO_DE_": "0", "NUMERO_DE1": "0", "INGRESOS_A": "0.0", "X": "-76.52786704406589", "Y": "3.443287468874584", "Id": 0, "area": 136572.15568900001 }, "geometry": { "type": "Point", "coordinates": [ -76.527867044065886, 3.443287468874584 ] } },
{ "type": "Feature", "properties": { "NUM_INSCRI": "1263926", "Mes_Dia_An": "1 de septiembre de 2025", "Mes_Dia_A1": "1 de septiembre de 2025", "CATEGORIA": "PERSONA NATURAL", "NOMBRE_SEC": "COMERCIO AL POR MAYOR Y AL POR MENOR; REPARACI?N DE VEH?CULOS AUTOMOTORES Y MOTOCICLETAS", "CODIGO_CII": "4754", "DESC_CIIU": "COMERCIO AL POR MENOR DE ELECTRODOM?STICOS Y GASODOM?STICOS, MUEB", "TAMANO957": "MICRO", "CIUDAD": "Cali", "COMUNA": "Comuna 03", "BARRIO": "San Pascual", "DIRECCION_": "-CR 14  13 A   49", "TIPO_REGIS": "MERCANTIL", "PERSONAL_O": "0.0", "NUMERO_DE_": "0", "NUMERO_DE1": "0", "INGRESOS_A": "0.0", "X": "-76.52765286220531", "Y": "3.443456581463238", "Id": 0, "area": 136572.15568900001 }, "geometry": { "type": "Point", "coordinates": [ -76.527652862205315, 3.443456581463238 ] } },
{ "type": "Feature", "properties": { "NUM_INSCRI": "555041", "Mes_Dia_An": "1 de marzo de 2001", "Mes_Dia_A1": "22 de noviembre de 2024", "CATEGORIA": "PERSONA NATURAL", "NOMBRE_SEC": "COMERCIO AL POR MAYOR Y AL POR MENOR; REPARACI?N DE VEH?CULOS AUTOMOTORES Y MOTOCICLETAS", "CODIGO_CII": "4755", "DESC_CIIU": "COMERCIO AL POR MENOR DE ART?CULOS Y UTENSILIOS DE USO DOM?STICO", "TAMANO957": "MICRO", "CIUDAD": "Cali", "COMUNA": "Comuna 03", "BARRIO": "San Juan Bosco", "DIRECCION_": "-CL 10 # 13 - 45", "TIPO_REGIS": "MERCANTIL", "PERSONAL_O": "0.0", "NUMERO_DE_": "0", "NUMERO_DE1": "0", "INGRESOS_A": null, "X": "-76.53207692028958", "Y": "3.443970201350862", "Id": 0, "area": 136572.15568900001 }, "geometry": { "type": "Point", "coordinates": [ -76.532076920289583, 3.443970201350862 ] } },
{ "type": "Feature", "properties": { "NUM_INSCRI": "609140", "Mes_Dia_An": "2 de diciembre de 2009", "Mes_Dia_A1": "17 de febrero de 2025", "CATEGORIA": "PERSONA NATURAL", "NOMBRE_SEC": "COMERCIO AL POR MAYOR Y AL POR MENOR; REPARACI?N DE VEH?CULOS AUTOMOTORES Y MOTOCICLETAS", "CODIGO_CII": "4759", "DESC_CIIU": "COMERCIO AL POR MENOR DE OTROS ART?CULOS DOM?STICOS EN ESTABLECIM", "TAMANO957": "MICRO", "CIUDAD": "Cali", "COMUNA": "Comuna 03", "BARRIO": "Santa Rosa", "DIRECCION_": "-KR 10 # 10 - 14", "TIPO_REGIS": "MERCANTIL", "PERSONAL_O": "1.0", "NUMERO_DE_": "1", "NUMERO_DE1": "0", "INGRESOS_A": "0.0", "X": "-76.53240273077319", "Y": "3.446878544036765", "Id": 0, "area": 136572.15568900001 }, "geometry": { "type": "Point", "coordinates": [ -76.532402730773185, 3.446878544036765 ] } },
{ "type": "Feature", "properties": { "NUM_INSCRI": "610346", "Mes_Dia_An": "30 de mayo de 2003", "Mes_Dia_A1": "20 de marzo de 2025", "CATEGORIA": "PERSONA NATURAL", "NOMBRE_SEC": "COMERCIO AL POR MAYOR Y AL POR MENOR; REPARACI?N DE VEH?CULOS AUTOMOTORES Y MOTOCICLETAS", "CODIGO_CII": "4759", "DESC_CIIU": "COMERCIO AL POR MENOR DE OTROS ART?CULOS DOM?STICOS EN ESTABLECIM", "TAMANO957": "MICRO", "CIUDAD": "Cali", "COMUNA": "Comuna 03", "BARRIO": "Santa Rosa", "DIRECCION_": "-KR 10 # 10 - 76 LC 2", "TIPO_REGIS": "MERCANTIL", "PERSONAL_O": "1.0", "NUMERO_DE_": "1", "NUMERO_DE1": "0", "INGRESOS_A": "0.0", "X": "-76.53186457295843", "Y": "3.447027766147305", "Id": 0, "area": 136572.15568900001 }, "geometry": { "type": "Point", "coordinates": [ -76.531864572958426, 3.447027766147305 ] } },
{ "type": "Feature", "properties": { "NUM_INSCRI": "642351", "Mes_Dia_An": "11 de julio de 2005", "Mes_Dia_A1": "26 de mayo de 2025", "CATEGORIA": "PERSONA NATURAL", "NOMBRE_SEC": "COMERCIO AL POR MAYOR Y AL POR MENOR; REPARACI?N DE VEH?CULOS AUTOMOTORES Y MOTOCICLETAS", "CODIGO_CII": "4759", "DESC_CIIU": "COMERCIO AL POR MENOR DE OTROS ART?CULOS DOM?STICOS EN ESTABLECIM", "TAMANO957": "MICRO", "CIUDAD": "Cali", "COMUNA": "Comuna 03", "BARRIO": "Santa Rosa", "DIRECCION_": "-CL. 10 # 10 - 43", "TIPO_REGIS": "MERCANTIL", "PERSONAL_O": "1.0", "NUMERO_DE_": "1", "NUMERO_DE1": "0", "INGRESOS_A": "18000000.0", "X": "-76.53244412424154", "Y": "3.446602720845821", "Id": 0, "area": 136572.15568900001 }, "geometry": { "type": "Point", "coordinates": [ -76.532444124241536, 3.446602720845821 ] } },
{ "type": "Feature", "properties": { "NUM_INSCRI": "1100866", "Mes_Dia_An": "12 de noviembre de 2020", "Mes_Dia_A1": "15 de julio de 2025", "CATEGORIA": "PERSONA NATURAL", "NOMBRE_SEC": "COMERCIO AL POR MAYOR Y AL POR MENOR; REPARACI?N DE VEH?CULOS AUTOMOTORES Y MOTOCICLETAS", "CODIGO_CII": "4759", "DESC_CIIU": "COMERCIO AL POR MENOR DE OTROS ART?CULOS DOM?STICOS EN ESTABLECIM", "TAMANO957": "MICRO", "CIUDAD": "Cali", "COMUNA": "Comuna 03", "BARRIO": "San Pascual", "DIRECCION_": "-CRA 14 # 13 A 74", "TIPO_REGIS": "MERCANTIL", "PERSONAL_O": "0.0", "NUMERO_DE_": "0", "NUMERO_DE1": "0", "INGRESOS_A": "0.0", "X": "-76.5274350779842", "Y": "3.443267576692405", "Id": 0, "area": 136572.15568900001 }, "geometry": { "type": "Point", "coordinates": [ -76.527435077984194, 3.443267576692405 ] } },
{ "type": "Feature", "properties": { "NUM_INSCRI": "711833", "Mes_Dia_An": "8 de mayo de 2007", "Mes_Dia_A1": "17 de marzo de 2025", "CATEGORIA": "PERSONA NATURAL", "NOMBRE_SEC": "COMERCIO AL POR MAYOR Y AL POR MENOR; REPARACI?N DE VEH?CULOS AUTOMOTORES Y MOTOCICLETAS", "CODIGO_CII": "4761", "DESC_CIIU": "COMERCIO AL POR MENOR DE LIBROS, PERIODICOS, MATERIALES Y ARTICUL", "TAMANO957": "MICRO", "CIUDAD": "Cali", "COMUNA": "Comuna 03", "BARRIO": "San Juan Bosco", "DIRECCION_": "-KR 10 # 10 - 18 LC 103", "TIPO_REGIS": "MERCANTIL", "PERSONAL_O": "0.0", "NUMERO_DE_": "0", "NUMERO_DE1": "0", "INGRESOS_A": "0.0", "X": "-76.53231903548347", "Y": "3.446750129276212", "Id": 0, "area": 136572.15568900001 }, "geometry": { "type": "Point", "coordinates": [ -76.532319035483468, 3.446750129276212 ] } },
{ "type": "Feature", "properties": { "NUM_INSCRI": "773431", "Mes_Dia_An": "4 de septiembre de 2009", "Mes_Dia_A1": "5 de noviembre de 2024", "CATEGORIA": "PERSONA NATURAL", "NOMBRE_SEC": "COMERCIO AL POR MAYOR Y AL POR MENOR; REPARACI?N DE VEH?CULOS AUTOMOTORES Y MOTOCICLETAS", "CODIGO_CII": "4761", "DESC_CIIU": "COMERCIO AL POR MENOR DE LIBROS, PERI?DICOS, MATERIALES Y ART?CUL", "TAMANO957": "MICRO", "CIUDAD": "Cali", "COMUNA": "Comuna 03", "BARRIO": "San Pascual", "DIRECCION_": "-CL 14 # 13 A - 33", "TIPO_REGIS": "MERCANTIL", "PERSONAL_O": "1.0", "NUMERO_DE_": "1", "NUMERO_DE1": "0", "INGRESOS_A": null, "X": "-76.52677363287185", "Y": "3.44368719348378", "Id": 0, "area": 136572.15568900001 }, "geometry": { "type": "Point", "coordinates": [ -76.526773632871851, 3.44368719348378 ] } },
{ "type": "Feature", "properties": { "NUM_INSCRI": "1052522", "Mes_Dia_An": "27 de mayo de 2019", "Mes_Dia_A1": "26 de marzo de 2025", "CATEGORIA": "PERSONA JURIDICA", "NOMBRE_SEC": "COMERCIO AL POR MAYOR Y AL POR MENOR; REPARACI?N DE VEH?CULOS AUTOMOTORES Y MOTOCICLETAS", "CODIGO_CII": "4761", "DESC_CIIU": "COMERCIO AL POR MENOR DE LIBROS, PERI?DICOS, MATERIALES Y ART?CUL", "TAMANO957": "MICRO", "CIUDAD": "Cali", "COMUNA": "Comuna 03", "BARRIO": "San Juan Bosco", "DIRECCION_": "-KR 14 # 10 - 74", "TIPO_REGIS": "MERCANTIL", "PERSONAL_O": "1.0", "NUMERO_DE_": "0", "NUMERO_DE1": "1", "INGRESOS_A": "275505199.0", "X": "-76.53140016551909", "Y": "3.443292861134426", "Id": 0, "area": 136572.15568900001 }, "geometry": { "type": "Point", "coordinates": [ -76.531400165519088, 3.443292861134426 ] } },
{ "type": "Feature", "properties": { "NUM_INSCRI": "1085500", "Mes_Dia_An": "26 de junio de 2020", "Mes_Dia_A1": "2 de octubre de 2024", "CATEGORIA": "PERSONA NATURAL", "NOMBRE_SEC": "COMERCIO AL POR MAYOR Y AL POR MENOR; REPARACI?N DE VEH?CULOS AUTOMOTORES Y MOTOCICLETAS", "CODIGO_CII": "4771", "DESC_CIIU": "COMERCIO AL POR MENOR DE PRENDAS DE VESTIR Y SUS ACCESORIOS (INCL", "TAMANO957": "MICRO", "CIUDAD": "Cali", "COMUNA": "Comuna 03", "BARRIO": "Santa Rosa", "DIRECCION_": "-KR 11 # 10 - 48", "TIPO_REGIS": "MERCANTIL", "PERSONAL_O": "0.0", "NUMERO_DE_": "0", "NUMERO_DE1": "0", "INGRESOS_A": null, "X": "-76.53196805321417", "Y": "3.446021238228941", "Id": 0, "area": 136572.15568900001 }, "geometry": { "type": "Point", "coordinates": [ -76.531968053214172, 3.446021238228941 ] } },
{ "type": "Feature", "properties": { "NUM_INSCRI": "1180658", "Mes_Dia_An": "8 de marzo de 2023", "Mes_Dia_A1": "21 de enero de 2025", "CATEGORIA": "PERSONA NATURAL", "NOMBRE_SEC": "COMERCIO AL POR MAYOR Y AL POR MENOR; REPARACI?N DE VEH?CULOS AUTOMOTORES Y MOTOCICLETAS", "CODIGO_CII": "4771", "DESC_CIIU": "COMERCIO AL POR MENOR DE PRENDAS DE VESTIR Y SUS ACCESORIOS (INCL", "TAMANO957": "MICRO", "CIUDAD": "Cali", "COMUNA": "Comuna 03", "BARRIO": "Santa Rosa", "DIRECCION_": "-CR 11  10   54", "TIPO_REGIS": "MERCANTIL", "PERSONAL_O": "0.0", "NUMERO_DE_": "0", "NUMERO_DE1": "0", "INGRESOS_A": "0.0", "X": "-76.53190325674738", "Y": "3.445903675241328", "Id": 0, "area": 136572.15568900001 }, "geometry": { "type": "Point", "coordinates": [ -76.531903256747384, 3.445903675241328 ] } },
{ "type": "Feature", "properties": { "NUM_INSCRI": "1231047", "Mes_Dia_An": "3 de septiembre de 2024", "Mes_Dia_A1": "27 de marzo de 2025", "CATEGORIA": "PERSONA NATURAL", "NOMBRE_SEC": "COMERCIO AL POR MAYOR Y AL POR MENOR; REPARACI?N DE VEH?CULOS AUTOMOTORES Y MOTOCICLETAS", "CODIGO_CII": "4771", "DESC_CIIU": "COMERCIO AL POR MENOR DE PRENDAS DE VESTIR Y SUS ACCESORIOS (INCL", "TAMANO957": "MICRO", "CIUDAD": "Cali", "COMUNA": "Comuna 03", "BARRIO": "San Juan Bosco", "DIRECCION_": "-CL 10  12   63 AP 403 B", "TIPO_REGIS": "MERCANTIL", "PERSONAL_O": "0.0", "NUMERO_DE_": "0", "NUMERO_DE1": "0", "INGRESOS_A": "3000000.0", "X": "-76.53216422244475", "Y": "3.444711756365403", "Id": 0, "area": 136572.15568900001 }, "geometry": { "type": "Point", "coordinates": [ -76.532164222444749, 3.444711756365403 ] } },
{ "type": "Feature", "properties": { "NUM_INSCRI": "1240780", "Mes_Dia_An": "15 de enero de 2025", "Mes_Dia_A1": "15 de enero de 2025", "CATEGORIA": "PERSONA NATURAL", "NOMBRE_SEC": "COMERCIO AL POR MAYOR Y AL POR MENOR; REPARACI?N DE VEH?CULOS AUTOMOTORES Y MOTOCICLETAS", "CODIGO_CII": "4771", "DESC_CIIU": "COMERCIO AL POR MENOR DE PRENDAS DE VESTIR Y SUS ACCESORIOS (INCL", "TAMANO957": "MICRO", "CIUDAD": "Cali", "COMUNA": "Comuna 03", "BARRIO": "San Pedro", "DIRECCION_": "-CR 11  10   48", "TIPO_REGIS": "MERCANTIL", "PERSONAL_O": "0.0", "NUMERO_DE_": "0", "NUMERO_DE1": "0", "INGRESOS_A": "0.0", "X": "-76.53196805321417", "Y": "3.446021238228941", "Id": 0, "area": 136572.15568900001 }, "geometry": { "type": "Point", "coordinates": [ -76.531968053214172, 3.446021238228941 ] } },
{ "type": "Feature", "properties": { "NUM_INSCRI": "1258129", "Mes_Dia_An": "2 de julio de 2025", "Mes_Dia_A1": "2 de julio de 2025", "CATEGORIA": "PERSONA NATURAL", "NOMBRE_SEC": "COMERCIO AL POR MAYOR Y AL POR MENOR; REPARACI?N DE VEH?CULOS AUTOMOTORES Y MOTOCICLETAS", "CODIGO_CII": "4772", "DESC_CIIU": "COMERCIO AL POR MENOR DE TODO TIPO DE CALZADO Y ART?CULOS DE CUER", "TAMANO957": "MICRO", "CIUDAD": "Cali", "COMUNA": "Comuna 03", "BARRIO": "Los Libertadores", "DIRECCION_": "-CR 11  12   60", "TIPO_REGIS": "MERCANTIL", "PERSONAL_O": "0.0", "NUMERO_DE_": "0", "NUMERO_DE1": "0", "INGRESOS_A": "0.0", "X": "-76.52990811569592", "Y": "3.446627166315599", "Id": 0, "area": 136572.15568900001 }, "geometry": { "type": "Point", "coordinates": [ -76.529908115695918, 3.446627166315599 ] } },
{ "type": "Feature", "properties": { "NUM_INSCRI": "920287", "Mes_Dia_An": "18 de febrero de 2015", "Mes_Dia_A1": "21 de marzo de 2025", "CATEGORIA": "PERSONA NATURAL", "NOMBRE_SEC": "COMERCIO AL POR MAYOR Y AL POR MENOR; REPARACI?N DE VEH?CULOS AUTOMOTORES Y MOTOCICLETAS", "CODIGO_CII": "4773", "DESC_CIIU": "COMERCIO AL POR MENOR DE PRODUCTOS FARMAC?UTICOS Y MEDICINALES, C", "TAMANO957": "MICRO", "CIUDAD": "Cali", "COMUNA": "Comuna 03", "BARRIO": "San Pascual", "DIRECCION_": "-CL 15  14   06 LC 01", "TIPO_REGIS": "MERCANTIL", "PERSONAL_O": "1.0", "NUMERO_DE_": "0", "NUMERO_DE1": "1", "INGRESOS_A": "72057000.0", "X": "-76.5262435715511", "Y": "3.443198854980164", "Id": 0, "area": 136572.15568900001 }, "geometry": { "type": "Point", "coordinates": [ -76.526243571551106, 3.443198854980164 ] } },
{ "type": "Feature", "properties": { "NUM_INSCRI": "1025020", "Mes_Dia_An": "6 de agosto de 2018", "Mes_Dia_A1": "20 de marzo de 2025", "CATEGORIA": "PERSONA NATURAL", "NOMBRE_SEC": "COMERCIO AL POR MAYOR Y AL POR MENOR; REPARACI?N DE VEH?CULOS AUTOMOTORES Y MOTOCICLETAS", "CODIGO_CII": "4773", "DESC_CIIU": "COMERCIO AL POR MENOR DE PRODUCTOS FARMAC?UTICOS Y MEDICINALES, C", "TAMANO957": "MICRO", "CIUDAD": "Cali", "COMUNA": "Comuna 03", "BARRIO": "El Calvario", "DIRECCION_": "-KR 12 # 13 - 73 EDIFICIO PARAISO CENTRAL APTO 217", "TIPO_REGIS": "MERCANTIL", "PERSONAL_O": "0.0", "NUMERO_DE_": "0", "NUMERO_DE1": "0", "INGRESOS_A": "0.0", "X": "-76.52863380485014", "Y": "3.44580965768147", "Id": 0, "area": 136572.15568900001 }, "geometry": { "type": "Point", "coordinates": [ -76.528633804850145, 3.44580965768147 ] } },
{ "type": "Feature", "properties": { "NUM_INSCRI": "1167284", "Mes_Dia_An": "6 de octubre de 2022", "Mes_Dia_A1": "19 de mayo de 2025", "CATEGORIA": "PERSONA NATURAL", "NOMBRE_SEC": "COMERCIO AL POR MAYOR Y AL POR MENOR; REPARACI?N DE VEH?CULOS AUTOMOTORES Y MOTOCICLETAS", "CODIGO_CII": "4773", "DESC_CIIU": "COMERCIO AL POR MENOR DE PRODUCTOS FARMAC?UTICOS Y MEDICINALES, C", "TAMANO957": "MICRO", "CIUDAD": "Cali", "COMUNA": "Comuna 09", "BARRIO": "Sucre", "DIRECCION_": "-CL 13  13   90", "TIPO_REGIS": "MERCANTIL", "PERSONAL_O": "0.0", "NUMERO_DE_": "0", "NUMERO_DE1": "0", "INGRESOS_A": "0.0", "X": "-76.52904685441248", "Y": "3.443669089152925", "Id": 0, "area": 136572.15568900001 }, "geometry": { "type": "Point", "coordinates": [ -76.529046854412485, 3.443669089152925 ] } },
{ "type": "Feature", "properties": { "NUM_INSCRI": "1230872", "Mes_Dia_An": "2 de septiembre de 2024", "Mes_Dia_A1": "5 de marzo de 2025", "CATEGORIA": "PERSONA NATURAL", "NOMBRE_SEC": "COMERCIO AL POR MAYOR Y AL POR MENOR; REPARACI?N DE VEH?CULOS AUTOMOTORES Y MOTOCICLETAS", "CODIGO_CII": "4773", "DESC_CIIU": "COMERCIO AL POR MENOR DE PRODUCTOS FARMAC?UTICOS Y MEDICINALES, C", "TAMANO957": "MICRO", "CIUDAD": "Cali", "COMUNA": "Comuna 03", "BARRIO": "San Pascual", "DIRECCION_": "-CRA 13 A # 14 - 22", "TIPO_REGIS": "MERCANTIL", "PERSONAL_O": "0.0", "NUMERO_DE_": "0", "NUMERO_DE1": "0", "INGRESOS_A": "0.0", "X": "-76.52674123674784", "Y": "3.443894286800385", "Id": 0, "area": 136572.15568900001 }, "geometry": { "type": "Point", "coordinates": [ -76.526741236747839, 3.443894286800385 ] } },
{ "type": "Feature", "properties": { "NUM_INSCRI": "728667", "Mes_Dia_An": "15 de enero de 2008", "Mes_Dia_A1": "19 de marzo de 2025", "CATEGORIA": "PERSONA NATURAL", "NOMBRE_SEC": "COMERCIO AL POR MAYOR Y AL POR MENOR; REPARACI?N DE VEH?CULOS AUTOMOTORES Y MOTOCICLETAS", "CODIGO_CII": "4774", "DESC_CIIU": "COMERCIO AL POR MENOR DE OTROS PRODUCTOS NUEVOS EN ESTABLECIMIENT", "TAMANO957": "MICRO", "CIUDAD": "Cali", "COMUNA": "Comuna 03", "BARRIO": "Santa Rosa", "DIRECCION_": "-KR 10 # 10 - 76 LC 1", "TIPO_REGIS": "MERCANTIL", "PERSONAL_O": "2.0", "NUMERO_DE_": "1", "NUMERO_DE1": "1", "INGRESOS_A": "0.0", "X": "-76.53186457295843", "Y": "3.447027766147305", "Id": 0, "area": 136572.15568900001 }, "geometry": { "type": "Point", "coordinates": [ -76.531864572958426, 3.447027766147305 ] } },
{ "type": "Feature", "properties": { "NUM_INSCRI": "1153014", "Mes_Dia_An": "19 de mayo de 2022", "Mes_Dia_A1": "4 de febrero de 2025", "CATEGORIA": "PERSONA NATURAL", "NOMBRE_SEC": "COMERCIO AL POR MAYOR Y AL POR MENOR; REPARACI?N DE VEH?CULOS AUTOMOTORES Y MOTOCICLETAS", "CODIGO_CII": "4774", "DESC_CIIU": "COMERCIO AL POR MENOR DE OTROS PRODUCTOS NUEVOS EN ESTABLECIMIENT", "TAMANO957": "MICRO", "CIUDAD": "Cali", "COMUNA": "Comuna 03", "BARRIO": "Santa Rosa", "DIRECCION_": "-CL 11  10   70", "TIPO_REGIS": "MERCANTIL", "PERSONAL_O": "0.0", "NUMERO_DE_": "0", "NUMERO_DE1": "0", "INGRESOS_A": "0.0", "X": "-76.53144250041422", "Y": "3.44665970607345", "Id": 0, "area": 136572.15568900001 }, "geometry": { "type": "Point", "coordinates": [ -76.531442500414215, 3.44665970607345 ] } },
{ "type": "Feature", "properties": { "NUM_INSCRI": "1203491", "Mes_Dia_An": "9 de noviembre de 2023", "Mes_Dia_A1": "8 de abril de 2024", "CATEGORIA": "PERSONA NATURAL", "NOMBRE_SEC": "COMERCIO AL POR MAYOR Y AL POR MENOR; REPARACI?N DE VEH?CULOS AUTOMOTORES Y MOTOCICLETAS", "CODIGO_CII": "4774", "DESC_CIIU": "COMERCIO AL POR MENOR DE OTROS PRODUCTOS NUEVOS EN ESTABLECIMIENT", "TAMANO957": "MICRO", "CIUDAD": "Cali", "COMUNA": "Comuna 03", "BARRIO": "San Pedro", "DIRECCION_": "-CL 11 # 13 - 33", "TIPO_REGIS": "MERCANTIL", "PERSONAL_O": "0.0", "NUMERO_DE_": "0", "NUMERO_DE1": "0", "INGRESOS_A": null, "X": "-76.53049394476541", "Y": "3.444044374843442", "Id": 0, "area": 136572.15568900001 }, "geometry": { "type": "Point", "coordinates": [ -76.530493944765411, 3.444044374843442 ] } },
{ "type": "Feature", "properties": { "NUM_INSCRI": "666929", "Mes_Dia_An": "18 de agosto de 2005", "Mes_Dia_A1": "12 de febrero de 2025", "CATEGORIA": "PERSONA NATURAL", "NOMBRE_SEC": "COMERCIO AL POR MAYOR Y AL POR MENOR; REPARACI?N DE VEH?CULOS AUTOMOTORES Y MOTOCICLETAS", "CODIGO_CII": "4775", "DESC_CIIU": "COMERCIO AL POR MENOR DE ART?CULOS DE SEGUNDA MANO", "TAMANO957": "MICRO", "CIUDAD": "Cali", "COMUNA": "Comuna 03", "BARRIO": "San Juan Bosco", "DIRECCION_": "-CL 11 # 12 - 48", "TIPO_REGIS": "MERCANTIL", "PERSONAL_O": "0.0", "NUMERO_DE_": "0", "NUMERO_DE1": "0", "INGRESOS_A": "0.0", "X": "-76.53097091761671", "Y": "3.444973123503449", "Id": 0, "area": 136572.15568900001 }, "geometry": { "type": "Point", "coordinates": [ -76.530970917616713, 3.444973123503449 ] } },
{ "type": "Feature", "properties": { "NUM_INSCRI": "1228781", "Mes_Dia_An": "12 de agosto de 2024", "Mes_Dia_A1": "12 de marzo de 2025", "CATEGORIA": "PERSONA NATURAL", "NOMBRE_SEC": "COMERCIO AL POR MAYOR Y AL POR MENOR; REPARACI?N DE VEH?CULOS AUTOMOTORES Y MOTOCICLETAS", "CODIGO_CII": "4775", "DESC_CIIU": "COMERCIO AL POR MENOR DE ART?CULOS DE SEGUNDA MANO", "TAMANO957": "MICRO", "CIUDAD": "Cali", "COMUNA": "Comuna 03", "BARRIO": "Santa Rosa", "DIRECCION_": "-CR 10  13 A 26 LC 56", "TIPO_REGIS": "MERCANTIL", "PERSONAL_O": "0.0", "NUMERO_DE_": "0", "NUMERO_DE1": "0", "INGRESOS_A": "0.0", "X": "-76.52861492206877", "Y": "3.447686156378058", "Id": 0, "area": 136572.15568900001 }, "geometry": { "type": "Point", "coordinates": [ -76.528614922068769, 3.447686156378058 ] } },
{ "type": "Feature", "properties": { "NUM_INSCRI": "1003827", "Mes_Dia_An": "11 de enero de 2018", "Mes_Dia_A1": "1 de abril de 2025", "CATEGORIA": "PERSONA JURIDICA", "NOMBRE_SEC": "COMERCIO AL POR MAYOR Y AL POR MENOR; REPARACI?N DE VEH?CULOS AUTOMOTORES Y MOTOCICLETAS", "CODIGO_CII": "4791", "DESC_CIIU": "COMERCIO AL POR MENOR REALIZADO A TRAV?S DE INTERNET", "TAMANO957": "MICRO", "CIUDAD": "Cali", "COMUNA": "Comuna 17", "BARRIO": "El Limonar", "DIRECCION_": "-CL 13 # 11 - 39", "TIPO_REGIS": "MERCANTIL", "PERSONAL_O": "0.0", "NUMERO_DE_": "0", "NUMERO_DE1": "0", "INGRESOS_A": "4543000.0", "X": "-76.52943654938603", "Y": "3.446427312446398", "Id": 0, "area": 136572.15568900001 }, "geometry": { "type": "Point", "coordinates": [ -76.529436549386034, 3.446427312446398 ] } },
{ "type": "Feature", "properties": { "NUM_INSCRI": "1014210", "Mes_Dia_An": "16 de abril de 2018", "Mes_Dia_A1": "25 de marzo de 2025", "CATEGORIA": "PERSONA NATURAL", "NOMBRE_SEC": "COMERCIO AL POR MAYOR Y AL POR MENOR; REPARACI?N DE VEH?CULOS AUTOMOTORES Y MOTOCICLETAS", "CODIGO_CII": "4791", "DESC_CIIU": "COMERCIO AL POR MENOR REALIZADO A TRAV?S DE INTERNET", "TAMANO957": "MICRO", "CIUDAD": "Cali", "COMUNA": "Comuna 03", "BARRIO": "San Pascual", "DIRECCION_": "-CL 15 # 12 A - 38", "TIPO_REGIS": "MERCANTIL", "PERSONAL_O": "2.0", "NUMERO_DE_": "2", "NUMERO_DE1": "0", "INGRESOS_A": "0.0", "X": "-76.52682583714115", "Y": "3.444966829562012", "Id": 0, "area": 136572.15568900001 }, "geometry": { "type": "Point", "coordinates": [ -76.526825837141146, 3.444966829562012 ] } },
{ "type": "Feature", "properties": { "NUM_INSCRI": "1082380", "Mes_Dia_An": "12 de mayo de 2020", "Mes_Dia_A1": "31 de diciembre de 2024", "CATEGORIA": "PERSONA NATURAL", "NOMBRE_SEC": "COMERCIO AL POR MAYOR Y AL POR MENOR; REPARACI?N DE VEH?CULOS AUTOMOTORES Y MOTOCICLETAS", "CODIGO_CII": "4791", "DESC_CIIU": "COMERCIO AL POR MENOR REALIZADO A TRAV?S DE INTERNET", "TAMANO957": "MICRO", "CIUDAD": "Cali", "COMUNA": "Comuna 02", "BARRIO": "Versalles", "DIRECCION_": "-CL 10  14   43", "TIPO_REGIS": "MERCANTIL", "PERSONAL_O": "2.0", "NUMERO_DE_": "1", "NUMERO_DE1": "1", "INGRESOS_A": null, "X": "-76.53198871697352", "Y": "3.443113795565862", "Id": 0, "area": 136572.15568900001 }, "geometry": { "type": "Point", "coordinates": [ -76.531988716973515, 3.443113795565862 ] } },
{ "type": "Feature", "properties": { "NUM_INSCRI": "1146379", "Mes_Dia_An": "17 de marzo de 2022", "Mes_Dia_A1": "31 de marzo de 2025", "CATEGORIA": "PERSONA NATURAL", "NOMBRE_SEC": "COMERCIO AL POR MAYOR Y AL POR MENOR; REPARACI?N DE VEH?CULOS AUTOMOTORES Y MOTOCICLETAS", "CODIGO_CII": "4791", "DESC_CIIU": "COMERCIO AL POR MENOR REALIZADO A TRAV?S DE INTERNET", "TAMANO957": "MICRO", "CIUDAD": "Cali", "COMUNA": "Comuna 03", "BARRIO": "San Pascual", "DIRECCION_": "-CL 12 # 13 - 81", "TIPO_REGIS": "MERCANTIL", "PERSONAL_O": "0.0", "NUMERO_DE_": "0", "NUMERO_DE1": "0", "INGRESOS_A": "0.0", "X": "-76.52976229881025", "Y": "3.443724247027093", "Id": 0, "area": 136572.15568900001 }, "geometry": { "type": "Point", "coordinates": [ -76.529762298810255, 3.443724247027093 ] } },
{ "type": "Feature", "properties": { "NUM_INSCRI": "1264152", "Mes_Dia_An": "2 de septiembre de 2025", "Mes_Dia_A1": "2 de septiembre de 2025", "CATEGORIA": "PERSONA NATURAL", "NOMBRE_SEC": "COMERCIO AL POR MAYOR Y AL POR MENOR; REPARACI?N DE VEH?CULOS AUTOMOTORES Y MOTOCICLETAS", "CODIGO_CII": "4791", "DESC_CIIU": "COMERCIO AL POR MENOR REALIZADO A TRAV?S DE INTERNET", "TAMANO957": "MICRO", "CIUDAD": "Cali", "COMUNA": "Comuna 03", "BARRIO": "San Pascual", "DIRECCION_": "-CR 13  14   55", "TIPO_REGIS": "MERCANTIL", "PERSONAL_O": "0.0", "NUMERO_DE_": "0", "NUMERO_DE1": "0", "INGRESOS_A": "0.0", "X": "-76.52694282720617", "Y": "3.44482936960683", "Id": 0, "area": 136572.15568900001 }, "geometry": { "type": "Point", "coordinates": [ -76.52694282720617, 3.44482936960683 ] } },
{ "type": "Feature", "properties": { "NUM_INSCRI": "1226751", "Mes_Dia_An": "19 de julio de 2024", "Mes_Dia_A1": "19 de julio de 2024", "CATEGORIA": "PERSONA NATURAL", "NOMBRE_SEC": "TRANSPORTE Y ALMACENAMIENTO", "CODIGO_CII": "4921", "DESC_CIIU": "TRANSPORTE DE PASAJEROS", "TAMANO957": "MICRO", "CIUDAD": "Cali", "COMUNA": "Comuna 03", "BARRIO": "El Calvario", "DIRECCION_": "-CR 12  13   73 AP 705 UR PARAISO CENTRAL TO 1", "TIPO_REGIS": "MERCANTIL", "PERSONAL_O": "0.0", "NUMERO_DE_": "0", "NUMERO_DE1": "0", "INGRESOS_A": null, "X": "-76.52863380485014", "Y": "3.44580965768147", "Id": 0, "area": 136572.15568900001 }, "geometry": { "type": "Point", "coordinates": [ -76.528633804850145, 3.44580965768147 ] } },
{ "type": "Feature", "properties": { "NUM_INSCRI": "781726", "Mes_Dia_An": "18 de enero de 2010", "Mes_Dia_A1": "20 de marzo de 2025", "CATEGORIA": "PERSONA NATURAL", "NOMBRE_SEC": "TRANSPORTE Y ALMACENAMIENTO", "CODIGO_CII": "4923", "DESC_CIIU": "TRANSPORTE DE CARGA POR CARRETERA", "TAMANO957": "MICRO", "CIUDAD": "Cali", "COMUNA": "Comuna 03", "BARRIO": "San Juan Bosco", "DIRECCION_": "-CL 11 # 12 - 95", "TIPO_REGIS": "MERCANTIL", "PERSONAL_O": "3.0", "NUMERO_DE_": "3", "NUMERO_DE1": "0", "INGRESOS_A": "0.0", "X": "-76.53068383593923", "Y": "3.444612296275455", "Id": 0, "area": 136572.15568900001 }, "geometry": { "type": "Point", "coordinates": [ -76.530683835939229, 3.444612296275455 ] } },
{ "type": "Feature", "properties": { "NUM_INSCRI": "943728", "Mes_Dia_An": "20 de enero de 2016", "Mes_Dia_A1": "12 de junio de 2024", "CATEGORIA": "PERSONA JURIDICA", "NOMBRE_SEC": "TRANSPORTE Y ALMACENAMIENTO", "CODIGO_CII": "4923", "DESC_CIIU": "TRANSPORTE DE CARGA POR CARRETERA", "TAMANO957": "MICRO", "CIUDAD": "Cali", "COMUNA": "Comuna 03", "BARRIO": "San Juan Bosco", "DIRECCION_": "-CL 11 # 12 - 95", "TIPO_REGIS": "MERCANTIL", "PERSONAL_O": "7.0", "NUMERO_DE_": "7", "NUMERO_DE1": "0", "INGRESOS_A": null, "X": "-76.53068383593923", "Y": "3.444612296275455", "Id": 0, "area": 136572.15568900001 }, "geometry": { "type": "Point", "coordinates": [ -76.530683835939229, 3.444612296275455 ] } },
{ "type": "Feature", "properties": { "NUM_INSCRI": "1212291", "Mes_Dia_An": "27 de febrero de 2024", "Mes_Dia_A1": "31 de diciembre de 2025", "CATEGORIA": "PERSONA NATURAL", "NOMBRE_SEC": "TRANSPORTE Y ALMACENAMIENTO", "CODIGO_CII": "4923", "DESC_CIIU": "TRANSPORTE DE CARGA POR CARRETERA", "TAMANO957": "MICRO", "CIUDAD": "Cali", "COMUNA": "Comuna 03", "BARRIO": "Acueducto San Antonio", "DIRECCION_": "-CL 11  11   07 OF 415", "TIPO_REGIS": "MERCANTIL", "PERSONAL_O": "1.0", "NUMERO_DE_": "1", "NUMERO_DE1": "0", "INGRESOS_A": "246940000.0", "X": "-76.53116531767304", "Y": "3.446332339348334", "Id": 0, "area": 136572.15568900001 }, "geometry": { "type": "Point", "coordinates": [ -76.531165317673043, 3.446332339348334 ] } },
{ "type": "Feature", "properties": { "NUM_INSCRI": "10270", "Mes_Dia_An": "20 de septiembre de 1985", "Mes_Dia_A1": "4 de febrero de 2025", "CATEGORIA": "PERSONA NATURAL", "NOMBRE_SEC": "TRANSPORTE Y ALMACENAMIENTO", "CODIGO_CII": "5221", "DESC_CIIU": "ACTIVIDADES DE ESTACIONES, V?AS Y SERVICIOS COMPLEMENTARIOS PARA", "TAMANO957": "MICRO", "CIUDAD": "Cali", "COMUNA": "Comuna 03", "BARRIO": "Santa Rosa", "DIRECCION_": "-CL 11 # 10 - 54", "TIPO_REGIS": "MERCANTIL", "PERSONAL_O": "2.0", "NUMERO_DE_": "2", "NUMERO_DE1": "0", "INGRESOS_A": "2500000.0", "X": "-76.53148119908651", "Y": "3.446798973470771", "Id": 0, "area": 136572.15568900001 }, "geometry": { "type": "Point", "coordinates": [ -76.531481199086514, 3.446798973470771 ] } },
{ "type": "Feature", "properties": { "NUM_INSCRI": "1103951", "Mes_Dia_An": "31 de diciembre de 2020", "Mes_Dia_A1": "29 de marzo de 2025", "CATEGORIA": "PERSONA NATURAL", "NOMBRE_SEC": "TRANSPORTE Y ALMACENAMIENTO", "CODIGO_CII": "5221", "DESC_CIIU": "ACTIVIDADES DE ESTACIONES, V?AS Y SERVICIOS COMPLEMENTARIOS PARA", "TAMANO957": "MICRO", "CIUDAD": "Cali", "COMUNA": "Comuna 03", "BARRIO": "San Pedro", "DIRECCION_": "-KR 10 # 11 - 40", "TIPO_REGIS": "MERCANTIL", "PERSONAL_O": "1.0", "NUMERO_DE_": "0", "NUMERO_DE1": "1", "INGRESOS_A": "0.0", "X": "-76.53109063345688", "Y": "3.447253859213084", "Id": 0, "area": 136572.15568900001 }, "geometry": { "type": "Point", "coordinates": [ -76.531090633456884, 3.447253859213084 ] } },
{ "type": "Feature", "properties": { "NUM_INSCRI": "1183050", "Mes_Dia_An": "30 de marzo de 2023", "Mes_Dia_A1": "18 de marzo de 2025", "CATEGORIA": "PERSONA NATURAL", "NOMBRE_SEC": "TRANSPORTE Y ALMACENAMIENTO", "CODIGO_CII": "5221", "DESC_CIIU": "ACTIVIDADES DE ESTACIONES, V?AS Y SERVICIOS COMPLEMENTARIOS PARA", "TAMANO957": "MICRO", "CIUDAD": "Cali", "COMUNA": "Comuna 03", "BARRIO": "San Pascual", "DIRECCION_": "-CR 13  13 A   25", "TIPO_REGIS": "MERCANTIL", "PERSONAL_O": "0.0", "NUMERO_DE_": "0", "NUMERO_DE1": "0", "INGRESOS_A": "0.0", "X": "-76.52782565906287", "Y": "3.444835693616796", "Id": 0, "area": 136572.15568900001 }, "geometry": { "type": "Point", "coordinates": [ -76.52782565906287, 3.444835693616796 ] } },
{ "type": "Feature", "properties": { "NUM_INSCRI": "1257440", "Mes_Dia_An": "24 de junio de 2025", "Mes_Dia_A1": "24 de junio de 2025", "CATEGORIA": "PERSONA NATURAL", "NOMBRE_SEC": "TRANSPORTE Y ALMACENAMIENTO", "CODIGO_CII": "5224", "DESC_CIIU": "MANIPULACI?N DE CARGA", "TAMANO957": "MICRO", "CIUDAD": "Cali", "COMUNA": "Comuna 03", "BARRIO": "San Pascual", "DIRECCION_": "-CR 12  13   73 AP 11   16", "TIPO_REGIS": "MERCANTIL", "PERSONAL_O": "0.0", "NUMERO_DE_": "0", "NUMERO_DE1": "0", "INGRESOS_A": "0.0", "X": "-76.52863380485014", "Y": "3.44580965768147", "Id": 0, "area": 136572.15568900001 }, "geometry": { "type": "Point", "coordinates": [ -76.528633804850145, 3.44580965768147 ] } },
{ "type": "Feature", "properties": { "NUM_INSCRI": "879748", "Mes_Dia_An": "23 de agosto de 2013", "Mes_Dia_A1": "10 de marzo de 2025", "CATEGORIA": "PERSONA NATURAL", "NOMBRE_SEC": "ALOJAMIENTO Y SERVICIOS DE COMIDA", "CODIGO_CII": "5519", "DESC_CIIU": "OTROS TIPOS DE ALOJAMIENTO PARA VISITANTES", "TAMANO957": "MICRO", "CIUDAD": "Cali", "COMUNA": "Comuna 03", "BARRIO": "El Calvario", "DIRECCION_": "-KR 10 # 11 - 16", "TIPO_REGIS": "MERCANTIL", "PERSONAL_O": "2.0", "NUMERO_DE_": "2", "NUMERO_DE1": "0", "INGRESOS_A": "3000000.0", "X": "-76.53129761728123", "Y": "3.447190553328411", "Id": 0, "area": 136572.15568900001 }, "geometry": { "type": "Point", "coordinates": [ -76.531297617281226, 3.447190553328411 ] } },
{ "type": "Feature", "properties": { "NUM_INSCRI": "438141", "Mes_Dia_An": "5 de septiembre de 1996", "Mes_Dia_A1": "7 de febrero de 2025", "CATEGORIA": "PERSONA NATURAL", "NOMBRE_SEC": "ALOJAMIENTO Y SERVICIOS DE COMIDA", "CODIGO_CII": "5530", "DESC_CIIU": "ALOJAMIENTO EN RESIDENCIAS", "TAMANO957": "MICRO", "CIUDAD": "Cali", "COMUNA": "Comuna 03", "BARRIO": "El Calvario", "DIRECCION_": "-CL 12 # 10 - 56", "TIPO_REGIS": "MERCANTIL", "PERSONAL_O": "0.0", "NUMERO_DE_": "0", "NUMERO_DE1": "0", "INGRESOS_A": "0.0", "X": "-76.53079185116374", "Y": "3.446821589572834", "Id": 0, "area": 136572.15568900001 }, "geometry": { "type": "Point", "coordinates": [ -76.530791851163741, 3.446821589572834 ] } },
{ "type": "Feature", "properties": { "NUM_INSCRI": "469889", "Mes_Dia_An": "8 de octubre de 1997", "Mes_Dia_A1": "17 de febrero de 2025", "CATEGORIA": "PERSONA NATURAL", "NOMBRE_SEC": "ALOJAMIENTO Y SERVICIOS DE COMIDA", "CODIGO_CII": "5530", "DESC_CIIU": "SERVICIO POR HORAS", "TAMANO957": "MICRO", "CIUDAD": "Cali", "COMUNA": "Comuna 03", "BARRIO": "El Calvario", "DIRECCION_": "-K 11        11       66", "TIPO_REGIS": "MERCANTIL", "PERSONAL_O": "1.0", "NUMERO_DE_": "1", "NUMERO_DE1": "0", "INGRESOS_A": "0.0", "X": "-76.53063705895592", "Y": "3.446456239226926", "Id": 0, "area": 136572.15568900001 }, "geometry": { "type": "Point", "coordinates": [ -76.530637058955918, 3.446456239226926 ] } },
{ "type": "Feature", "properties": { "NUM_INSCRI": "681622", "Mes_Dia_An": "3 de abril de 2006", "Mes_Dia_A1": "18 de marzo de 2025", "CATEGORIA": "PERSONA NATURAL", "NOMBRE_SEC": "ALOJAMIENTO Y SERVICIOS DE COMIDA", "CODIGO_CII": "5530", "DESC_CIIU": "SERVICIO POR HORAS", "TAMANO957": "MICRO", "CIUDAD": "Cali", "COMUNA": "Comuna 03", "BARRIO": "San Pedro", "DIRECCION_": "-KRA 13 # 11 - 36 BARRIO SAN BOSCO COMUNA 3", "TIPO_REGIS": "MERCANTIL", "PERSONAL_O": "1.0", "NUMERO_DE_": "0", "NUMERO_DE1": "1", "INGRESOS_A": "31252000.0", "X": "-76.53036165840334", "Y": "3.444368128752749", "Id": 0, "area": 136572.15568900001 }, "geometry": { "type": "Point", "coordinates": [ -76.530361658403336, 3.444368128752749 ] } },
{ "type": "Feature", "properties": { "NUM_INSCRI": "481028", "Mes_Dia_An": "1 de octubre de 2004", "Mes_Dia_A1": "21 de mayo de 2025", "CATEGORIA": "PERSONA NATURAL", "NOMBRE_SEC": "ALOJAMIENTO Y SERVICIOS DE COMIDA", "CODIGO_CII": "5611", "DESC_CIIU": "EXPENDIO A LA MESA DE COMIDAS PREPARADAS", "TAMANO957": "MICRO", "CIUDAD": "Cali", "COMUNA": "Comuna 03", "BARRIO": "San Pascual", "DIRECCION_": "-KR 13 # 14 - 01", "TIPO_REGIS": "MERCANTIL", "PERSONAL_O": "8.0", "NUMERO_DE_": "8", "NUMERO_DE1": "0", "INGRESOS_A": "0.0", "X": "-76.52739729178029", "Y": "3.444784149608032", "Id": 0, "area": 136572.15568900001 }, "geometry": { "type": "Point", "coordinates": [ -76.527397291780289, 3.444784149608032 ] } },
{ "type": "Feature", "properties": { "NUM_INSCRI": "740443", "Mes_Dia_An": "9 de junio de 2008", "Mes_Dia_A1": "21 de enero de 2025", "CATEGORIA": "PERSONA NATURAL", "NOMBRE_SEC": "ALOJAMIENTO Y SERVICIOS DE COMIDA", "CODIGO_CII": "5611", "DESC_CIIU": "EXPENDIO A LA MESA DE COMIDAS PREPARADAS, EN RESTAURANTES", "TAMANO957": "MICRO", "CIUDAD": "Cali", "COMUNA": "Comuna 03", "BARRIO": "San Pascual", "DIRECCION_": "-KR 14 # 13 A - 73", "TIPO_REGIS": "MERCANTIL", "PERSONAL_O": "3.0", "NUMERO_DE_": "3", "NUMERO_DE1": "0", "INGRESOS_A": "0.0", "X": "-76.52700041356634", "Y": "3.443461107795882", "Id": 0, "area": 136572.15568900001 }, "geometry": { "type": "Point", "coordinates": [ -76.527000413566341, 3.443461107795882 ] } },
{ "type": "Feature", "properties": { "NUM_INSCRI": "860044", "Mes_Dia_An": "30 de noviembre de 2012", "Mes_Dia_A1": "28 de marzo de 2025", "CATEGORIA": "PERSONA NATURAL", "NOMBRE_SEC": "ALOJAMIENTO Y SERVICIOS DE COMIDA", "CODIGO_CII": "5611", "DESC_CIIU": "EXPENDIO A LA MESA DE COMIDAS PREPARADAS", "TAMANO957": "MICRO", "CIUDAD": "Cali", "COMUNA": "Comuna 03", "BARRIO": "San Pascual", "DIRECCION_": "-KR 13 A # 13 A - 66", "TIPO_REGIS": "MERCANTIL", "PERSONAL_O": "5.0", "NUMERO_DE_": "5", "NUMERO_DE1": "0", "INGRESOS_A": "5000500.0", "X": "-76.52715340360784", "Y": "3.443763155205946", "Id": 0, "area": 136572.15568900001 }, "geometry": { "type": "Point", "coordinates": [ -76.527153403607841, 3.443763155205946 ] } },
{ "type": "Feature", "properties": { "NUM_INSCRI": "928998", "Mes_Dia_An": "12 de junio de 2015", "Mes_Dia_A1": "4 de marzo de 2025", "CATEGORIA": "PERSONA JURIDICA", "NOMBRE_SEC": "ALOJAMIENTO Y SERVICIOS DE COMIDA", "CODIGO_CII": "5611", "DESC_CIIU": "EXPENDIO A LA MESA DE COMIDAS PREPARADAS", "TAMANO957": "PEQUE?A", "CIUDAD": "Cali", "COMUNA": "Comuna 03", "BARRIO": "San Juan Bosco", "DIRECCION_": "-KR 13 # 10 - 41", "TIPO_REGIS": "MERCANTIL", "PERSONAL_O": "13.0", "NUMERO_DE_": "2", "NUMERO_DE1": "11", "INGRESOS_A": "4068902344.0", "X": "-76.53180604780351", "Y": "3.444510997934815", "Id": 0, "area": 136572.15568900001 }, "geometry": { "type": "Point", "coordinates": [ -76.531806047803514, 3.444510997934815 ] } },
{ "type": "Feature", "properties": { "NUM_INSCRI": "1022957", "Mes_Dia_An": "16 de julio de 2018", "Mes_Dia_A1": "10 de marzo de 2025", "CATEGORIA": "PERSONA NATURAL", "NOMBRE_SEC": "ALOJAMIENTO Y SERVICIOS DE COMIDA", "CODIGO_CII": "5611", "DESC_CIIU": "EXPENDIO A LA MESA DE COMIDAS PREPARADAS", "TAMANO957": "MICRO", "CIUDAD": "Cali", "COMUNA": "Comuna 03", "BARRIO": "Santa Rosa", "DIRECCION_": "-KR 10 # 10 - 06", "TIPO_REGIS": "MERCANTIL", "PERSONAL_O": "1.0", "NUMERO_DE_": "1", "NUMERO_DE1": "0", "INGRESOS_A": "100000.0", "X": "-76.53247202533181", "Y": "3.446859552099818", "Id": 0, "area": 136572.15568900001 }, "geometry": { "type": "Point", "coordinates": [ -76.532472025331813, 3.446859552099818 ] } },
{ "type": "Feature", "properties": { "NUM_INSCRI": "1250689", "Mes_Dia_An": "11 de abril de 2025", "Mes_Dia_A1": "11 de abril de 2025", "CATEGORIA": "PERSONA NATURAL", "NOMBRE_SEC": "ALOJAMIENTO Y SERVICIOS DE COMIDA", "CODIGO_CII": "5611", "DESC_CIIU": "EXPENDIO A LA MESA DE COMIDAS PREPARADAS", "TAMANO957": "MICRO", "CIUDAD": "Cali", "COMUNA": "Comuna 03", "BARRIO": "San Pedro", "DIRECCION_": "-CL 12  10   18", "TIPO_REGIS": "MERCANTIL", "PERSONAL_O": "0.0", "NUMERO_DE_": "0", "NUMERO_DE1": "0", "INGRESOS_A": "0.0", "X": "-76.53079545621797", "Y": "3.447319879018328", "Id": 0, "area": 136572.15568900001 }, "geometry": { "type": "Point", "coordinates": [ -76.530795456217973, 3.447319879018328 ] } },
{ "type": "Feature", "properties": { "NUM_INSCRI": "1254365", "Mes_Dia_An": "26 de mayo de 2025", "Mes_Dia_A1": "26 de mayo de 2025", "CATEGORIA": "PERSONA NATURAL", "NOMBRE_SEC": "ALOJAMIENTO Y SERVICIOS DE COMIDA", "CODIGO_CII": "5611", "DESC_CIIU": "EXPENDIO A LA MESA DE COMIDAS PREPARADAS", "TAMANO957": "MICRO", "CIUDAD": "Cali", "COMUNA": "Comuna 03", "BARRIO": "El Calvario", "DIRECCION_": "-CR 12  13   73 ED PARAISO CENTRAL ETAPA  1", "TIPO_REGIS": "MERCANTIL", "PERSONAL_O": "1.0", "NUMERO_DE_": "0", "NUMERO_DE1": "1", "INGRESOS_A": "0.0", "X": "-76.52863380485014", "Y": "3.44580965768147", "Id": 0, "area": 136572.15568900001 }, "geometry": { "type": "Point", "coordinates": [ -76.528633804850145, 3.44580965768147 ] } },
{ "type": "Feature", "properties": { "NUM_INSCRI": "1270161", "Mes_Dia_An": "5 de noviembre de 2025", "Mes_Dia_A1": "5 de noviembre de 2025", "CATEGORIA": "PERSONA NATURAL", "NOMBRE_SEC": "ALOJAMIENTO Y SERVICIOS DE COMIDA", "CODIGO_CII": "5612", "DESC_CIIU": "EXPENDIO POR AUTOSERVICIO DE COMIDAS PREPARADAS", "TAMANO957": "MICRO", "CIUDAD": "Cali", "COMUNA": "Comuna 03", "BARRIO": "San Juan Bosco", "DIRECCION_": "-CR 10  12   10", "TIPO_REGIS": "MERCANTIL", "PERSONAL_O": "0.0", "NUMERO_DE_": "0", "NUMERO_DE1": "0", "INGRESOS_A": "0.0", "X": "-76.53058667268418", "Y": "3.447403984554841", "Id": 0, "area": 136572.15568900001 }, "geometry": { "type": "Point", "coordinates": [ -76.53058667268418, 3.447403984554841 ] } },
{ "type": "Feature", "properties": { "NUM_INSCRI": "748275", "Mes_Dia_An": "12 de septiembre de 2008", "Mes_Dia_A1": "25 de marzo de 2025", "CATEGORIA": "PERSONA NATURAL", "NOMBRE_SEC": "ALOJAMIENTO Y SERVICIOS DE COMIDA", "CODIGO_CII": "5613", "DESC_CIIU": "EXPENDIO DE COMIDAS PREPARADAS EN CAFETER?AS", "TAMANO957": "MICRO", "CIUDAD": "Cali", "COMUNA": "Comuna 03", "BARRIO": "Santa Rosa", "DIRECCION_": "-CL 10 # 10 - 67", "TIPO_REGIS": "MERCANTIL", "PERSONAL_O": "1.0", "NUMERO_DE_": "0", "NUMERO_DE1": "1", "INGRESOS_A": "0.0", "X": "-76.53240632444117", "Y": "3.44638839353534", "Id": 0, "area": 136572.15568900001 }, "geometry": { "type": "Point", "coordinates": [ -76.532406324441169, 3.44638839353534 ] } },
{ "type": "Feature", "properties": { "NUM_INSCRI": "853035", "Mes_Dia_An": "23 de agosto de 2012", "Mes_Dia_A1": "20 de marzo de 2025", "CATEGORIA": "PERSONA NATURAL", "NOMBRE_SEC": "ALOJAMIENTO Y SERVICIOS DE COMIDA", "CODIGO_CII": "5613", "DESC_CIIU": "EXPENDIO A LA MESA DE COMIDAS PREPARADAS, EN CAFETERIAS", "TAMANO957": "MICRO", "CIUDAD": "Cali", "COMUNA": "Comuna 03", "BARRIO": "Santa Rosa", "DIRECCION_": "-CRA 10 # 10 - 18", "TIPO_REGIS": "MERCANTIL", "PERSONAL_O": "4.0", "NUMERO_DE_": "4", "NUMERO_DE1": "0", "INGRESOS_A": "0.0", "X": "-76.53231903548347", "Y": "3.446750129276212", "Id": 0, "area": 136572.15568900001 }, "geometry": { "type": "Point", "coordinates": [ -76.532319035483468, 3.446750129276212 ] } },
{ "type": "Feature", "properties": { "NUM_INSCRI": "930288", "Mes_Dia_An": "1 de julio de 2015", "Mes_Dia_A1": "23 de enero de 2025", "CATEGORIA": "PERSONA NATURAL", "NOMBRE_SEC": "ALOJAMIENTO Y SERVICIOS DE COMIDA", "CODIGO_CII": "5613", "DESC_CIIU": "EXPENDIO DE COMIDAS PREPARADAS EN CAFETER?AS", "TAMANO957": "MICRO", "CIUDAD": "Cali", "COMUNA": "Comuna 03", "BARRIO": "El Calvario", "DIRECCION_": "-KR 10 # 13 A - 00", "TIPO_REGIS": "MERCANTIL", "PERSONAL_O": "1.0", "NUMERO_DE_": "1", "NUMERO_DE1": "0", "INGRESOS_A": "0.0", "X": "-76.52885520402134", "Y": "3.447662641554599", "Id": 0, "area": 136572.15568900001 }, "geometry": { "type": "Point", "coordinates": [ -76.52885520402134, 3.447662641554599 ] } },
{ "type": "Feature", "properties": { "NUM_INSCRI": "1245357", "Mes_Dia_An": "24 de febrero de 2025", "Mes_Dia_A1": "24 de febrero de 2025", "CATEGORIA": "PERSONA NATURAL", "NOMBRE_SEC": "ALOJAMIENTO Y SERVICIOS DE COMIDA", "CODIGO_CII": "5619", "DESC_CIIU": "OTROS TIPOS DE EXPENDIO DE COMIDAS PREPARADAS N.C.P.", "TAMANO957": "MICRO", "CIUDAD": "Cali", "COMUNA": "Comuna 03", "BARRIO": "Santa Rosa", "DIRECCION_": "-CL 10  10   45", "TIPO_REGIS": "MERCANTIL", "PERSONAL_O": "0.0", "NUMERO_DE_": "0", "NUMERO_DE1": "0", "INGRESOS_A": "0.0", "X": "-76.53244142422078", "Y": "3.446584634146916", "Id": 0, "area": 136572.15568900001 }, "geometry": { "type": "Point", "coordinates": [ -76.532441424220778, 3.446584634146916 ] } },
{ "type": "Feature", "properties": { "NUM_INSCRI": "997046", "Mes_Dia_An": "20 de septiembre de 2017", "Mes_Dia_A1": "26 de mayo de 2025", "CATEGORIA": "PERSONA JURIDICA", "NOMBRE_SEC": "ALOJAMIENTO Y SERVICIOS DE COMIDA", "CODIGO_CII": "5630", "DESC_CIIU": "EXPENDIO DE BEBIDAS ALCOH?LICAS PARA EL CONSUMO DENTRO DEL ESTABL", "TAMANO957": "MICRO", "CIUDAD": "Cali", "COMUNA": "Comuna 03", "BARRIO": "Santa Rosa", "DIRECCION_": "-KR 10 # 10 - 60", "TIPO_REGIS": "MERCANTIL", "PERSONAL_O": "1.0", "NUMERO_DE_": "1", "NUMERO_DE1": "0", "INGRESOS_A": "0.0", "X": "-76.53192756651913", "Y": "3.446883071533457", "Id": 0, "area": 136572.15568900001 }, "geometry": { "type": "Point", "coordinates": [ -76.53192756651913, 3.446883071533457 ] } },
{ "type": "Feature", "properties": { "NUM_INSCRI": "1157269", "Mes_Dia_An": "5 de julio de 2022", "Mes_Dia_A1": "28 de julio de 2025", "CATEGORIA": "PERSONA NATURAL", "NOMBRE_SEC": "ALOJAMIENTO Y SERVICIOS DE COMIDA", "CODIGO_CII": "5630", "DESC_CIIU": "EXPENDIO DE BEBIDAS ALCOH?LICAS PARA EL CONSUMO DENTRO DEL ESTABL", "TAMANO957": "MICRO", "CIUDAD": "Cali", "COMUNA": "Comuna 03", "BARRIO": "San Pascual", "DIRECCION_": "-CL 14 # 12 A - 12", "TIPO_REGIS": "MERCANTIL", "PERSONAL_O": "0.0", "NUMERO_DE_": "0", "NUMERO_DE1": "0", "INGRESOS_A": "0.0", "X": "-76.52770777018466", "Y": "3.445106091179038", "Id": 0, "area": 136572.15568900001 }, "geometry": { "type": "Point", "coordinates": [ -76.527707770184662, 3.445106091179038 ] } },
{ "type": "Feature", "properties": { "NUM_INSCRI": "1261074", "Mes_Dia_An": "31 de julio de 2025", "Mes_Dia_A1": "31 de julio de 2025", "CATEGORIA": "PERSONA NATURAL", "NOMBRE_SEC": "ALOJAMIENTO Y SERVICIOS DE COMIDA", "CODIGO_CII": "5630", "DESC_CIIU": "EXPENDIO DE BEBIDAS ALCOH?LICAS PARA EL CONSUMO DENTRO DEL ESTABL", "TAMANO957": "MICRO", "CIUDAD": "Cali", "COMUNA": "Comuna 03", "BARRIO": "San Juan Bosco", "DIRECCION_": "-CL 12  14   29", "TIPO_REGIS": "MERCANTIL", "PERSONAL_O": "1.0", "NUMERO_DE_": "1", "NUMERO_DE1": "0", "INGRESOS_A": "0.0", "X": "-76.5296669012988", "Y": "3.443198828321935", "Id": 0, "area": 136572.15568900001 }, "geometry": { "type": "Point", "coordinates": [ -76.529666901298796, 3.443198828321935 ] } },
{ "type": "Feature", "properties": { "NUM_INSCRI": "535", "Mes_Dia_An": "19 de febrero de 1997", "Mes_Dia_A1": "26 de marzo de 2025", "CATEGORIA": "0", "NOMBRE_SEC": "ACTIVIDADES FINANCIERAS Y DE SEGUROS", "CODIGO_CII": "6492", "DESC_CIIU": "ACTIVIDADES FINANCIERAS DE FONDOS DE EMPLEADOS Y OTRAS FORMAS ASO", "TAMANO957": "MICRO", "CIUDAD": "Cali", "COMUNA": "Comuna 03", "BARRIO": "Santa Rosa", "DIRECCION_": "-CALLE 10 # 10- 25", "TIPO_REGIS": "ESAL", "PERSONAL_O": "0.0", "NUMERO_DE_": "0", "NUMERO_DE1": "0", "INGRESOS_A": "0.0", "X": "-76.53247202412844", "Y": "3.446762788080198", "Id": 0, "area": 136572.15568900001 }, "geometry": { "type": "Point", "coordinates": [ -76.532472024128438, 3.446762788080198 ] } },
{ "type": "Feature", "properties": { "NUM_INSCRI": "1253386", "Mes_Dia_An": "14 de mayo de 2025", "Mes_Dia_A1": "14 de mayo de 2025", "CATEGORIA": "PERSONA JURIDICA", "NOMBRE_SEC": "ACTIVIDADES FINANCIERAS Y DE SEGUROS", "CODIGO_CII": "6499", "DESC_CIIU": "OTRAS ACTIVIDADES DE SERVICIO FINANCIERO, EXCEPTO LAS DE SEGUROS", "TAMANO957": "MICRO", "CIUDAD": "Cali", "COMUNA": null, "BARRIO": null, "DIRECCION_": "-CR 12  13   73 AP 1004 ED PARAISO CENTRAL", "TIPO_REGIS": "MERCANTIL", "PERSONAL_O": "1.0", "NUMERO_DE_": "0", "NUMERO_DE1": "1", "INGRESOS_A": "1000.0", "X": "-76.52863380485014", "Y": "3.44580965768147", "Id": 0, "area": 136572.15568900001 }, "geometry": { "type": "Point", "coordinates": [ -76.528633804850145, 3.44580965768147 ] } },
{ "type": "Feature", "properties": { "NUM_INSCRI": "1183265", "Mes_Dia_An": "31 de marzo de 2023", "Mes_Dia_A1": "3 de abril de 2025", "CATEGORIA": "PERSONA JURIDICA", "NOMBRE_SEC": "ACTIVIDADES FINANCIERAS Y DE SEGUROS", "CODIGO_CII": "6619", "DESC_CIIU": "OTRAS ACTIVIDADES AUXILIARES DE LAS ACTIVIDADES DE SERVICIOS FINA", "TAMANO957": "MEDIANA", "CIUDAD": "Cali", "COMUNA": "Comuna 03", "BARRIO": "San Pedro", "DIRECCION_": "-KR 13 # 10 - 64", "TIPO_REGIS": "MERCANTIL", "PERSONAL_O": "1.0", "NUMERO_DE_": "1", "NUMERO_DE1": "0", "INGRESOS_A": "6195318000.0", "X": "-76.53159366227236", "Y": "3.4443364634481", "Id": 0, "area": 136572.15568900001 }, "geometry": { "type": "Point", "coordinates": [ -76.531593662272357, 3.4443364634481 ] } },
{ "type": "Feature", "properties": { "NUM_INSCRI": "1236531", "Mes_Dia_An": "6 de noviembre de 2024", "Mes_Dia_A1": "3 de abril de 2025", "CATEGORIA": "PERSONA JURIDICA", "NOMBRE_SEC": "ACTIVIDADES FINANCIERAS Y DE SEGUROS", "CODIGO_CII": "6619", "DESC_CIIU": "OTRAS ACTIVIDADES AUXILIARES DE LAS ACTIVIDADES DE SERVICIOS FINA", "TAMANO957": "MICRO", "CIUDAD": "Cali", "COMUNA": "Comuna 03", "BARRIO": "San Pedro", "DIRECCION_": "-CR 13  10   64", "TIPO_REGIS": "MERCANTIL", "PERSONAL_O": "0.0", "NUMERO_DE_": "0", "NUMERO_DE1": "0", "INGRESOS_A": "0.0", "X": "-76.53159366227236", "Y": "3.4443364634481", "Id": 0, "area": 136572.15568900001 }, "geometry": { "type": "Point", "coordinates": [ -76.531593662272357, 3.4443364634481 ] } },
{ "type": "Feature", "properties": { "NUM_INSCRI": "777222", "Mes_Dia_An": "23 de octubre de 2009", "Mes_Dia_A1": "26 de marzo de 2025", "CATEGORIA": "PERSONA JURIDICA", "NOMBRE_SEC": "ACTIVIDADES INMOBILIARIAS", "CODIGO_CII": "6810", "DESC_CIIU": "ACTIVIDADES INMOBILIARIAS REALIZADAS CON BIENES PROPIOS O ARRENDA", "TAMANO957": "MICRO", "CIUDAD": "Cali", "COMUNA": "Comuna 03", "BARRIO": "San Juan Bosco", "DIRECCION_": "-KR 13 # 10 - 112", "TIPO_REGIS": "MERCANTIL", "PERSONAL_O": "0.0", "NUMERO_DE_": "0", "NUMERO_DE1": "0", "INGRESOS_A": "39016587.0", "X": "-76.53116169599498", "Y": "3.444348224747683", "Id": 0, "area": 136572.15568900001 }, "geometry": { "type": "Point", "coordinates": [ -76.531161695994982, 3.444348224747683 ] } },
{ "type": "Feature", "properties": { "NUM_INSCRI": "983897", "Mes_Dia_An": "20 de abril de 2017", "Mes_Dia_A1": "24 de abril de 2024", "CATEGORIA": "PERSONA JURIDICA", "NOMBRE_SEC": "ACTIVIDADES INMOBILIARIAS", "CODIGO_CII": "6810", "DESC_CIIU": "ACTIVIDADES INMOBILIARIAS REALIZADAS CON BIENES PROPIOS O ARRENDA", "TAMANO957": "MICRO", "CIUDAD": "Cali", "COMUNA": "Comuna 17", "BARRIO": "Urbanizacion Ciudad Jadin", "DIRECCION_": "-CL 12 # 10 - 81 AP 201 B", "TIPO_REGIS": "MERCANTIL", "PERSONAL_O": "0.0", "NUMERO_DE_": "0", "NUMERO_DE1": "0", "INGRESOS_A": null, "X": "-76.53047057528599", "Y": "3.446818879973937", "Id": 0, "area": 136572.15568900001 }, "geometry": { "type": "Point", "coordinates": [ -76.530470575285989, 3.446818879973937 ] } },
{ "type": "Feature", "properties": { "NUM_INSCRI": "1099170", "Mes_Dia_An": "27 de octubre de 2020", "Mes_Dia_A1": "31 de marzo de 2025", "CATEGORIA": "PERSONA JURIDICA", "NOMBRE_SEC": "ACTIVIDADES INMOBILIARIAS", "CODIGO_CII": "6810", "DESC_CIIU": "ACTIVIDADES INMOBILIARIAS REALIZADAS CON BIENES PROPIOS O ARRENDA", "TAMANO957": "MICRO", "CIUDAD": "Cali", "COMUNA": "Comuna 03", "BARRIO": "San Pedro", "DIRECCION_": "-CL 11 # 13 - 62", "TIPO_REGIS": "MERCANTIL", "PERSONAL_O": "1.0", "NUMERO_DE_": "0", "NUMERO_DE1": "1", "INGRESOS_A": "0.0", "X": "-76.53080621831793", "Y": "3.443850843472442", "Id": 0, "area": 136572.15568900001 }, "geometry": { "type": "Point", "coordinates": [ -76.530806218317935, 3.443850843472442 ] } },
{ "type": "Feature", "properties": { "NUM_INSCRI": "1159892", "Mes_Dia_An": "29 de julio de 2022", "Mes_Dia_A1": "27 de marzo de 2025", "CATEGORIA": "PERSONA JURIDICA", "NOMBRE_SEC": "ACTIVIDADES INMOBILIARIAS", "CODIGO_CII": "6810", "DESC_CIIU": "ACTIVIDADES INMOBILIARIAS REALIZADAS CON BIENES PROPIOS O ARRENDA", "TAMANO957": "MICRO", "CIUDAD": "Cali", "COMUNA": null, "BARRIO": null, "DIRECCION_": "-CL 10 # 13 - 59", "TIPO_REGIS": "MERCANTIL", "PERSONAL_O": "1.0", "NUMERO_DE_": "0", "NUMERO_DE1": "1", "INGRESOS_A": "31000226.0", "X": "-76.53191313194378", "Y": "3.44387343929803", "Id": 0, "area": 136572.15568900001 }, "geometry": { "type": "Point", "coordinates": [ -76.531913131943782, 3.44387343929803 ] } },
{ "type": "Feature", "properties": { "NUM_INSCRI": "1167730", "Mes_Dia_An": "11 de octubre de 2022", "Mes_Dia_A1": "27 de marzo de 2025", "CATEGORIA": "PERSONA JURIDICA", "NOMBRE_SEC": "ACTIVIDADES INMOBILIARIAS", "CODIGO_CII": "6810", "DESC_CIIU": "ACTIVIDADES INMOBILIARIAS REALIZADAS CON BIENES PROPIOS O ARRENDA", "TAMANO957": "MICRO", "CIUDAD": "Cali", "COMUNA": "Comuna 03", "BARRIO": "San Juan Bosco", "DIRECCION_": "-CL 10 # 13 - 45 OF 201", "TIPO_REGIS": "MERCANTIL", "PERSONAL_O": "0.0", "NUMERO_DE_": "0", "NUMERO_DE1": "0", "INGRESOS_A": "0.0", "X": "-76.53207692028958", "Y": "3.443970201350862", "Id": 0, "area": 136572.15568900001 }, "geometry": { "type": "Point", "coordinates": [ -76.532076920289583, 3.443970201350862 ] } },
{ "type": "Feature", "properties": { "NUM_INSCRI": "1194993", "Mes_Dia_An": "4 de agosto de 2023", "Mes_Dia_A1": "31 de marzo de 2025", "CATEGORIA": "PERSONA JURIDICA", "NOMBRE_SEC": "ACTIVIDADES INMOBILIARIAS", "CODIGO_CII": "6810", "DESC_CIIU": "ACTIVIDADES INMOBILIARIAS REALIZADAS CON BIENES PROPIOS O ARRENDA", "TAMANO957": "MICRO", "CIUDAD": "Cali", "COMUNA": null, "BARRIO": null, "DIRECCION_": "-CL 10 # 13 - 45 OF 201", "TIPO_REGIS": "MERCANTIL", "PERSONAL_O": "0.0", "NUMERO_DE_": "0", "NUMERO_DE1": "0", "INGRESOS_A": "0.0", "X": "-76.53207692028958", "Y": "3.443970201350862", "Id": 0, "area": 136572.15568900001 }, "geometry": { "type": "Point", "coordinates": [ -76.532076920289583, 3.443970201350862 ] } },
{ "type": "Feature", "properties": { "NUM_INSCRI": "1202523", "Mes_Dia_An": "26 de octubre de 2023", "Mes_Dia_A1": "28 de febrero de 2025", "CATEGORIA": "PERSONA JURIDICA", "NOMBRE_SEC": "ACTIVIDADES INMOBILIARIAS", "CODIGO_CII": "6810", "DESC_CIIU": "ACTIVIDADES INMOBILIARIAS REALIZADAS CON BIENES PROPIOS O ARRENDA", "TAMANO957": "MICRO", "CIUDAD": "Cali", "COMUNA": "Comuna 03", "BARRIO": "Santa Rosa", "DIRECCION_": "-CR 13  10   58", "TIPO_REGIS": "MERCANTIL", "PERSONAL_O": "0.0", "NUMERO_DE_": "0", "NUMERO_DE1": "0", "INGRESOS_A": "0.0", "X": "-76.53167735385486", "Y": "3.444171873195258", "Id": 0, "area": 136572.15568900001 }, "geometry": { "type": "Point", "coordinates": [ -76.53167735385486, 3.444171873195258 ] } },
{ "type": "Feature", "properties": { "NUM_INSCRI": "1203656", "Mes_Dia_An": "10 de noviembre de 2023", "Mes_Dia_A1": "27 de marzo de 2025", "CATEGORIA": "PERSONA JURIDICA", "NOMBRE_SEC": "ACTIVIDADES INMOBILIARIAS", "CODIGO_CII": "6810", "DESC_CIIU": "ACTIVIDADES INMOBILIARIAS REALIZADAS CON BIENES PROPIOS O ARRENDA", "TAMANO957": "MICRO", "CIUDAD": "Cali", "COMUNA": "Comuna 03", "BARRIO": "Santa Rosa", "DIRECCION_": "-CL 10 # 13 - 45", "TIPO_REGIS": "MERCANTIL", "PERSONAL_O": "0.0", "NUMERO_DE_": "0", "NUMERO_DE1": "0", "INGRESOS_A": "0.0", "X": "-76.53207692028958", "Y": "3.443970201350862", "Id": 0, "area": 136572.15568900001 }, "geometry": { "type": "Point", "coordinates": [ -76.532076920289583, 3.443970201350862 ] } },
{ "type": "Feature", "properties": { "NUM_INSCRI": "654325", "Mes_Dia_An": "5 de octubre de 2006", "Mes_Dia_A1": "14 de marzo de 2025", "CATEGORIA": "PERSONA NATURAL", "NOMBRE_SEC": "ACTIVIDADES INMOBILIARIAS", "CODIGO_CII": "6820", "DESC_CIIU": "ACTIVIDADES INMOBILIARIAS REALIZADAS A CAMBIO DE UNA RETRIBUCION", "TAMANO957": "MICRO", "CIUDAD": "Cali", "COMUNA": "Comuna 03", "BARRIO": "Santa Rosa", "DIRECCION_": "-KR 10 # 10 - 52", "TIPO_REGIS": "MERCANTIL", "PERSONAL_O": "3.0", "NUMERO_DE_": "3", "NUMERO_DE1": "0", "INGRESOS_A": "3000000.0", "X": "-76.53194016340251", "Y": "3.446700395382305", "Id": 0, "area": 136572.15568900001 }, "geometry": { "type": "Point", "coordinates": [ -76.53194016340251, 3.446700395382305 ] } },
{ "type": "Feature", "properties": { "NUM_INSCRI": "1238999", "Mes_Dia_An": "11 de diciembre de 2024", "Mes_Dia_A1": "25 de marzo de 2025", "CATEGORIA": "PERSONA NATURAL", "NOMBRE_SEC": "ACTIVIDADES INMOBILIARIAS", "CODIGO_CII": "6820", "DESC_CIIU": "ACTIVIDADES INMOBILIARIAS REALIZADAS A CAMBIO DE UNA RETRIBUCI?N", "TAMANO957": "MICRO", "CIUDAD": "Cali", "COMUNA": "Comuna 03", "BARRIO": "Santa Rosa", "DIRECCION_": "-CR 12 CL 13   73 AP 1205 UR PARAISO CENTRAL PRIMERA ETAPA", "TIPO_REGIS": "MERCANTIL", "PERSONAL_O": "1.0", "NUMERO_DE_": "1", "NUMERO_DE1": "0", "INGRESOS_A": "10500000.0", "X": "-76.52863380485014", "Y": "3.44580965768147", "Id": 0, "area": 136572.15568900001 }, "geometry": { "type": "Point", "coordinates": [ -76.528633804850145, 3.44580965768147 ] } },
{ "type": "Feature", "properties": { "NUM_INSCRI": "22997", "Mes_Dia_An": "5 de marzo de 2025", "Mes_Dia_A1": "5 de marzo de 2025", "CATEGORIA": "0", "NOMBRE_SEC": "ACTIVIDADES PROFESIONALES, CIENT?FICAS Y T?CNICAS", "CODIGO_CII": "6910", "DESC_CIIU": "ACTIVIDADES JUR?DICAS", "TAMANO957": "MICRO", "CIUDAD": "Cali", "COMUNA": "Comuna 03", "BARRIO": "San Pascual", "DIRECCION_": "-CR 12  13   73 OF 1603", "TIPO_REGIS": "ESAL", "PERSONAL_O": "0.0", "NUMERO_DE_": "0", "NUMERO_DE1": "0", "INGRESOS_A": "0.0", "X": "-76.52863380485014", "Y": "3.44580965768147", "Id": 0, "area": 136572.15568900001 }, "geometry": { "type": "Point", "coordinates": [ -76.528633804850145, 3.44580965768147 ] } },
{ "type": "Feature", "properties": { "NUM_INSCRI": "924603", "Mes_Dia_An": "17 de abril de 2015", "Mes_Dia_A1": "12 de marzo de 2025", "CATEGORIA": "PERSONA JURIDICA", "NOMBRE_SEC": "ACTIVIDADES PROFESIONALES, CIENT?FICAS Y T?CNICAS", "CODIGO_CII": "6910", "DESC_CIIU": "ACTIVIDADES JUR?DICAS", "TAMANO957": "MICRO", "CIUDAD": "Cali", "COMUNA": "Comuna 03", "BARRIO": "San Pascual", "DIRECCION_": "-KR 12 # 13 - 73 TO 1 OF 307", "TIPO_REGIS": "MERCANTIL", "PERSONAL_O": "2.0", "NUMERO_DE_": "1", "NUMERO_DE1": "1", "INGRESOS_A": "6523008.0", "X": "-76.52863380485014", "Y": "3.44580965768147", "Id": 0, "area": 136572.15568900001 }, "geometry": { "type": "Point", "coordinates": [ -76.528633804850145, 3.44580965768147 ] } },
{ "type": "Feature", "properties": { "NUM_INSCRI": "1141716", "Mes_Dia_An": "8 de febrero de 2022", "Mes_Dia_A1": "23 de mayo de 2025", "CATEGORIA": "PERSONA JURIDICA", "NOMBRE_SEC": "ACTIVIDADES PROFESIONALES, CIENT?FICAS Y T?CNICAS", "CODIGO_CII": "6910", "DESC_CIIU": "ACTIVIDADES JUR?DICAS", "TAMANO957": "MICRO", "CIUDAD": "Cali", "COMUNA": "Comuna 03", "BARRIO": "El Calvario", "DIRECCION_": "-CR 12  13   73 OF 801 ED PARAISO CENTRAL", "TIPO_REGIS": "MERCANTIL", "PERSONAL_O": "2.0", "NUMERO_DE_": "0", "NUMERO_DE1": "2", "INGRESOS_A": "255958000.0", "X": "-76.52863380485014", "Y": "3.44580965768147", "Id": 0, "area": 136572.15568900001 }, "geometry": { "type": "Point", "coordinates": [ -76.528633804850145, 3.44580965768147 ] } },
{ "type": "Feature", "properties": { "NUM_INSCRI": "1272879", "Mes_Dia_An": "19 de diciembre de 2025", "Mes_Dia_A1": "19 de diciembre de 2025", "CATEGORIA": "PERSONA JURIDICA", "NOMBRE_SEC": "ACTIVIDADES PROFESIONALES, CIENT?FICAS Y T?CNICAS", "CODIGO_CII": "7020", "DESC_CIIU": "ACTIVIDADES DE CONSULTOR?A DE GESTI?N", "TAMANO957": "MICRO", "CIUDAD": "Cali", "COMUNA": "Comuna 02", "BARRIO": "San Vicente", "DIRECCION_": "-CL 11  11   24", "TIPO_REGIS": "MERCANTIL", "PERSONAL_O": "1.0", "NUMERO_DE_": "0", "NUMERO_DE1": "1", "INGRESOS_A": "0.0", "X": "-76.53129670551968", "Y": "3.446135192481495", "Id": 0, "area": 136572.15568900001 }, "geometry": { "type": "Point", "coordinates": [ -76.531296705519679, 3.446135192481495 ] } },
{ "type": "Feature", "properties": { "NUM_INSCRI": "1171847", "Mes_Dia_An": "30 de noviembre de 2022", "Mes_Dia_A1": "28 de marzo de 2024", "CATEGORIA": "PERSONA JURIDICA", "NOMBRE_SEC": "ACTIVIDADES PROFESIONALES, CIENT?FICAS Y T?CNICAS", "CODIGO_CII": "7111", "DESC_CIIU": "ACTIVIDADES DE ARQUITECTURA", "TAMANO957": "MICRO", "CIUDAD": "Cali", "COMUNA": null, "BARRIO": null, "DIRECCION_": "-KR 11 # 11 - 53", "TIPO_REGIS": "MERCANTIL", "PERSONAL_O": "10.0", "NUMERO_DE_": "5", "NUMERO_DE1": "5", "INGRESOS_A": null, "X": "-76.53078914908764", "Y": "3.446608166155156", "Id": 0, "area": 136572.15568900001 }, "geometry": { "type": "Point", "coordinates": [ -76.530789149087639, 3.446608166155156 ] } },
{ "type": "Feature", "properties": { "NUM_INSCRI": "1206654", "Mes_Dia_An": "10 de enero de 2024", "Mes_Dia_A1": "10 de enero de 2024", "CATEGORIA": "PERSONA JURIDICA", "NOMBRE_SEC": "ACTIVIDADES PROFESIONALES, CIENT?FICAS Y T?CNICAS", "CODIGO_CII": "7111", "DESC_CIIU": "ACTIVIDADES DE ARQUITECTURA", "TAMANO957": "MICRO", "CIUDAD": "Cali", "COMUNA": "Comuna 03", "BARRIO": "San Pedro", "DIRECCION_": "-CL 14  13   25", "TIPO_REGIS": "MERCANTIL", "PERSONAL_O": "1.0", "NUMERO_DE_": "1", "NUMERO_DE1": "0", "INGRESOS_A": null, "X": "-76.52724880138898", "Y": "3.444516467006736", "Id": 0, "area": 136572.15568900001 }, "geometry": { "type": "Point", "coordinates": [ -76.527248801388978, 3.444516467006736 ] } },
{ "type": "Feature", "properties": { "NUM_INSCRI": "1209870", "Mes_Dia_An": "6 de febrero de 2024", "Mes_Dia_A1": "6 de febrero de 2024", "CATEGORIA": "PERSONA JURIDICA", "NOMBRE_SEC": "ACTIVIDADES PROFESIONALES, CIENT?FICAS Y T?CNICAS", "CODIGO_CII": "7111", "DESC_CIIU": "ACTIVIDADES DE ARQUITECTURA", "TAMANO957": "MICRO", "CIUDAD": "Cali", "COMUNA": "Comuna 03", "BARRIO": "San Pascual", "DIRECCION_": "-CL 14  13   25", "TIPO_REGIS": "MERCANTIL", "PERSONAL_O": "1.0", "NUMERO_DE_": "1", "NUMERO_DE1": "0", "INGRESOS_A": null, "X": "-76.52724880138898", "Y": "3.444516467006736", "Id": 0, "area": 136572.15568900001 }, "geometry": { "type": "Point", "coordinates": [ -76.527248801388978, 3.444516467006736 ] } },
{ "type": "Feature", "properties": { "NUM_INSCRI": "1230651", "Mes_Dia_An": "29 de agosto de 2024", "Mes_Dia_A1": "29 de agosto de 2024", "CATEGORIA": "PERSONA JURIDICA", "NOMBRE_SEC": "ACTIVIDADES PROFESIONALES, CIENT?FICAS Y T?CNICAS", "CODIGO_CII": "7112", "DESC_CIIU": "ACTIVIDADES DE INGENIER?A Y OTRAS ACTIVIDADES CONEXAS DE CONSULTO", "TAMANO957": "MICRO", "CIUDAD": "Cali", "COMUNA": "Comuna 17", "BARRIO": "Ciudad Universitaria", "DIRECCION_": "-CR 11  11   53", "TIPO_REGIS": "MERCANTIL", "PERSONAL_O": "5.0", "NUMERO_DE_": "4", "NUMERO_DE1": "1", "INGRESOS_A": null, "X": "-76.53078914908764", "Y": "3.446608166155156", "Id": 0, "area": 136572.15568900001 }, "geometry": { "type": "Point", "coordinates": [ -76.530789149087639, 3.446608166155156 ] } },
{ "type": "Feature", "properties": { "NUM_INSCRI": "1210944", "Mes_Dia_An": "15 de febrero de 2024", "Mes_Dia_A1": "15 de febrero de 2024", "CATEGORIA": "PERSONA JURIDICA", "NOMBRE_SEC": "ACTIVIDADES PROFESIONALES, CIENT?FICAS Y T?CNICAS", "CODIGO_CII": "7490", "DESC_CIIU": "OTRAS ACTIVIDADES PROFESIONALES, CIENT?FICAS Y T?CNICAS N.C.P.", "TAMANO957": "MICRO", "CIUDAD": "Cali", "COMUNA": "Comuna 10", "BARRIO": "El Guabal", "DIRECCION_": "-CL 14  14   42", "TIPO_REGIS": "MERCANTIL", "PERSONAL_O": "0.0", "NUMERO_DE_": "0", "NUMERO_DE1": "0", "INGRESOS_A": null, "X": "-76.52693381781351", "Y": "3.443311892687854", "Id": 0, "area": 136572.15568900001 }, "geometry": { "type": "Point", "coordinates": [ -76.526933817813514, 3.443311892687854 ] } },
{ "type": "Feature", "properties": { "NUM_INSCRI": "1172410", "Mes_Dia_An": "13 de diciembre de 2022", "Mes_Dia_A1": "28 de marzo de 2025", "CATEGORIA": "PERSONA JURIDICA", "NOMBRE_SEC": "ACTIVIDADES DE SERVICIOS ADMINISTRATIVOS Y DE APOYO", "CODIGO_CII": "8110", "DESC_CIIU": "ACTIVIDADES COMBINADAS DE APOYO A INSTALACIONES", "TAMANO957": "GRANDE", "CIUDAD": "Cali", "COMUNA": "Comuna 03", "BARRIO": "El Calvario", "DIRECCION_": "-KR 10 # 12 - 00", "TIPO_REGIS": "MERCANTIL", "PERSONAL_O": "8.0", "NUMERO_DE_": "4", "NUMERO_DE1": "4", "INGRESOS_A": "249265195759.0", "X": "-76.5306730660038", "Y": "3.4473813752219", "Id": 0, "area": 136572.15568900001 }, "geometry": { "type": "Point", "coordinates": [ -76.5306730660038, 3.4473813752219 ] } },
{ "type": "Feature", "properties": { "NUM_INSCRI": "931843", "Mes_Dia_An": "22 de julio de 2015", "Mes_Dia_A1": "30 de octubre de 2024", "CATEGORIA": "PERSONA NATURAL", "NOMBRE_SEC": "ACTIVIDADES DE SERVICIOS ADMINISTRATIVOS Y DE APOYO", "CODIGO_CII": "8299", "DESC_CIIU": "OTRAS ACTIVIDADES DE SERVICIO DE APOYO A LAS EMPRESAS N.C.P.", "TAMANO957": "MICRO", "CIUDAD": "Cali", "COMUNA": "Comuna 03", "BARRIO": "Santa Rosa", "DIRECCION_": "-CL 10 # 10 - 65 MD 5 C PARQUE SANTA ROSA", "TIPO_REGIS": "MERCANTIL", "PERSONAL_O": "0.0", "NUMERO_DE_": "0", "NUMERO_DE1": "0", "INGRESOS_A": null, "X": "-76.53240992439265", "Y": "3.446406480223182", "Id": 0, "area": 136572.15568900001 }, "geometry": { "type": "Point", "coordinates": [ -76.532409924392653, 3.446406480223182 ] } },
{ "type": "Feature", "properties": { "NUM_INSCRI": "1100990", "Mes_Dia_An": "13 de noviembre de 2020", "Mes_Dia_A1": "19 de mayo de 2025", "CATEGORIA": "PERSONA NATURAL", "NOMBRE_SEC": "ACTIVIDADES DE SERVICIOS ADMINISTRATIVOS Y DE APOYO", "CODIGO_CII": "8299", "DESC_CIIU": "OTRAS ACTIVIDADES DE SERVICIO DE APOYO A LAS EMPRESAS N.C.P.", "TAMANO957": "MICRO", "CIUDAD": "Cali", "COMUNA": "Comuna 03", "BARRIO": "Santa Rosa", "DIRECCION_": "-KR 11 # 11 - 46", "TIPO_REGIS": "MERCANTIL", "PERSONAL_O": "0.0", "NUMERO_DE_": "0", "NUMERO_DE1": "0", "INGRESOS_A": "0.0", "X": "-76.530798145703", "Y": "3.446354951797928", "Id": 0, "area": 136572.15568900001 }, "geometry": { "type": "Point", "coordinates": [ -76.530798145703002, 3.446354951797928 ] } },
{ "type": "Feature", "properties": { "NUM_INSCRI": "1241020", "Mes_Dia_An": "16 de enero de 2025", "Mes_Dia_A1": "16 de enero de 2025", "CATEGORIA": "PERSONA NATURAL", "NOMBRE_SEC": "ACTIVIDADES DE SERVICIOS ADMINISTRATIVOS Y DE APOYO", "CODIGO_CII": "8299", "DESC_CIIU": "OTRAS ACTIVIDADES DE SERVICIO DE APOYO A LAS EMPRESAS N.C.P.", "TAMANO957": "MICRO", "CIUDAD": "Cali", "COMUNA": "Comuna 03", "BARRIO": "San Pascual", "DIRECCION_": "-CARRERA 14 # 13 90", "TIPO_REGIS": "MERCANTIL", "PERSONAL_O": "1.0", "NUMERO_DE_": "0", "NUMERO_DE1": "1", "INGRESOS_A": "0.0", "X": "-76.52819371848699", "Y": "3.443310074722533", "Id": 0, "area": 136572.15568900001 }, "geometry": { "type": "Point", "coordinates": [ -76.528193718486989, 3.443310074722533 ] } },
{ "type": "Feature", "properties": { "NUM_INSCRI": "628694", "Mes_Dia_An": "4 de marzo de 2004", "Mes_Dia_A1": "8 de abril de 2024", "CATEGORIA": "PERSONA JURIDICA", "NOMBRE_SEC": "EDUCACI?N", "CODIGO_CII": "8523", "DESC_CIIU": "EDUCACI?N MEDIA T?CNICA Y DE FORMACI?N LABORAL", "TAMANO957": "MICRO", "CIUDAD": "Cali", "COMUNA": "Comuna 03", "BARRIO": "San Pascual", "DIRECCION_": "-CL 13 A # 14 - 25", "TIPO_REGIS": "MERCANTIL", "PERSONAL_O": "2.0", "NUMERO_DE_": "0", "NUMERO_DE1": "2", "INGRESOS_A": null, "X": "-76.5276114626095", "Y": "3.443068621321998", "Id": 0, "area": 136572.15568900001 }, "geometry": { "type": "Point", "coordinates": [ -76.527611462609499, 3.443068621321998 ] } },
{ "type": "Feature", "properties": { "NUM_INSCRI": "942487", "Mes_Dia_An": "5 de enero de 2016", "Mes_Dia_A1": "27 de noviembre de 2025", "CATEGORIA": "PERSONA NATURAL", "NOMBRE_SEC": "EDUCACI?N", "CODIGO_CII": "8559", "DESC_CIIU": "OTROS TIPOS DE EDUCACI?N N.C.P.", "TAMANO957": "MICRO", "CIUDAD": "Cali", "COMUNA": "Comuna 03", "BARRIO": "San Pascual", "DIRECCION_": "-CL 13 # 14 - 44", "TIPO_REGIS": "MERCANTIL", "PERSONAL_O": "0.0", "NUMERO_DE_": "0", "NUMERO_DE1": "0", "INGRESOS_A": "0.0", "X": "-76.52879486839603", "Y": "3.442995360524008", "Id": 0, "area": 136572.15568900001 }, "geometry": { "type": "Point", "coordinates": [ -76.528794868396034, 3.442995360524008 ] } },
{ "type": "Feature", "properties": { "NUM_INSCRI": "1262012", "Mes_Dia_An": "11 de agosto de 2025", "Mes_Dia_A1": "11 de agosto de 2025", "CATEGORIA": "PERSONA NATURAL", "NOMBRE_SEC": "EDUCACI?N", "CODIGO_CII": "8560", "DESC_CIIU": "ACTIVIDADES DE APOYO A LA EDUCACI?N", "TAMANO957": "MICRO", "CIUDAD": "Cali", "COMUNA": "Area de expansi?n urbana", "BARRIO": "Zonamerica", "DIRECCION_": "-CR 14  13   14", "TIPO_REGIS": "MERCANTIL", "PERSONAL_O": "1.0", "NUMERO_DE_": "1", "NUMERO_DE1": "0", "INGRESOS_A": "100000.0", "X": "-76.52862928444088", "Y": "3.443344435916169", "Id": 0, "area": 136572.15568900001 }, "geometry": { "type": "Point", "coordinates": [ -76.528629284440882, 3.443344435916169 ] } },
{ "type": "Feature", "properties": { "NUM_INSCRI": "18106", "Mes_Dia_An": "7 de diciembre de 2016", "Mes_Dia_A1": "1 de abril de 2024", "CATEGORIA": "0", "NOMBRE_SEC": "ACTIVIDADES DE ATENCI?N DE LA SALUD HUMANA Y DE ASISTENCIA SOCIAL", "CODIGO_CII": "8699", "DESC_CIIU": "OTRAS ACTIVIDADES DE ATENCI?N DE LA SALUD HUMANA", "TAMANO957": "MICRO", "CIUDAD": "Cali", "COMUNA": "Comuna 17", "BARRIO": "Lili", "DIRECCION_": "-KR 14 # 12 - 52", "TIPO_REGIS": "ESAL", "PERSONAL_O": "1.0", "NUMERO_DE_": "1", "NUMERO_DE1": "0", "INGRESOS_A": null, "X": "-76.52929613219345", "Y": "3.443376986136792", "Id": 0, "area": 136572.15568900001 }, "geometry": { "type": "Point", "coordinates": [ -76.529296132193451, 3.443376986136792 ] } },
{ "type": "Feature", "properties": { "NUM_INSCRI": "1219405", "Mes_Dia_An": "3 de mayo de 2024", "Mes_Dia_A1": "4 de abril de 2025", "CATEGORIA": "PERSONA JURIDICA", "NOMBRE_SEC": "ACTIVIDADES DE ATENCI?N DE LA SALUD HUMANA Y DE ASISTENCIA SOCIAL", "CODIGO_CII": "8699", "DESC_CIIU": "OTRAS ACTIVIDADES DE ATENCI?N DE LA SALUD HUMANA", "TAMANO957": "MICRO", "CIUDAD": "Cali", "COMUNA": "Comuna 09", "BARRIO": "Alameda", "DIRECCION_": "-KR 13 # 10 - 86", "TIPO_REGIS": "MERCANTIL", "PERSONAL_O": "9.0", "NUMERO_DE_": "8", "NUMERO_DE1": "1", "INGRESOS_A": "733436000.0", "X": "-76.53139567773039", "Y": "3.44434189174884", "Id": 0, "area": 136572.15568900001 }, "geometry": { "type": "Point", "coordinates": [ -76.531395677730387, 3.44434189174884 ] } },
{ "type": "Feature", "properties": { "NUM_INSCRI": "1235196", "Mes_Dia_An": "18 de octubre de 2024", "Mes_Dia_A1": "18 de octubre de 2024", "CATEGORIA": "PERSONA JURIDICA", "NOMBRE_SEC": "ACTIVIDADES ART?STICAS, DE ENTRETENIMIENTO Y RECREACI?N", "CODIGO_CII": "9002", "DESC_CIIU": "CREACI?N MUSICAL", "TAMANO957": "MICRO", "CIUDAD": "Cali", "COMUNA": null, "BARRIO": null, "DIRECCION_": "-CL 11   11   53", "TIPO_REGIS": "MERCANTIL", "PERSONAL_O": "5.0", "NUMERO_DE_": "0", "NUMERO_DE1": "5", "INGRESOS_A": null, "X": "-76.53105282179908", "Y": "3.445931719463537", "Id": 0, "area": 136572.15568900001 }, "geometry": { "type": "Point", "coordinates": [ -76.531052821799079, 3.445931719463537 ] } },
{ "type": "Feature", "properties": { "NUM_INSCRI": "1250416", "Mes_Dia_An": "9 de abril de 2025", "Mes_Dia_A1": "9 de abril de 2025", "CATEGORIA": "PERSONA NATURAL", "NOMBRE_SEC": "ACTIVIDADES ART?STICAS, DE ENTRETENIMIENTO Y RECREACI?N", "CODIGO_CII": "9008", "DESC_CIIU": "OTRAS ACTIVIDADES DE ESPECT?CULOS EN VIVO N.C.P.", "TAMANO957": "MICRO", "CIUDAD": "Cali", "COMUNA": "Comuna 03", "BARRIO": "San Pascual", "DIRECCION_": "-CL 14  13 A   30", "TIPO_REGIS": "MERCANTIL", "PERSONAL_O": "0.0", "NUMERO_DE_": "0", "NUMERO_DE1": "0", "INGRESOS_A": "0.0", "X": "-76.52707420886072", "Y": "3.443622983563261", "Id": 0, "area": 136572.15568900001 }, "geometry": { "type": "Point", "coordinates": [ -76.527074208860725, 3.443622983563261 ] } },
{ "type": "Feature", "properties": { "NUM_INSCRI": "1252852", "Mes_Dia_An": "8 de mayo de 2025", "Mes_Dia_A1": "8 de mayo de 2025", "CATEGORIA": "PERSONA NATURAL", "NOMBRE_SEC": "ACTIVIDADES ART?STICAS, DE ENTRETENIMIENTO Y RECREACI?N", "CODIGO_CII": "9008", "DESC_CIIU": "OTRAS ACTIVIDADES DE ESPECT?CULOS EN VIVO N.C.P.", "TAMANO957": "MICRO", "CIUDAD": "Cali", "COMUNA": "Comuna 03", "BARRIO": "San Pascual", "DIRECCION_": "-CL 13 A  13   122", "TIPO_REGIS": "MERCANTIL", "PERSONAL_O": "0.0", "NUMERO_DE_": "0", "NUMERO_DE1": "0", "INGRESOS_A": "0.0", "X": "-76.52795344120722", "Y": "3.443800227118305", "Id": 0, "area": 136572.15568900001 }, "geometry": { "type": "Point", "coordinates": [ -76.527953441207217, 3.443800227118305 ] } },
{ "type": "Feature", "properties": { "NUM_INSCRI": "1254978", "Mes_Dia_An": "29 de mayo de 2025", "Mes_Dia_A1": "29 de mayo de 2025", "CATEGORIA": "PERSONA NATURAL", "NOMBRE_SEC": "ACTIVIDADES ART?STICAS, DE ENTRETENIMIENTO Y RECREACI?N", "CODIGO_CII": "9008", "DESC_CIIU": "OTRAS ACTIVIDADES DE ESPECT?CULOS EN VIVO N.C.P.", "TAMANO957": "MICRO", "CIUDAD": "Cali", "COMUNA": "Comuna 03", "BARRIO": "San Pascual", "DIRECCION_": "-CL 13 A  13   122", "TIPO_REGIS": "MERCANTIL", "PERSONAL_O": "0.0", "NUMERO_DE_": "0", "NUMERO_DE1": "0", "INGRESOS_A": "0.0", "X": "-76.52795344120722", "Y": "3.443800227118305", "Id": 0, "area": 136572.15568900001 }, "geometry": { "type": "Point", "coordinates": [ -76.527953441207217, 3.443800227118305 ] } },
{ "type": "Feature", "properties": { "NUM_INSCRI": "896193", "Mes_Dia_An": "27 de marzo de 2014", "Mes_Dia_A1": "3 de junio de 2025", "CATEGORIA": "PERSONA NATURAL", "NOMBRE_SEC": "ACTIVIDADES ART?STICAS, DE ENTRETENIMIENTO Y RECREACI?N", "CODIGO_CII": "9329", "DESC_CIIU": "OTRAS ACTIVIDADES RECREATIVAS Y DE ESPARCIMIENTO N.C.P.", "TAMANO957": "MICRO", "CIUDAD": "Cali", "COMUNA": "Comuna 03", "BARRIO": "San Pascual", "DIRECCION_": "-KR 14 # 14 - 74", "TIPO_REGIS": "MERCANTIL", "PERSONAL_O": "2.0", "NUMERO_DE_": "2", "NUMERO_DE1": "0", "INGRESOS_A": "0.0", "X": "-76.52623007277177", "Y": "3.443225080825602", "Id": 0, "area": 136572.15568900001 }, "geometry": { "type": "Point", "coordinates": [ -76.526230072771767, 3.443225080825602 ] } },
{ "type": "Feature", "properties": { "NUM_INSCRI": "5843", "Mes_Dia_An": "6 de junio de 2003", "Mes_Dia_A1": "11 de abril de 2025", "CATEGORIA": "0", "NOMBRE_SEC": "OTRAS ACTIVIDADES DE SERVICIOS", "CODIGO_CII": "9499", "DESC_CIIU": "ACTIVIDADES DE OTRAS ORGANIZACIONES NCP", "TAMANO957": "MICRO", "CIUDAD": "Cali", "COMUNA": "Comuna 03", "BARRIO": "San Juan Bosco", "DIRECCION_": "-KR 14 # 11 - 62", "TIPO_REGIS": "ESAL", "PERSONAL_O": "0.0", "NUMERO_DE_": "0", "NUMERO_DE1": "0", "INGRESOS_A": "16072000.0", "X": "-76.53014926518827", "Y": "3.443395968975276", "Id": 0, "area": 136572.15568900001 }, "geometry": { "type": "Point", "coordinates": [ -76.530149265188271, 3.443395968975276 ] } },
{ "type": "Feature", "properties": { "NUM_INSCRI": "6521", "Mes_Dia_An": "25 de febrero de 2004", "Mes_Dia_A1": "26 de marzo de 2025", "CATEGORIA": "0", "NOMBRE_SEC": "OTRAS ACTIVIDADES DE SERVICIOS", "CODIGO_CII": "9499", "DESC_CIIU": "ACTIVIDADES DE OTRAS ORGANIZACIONES NCP", "TAMANO957": "MICRO", "CIUDAD": "Cali", "COMUNA": "Comuna 03", "BARRIO": "San Juan Bosco", "DIRECCION_": "-CRA 13 # 10 - 44", "TIPO_REGIS": "ESAL", "PERSONAL_O": "0.0", "NUMERO_DE_": "0", "NUMERO_DE1": "0", "INGRESOS_A": "0.0", "X": "-76.53177544640003", "Y": "3.444188150101721", "Id": 0, "area": 136572.15568900001 }, "geometry": { "type": "Point", "coordinates": [ -76.531775446400033, 3.444188150101721 ] } },
{ "type": "Feature", "properties": { "NUM_INSCRI": "13251", "Mes_Dia_An": "25 de agosto de 2011", "Mes_Dia_A1": "17 de marzo de 2025", "CATEGORIA": "0", "NOMBRE_SEC": "OTRAS ACTIVIDADES DE SERVICIOS", "CODIGO_CII": "9499", "DESC_CIIU": "ACTIVIDADES DE OTRAS ASOCIACIONES N.C.P.", "TAMANO957": "MICRO", "CIUDAD": "Cali", "COMUNA": "Comuna 03", "BARRIO": "San Pascual", "DIRECCION_": "-KR 14 # 12 - 32", "TIPO_REGIS": "ESAL", "PERSONAL_O": "0.0", "NUMERO_DE_": "-1", "NUMERO_DE1": "1", "INGRESOS_A": "0.0", "X": "-76.52944911968275", "Y": "3.443327246198098", "Id": 0, "area": 136572.15568900001 }, "geometry": { "type": "Point", "coordinates": [ -76.529449119682752, 3.443327246198098 ] } },
{ "type": "Feature", "properties": { "NUM_INSCRI": "17387", "Mes_Dia_An": "13 de octubre de 2015", "Mes_Dia_A1": "4 de marzo de 2025", "CATEGORIA": "0", "NOMBRE_SEC": "OTRAS ACTIVIDADES DE SERVICIOS", "CODIGO_CII": "9499", "DESC_CIIU": "ACTIVIDADES DE OTRAS ASOCIACIONES N.C.P.", "TAMANO957": "MICRO", "CIUDAD": "Cali", "COMUNA": "Comuna 03", "BARRIO": "San Pascual", "DIRECCION_": "-KR 14 # 14 - 42", "TIPO_REGIS": "ESAL", "PERSONAL_O": "0.0", "NUMERO_DE_": "0", "NUMERO_DE1": "0", "INGRESOS_A": "0.0", "X": "-76.52642715725787", "Y": "3.443231409985546", "Id": 0, "area": 136572.15568900001 }, "geometry": { "type": "Point", "coordinates": [ -76.526427157257871, 3.443231409985546 ] } },
{ "type": "Feature", "properties": { "NUM_INSCRI": "17955", "Mes_Dia_An": "14 de septiembre de 2016", "Mes_Dia_A1": "6 de junio de 2025", "CATEGORIA": "0", "NOMBRE_SEC": "OTRAS ACTIVIDADES DE SERVICIOS", "CODIGO_CII": "9499", "DESC_CIIU": "ACTIVIDADES DE OTRAS ASOCIACIONES N.C.P.", "TAMANO957": "MICRO", "CIUDAD": "Cali", "COMUNA": "Comuna 03", "BARRIO": "San Juan Bosco", "DIRECCION_": "-KR 14 # 11 - 62", "TIPO_REGIS": "ESAL", "PERSONAL_O": "0.0", "NUMERO_DE_": "0", "NUMERO_DE1": "0", "INGRESOS_A": "85377000.0", "X": "-76.53014926518827", "Y": "3.443395968975276", "Id": 0, "area": 136572.15568900001 }, "geometry": { "type": "Point", "coordinates": [ -76.530149265188271, 3.443395968975276 ] } },
{ "type": "Feature", "properties": { "NUM_INSCRI": "18199", "Mes_Dia_An": "16 de febrero de 2017", "Mes_Dia_A1": "30 de marzo de 2025", "CATEGORIA": "0", "NOMBRE_SEC": "OTRAS ACTIVIDADES DE SERVICIOS", "CODIGO_CII": "9499", "DESC_CIIU": "ACTIVIDADES DE OTRAS ASOCIACIONES N.C.P.", "TAMANO957": "MICRO", "CIUDAD": "Cali", "COMUNA": "Comuna 03", "BARRIO": "San Juan Bosco", "DIRECCION_": "-KR 12 # 10 - 122", "TIPO_REGIS": "ESAL", "PERSONAL_O": "0.0", "NUMERO_DE_": "0", "NUMERO_DE1": "0", "INGRESOS_A": "154836408.0", "X": "-76.53124450003205", "Y": "3.445287829623386", "Id": 0, "area": 136572.15568900001 }, "geometry": { "type": "Point", "coordinates": [ -76.531244500032045, 3.445287829623386 ] } },
{ "type": "Feature", "properties": { "NUM_INSCRI": "22089", "Mes_Dia_An": "24 de octubre de 2023", "Mes_Dia_A1": "30 de septiembre de 2024", "CATEGORIA": "0", "NOMBRE_SEC": "OTRAS ACTIVIDADES DE SERVICIOS", "CODIGO_CII": "9499", "DESC_CIIU": "ACTIVIDADES DE OTRAS ASOCIACIONES N.C.P.", "TAMANO957": "MICRO", "CIUDAD": "Cali", "COMUNA": "Comuna 03", "BARRIO": "San Juan Bosco", "DIRECCION_": "-CR 14  11   62", "TIPO_REGIS": "ESAL", "PERSONAL_O": "4.0", "NUMERO_DE_": "3", "NUMERO_DE1": "1", "INGRESOS_A": null, "X": "-76.53014926518827", "Y": "3.443395968975276", "Id": 0, "area": 136572.15568900001 }, "geometry": { "type": "Point", "coordinates": [ -76.530149265188271, 3.443395968975276 ] } },
{ "type": "Feature", "properties": { "NUM_INSCRI": "23278", "Mes_Dia_An": "29 de agosto de 2025", "Mes_Dia_A1": "29 de agosto de 2025", "CATEGORIA": "0", "NOMBRE_SEC": "OTRAS ACTIVIDADES DE SERVICIOS", "CODIGO_CII": "9499", "DESC_CIIU": "ACTIVIDADES DE OTRAS ASOCIACIONES N.C.P.", "TAMANO957": "MICRO", "CIUDAD": "Cali", "COMUNA": "Comuna 03", "BARRIO": "San Pascual", "DIRECCION_": "-CL 13  14   38", "TIPO_REGIS": "ESAL", "PERSONAL_O": "0.0", "NUMERO_DE_": "0", "NUMERO_DE1": "0", "INGRESOS_A": "0.0", "X": "-76.52880566799995", "Y": "3.443048716296447", "Id": 0, "area": 136572.15568900001 }, "geometry": { "type": "Point", "coordinates": [ -76.528805667999947, 3.443048716296447 ] } },
{ "type": "Feature", "properties": { "NUM_INSCRI": "1100520", "Mes_Dia_An": "10 de noviembre de 2020", "Mes_Dia_A1": "17 de febrero de 2025", "CATEGORIA": "PERSONA NATURAL", "NOMBRE_SEC": "OTRAS ACTIVIDADES DE SERVICIOS", "CODIGO_CII": "9521", "DESC_CIIU": "MANTENIMIENTO Y REPARACI?N DE APARATOS ELECTR?NICOS DE CONSUMO", "TAMANO957": "MICRO", "CIUDAD": "Cali", "COMUNA": "Comuna 03", "BARRIO": "San Pascual", "DIRECCION_": "-KR 13 # 11 - 51", "TIPO_REGIS": "MERCANTIL", "PERSONAL_O": "0.0", "NUMERO_DE_": "0", "NUMERO_DE1": "0", "INGRESOS_A": "2000000.0", "X": "-76.53023027047745", "Y": "3.444552614783734", "Id": 0, "area": 136572.15568900001 }, "geometry": { "type": "Point", "coordinates": [ -76.530230270477446, 3.444552614783734 ] } },
{ "type": "Feature", "properties": { "NUM_INSCRI": "762832", "Mes_Dia_An": "20 de abril de 2009", "Mes_Dia_A1": "28 de marzo de 2025", "CATEGORIA": "PERSONA NATURAL", "NOMBRE_SEC": "OTRAS ACTIVIDADES DE SERVICIOS", "CODIGO_CII": "9522", "DESC_CIIU": "MANTENIMIENTO Y REPARACI?N DE APARATOS Y EQUIPOS DOM?STICOS Y DE", "TAMANO957": "MICRO", "CIUDAD": "Cali", "COMUNA": "Comuna 03", "BARRIO": "San Pascual", "DIRECCION_": "-CL 15 # 13 A - 18", "TIPO_REGIS": "MERCANTIL", "PERSONAL_O": "2.0", "NUMERO_DE_": "2", "NUMERO_DE1": "0", "INGRESOS_A": "0.0", "X": "-76.52650005571286", "Y": "3.443910566400408", "Id": 0, "area": 136572.15568900001 }, "geometry": { "type": "Point", "coordinates": [ -76.526500055712859, 3.443910566400408 ] } },
{ "type": "Feature", "properties": { "NUM_INSCRI": "214219", "Mes_Dia_An": "14 de abril de 1988", "Mes_Dia_A1": "28 de marzo de 2025", "CATEGORIA": "PERSONA NATURAL", "NOMBRE_SEC": "OTRAS ACTIVIDADES DE SERVICIOS", "CODIGO_CII": "9524", "DESC_CIIU": "REPARACI?N DE MUEBLES Y ACCESORIOS PARA EL HOGAR", "TAMANO957": "MICRO", "CIUDAD": "Cali", "COMUNA": "Comuna 03", "BARRIO": "Santa Rosa", "DIRECCION_": "-KR 10 # 10 - 84", "TIPO_REGIS": "MERCANTIL", "PERSONAL_O": "2.0", "NUMERO_DE_": "2", "NUMERO_DE1": "0", "INGRESOS_A": "144443986.0", "X": "-76.53177187920791", "Y": "3.446968081029899", "Id": 0, "area": 136572.15568900001 }, "geometry": { "type": "Point", "coordinates": [ -76.531771879207909, 3.446968081029899 ] } },
{ "type": "Feature", "properties": { "NUM_INSCRI": "484195", "Mes_Dia_An": "6 de mayo de 1998", "Mes_Dia_A1": "3 de abril de 2025", "CATEGORIA": "PERSONA NATURAL", "NOMBRE_SEC": "OTRAS ACTIVIDADES DE SERVICIOS", "CODIGO_CII": "9529", "DESC_CIIU": "REPARACION DE RELOJES Y JOYAS", "TAMANO957": "MICRO", "CIUDAD": "Cali", "COMUNA": "Comuna 03", "BARRIO": "San Pascual", "DIRECCION_": "-CARRERA 14    12     23", "TIPO_REGIS": "MERCANTIL", "PERSONAL_O": "1.0", "NUMERO_DE_": "1", "NUMERO_DE1": "0", "INGRESOS_A": "0.0", "X": "-76.52952921658479", "Y": "3.443670893392265", "Id": 0, "area": 136572.15568900001 }, "geometry": { "type": "Point", "coordinates": [ -76.529529216584791, 3.443670893392265 ] } },
{ "type": "Feature", "properties": { "NUM_INSCRI": "928431", "Mes_Dia_An": "5 de junio de 2015", "Mes_Dia_A1": "17 de marzo de 2025", "CATEGORIA": "PERSONA NATURAL", "NOMBRE_SEC": "OTRAS ACTIVIDADES DE SERVICIOS", "CODIGO_CII": "9529", "DESC_CIIU": "MANTENIMIENTO Y REPARACI?N DE OTROS EFECTOS PERSONALES Y ENSERES", "TAMANO957": "MICRO", "CIUDAD": "Cali", "COMUNA": "Comuna 03", "BARRIO": "El Calvario", "DIRECCION_": "-KR 10 # 14 - 00 LC 188", "TIPO_REGIS": "MERCANTIL", "PERSONAL_O": "0.0", "NUMERO_DE_": "0", "NUMERO_DE1": "0", "INGRESOS_A": "0.0", "X": "-76.52802186649004", "Y": "3.447734995407312", "Id": 0, "area": 136572.15568900001 }, "geometry": { "type": "Point", "coordinates": [ -76.528021866490036, 3.447734995407312 ] } },
{ "type": "Feature", "properties": { "NUM_INSCRI": "1106369", "Mes_Dia_An": "28 de enero de 2021", "Mes_Dia_A1": "26 de marzo de 2024", "CATEGORIA": "PERSONA NATURAL", "NOMBRE_SEC": "OTRAS ACTIVIDADES DE SERVICIOS", "CODIGO_CII": "9601", "DESC_CIIU": "LAVADO Y LIMPIEZA, INCLUSO LA LIMPIEZA EN SECO, DE PRODUCTOS TEXT", "TAMANO957": "MICRO", "CIUDAD": "Cali", "COMUNA": "Comuna 03", "BARRIO": "San Juan Bosco", "DIRECCION_": "-CL 11 # 12 - 43", "TIPO_REGIS": "MERCANTIL", "PERSONAL_O": "0.0", "NUMERO_DE_": "0", "NUMERO_DE1": "0", "INGRESOS_A": null, "X": "-76.53065144342916", "Y": "3.445085264701388", "Id": 0, "area": 136572.15568900001 }, "geometry": { "type": "Point", "coordinates": [ -76.530651443429164, 3.445085264701388 ] } },
{ "type": "Feature", "properties": { "NUM_INSCRI": "498500", "Mes_Dia_An": "25 de noviembre de 1998", "Mes_Dia_A1": "13 de febrero de 2025", "CATEGORIA": "PERSONA NATURAL", "NOMBRE_SEC": "OTRAS ACTIVIDADES DE SERVICIOS", "CODIGO_CII": "9602", "DESC_CIIU": "SALAS DE BELLEZA", "TAMANO957": "MICRO", "CIUDAD": "Cali", "COMUNA": "Comuna 03", "BARRIO": "San Pascual", "DIRECCION_": "-CL 13 A # 13 A - 09", "TIPO_REGIS": "MERCANTIL", "PERSONAL_O": "1.0", "NUMERO_DE_": "1", "NUMERO_DE1": "0", "INGRESOS_A": "0.0", "X": "-76.52773565736986", "Y": "3.443680856344347", "Id": 0, "area": 136572.15568900001 }, "geometry": { "type": "Point", "coordinates": [ -76.52773565736986, 3.443680856344347 ] } },
{ "type": "Feature", "properties": { "NUM_INSCRI": "1043701", "Mes_Dia_An": "4 de marzo de 2019", "Mes_Dia_A1": "11 de abril de 2024", "CATEGORIA": "PERSONA NATURAL", "NOMBRE_SEC": "OTRAS ACTIVIDADES DE SERVICIOS", "CODIGO_CII": "9602", "DESC_CIIU": "PELUQUER?A Y OTROS TRATAMIENTOS DE BELLEZA", "TAMANO957": "MICRO", "CIUDAD": "Cali", "COMUNA": "Comuna 03", "BARRIO": "Santa Rosa", "DIRECCION_": "-KR 10 # 10 - 24", "TIPO_REGIS": "MERCANTIL", "PERSONAL_O": "0.0", "NUMERO_DE_": "0", "NUMERO_DE1": "0", "INGRESOS_A": null, "X": "-76.53224884058908", "Y": "3.446735660757644", "Id": 0, "area": 136572.15568900001 }, "geometry": { "type": "Point", "coordinates": [ -76.532248840589077, 3.446735660757644 ] } },
{ "type": "Feature", "properties": { "NUM_INSCRI": "1185235", "Mes_Dia_An": "21 de abril de 2023", "Mes_Dia_A1": "19 de marzo de 2024", "CATEGORIA": "PERSONA NATURAL", "NOMBRE_SEC": "OTRAS ACTIVIDADES DE SERVICIOS", "CODIGO_CII": "9602", "DESC_CIIU": "PELUQUER?A Y OTROS TRATAMIENTOS DE BELLEZA", "TAMANO957": "MICRO", "CIUDAD": "Cali", "COMUNA": "Comuna 03", "BARRIO": "Santa Rosa", "DIRECCION_": "-CL 10  11   71", "TIPO_REGIS": "MERCANTIL", "PERSONAL_O": "0.0", "NUMERO_DE_": "0", "NUMERO_DE1": "0", "INGRESOS_A": null, "X": "-76.5322506240005", "Y": "3.44538729479486", "Id": 0, "area": 136572.15568900001 }, "geometry": { "type": "Point", "coordinates": [ -76.532250624000497, 3.44538729479486 ] } },
{ "type": "Feature", "properties": { "NUM_INSCRI": "1225131", "Mes_Dia_An": "4 de julio de 2024", "Mes_Dia_A1": "4 de julio de 2024", "CATEGORIA": "PERSONA NATURAL", "NOMBRE_SEC": "OTRAS ACTIVIDADES DE SERVICIOS", "CODIGO_CII": "9602", "DESC_CIIU": "PELUQUER?A Y OTROS TRATAMIENTOS DE BELLEZA", "TAMANO957": "MICRO", "CIUDAD": "Cali", "COMUNA": "Comuna 03", "BARRIO": "San Juan Bosco", "DIRECCION_": "-CR 14  10   119", "TIPO_REGIS": "MERCANTIL", "PERSONAL_O": "0.0", "NUMERO_DE_": "0", "NUMERO_DE1": "0", "INGRESOS_A": null, "X": "-76.53105009597353", "Y": "3.443553314036238", "Id": 0, "area": 136572.15568900001 }, "geometry": { "type": "Point", "coordinates": [ -76.531050095973526, 3.443553314036238 ] } },
{ "type": "Feature", "properties": { "NUM_INSCRI": "1232525", "Mes_Dia_An": "18 de septiembre de 2024", "Mes_Dia_A1": "18 de septiembre de 2024", "CATEGORIA": "PERSONA NATURAL", "NOMBRE_SEC": "OTRAS ACTIVIDADES DE SERVICIOS", "CODIGO_CII": "9602", "DESC_CIIU": "PELUQUER?A Y OTROS TRATAMIENTOS DE BELLEZA", "TAMANO957": "MICRO", "CIUDAD": "Cali", "COMUNA": "Comuna 09", "BARRIO": "Sucre", "DIRECCION_": "-CR 13  14   01", "TIPO_REGIS": "MERCANTIL", "PERSONAL_O": "0.0", "NUMERO_DE_": "0", "NUMERO_DE1": "0", "INGRESOS_A": null, "X": "-76.52739729178029", "Y": "3.444784149608032", "Id": 0, "area": 136572.15568900001 }, "geometry": { "type": "Point", "coordinates": [ -76.527397291780289, 3.444784149608032 ] } },
{ "type": "Feature", "properties": { "NUM_INSCRI": "1252442", "Mes_Dia_An": "2 de mayo de 2025", "Mes_Dia_A1": "2 de mayo de 2025", "CATEGORIA": "PERSONA NATURAL", "NOMBRE_SEC": "OTRAS ACTIVIDADES DE SERVICIOS", "CODIGO_CII": "9602", "DESC_CIIU": "PELUQUER?A Y OTROS TRATAMIENTOS DE BELLEZA", "TAMANO957": "MICRO", "CIUDAD": "Cali", "COMUNA": "Comuna 03", "BARRIO": "Santa Rosa", "DIRECCION_": "-CR 11  10   48", "TIPO_REGIS": "MERCANTIL", "PERSONAL_O": "0.0", "NUMERO_DE_": "0", "NUMERO_DE1": "0", "INGRESOS_A": "0.0", "X": "-76.53196805321417", "Y": "3.446021238228941", "Id": 0, "area": 136572.15568900001 }, "geometry": { "type": "Point", "coordinates": [ -76.531968053214172, 3.446021238228941 ] } },
{ "type": "Feature", "properties": { "NUM_INSCRI": "1254336", "Mes_Dia_An": "26 de mayo de 2025", "Mes_Dia_A1": "26 de mayo de 2025", "CATEGORIA": "PERSONA NATURAL", "NOMBRE_SEC": "OTRAS ACTIVIDADES DE SERVICIOS", "CODIGO_CII": "9602", "DESC_CIIU": "PELUQUER?A Y OTROS TRATAMIENTOS DE BELLEZA", "TAMANO957": "MICRO", "CIUDAD": "Cali", "COMUNA": "Comuna 03", "BARRIO": "San Pascual", "DIRECCION_": "-CL 14  13 A 20", "TIPO_REGIS": "MERCANTIL", "PERSONAL_O": "1.0", "NUMERO_DE_": "1", "NUMERO_DE1": "0", "INGRESOS_A": "0.0", "X": "-76.52706700982476", "Y": "3.443681765498501", "Id": 0, "area": 136572.15568900001 }, "geometry": { "type": "Point", "coordinates": [ -76.527067009824762, 3.443681765498501 ] } }
]
}
