{
"type": "FeatureCollection",
"name": "DATIC_hurtos_2023_2026T1_poligono_Barrio_Obrero",
"crs": { "type": "name", "properties": { "name": "urn:ogc:def:crs:OGC:1.3:CRS84" } },
"features": [
{ "type": "Feature", "properties": { "dinamica": "HURTO", "titulo": "DELITOS CONTRA EL PATRIMONIO ECONOMICO", "capitulo": "DEL HURTO", "articulo": "HURTO CALIFICADO. ART. 240 C.P.", "grado_deli": "NINGUNO", "tipo_notic": "DENUNCIA", "caracteriz": "HURTO DE AUTOPARTES", "modalidad": "RAPONAZO", "modo": null, "motivo": null, "pais": "COLOMBIA", "dane_dep": 76, "departamen": "VALLE DEL CAUCA", "dane_mpio": 76001, "municipio": "CALI", "cod_comuna": 9.0, "comuna": "Comuna 9", "cod_barrio": 910.0, "nom_barrio": "Barrio Obrero", "direccion": "76001 AVENIDA MIGUEL LÓPEZ MUÑOZ 63", "sitio": "VIA PUBLICA", "x": -76.518508911129999, "y": 3.4497060775800001, "anio": 2023, "mes": "enero", "dia": 1, "dia_semana": 1, "hora_hecho": "21:30", "barrio": "BARRIO OBRERO", "estrato": 2, "geom": "0101000020E6100000000000402F2153C000000080FF980B40", "fecha_hech": "2023-01-01 00:00:00", "Id": 0, "area": 136572.15568900001 }, "geometry": { "type": "Point", "coordinates": [ -76.518508911129999, 3.44970607758 ] } },
{ "type": "Feature", "properties": { "dinamica": "HURTO", "titulo": "DELITOS CONTRA EL PATRIMONIO ECONOMICO", "capitulo": "DEL HURTO", "articulo": "HURTO CALIFICADO. ART. 240 C.P.", "grado_deli": "NINGUNO", "tipo_notic": "DENUNCIA", "caracteriz": "HURTO A ESTABLECIMIENTOS", "modalidad": "ATRACO", "modo": "SUSTANCIA TÓXICA", "motivo": null, "pais": "COLOMBIA", "dane_dep": 76, "departamen": "VALLE DEL CAUCA", "dane_mpio": 76001, "municipio": "CALI", "cod_comuna": 9.0, "comuna": "Comuna 9", "cod_barrio": 910.0, "nom_barrio": "Barrio Obrero", "direccion": "76001 Carrera 12 22A 6, Barrio Obrero, Comuna 9, Cali, Valle del Cauca, COL,BARRIO OBRERO", "sitio": "SIN INFORMACION", "x": -76.520263671880002, "y": 3.4463429451000001, "anio": 2023, "mes": "enero", "dia": 2, "dia_semana": 2, "hora_hecho": "08:15", "barrio": "BARRIO OBRERO", "estrato": 2, "geom": "0101000020E6100000000000004C2153C0000000401C920B40", "fecha_hech": "2023-01-02 00:00:00", "Id": 0, "area": 136572.15568900001 }, "geometry": { "type": "Point", "coordinates": [ -76.520263671880002, 3.4463429451 ] } },
{ "type": "Feature", "properties": { "dinamica": "HURTO", "titulo": "DELITOS CONTRA EL PATRIMONIO ECONOMICO", "capitulo": "DEL HURTO", "articulo": "HURTO CALIFICADO. ART. 240 C.P.", "grado_deli": "NINGUNO", "tipo_notic": "DENUNCIA", "caracteriz": "HURTO DE MOTOCICLETAS", "modalidad": "HALADO", "modo": null, "motivo": null, "pais": "COLOMBIA", "dane_dep": 76, "departamen": "VALLE DEL CAUCA", "dane_mpio": 76001, "municipio": "CALI", "cod_comuna": 9.0, "comuna": "Comuna 9", "cod_barrio": 910.0, "nom_barrio": "Barrio Obrero", "direccion": "76001 CARRERA 15 21 45, BARRIO OBRERO, COMUNA 9, CALI, VALLE DEL CAUCA", "sitio": "VIA PUBLICA", "x": -76.521018981929998, "y": 3.4441850185399998, "anio": 2023, "mes": "enero", "dia": 3, "dia_semana": 3, "hora_hecho": "00:00", "barrio": "BARRIO OBRERO", "estrato": 2, "geom": "0101000020E610000000000060582153C0000000E0B08D0B40", "fecha_hech": "2023-01-03 00:00:00", "Id": 0, "area": 136572.15568900001 }, "geometry": { "type": "Point", "coordinates": [ -76.521018981929998, 3.44418501854 ] } },
{ "type": "Feature", "properties": { "dinamica": "HURTO", "titulo": "DELITOS CONTRA EL PATRIMONIO ECONOMICO", "capitulo": "DEL HURTO", "articulo": "HURTO CALIFICADO. ART. 240 C.P.", "grado_deli": "NINGUNO", "tipo_notic": "DENUNCIA", "caracteriz": "HURTO A RESIDENCIA", "modalidad": "FACTOR DE OPORTUNIDAD", "modo": null, "motivo": null, "pais": "COLOMBIA", "dane_dep": 76, "departamen": "VALLE DEL CAUCA", "dane_mpio": 76001, "municipio": "CALI", "cod_comuna": 9.0, "comuna": "Comuna 9", "cod_barrio": 910.0, "nom_barrio": "Barrio Obrero", "direccion": "76001 CARRERA 8A 21 24, BARRIO OBRERO, COMUNA 9, CALI, VALLE DEL CAUCA", "sitio": "OTRO", "x": -76.522857666020002, "y": 3.45105910301, "anio": 2023, "mes": "enero", "dia": 3, "dia_semana": 3, "hora_hecho": "02:30", "barrio": "BARRIO OBRERO", "estrato": 2, "geom": "0101000020E610000000000080762153C0000000E0C49B0B40", "fecha_hech": "2023-01-03 00:00:00", "Id": 0, "area": 136572.15568900001 }, "geometry": { "type": "Point", "coordinates": [ -76.522857666020002, 3.45105910301 ] } },
{ "type": "Feature", "properties": { "dinamica": "HURTO", "titulo": "DELITOS CONTRA EL PATRIMONIO ECONOMICO", "capitulo": "DEL HURTO", "articulo": "HURTO. ART. 239 C.P.", "grado_deli": "NINGUNO", "tipo_notic": "DENUNCIA", "caracteriz": "HURTO A PERSONAS", "modalidad": "COSQUILLEO", "modo": null, "motivo": null, "pais": "COLOMBIA", "dane_dep": 76, "departamen": "VALLE DEL CAUCA", "dane_mpio": 76001, "municipio": "CALI", "cod_comuna": 9.0, "comuna": "Comuna 9", "cod_barrio": 910.0, "nom_barrio": "Barrio Obrero", "direccion": "76001 Calle 23, Barrio Obrero, Comuna 9, Cali, Valle del Cauca, COL,BARRIO OBRERO", "sitio": "SIN INFORMACION", "x": -76.519592285160002, "y": 3.44796800613, "anio": 2023, "mes": "enero", "dia": 4, "dia_semana": 4, "hora_hecho": "01:30", "barrio": "BARRIO OBRERO", "estrato": 2, "geom": "0101000020E610000000000000412153C00000004070950B40", "fecha_hech": "2023-01-04 00:00:00", "Id": 0, "area": 136572.15568900001 }, "geometry": { "type": "Point", "coordinates": [ -76.519592285160002, 3.44796800613 ] } },
{ "type": "Feature", "properties": { "dinamica": "HURTO", "titulo": "DELITOS CONTRA EL PATRIMONIO ECONOMICO", "capitulo": "DEL HURTO", "articulo": "HURTO CALIFICADO. ART. 240 C.P.", "grado_deli": "NINGUNO", "tipo_notic": "DENUNCIA", "caracteriz": "HURTO DE MOTOCICLETAS", "modalidad": "ATRACO", "modo": "ARMA DE FUEGO", "motivo": null, "pais": "COLOMBIA", "dane_dep": 76, "departamen": "VALLE DEL CAUCA", "dane_mpio": 76001, "municipio": "CALI", "cod_comuna": 9.0, "comuna": "Comuna 9", "cod_barrio": 910.0, "nom_barrio": "Barrio Obrero", "direccion": "76001 CARRERA 10 24 40", "sitio": "VIA PUBLICA", "x": -76.519020080570002, "y": 3.4500949382799999, "anio": 2023, "mes": "enero", "dia": 4, "dia_semana": 4, "hora_hecho": "15:00", "barrio": "BARRIO OBRERO", "estrato": 2, "geom": "0101000020E6100000000000A0372153C000000060CB990B40", "fecha_hech": "2023-01-04 00:00:00", "Id": 0, "area": 136572.15568900001 }, "geometry": { "type": "Point", "coordinates": [ -76.519020080570002, 3.45009493828 ] } },
{ "type": "Feature", "properties": { "dinamica": "HURTO", "titulo": "DELITOS CONTRA EL PATRIMONIO ECONOMICO", "capitulo": "DEL HURTO", "articulo": "HURTO. ART. 239 C.P.", "grado_deli": "NINGUNO", "tipo_notic": "DENUNCIA", "caracteriz": "HURTO A PERSONAS", "modalidad": "RAPONAZO", "modo": null, "motivo": null, "pais": "COLOMBIA", "dane_dep": 76, "departamen": "VALLE DEL CAUCA", "dane_mpio": 76001, "municipio": "CALI", "cod_comuna": 9.0, "comuna": "Comuna 9", "cod_barrio": 910.0, "nom_barrio": "Barrio Obrero", "direccion": "76001 Carrera 10 con Calle 23, Barrio Obrero, Comuna 9, Cali, Valle del Cauca, COL,BARRIO OBRERO", "sitio": "SIN INFORMACION", "x": -76.520217895510001, "y": 3.44987010956, "anio": 2023, "mes": "enero", "dia": 4, "dia_semana": 4, "hora_hecho": "19:30", "barrio": "BARRIO OBRERO", "estrato": 2, "geom": "0101000020E6100000000000404B2153C00000008055990B40", "fecha_hech": "2023-01-04 00:00:00", "Id": 0, "area": 136572.15568900001 }, "geometry": { "type": "Point", "coordinates": [ -76.520217895510001, 3.44987010956 ] } },
{ "type": "Feature", "properties": { "dinamica": "HURTO", "titulo": "DELITOS CONTRA EL PATRIMONIO ECONOMICO", "capitulo": "DEL HURTO", "articulo": "HURTO CALIFICADO. ART. 240 C.P.", "grado_deli": "NINGUNO", "tipo_notic": "DENUNCIA", "caracteriz": "HURTO A ESTABLECIMIENTOS", "modalidad": "FACTOR DE OPORTUNIDAD", "modo": null, "motivo": null, "pais": "COLOMBIA", "dane_dep": 76, "departamen": "VALLE DEL CAUCA", "dane_mpio": 76001, "municipio": "CALI", "cod_comuna": 9.0, "comuna": "Comuna 9", "cod_barrio": 910.0, "nom_barrio": "Barrio Obrero", "direccion": "76001 NO REPORTA CARRERA 11 B No 22 A 46", "sitio": "SIN INFORMACION", "x": -76.520553588870001, "y": 3.4483859539, "anio": 2023, "mes": "enero", "dia": 5, "dia_semana": 5, "hora_hecho": "03:30", "barrio": null, "estrato": 2, "geom": "0101000020E6100000000000C0502153C0000000604B960B40", "fecha_hech": "2023-01-05 00:00:00", "Id": 0, "area": 136572.15568900001 }, "geometry": { "type": "Point", "coordinates": [ -76.520553588870001, 3.4483859539 ] } },
{ "type": "Feature", "properties": { "dinamica": "HURTO", "titulo": "DELITOS CONTRA EL PATRIMONIO ECONOMICO", "capitulo": "DEL HURTO", "articulo": "HURTO. ART. 239 C.P.", "grado_deli": "NINGUNO", "tipo_notic": "QUERELLA", "caracteriz": "HURTO A PERSONAS", "modalidad": "COSQUILLEO", "modo": null, "motivo": null, "pais": "COLOMBIA", "dane_dep": 76, "departamen": "VALLE DEL CAUCA", "dane_mpio": 76001, "municipio": "CALI", "cod_comuna": 9.0, "comuna": "Comuna 9", "cod_barrio": 910.0, "nom_barrio": "Barrio Obrero", "direccion": "76001 Carrera 9, Barrio Obrero, Comuna 9, Cali, Valle del Cauca, COL,BARRIO OBRERO", "sitio": "SIN INFORMACION", "x": -76.520904541020002, "y": 3.4506330490099999, "anio": 2023, "mes": "enero", "dia": 7, "dia_semana": 7, "hora_hecho": "11:18", "barrio": "BARRIO OBRERO", "estrato": 2, "geom": "0101000020E610000000000080562153C000000080E59A0B40", "fecha_hech": "2023-01-07 00:00:00", "Id": 0, "area": 136572.15568900001 }, "geometry": { "type": "Point", "coordinates": [ -76.520904541020002, 3.45063304901 ] } },
{ "type": "Feature", "properties": { "dinamica": "HURTO", "titulo": "DELITOS CONTRA EL PATRIMONIO ECONOMICO", "capitulo": "DEL HURTO", "articulo": "HURTO CALIFICADO. ART. 240 C.P.", "grado_deli": "NINGUNO", "tipo_notic": "DENUNCIA", "caracteriz": "HURTO A PERSONAS", "modalidad": "ATRACO", "modo": "ARMA BLANCA", "motivo": null, "pais": "COLOMBIA", "dane_dep": 76, "departamen": "VALLE DEL CAUCA", "dane_mpio": 76001, "municipio": "CALI", "cod_comuna": 9.0, "comuna": "Comuna 9", "cod_barrio": 910.0, "nom_barrio": "Barrio Obrero", "direccion": "76001 CL 25 CON CON KR 9 Calle 25 con carrera  9", "sitio": "SIN INFORMACION", "x": -76.520362853999998, "y": 3.4492769241299999, "anio": 2023, "mes": "enero", "dia": 7, "dia_semana": 7, "hora_hecho": "19:30", "barrio": null, "estrato": 2, "geom": "0101000020E6100000000000A04D2153C0000000801E980B40", "fecha_hech": "2023-01-07 00:00:00", "Id": 0, "area": 136572.15568900001 }, "geometry": { "type": "Point", "coordinates": [ -76.520362854, 3.44927692413 ] } },
{ "type": "Feature", "properties": { "dinamica": "HURTO", "titulo": "DELITOS CONTRA EL PATRIMONIO ECONOMICO", "capitulo": "DEL HURTO", "articulo": "HURTO CALIFICADO. ART. 240 C.P.", "grado_deli": "NINGUNO", "tipo_notic": "DENUNCIA", "caracteriz": "HURTO A ESTABLECIMIENTOS", "modalidad": "FACTOR DE OPORTUNIDAD", "modo": null, "motivo": null, "pais": "COLOMBIA", "dane_dep": 76, "departamen": "VALLE DEL CAUCA", "dane_mpio": 76001, "municipio": "CALI", "cod_comuna": 9.0, "comuna": "Comuna 9", "cod_barrio": 909.0, "nom_barrio": "Sucre", "direccion": "76001 Carrera 8 con Calle 21, Barrio Obrero, Comuna 9, Cali, Valle del Cauca, COL,SAN NICOLÁS", "sitio": "SIN INFORMACION", "x": -76.52310180664, "y": 3.45180010796, "anio": 2023, "mes": "enero", "dia": 9, "dia_semana": 2, "hora_hecho": "08:00", "barrio": "SAN NICOLÁS", "estrato": 1, "geom": "0101000020E6100000000000807A2153C000000060499D0B40", "fecha_hech": "2023-01-09 00:00:00", "Id": 0, "area": 136572.15568900001 }, "geometry": { "type": "Point", "coordinates": [ -76.52310180664, 3.45180010796 ] } },
{ "type": "Feature", "properties": { "dinamica": "HURTO", "titulo": "DELITOS CONTRA EL PATRIMONIO ECONOMICO", "capitulo": "DEL HURTO", "articulo": "HURTO CALIFICADO. ART. 240 C.P.", "grado_deli": "NINGUNO", "tipo_notic": "DENUNCIA", "caracteriz": "HURTO A PERSONAS", "modalidad": "ATRACO", "modo": "ARMA DE FUEGO", "motivo": null, "pais": "COLOMBIA", "dane_dep": 76, "departamen": "VALLE DEL CAUCA", "dane_mpio": 76001, "municipio": "CALI", "cod_comuna": 9.0, "comuna": "Comuna 9", "cod_barrio": 910.0, "nom_barrio": "Barrio Obrero", "direccion": "76001 CALLE 23 13A, BARRIO OBRERO, COMUNA 9, CALI, VALLE DEL CAUCA", "sitio": "VIA PUBLICA", "x": -76.518882751459998, "y": 3.4448699951199999, "anio": 2023, "mes": "enero", "dia": 9, "dia_semana": 2, "hora_hecho": "13:00", "barrio": "BARRIO OBRERO", "estrato": 2, "geom": "0101000020E610000000000060352153C000000000188F0B40", "fecha_hech": "2023-01-09 00:00:00", "Id": 0, "area": 136572.15568900001 }, "geometry": { "type": "Point", "coordinates": [ -76.518882751459998, 3.44486999512 ] } },
{ "type": "Feature", "properties": { "dinamica": "HURTO", "titulo": "DELITOS CONTRA EL PATRIMONIO ECONOMICO", "capitulo": "DEL HURTO", "articulo": "HURTO CALIFICADO. ART. 240 C.P.", "grado_deli": "NINGUNO", "tipo_notic": "DENUNCIA", "caracteriz": "HURTO DE MOTOCICLETAS", "modalidad": "HALADO", "modo": null, "motivo": null, "pais": "COLOMBIA", "dane_dep": 76, "departamen": "VALLE DEL CAUCA", "dane_mpio": 76001, "municipio": "CALI", "cod_comuna": 9.0, "comuna": "Comuna 9", "cod_barrio": 910.0, "nom_barrio": "Barrio Obrero", "direccion": "76001 AVENIDA MIGUEL LÓPEZ MUÑOZ 35", "sitio": "VIA PUBLICA", "x": -76.518257141109999, "y": 3.4482579231299999, "anio": 2023, "mes": "enero", "dia": 10, "dia_semana": 3, "hora_hecho": "00:00", "barrio": "BARRIO OBRERO", "estrato": 2, "geom": "0101000020E6100000000000202B2153C00000004008960B40", "fecha_hech": "2023-01-10 00:00:00", "Id": 0, "area": 136572.15568900001 }, "geometry": { "type": "Point", "coordinates": [ -76.518257141109999, 3.44825792313 ] } },
{ "type": "Feature", "properties": { "dinamica": "HURTO", "titulo": "DELITOS CONTRA EL PATRIMONIO ECONOMICO", "capitulo": "DEL HURTO", "articulo": "HURTO. ART. 239 C.P.", "grado_deli": "NINGUNO", "tipo_notic": "DENUNCIA", "caracteriz": "HURTO A PERSONAS", "modalidad": "COSQUILLEO", "modo": null, "motivo": null, "pais": "COLOMBIA", "dane_dep": 76, "departamen": "VALLE DEL CAUCA", "dane_mpio": 76001, "municipio": "CALI", "cod_comuna": 9.0, "comuna": "Comuna 9", "cod_barrio": 910.0, "nom_barrio": "Barrio Obrero", "direccion": "76001 El Camionerito, Carrera 11, Barrio Obrero, Comuna 9, Cali, Valle del Cauca, COL,BARRIO OBRERO", "sitio": "SIN INFORMACION", "x": -76.518814086909998, "y": 3.44922208786, "anio": 2023, "mes": "enero", "dia": 12, "dia_semana": 5, "hora_hecho": "13:55", "barrio": "BARRIO OBRERO", "estrato": 2, "geom": "0101000020E610000000000040342153C0000000C001980B40", "fecha_hech": "2023-01-12 00:00:00", "Id": 0, "area": 136572.15568900001 }, "geometry": { "type": "Point", "coordinates": [ -76.518814086909998, 3.44922208786 ] } },
{ "type": "Feature", "properties": { "dinamica": "HURTO", "titulo": "DELITOS CONTRA EL PATRIMONIO ECONOMICO", "capitulo": "DEL HURTO", "articulo": "HURTO. ART. 239 C.P.", "grado_deli": "NINGUNO", "tipo_notic": "DENUNCIA", "caracteriz": "HURTO A PERSONAS", "modalidad": "RAPONAZO", "modo": null, "motivo": null, "pais": "COLOMBIA", "dane_dep": 76, "departamen": "VALLE DEL CAUCA", "dane_mpio": 76001, "municipio": "CALI", "cod_comuna": 9.0, "comuna": "Comuna 9", "cod_barrio": 910.0, "nom_barrio": "Barrio Obrero", "direccion": "76001 Carrera 8 23, San Nicolás, Comuna 3, Cali, Valle del Cauca, COL,BARRIO OBRERO", "sitio": "SIN INFORMACION", "x": -76.520362853999998, "y": 3.4525299072300002, "anio": 2023, "mes": "enero", "dia": 13, "dia_semana": 6, "hora_hecho": "09:15", "barrio": "BARRIO OBRERO", "estrato": 2, "geom": "0101000020E6100000000000A04D2153C000000000C89E0B40", "fecha_hech": "2023-01-13 00:00:00", "Id": 0, "area": 136572.15568900001 }, "geometry": { "type": "Point", "coordinates": [ -76.520362854, 3.45252990723 ] } },
{ "type": "Feature", "properties": { "dinamica": "HURTO", "titulo": "DELITOS CONTRA EL PATRIMONIO ECONOMICO", "capitulo": "DEL HURTO", "articulo": "HURTO. ART. 239 C.P.", "grado_deli": "NINGUNO", "tipo_notic": "QUERELLA", "caracteriz": "HURTO A PERSONAS", "modalidad": "ATRACO", "modo": "ARMA DE FUEGO", "motivo": null, "pais": "COLOMBIA", "dane_dep": 76, "departamen": "VALLE DEL CAUCA", "dane_mpio": 76001, "municipio": "CALI", "cod_comuna": 9.0, "comuna": "Comuna 9", "cod_barrio": 910.0, "nom_barrio": "Barrio Obrero", "direccion": "76001 Carrera 11, Barrio Obrero, Comuna 9, Cali, Valle del Cauca, COL,BARRIO OBRERO", "sitio": "SIN INFORMACION", "x": -76.52010345459, "y": 3.4490509033199999, "anio": 2023, "mes": "enero", "dia": 13, "dia_semana": 6, "hora_hecho": "13:58", "barrio": "BARRIO OBRERO", "estrato": 2, "geom": "0101000020E610000000000060492153C000000000A8970B40", "fecha_hech": "2023-01-13 00:00:00", "Id": 0, "area": 136572.15568900001 }, "geometry": { "type": "Point", "coordinates": [ -76.52010345459, 3.44905090332 ] } },
{ "type": "Feature", "properties": { "dinamica": "HURTO", "titulo": "DELITOS CONTRA EL PATRIMONIO ECONOMICO", "capitulo": "DEL HURTO", "articulo": "HURTO CALIFICADO. ART. 240 C.P.", "grado_deli": "AGRAVADO", "tipo_notic": "DENUNCIA", "caracteriz": "HURTO A CELULARES", "modalidad": "COSQUILLEO", "modo": null, "motivo": null, "pais": "COLOMBIA", "dane_dep": 76, "departamen": "VALLE DEL CAUCA", "dane_mpio": 76001, "municipio": "CALI", "cod_comuna": 9.0, "comuna": "Comuna 9", "cod_barrio": 910.0, "nom_barrio": "Barrio Obrero", "direccion": "76001 CARRERA 10 21, BARRIO OBRERO, COMUNA 9, CALI, VALLE DEL CAUCA", "sitio": "TRANSPORTE MASIVO", "x": -76.522277832029999, "y": 3.4493849277500002, "anio": 2023, "mes": "enero", "dia": 20, "dia_semana": 6, "hora_hecho": "07:30", "barrio": "BARRIO OBRERO", "estrato": 2, "geom": "0101000020E6100000000000006D2153C00000002057980B40", "fecha_hech": "2023-01-20 00:00:00", "Id": 0, "area": 136572.15568900001 }, "geometry": { "type": "Point", "coordinates": [ -76.522277832029999, 3.44938492775 ] } },
{ "type": "Feature", "properties": { "dinamica": "HURTO", "titulo": "DELITOS CONTRA EL PATRIMONIO ECONOMICO", "capitulo": "DEL HURTO", "articulo": "HURTO CALIFICADO. ART. 240 C.P.", "grado_deli": "NINGUNO", "tipo_notic": "DENUNCIA", "caracteriz": "HURTO A PERSONAS", "modalidad": "ATRACO", "modo": "SUSTANCIA TÓXICA", "motivo": null, "pais": "COLOMBIA", "dane_dep": 76, "departamen": "VALLE DEL CAUCA", "dane_mpio": 76001, "municipio": "CALI", "cod_comuna": 9.0, "comuna": "Comuna 9", "cod_barrio": 910.0, "nom_barrio": "Barrio Obrero", "direccion": "76001 CARRERA 8 23, BARRIO OBRERO, COMUNA 9, CALI, VALLE DEL CAUCA", "sitio": "OTRO", "x": -76.520362853999998, "y": 3.4525299072300002, "anio": 2023, "mes": "enero", "dia": 21, "dia_semana": 7, "hora_hecho": "18:30", "barrio": "SAN NICOLÁS", "estrato": 2, "geom": "0101000020E6100000000000A04D2153C000000000C89E0B40", "fecha_hech": "2023-01-21 00:00:00", "Id": 0, "area": 136572.15568900001 }, "geometry": { "type": "Point", "coordinates": [ -76.520362854, 3.45252990723 ] } },
{ "type": "Feature", "properties": { "dinamica": "HURTO", "titulo": "DELITOS CONTRA EL PATRIMONIO ECONOMICO", "capitulo": "DEL HURTO", "articulo": "HURTO CALIFICADO. ART. 240 C.P.", "grado_deli": "AGRAVADO", "tipo_notic": "DENUNCIA", "caracteriz": "HURTO A PERSONAS", "modalidad": "ATRACO", "modo": "ARMA DE FUEGO", "motivo": null, "pais": "COLOMBIA", "dane_dep": 76, "departamen": "VALLE DEL CAUCA", "dane_mpio": 76001, "municipio": "CALI", "cod_comuna": 9.0, "comuna": "Comuna 9", "cod_barrio": 910.0, "nom_barrio": "Barrio Obrero", "direccion": "76001 BARRIO/LOCALIDAD/COMUNA:BARRIO OBRERO/COMUNA 9,CALI/VALLE DEL CAUCA,BARRIO OBRERO", "sitio": "SIN INFORMACION", "x": -76.521041870120001, "y": 3.4489719867700002, "anio": 2023, "mes": "enero", "dia": 23, "dia_semana": 2, "hora_hecho": "16:00", "barrio": "BARRIO OBRERO", "estrato": 2, "geom": "0101000020E6100000000000C0582153C0000000A07E970B40", "fecha_hech": "2023-01-23 00:00:00", "Id": 0, "area": 136572.15568900001 }, "geometry": { "type": "Point", "coordinates": [ -76.521041870120001, 3.44897198677 ] } },
{ "type": "Feature", "properties": { "dinamica": "HURTO", "titulo": "DELITOS CONTRA EL PATRIMONIO ECONOMICO", "capitulo": "DEL HURTO", "articulo": "HURTO. ART. 239 C.P.", "grado_deli": "NINGUNO", "tipo_notic": "DENUNCIA", "caracteriz": "HURTO A PERSONAS", "modalidad": "COSQUILLEO", "modo": null, "motivo": null, "pais": "COLOMBIA", "dane_dep": 76, "departamen": "VALLE DEL CAUCA", "dane_mpio": 76001, "municipio": "CALI", "cod_comuna": 9.0, "comuna": "Comuna 9", "cod_barrio": 910.0, "nom_barrio": "Barrio Obrero", "direccion": "76001 CARRERA 9 24 149", "sitio": "VIA PUBLICA", "x": -76.518730163569998, "y": 3.4511260986300001, "anio": 2023, "mes": "enero", "dia": 25, "dia_semana": 4, "hora_hecho": "03:00", "barrio": "BARRIO OBRERO", "estrato": 2, "geom": "0101000020E6100000000000E0322153C000000000E89B0B40", "fecha_hech": "2023-01-25 00:00:00", "Id": 0, "area": 136572.15568900001 }, "geometry": { "type": "Point", "coordinates": [ -76.518730163569998, 3.45112609863 ] } },
{ "type": "Feature", "properties": { "dinamica": "HURTO", "titulo": "DELITOS CONTRA EL PATRIMONIO ECONOMICO", "capitulo": "DEL HURTO", "articulo": "HURTO CALIFICADO. ART. 240 C.P.", "grado_deli": "NINGUNO", "tipo_notic": "DENUNCIA", "caracteriz": "HURTO A PERSONAS", "modalidad": "ATRACO", "modo": "SIN ARMA", "motivo": null, "pais": "COLOMBIA", "dane_dep": 76, "departamen": "VALLE DEL CAUCA", "dane_mpio": 76001, "municipio": "CALI", "cod_comuna": 9.0, "comuna": "Comuna 9", "cod_barrio": 910.0, "nom_barrio": "Barrio Obrero", "direccion": "76001 Mi Deleite, Carrera 10 21, Barrio Obrero, Comuna 9, Cali, Valle del Cauca, COL,BARRIO OBRERO", "sitio": "SIN INFORMACION", "x": -76.52212524414, "y": 3.44954109192, "anio": 2023, "mes": "enero", "dia": 26, "dia_semana": 5, "hora_hecho": "01:00", "barrio": "BARRIO OBRERO", "estrato": 2, "geom": "0101000020E6100000000000806A2153C000000000A9980B40", "fecha_hech": "2023-01-26 00:00:00", "Id": 0, "area": 136572.15568900001 }, "geometry": { "type": "Point", "coordinates": [ -76.52212524414, 3.44954109192 ] } },
{ "type": "Feature", "properties": { "dinamica": "HURTO", "titulo": "DELITOS CONTRA EL PATRIMONIO ECONOMICO", "capitulo": "DEL HURTO", "articulo": "HURTO CALIFICADO. ART. 240 C.P.", "grado_deli": "NINGUNO", "tipo_notic": "DENUNCIA", "caracteriz": "HURTO A RESIDENCIA", "modalidad": "LLAVE MAESTRA", "modo": null, "motivo": null, "pais": "COLOMBIA", "dane_dep": 76, "departamen": "VALLE DEL CAUCA", "dane_mpio": 76001, "municipio": "CALI", "cod_comuna": 9.0, "comuna": "Comuna 9", "cod_barrio": 910.0, "nom_barrio": "Barrio Obrero", "direccion": "76001 Carrera 11 22 65, Barrio Obrero, Comuna 9, Cali, Valle del Cauca, COL,BARRIO OBRERO", "sitio": "SIN INFORMACION", "x": -76.521202087399999, "y": 3.4488799572, "anio": 2023, "mes": "enero", "dia": 30, "dia_semana": 2, "hora_hecho": "15:20", "barrio": "BARRIO OBRERO", "estrato": 2, "geom": "0101000020E6100000000000605B2153C0000000604E970B40", "fecha_hech": "2023-01-30 00:00:00", "Id": 0, "area": 136572.15568900001 }, "geometry": { "type": "Point", "coordinates": [ -76.521202087399999, 3.4488799572 ] } },
{ "type": "Feature", "properties": { "dinamica": "HURTO", "titulo": "DELITOS CONTRA EL PATRIMONIO ECONOMICO", "capitulo": "DEL HURTO", "articulo": "HURTO. ART. 239 C.P.", "grado_deli": "NINGUNO", "tipo_notic": "DENUNCIA", "caracteriz": "HURTO A CELULARES", "modalidad": "FACTOR DE OPORTUNIDAD", "modo": null, "motivo": null, "pais": "COLOMBIA", "dane_dep": 76, "departamen": "VALLE DEL CAUCA", "dane_mpio": 76001, "municipio": "CALI", "cod_comuna": 9.0, "comuna": "Comuna 9", "cod_barrio": 910.0, "nom_barrio": "Barrio Obrero", "direccion": "76001 CALLE 22 11 19, BARRIO OBRERO, COMUNA 9, CALI, VALLE DEL CAUCA", "sitio": "ESTABLECIMIENTO DE COMERCIO", "x": -76.521621704099999, "y": 3.4485280513799998, "anio": 2023, "mes": "enero", "dia": 31, "dia_semana": 3, "hora_hecho": "04:00", "barrio": "BARRIO OBRERO", "estrato": 2, "geom": "0101000020E610000000000040622153C0000000E095960B40", "fecha_hech": "2023-01-31 00:00:00", "Id": 0, "area": 136572.15568900001 }, "geometry": { "type": "Point", "coordinates": [ -76.521621704099999, 3.44852805138 ] } },
{ "type": "Feature", "properties": { "dinamica": "HURTO", "titulo": "DELITOS CONTRA EL PATRIMONIO ECONOMICO", "capitulo": "DEL HURTO", "articulo": "HURTO CALIFICADO. ART. 240 C.P.", "grado_deli": "NINGUNO", "tipo_notic": "DENUNCIA", "caracteriz": "HURTO DE AUTOPARTES", "modalidad": "RAPONAZO", "modo": null, "motivo": null, "pais": "COLOMBIA", "dane_dep": 76, "departamen": "VALLE DEL CAUCA", "dane_mpio": 76001, "municipio": "CALI", "cod_comuna": 9.0, "comuna": "Comuna 9", "cod_barrio": 910.0, "nom_barrio": "Barrio Obrero", "direccion": "76001 CL 25 CON CON KR 8 CALLE 25 CARRERA 8", "sitio": "SIN INFORMACION", "x": -76.519088745120001, "y": 3.4528210163100002, "anio": 2023, "mes": "enero", "dia": 31, "dia_semana": 3, "hora_hecho": "07:00", "barrio": null, "estrato": 2, "geom": "0101000020E6100000000000C0382153C0000000A0609F0B40", "fecha_hech": "2023-01-31 00:00:00", "Id": 0, "area": 136572.15568900001 }, "geometry": { "type": "Point", "coordinates": [ -76.519088745120001, 3.45282101631 ] } },
{ "type": "Feature", "properties": { "dinamica": "HURTO", "titulo": "DELITOS CONTRA EL PATRIMONIO ECONOMICO", "capitulo": "DEL HURTO", "articulo": "HURTO CALIFICADO. ART. 240 C.P.", "grado_deli": "NINGUNO", "tipo_notic": "DENUNCIA", "caracteriz": "HURTO A PERSONAS", "modalidad": "COSQUILLEO", "modo": null, "motivo": null, "pais": "COLOMBIA", "dane_dep": 76, "departamen": "VALLE DEL CAUCA", "dane_mpio": 76001, "municipio": "CALI", "cod_comuna": 9.0, "comuna": "Comuna 9", "cod_barrio": 910.0, "nom_barrio": "Barrio Obrero", "direccion": "76001 Carrera 11, Barrio Obrero, Comuna 9, Cali, Valle del Cauca, COL,BARRIO OBRERO", "sitio": "SIN INFORMACION", "x": -76.520446777339998, "y": 3.44870209694, "anio": 2023, "mes": "febrero", "dia": 1, "dia_semana": 4, "hora_hecho": "14:00", "barrio": "BARRIO OBRERO", "estrato": 2, "geom": "0101000020E6100000000000004F2153C000000020F1960B40", "fecha_hech": "2023-02-01 00:00:00", "Id": 0, "area": 136572.15568900001 }, "geometry": { "type": "Point", "coordinates": [ -76.520446777339998, 3.44870209694 ] } },
{ "type": "Feature", "properties": { "dinamica": "HURTO", "titulo": "DELITOS CONTRA EL PATRIMONIO ECONOMICO", "capitulo": "DEL HURTO", "articulo": "HURTO CALIFICADO. ART. 240 C.P.", "grado_deli": "NINGUNO", "tipo_notic": "DENUNCIA", "caracteriz": "HURTO A CELULARES", "modalidad": "COSQUILLEO", "modo": null, "motivo": null, "pais": "COLOMBIA", "dane_dep": 76, "departamen": "VALLE DEL CAUCA", "dane_mpio": 76001, "municipio": "CALI", "cod_comuna": 9.0, "comuna": "Comuna 9", "cod_barrio": 910.0, "nom_barrio": "Barrio Obrero", "direccion": "76001 CARRERA 10 22 6", "sitio": "TRANSPORTE MASIVO", "x": -76.521781921390001, "y": 3.4494800567600001, "anio": 2023, "mes": "febrero", "dia": 2, "dia_semana": 5, "hora_hecho": "05:30", "barrio": "BARRIO OBRERO", "estrato": 2, "geom": "0101000020E6100000000000E0642153C00000000089980B40", "fecha_hech": "2023-02-02 00:00:00", "Id": 0, "area": 136572.15568900001 }, "geometry": { "type": "Point", "coordinates": [ -76.521781921390001, 3.44948005676 ] } },
{ "type": "Feature", "properties": { "dinamica": "HURTO", "titulo": "DELITOS CONTRA EL PATRIMONIO ECONOMICO", "capitulo": "DEL HURTO", "articulo": "HURTO CALIFICADO. ART. 240 C.P.", "grado_deli": "AGRAVADO", "tipo_notic": "DENUNCIA", "caracteriz": "HURTO A CELULARES", "modalidad": "COSQUILLEO", "modo": null, "motivo": null, "pais": "COLOMBIA", "dane_dep": 76, "departamen": "VALLE DEL CAUCA", "dane_mpio": 76001, "municipio": "CALI", "cod_comuna": 9.0, "comuna": "Comuna 9", "cod_barrio": 910.0, "nom_barrio": "Barrio Obrero", "direccion": "76001 CALLE 24, BARRIO OBRERO, COMUNA 9, CALI, VALLE DEL CAUCA", "sitio": "LUGAR DE EVENTOS", "x": -76.51856994629, "y": 3.44614005089, "anio": 2023, "mes": "febrero", "dia": 5, "dia_semana": 1, "hora_hecho": "03:30", "barrio": "BARRIO OBRERO", "estrato": 2, "geom": "0101000020E610000000000040302153C0000000E0B1910B40", "fecha_hech": "2023-02-05 00:00:00", "Id": 0, "area": 136572.15568900001 }, "geometry": { "type": "Point", "coordinates": [ -76.51856994629, 3.44614005089 ] } },
{ "type": "Feature", "properties": { "dinamica": "HURTO", "titulo": "DELITOS CONTRA EL PATRIMONIO ECONOMICO", "capitulo": "DEL HURTO", "articulo": "HURTO CALIFICADO. ART. 240 C.P.", "grado_deli": "NINGUNO", "tipo_notic": "DENUNCIA", "caracteriz": "HURTO A PERSONAS", "modalidad": "ATRACO", "modo": "ARMA DE FUEGO", "motivo": null, "pais": "COLOMBIA", "dane_dep": 76, "departamen": "VALLE DEL CAUCA", "dane_mpio": 76001, "municipio": "CALI", "cod_comuna": 9.0, "comuna": "Comuna 9", "cod_barrio": 910.0, "nom_barrio": "Barrio Obrero", "direccion": "76001 Calle 23 11D 65, Barrio Obrero, Comuna 9, Cali, Valle del Cauca, COL,BARRIO OBRERO", "sitio": "SIN INFORMACION", "x": -76.519523620610002, "y": 3.4468829631800002, "anio": 2023, "mes": "febrero", "dia": 6, "dia_semana": 2, "hora_hecho": "08:10", "barrio": "BARRIO OBRERO", "estrato": 2, "geom": "0101000020E6100000000000E03F2153C00000006037930B40", "fecha_hech": "2023-02-06 00:00:00", "Id": 0, "area": 136572.15568900001 }, "geometry": { "type": "Point", "coordinates": [ -76.519523620610002, 3.44688296318 ] } },
{ "type": "Feature", "properties": { "dinamica": "HURTO", "titulo": "DELITOS CONTRA EL PATRIMONIO ECONOMICO", "capitulo": "DEL HURTO", "articulo": "HURTO. ART. 239 C.P.", "grado_deli": "NINGUNO", "tipo_notic": "DENUNCIA", "caracteriz": "HURTO A PERSONAS", "modalidad": "FACTOR DE OPORTUNIDAD", "modo": null, "motivo": null, "pais": "COLOMBIA", "dane_dep": 76, "departamen": "VALLE DEL CAUCA", "dane_mpio": 76001, "municipio": "CALI", "cod_comuna": 9.0, "comuna": "Comuna 9", "cod_barrio": 910.0, "nom_barrio": "Barrio Obrero", "direccion": "76001 Carrera 2 Norte 21 80, El Piloto, Comuna 3, Cali, Valle del Cauca, COL,EL PILOTO", "sitio": "SIN INFORMACION", "x": -76.51976776123, "y": 3.4526600837700001, "anio": 2023, "mes": "febrero", "dia": 10, "dia_semana": 6, "hora_hecho": "21:00", "barrio": "EL PILOTO", "estrato": 2, "geom": "0101000020E6100000000000E0432153C0000000400C9F0B40", "fecha_hech": "2023-02-10 00:00:00", "Id": 0, "area": 136572.15568900001 }, "geometry": { "type": "Point", "coordinates": [ -76.51976776123, 3.45266008377 ] } },
{ "type": "Feature", "properties": { "dinamica": "HURTO", "titulo": "DELITOS CONTRA EL PATRIMONIO ECONOMICO", "capitulo": "DEL HURTO", "articulo": "HURTO CALIFICADO. ART. 240 C.P.", "grado_deli": "NINGUNO", "tipo_notic": "DENUNCIA", "caracteriz": "HURTO A ESTABLECIMIENTOS", "modalidad": "ATRACO", "modo": "ARMA BLANCA", "motivo": null, "pais": "COLOMBIA", "dane_dep": 76, "departamen": "VALLE DEL CAUCA", "dane_mpio": 76001, "municipio": "CALI", "cod_comuna": 9.0, "comuna": "Comuna 9", "cod_barrio": 910.0, "nom_barrio": "Barrio Obrero", "direccion": "76001 NO REPORTA carrera 11B # 22", "sitio": "SIN INFORMACION", "x": -76.521133422849999, "y": 3.4481229782099998, "anio": 2023, "mes": "febrero", "dia": 13, "dia_semana": 2, "hora_hecho": "10:30", "barrio": null, "estrato": 2, "geom": "0101000020E6100000000000405A2153C000000080C1950B40", "fecha_hech": "2023-02-13 00:00:00", "Id": 0, "area": 136572.15568900001 }, "geometry": { "type": "Point", "coordinates": [ -76.521133422849999, 3.44812297821 ] } },
{ "type": "Feature", "properties": { "dinamica": "HURTO", "titulo": "DELITOS CONTRA EL PATRIMONIO ECONOMICO", "capitulo": "DEL HURTO", "articulo": "HURTO CALIFICADO. ART. 240 C.P.", "grado_deli": "NINGUNO", "tipo_notic": "DENUNCIA", "caracteriz": "HURTO A PERSONAS", "modalidad": "ATRACO", "modo": "ARMA BLANCA", "motivo": null, "pais": "COLOMBIA", "dane_dep": 76, "departamen": "VALLE DEL CAUCA", "dane_mpio": 76001, "municipio": "CALI", "cod_comuna": 9.0, "comuna": "Comuna 9", "cod_barrio": 910.0, "nom_barrio": "Barrio Obrero", "direccion": "76001 Carrera 11D 22 54, Barrio Obrero, Comuna 9, Cali, Valle del Cauca, COL,BARRIO OBRERO", "sitio": "SIN INFORMACION", "x": -76.520530700679998, "y": 3.4471909999800001, "anio": 2023, "mes": "febrero", "dia": 13, "dia_semana": 2, "hora_hecho": "12:00", "barrio": "BARRIO OBRERO", "estrato": 2, "geom": "0101000020E610000000000060502153C0000000E0D8930B40", "fecha_hech": "2023-02-13 00:00:00", "Id": 0, "area": 136572.15568900001 }, "geometry": { "type": "Point", "coordinates": [ -76.520530700679998, 3.44719099998 ] } },
{ "type": "Feature", "properties": { "dinamica": "HURTO", "titulo": "DELITOS CONTRA EL PATRIMONIO ECONOMICO", "capitulo": "DEL HURTO", "articulo": "HURTO CALIFICADO. ART. 240 C.P.", "grado_deli": "NINGUNO", "tipo_notic": "DENUNCIA", "caracteriz": "HURTO A PERSONAS", "modalidad": "ATRACO", "modo": "ARMA DE FUEGO", "motivo": null, "pais": "COLOMBIA", "dane_dep": 76, "departamen": "VALLE DEL CAUCA", "dane_mpio": 76001, "municipio": "CALI", "cod_comuna": 9.0, "comuna": "Comuna 9", "cod_barrio": 910.0, "nom_barrio": "Barrio Obrero", "direccion": "76001 CARRERA 10 23, BARRIO OBRERO, COMUNA 9, CALI, VALLE DEL CAUCA", "sitio": "OTRO", "x": -76.519805908199999, "y": 3.44994997978, "anio": 2023, "mes": "febrero", "dia": 15, "dia_semana": 4, "hora_hecho": "15:30", "barrio": "BARRIO OBRERO", "estrato": 2, "geom": "0101000020E610000000000080442153C0000000607F990B40", "fecha_hech": "2023-02-15 00:00:00", "Id": 0, "area": 136572.15568900001 }, "geometry": { "type": "Point", "coordinates": [ -76.519805908199999, 3.44994997978 ] } },
{ "type": "Feature", "properties": { "dinamica": "HURTO", "titulo": "DELITOS CONTRA EL PATRIMONIO ECONOMICO", "capitulo": "DEL HURTO", "articulo": "HURTO. ART. 239 C.P.", "grado_deli": "NINGUNO", "tipo_notic": "DENUNCIA", "caracteriz": "HURTO A PERSONAS", "modalidad": "COSQUILLEO", "modo": null, "motivo": null, "pais": "COLOMBIA", "dane_dep": 76, "departamen": "VALLE DEL CAUCA", "dane_mpio": 76001, "municipio": "CALI", "cod_comuna": 9.0, "comuna": "Comuna 9", "cod_barrio": 910.0, "nom_barrio": "Barrio Obrero", "direccion": "76001 CARRERA 15 21, BARRIO OBRERO, COMUNA 9, CALI, VALLE DEL CAUCA", "sitio": "TRANSPORTE MASIVO", "x": -76.520973205570002, "y": 3.44413995743, "anio": 2023, "mes": "febrero", "dia": 18, "dia_semana": 7, "hora_hecho": "09:00", "barrio": "BARRIO OBRERO", "estrato": 2, "geom": "0101000020E6100000000000A0572153C000000040998D0B40", "fecha_hech": "2023-02-18 00:00:00", "Id": 0, "area": 136572.15568900001 }, "geometry": { "type": "Point", "coordinates": [ -76.520973205570002, 3.44413995743 ] } },
{ "type": "Feature", "properties": { "dinamica": "HURTO", "titulo": "DELITOS CONTRA EL PATRIMONIO ECONOMICO", "capitulo": "DEL HURTO", "articulo": "HURTO CALIFICADO. ART. 240 C.P.", "grado_deli": "NINGUNO", "tipo_notic": "DENUNCIA", "caracteriz": "HURTO A ESTABLECIMIENTOS", "modalidad": "VIOLACION DE CERRADURA", "modo": null, "motivo": null, "pais": "COLOMBIA", "dane_dep": 76, "departamen": "VALLE DEL CAUCA", "dane_mpio": 76001, "municipio": "CALI", "cod_comuna": 9.0, "comuna": "Comuna 9", "cod_barrio": 910.0, "nom_barrio": "Barrio Obrero", "direccion": "76001 CALLE 22A 11 31", "sitio": "LOCAL COMERCIAL", "x": -76.520812988279999, "y": 3.44859790802, "anio": 2023, "mes": "febrero", "dia": 19, "dia_semana": 1, "hora_hecho": "22:00", "barrio": "BARRIO OBRERO", "estrato": 2, "geom": "0101000020E610000000000000552153C000000080BA960B40", "fecha_hech": "2023-02-19 00:00:00", "Id": 0, "area": 136572.15568900001 }, "geometry": { "type": "Point", "coordinates": [ -76.520812988279999, 3.44859790802 ] } },
{ "type": "Feature", "properties": { "dinamica": "HURTO", "titulo": "DELITOS CONTRA EL PATRIMONIO ECONOMICO", "capitulo": "DEL HURTO", "articulo": "HURTO CALIFICADO. ART. 240 C.P.", "grado_deli": "NINGUNO", "tipo_notic": "DENUNCIA", "caracteriz": "HURTO A PERSONAS", "modalidad": "ATRACO", "modo": "ARMA BLANCA", "motivo": null, "pais": "COLOMBIA", "dane_dep": 76, "departamen": "VALLE DEL CAUCA", "dane_mpio": 76001, "municipio": "CALI", "cod_comuna": 9.0, "comuna": "Comuna 9", "cod_barrio": 910.0, "nom_barrio": "Barrio Obrero", "direccion": "76001 NO REPORTA CALLE 21 CON CARRERA 14", "sitio": "SIN INFORMACION", "x": -76.521484375, "y": 3.4448111057299999, "anio": 2023, "mes": "febrero", "dia": 21, "dia_semana": 3, "hora_hecho": "04:30", "barrio": null, "estrato": 2, "geom": "0101000020E610000000000000602153C000000020F98E0B40", "fecha_hech": "2023-02-21 00:00:00", "Id": 0, "area": 136572.15568900001 }, "geometry": { "type": "Point", "coordinates": [ -76.521484375, 3.44481110573 ] } },
{ "type": "Feature", "properties": { "dinamica": "HURTO", "titulo": "DELITOS CONTRA EL PATRIMONIO ECONOMICO", "capitulo": "DEL HURTO", "articulo": "HURTO. ART. 239 C.P.", "grado_deli": "NINGUNO", "tipo_notic": "QUERELLA", "caracteriz": "HURTO A PERSONAS", "modalidad": "FACTOR DE OPORTUNIDAD", "modo": null, "motivo": null, "pais": "COLOMBIA", "dane_dep": 76, "departamen": "VALLE DEL CAUCA", "dane_mpio": 76001, "municipio": "CALI", "cod_comuna": 9.0, "comuna": "Comuna 9", "cod_barrio": 910.0, "nom_barrio": "Barrio Obrero", "direccion": "76001 Carrera 11 23 2-98, Barrio Obrero, Comuna 9, Cali, Valle del Cauca, COL,BARRIO OBRERO", "sitio": "SIN INFORMACION", "x": -76.519668579099999, "y": 3.4491260051700001, "anio": 2023, "mes": "febrero", "dia": 21, "dia_semana": 3, "hora_hecho": "10:22", "barrio": "BARRIO OBRERO", "estrato": 2, "geom": "0101000020E610000000000040422153C000000060CF970B40", "fecha_hech": "2023-02-21 00:00:00", "Id": 0, "area": 136572.15568900001 }, "geometry": { "type": "Point", "coordinates": [ -76.519668579099999, 3.44912600517 ] } },
{ "type": "Feature", "properties": { "dinamica": "HURTO", "titulo": "DELITOS CONTRA EL PATRIMONIO ECONOMICO", "capitulo": "DEL HURTO", "articulo": "HURTO CALIFICADO. ART. 240 C.P.", "grado_deli": "NINGUNO", "tipo_notic": "DENUNCIA", "caracteriz": "HURTO A PERSONAS", "modalidad": "ATRACO", "modo": "ARMA DE FUEGO", "motivo": null, "pais": "COLOMBIA", "dane_dep": 76, "departamen": "VALLE DEL CAUCA", "dane_mpio": 76001, "municipio": "CALI", "cod_comuna": 9.0, "comuna": "Comuna 9", "cod_barrio": 910.0, "nom_barrio": "Barrio Obrero", "direccion": "76001 Carrera 11B 22A 46, Barrio Obrero, Comuna 9, Cali, Valle del Cauca, COL,BARRIO OBRERO", "sitio": "SIN INFORMACION", "x": -76.520309448239999, "y": 3.4480619430499999, "anio": 2023, "mes": "febrero", "dia": 24, "dia_semana": 6, "hora_hecho": "06:00", "barrio": "BARRIO OBRERO", "estrato": 2, "geom": "0101000020E6100000000000C04C2153C000000080A1950B40", "fecha_hech": "2023-02-24 00:00:00", "Id": 0, "area": 136572.15568900001 }, "geometry": { "type": "Point", "coordinates": [ -76.520309448239999, 3.44806194305 ] } },
{ "type": "Feature", "properties": { "dinamica": "HURTO", "titulo": "DELITOS CONTRA EL PATRIMONIO ECONOMICO", "capitulo": "DEL HURTO", "articulo": "HURTO CALIFICADO. ART. 240 C.P.", "grado_deli": "NINGUNO", "tipo_notic": "DENUNCIA", "caracteriz": "HURTO A PERSONAS", "modalidad": "ATRACO", "modo": "ARMA BLANCA", "motivo": null, "pais": "COLOMBIA", "dane_dep": 76, "departamen": "VALLE DEL CAUCA", "dane_mpio": 76001, "municipio": "CALI", "cod_comuna": 9.0, "comuna": "Comuna 9", "cod_barrio": 910.0, "nom_barrio": "Barrio Obrero", "direccion": "76001 CARRERA 8, BARRIO OBRERO, COMUNA 9, CALI, VALLE DEL CAUCA", "sitio": "VIA PUBLICA", "x": -76.521049499509999, "y": 3.4523649215700001, "anio": 2023, "mes": "febrero", "dia": 24, "dia_semana": 6, "hora_hecho": "14:40", "barrio": "SAN NICOLÁS", "estrato": 2, "geom": "0101000020E6100000000000E0582153C000000080719E0B40", "fecha_hech": "2023-02-24 00:00:00", "Id": 0, "area": 136572.15568900001 }, "geometry": { "type": "Point", "coordinates": [ -76.521049499509999, 3.45236492157 ] } },
{ "type": "Feature", "properties": { "dinamica": "HURTO", "titulo": "DELITOS CONTRA EL PATRIMONIO ECONOMICO", "capitulo": "DEL HURTO", "articulo": "HURTO CALIFICADO. ART. 240 C.P.", "grado_deli": "NINGUNO", "tipo_notic": "DENUNCIA", "caracteriz": "HURTO A CELULARES", "modalidad": "ATRACO", "modo": "ARMA DE FUEGO", "motivo": "SIN DETERMINAR", "pais": "COLOMBIA", "dane_dep": 76, "departamen": "VALLE DEL CAUCA", "dane_mpio": 76001, "municipio": "CALI", "cod_comuna": 9.0, "comuna": "Comuna 9", "cod_barrio": 910.0, "nom_barrio": "Barrio Obrero", "direccion": "76001 CALLE 21 8 61", "sitio": "VIA PUBLICA", "x": -76.52304840088, "y": 3.45141601562, "anio": 2023, "mes": "febrero", "dia": 24, "dia_semana": 6, "hora_hecho": "19:30", "barrio": "BARRIO OBRERO", "estrato": 2, "geom": "0101000020E6100000000000A0792153C000000000809C0B40", "fecha_hech": "2023-02-24 00:00:00", "Id": 0, "area": 136572.15568900001 }, "geometry": { "type": "Point", "coordinates": [ -76.52304840088, 3.45141601562 ] } },
{ "type": "Feature", "properties": { "dinamica": "HURTO", "titulo": "DELITOS CONTRA EL PATRIMONIO ECONOMICO", "capitulo": "DEL HURTO", "articulo": "HURTO. ART. 239 C.P.", "grado_deli": "NINGUNO", "tipo_notic": "DENUNCIA", "caracteriz": "HURTO A ESTABLECIMIENTOS", "modalidad": "FACTOR DE OPORTUNIDAD", "modo": null, "motivo": null, "pais": "COLOMBIA", "dane_dep": 76, "departamen": "VALLE DEL CAUCA", "dane_mpio": 76001, "municipio": "CALI", "cod_comuna": 9.0, "comuna": "Comuna 9", "cod_barrio": 910.0, "nom_barrio": "Barrio Obrero", "direccion": "76001 Calle 23 11B 47, Barrio Obrero, Comuna 9, Cali, Valle del Cauca, COL,BARRIO OBRERO", "sitio": "SIN INFORMACION", "x": -76.519737243649999, "y": 3.4478549957300002, "anio": 2023, "mes": "febrero", "dia": 24, "dia_semana": 6, "hora_hecho": "21:00", "barrio": "BARRIO OBRERO", "estrato": 2, "geom": "0101000020E610000000000060432153C00000000035950B40", "fecha_hech": "2023-02-24 00:00:00", "Id": 0, "area": 136572.15568900001 }, "geometry": { "type": "Point", "coordinates": [ -76.519737243649999, 3.44785499573 ] } },
{ "type": "Feature", "properties": { "dinamica": "HURTO", "titulo": "DELITOS CONTRA EL PATRIMONIO ECONOMICO", "capitulo": "DEL HURTO", "articulo": "HURTO. ART. 239 C.P.", "grado_deli": "NINGUNO", "tipo_notic": "DENUNCIA", "caracteriz": "HURTO A PERSONAS", "modalidad": "RAPONAZO", "modo": null, "motivo": null, "pais": "COLOMBIA", "dane_dep": 76, "departamen": "VALLE DEL CAUCA", "dane_mpio": 76001, "municipio": "CALI", "cod_comuna": 9.0, "comuna": "Comuna 9", "cod_barrio": 910.0, "nom_barrio": "Barrio Obrero", "direccion": "76001 CALLE 22 CON CARRERA 9 21, BARRIO OBRERO, COMUNA 9, CALI, VALLE DEL CAUCA", "sitio": "VIA PUBLICA", "x": -76.522102355960001, "y": 3.4504001140599998, "anio": 2023, "mes": "marzo", "dia": 1, "dia_semana": 4, "hora_hecho": "07:00", "barrio": "BARRIO OBRERO", "estrato": 2, "geom": "0101000020E6100000000000206A2153C0000000606B9A0B40", "fecha_hech": "2023-03-01 00:00:00", "Id": 0, "area": 136572.15568900001 }, "geometry": { "type": "Point", "coordinates": [ -76.522102355960001, 3.45040011406 ] } },
{ "type": "Feature", "properties": { "dinamica": "HURTO", "titulo": "DELITOS CONTRA EL PATRIMONIO ECONOMICO", "capitulo": "DEL HURTO", "articulo": "HURTO CALIFICADO. ART. 240 C.P.", "grado_deli": "NINGUNO", "tipo_notic": "DENUNCIA", "caracteriz": "HURTO A PERSONAS", "modalidad": "FACTOR DE OPORTUNIDAD", "modo": null, "motivo": null, "pais": "COLOMBIA", "dane_dep": 76, "departamen": "VALLE DEL CAUCA", "dane_mpio": 76001, "municipio": "CALI", "cod_comuna": 9.0, "comuna": "Comuna 9", "cod_barrio": 910.0, "nom_barrio": "Barrio Obrero", "direccion": "76001 Calle 24 11D 48, Barrio Obrero, Comuna 9, Cali, Valle del Cauca, COL,BARRIO OBRERO", "sitio": "SIN INFORMACION", "x": -76.518836975100001, "y": 3.44716310501, "anio": 2023, "mes": "marzo", "dia": 1, "dia_semana": 4, "hora_hecho": "11:50", "barrio": "BARRIO OBRERO", "estrato": 2, "geom": "0101000020E6100000000000A0342153C000000040CA930B40", "fecha_hech": "2023-03-01 00:00:00", "Id": 0, "area": 136572.15568900001 }, "geometry": { "type": "Point", "coordinates": [ -76.518836975100001, 3.44716310501 ] } },
{ "type": "Feature", "properties": { "dinamica": "HURTO", "titulo": "DELITOS CONTRA EL PATRIMONIO ECONOMICO", "capitulo": "DEL HURTO", "articulo": "HURTO. ART. 239 C.P.", "grado_deli": "NINGUNO", "tipo_notic": "DENUNCIA", "caracteriz": "HURTO A CELULARES", "modalidad": "RAPONAZO", "modo": null, "motivo": "SIN DETERMINAR", "pais": "COLOMBIA", "dane_dep": 76, "departamen": "VALLE DEL CAUCA", "dane_mpio": 76001, "municipio": "CALI", "cod_comuna": 9.0, "comuna": "Comuna 9", "cod_barrio": 909.0, "nom_barrio": "Sucre", "direccion": "76001 CARRERA 8 CON CALLE 21, SUCRE, COMUNA 9, CALI, VALLE DEL CAUCA", "sitio": "VIA PUBLICA", "x": -76.52310180664, "y": 3.45180010796, "anio": 2023, "mes": "marzo", "dia": 5, "dia_semana": 1, "hora_hecho": "03:30", "barrio": "SUCRE", "estrato": 1, "geom": "0101000020E6100000000000807A2153C000000060499D0B40", "fecha_hech": "2023-03-05 00:00:00", "Id": 0, "area": 136572.15568900001 }, "geometry": { "type": "Point", "coordinates": [ -76.52310180664, 3.45180010796 ] } },
{ "type": "Feature", "properties": { "dinamica": "HURTO", "titulo": "DELITOS CONTRA EL PATRIMONIO ECONOMICO", "capitulo": "DEL HURTO", "articulo": "HURTO CALIFICADO. ART. 240 C.P.", "grado_deli": "NINGUNO", "tipo_notic": "DENUNCIA", "caracteriz": "HURTO A PERSONAS", "modalidad": "ATRACO", "modo": "ARMA DE FUEGO", "motivo": null, "pais": "COLOMBIA", "dane_dep": 76, "departamen": "VALLE DEL CAUCA", "dane_mpio": 76001, "municipio": "CALI", "cod_comuna": 9.0, "comuna": "Comuna 9", "cod_barrio": 910.0, "nom_barrio": "Barrio Obrero", "direccion": "76001 CARRERA 9 24, BARRIO OBRERO, COMUNA 9, CALI, VALLE DEL CAUCA", "sitio": "VIA PUBLICA", "x": -76.519134521479998, "y": 3.45102000237, "anio": 2023, "mes": "marzo", "dia": 6, "dia_semana": 2, "hora_hecho": "16:30", "barrio": "BARRIO OBRERO", "estrato": 2, "geom": "0101000020E610000000000080392153C000000060B09B0B40", "fecha_hech": "2023-03-06 00:00:00", "Id": 0, "area": 136572.15568900001 }, "geometry": { "type": "Point", "coordinates": [ -76.519134521479998, 3.45102000237 ] } },
{ "type": "Feature", "properties": { "dinamica": "HURTO", "titulo": "DELITOS CONTRA EL PATRIMONIO ECONOMICO", "capitulo": "DEL HURTO", "articulo": "HURTO. ART. 239 C.P.", "grado_deli": "NINGUNO", "tipo_notic": "DENUNCIA", "caracteriz": "HURTO A CELULARES", "modalidad": "COSQUILLEO", "modo": null, "motivo": null, "pais": "COLOMBIA", "dane_dep": 76, "departamen": "VALLE DEL CAUCA", "dane_mpio": 76001, "municipio": "CALI", "cod_comuna": 9.0, "comuna": "Comuna 9", "cod_barrio": 910.0, "nom_barrio": "Barrio Obrero", "direccion": "76001 CALLE 22 8 57", "sitio": "TRANSPORTE MASIVO", "x": -76.522590637210001, "y": 3.4516100883499998, "anio": 2023, "mes": "marzo", "dia": 7, "dia_semana": 3, "hora_hecho": "13:32", "barrio": "BARRIO OBRERO", "estrato": 2, "geom": "0101000020E610000000000020722153C0000000C0E59C0B40", "fecha_hech": "2023-03-07 00:00:00", "Id": 0, "area": 136572.15568900001 }, "geometry": { "type": "Point", "coordinates": [ -76.522590637210001, 3.45161008835 ] } },
{ "type": "Feature", "properties": { "dinamica": "HURTO", "titulo": "DELITOS CONTRA EL PATRIMONIO ECONOMICO", "capitulo": "DEL HURTO", "articulo": "HURTO CALIFICADO. ART. 240 C.P.", "grado_deli": "NINGUNO", "tipo_notic": "DENUNCIA", "caracteriz": "HURTO A PERSONAS", "modalidad": "ATRACO", "modo": "ARMA DE FUEGO", "motivo": null, "pais": "COLOMBIA", "dane_dep": 76, "departamen": "VALLE DEL CAUCA", "dane_mpio": 76001, "municipio": "CALI", "cod_comuna": 9.0, "comuna": "Comuna 9", "cod_barrio": 910.0, "nom_barrio": "Barrio Obrero", "direccion": "76001 CARRERA 13A 21, BARRIO OBRERO, COMUNA 9, CALI, VALLE DEL CAUCA", "sitio": "VIA PUBLICA", "x": -76.52131652832, "y": 3.4452049732200001, "anio": 2023, "mes": "marzo", "dia": 9, "dia_semana": 5, "hora_hecho": "00:30", "barrio": "BARRIO OBRERO", "estrato": 2, "geom": "0101000020E6100000000000405D2153C0000000A0C78F0B40", "fecha_hech": "2023-03-09 00:00:00", "Id": 0, "area": 136572.15568900001 }, "geometry": { "type": "Point", "coordinates": [ -76.52131652832, 3.44520497322 ] } },
{ "type": "Feature", "properties": { "dinamica": "HURTO", "titulo": "DELITOS CONTRA EL PATRIMONIO ECONOMICO", "capitulo": "DEL HURTO", "articulo": "HURTO CALIFICADO. ART. 240 C.P.", "grado_deli": "NINGUNO", "tipo_notic": "DENUNCIA", "caracteriz": "HURTO A PERSONAS", "modalidad": "ATRACO", "modo": "ARMA DE FUEGO", "motivo": null, "pais": "COLOMBIA", "dane_dep": 76, "departamen": "VALLE DEL CAUCA", "dane_mpio": 76001, "municipio": "CALI", "cod_comuna": 9.0, "comuna": "Comuna 9", "cod_barrio": 910.0, "nom_barrio": "Barrio Obrero", "direccion": "76001 KR 9 CL 24-71", "sitio": "SIN INFORMACION", "x": -76.519165039059999, "y": 3.4511349201199999, "anio": 2023, "mes": "marzo", "dia": 9, "dia_semana": 5, "hora_hecho": "13:00", "barrio": null, "estrato": 2, "geom": "0101000020E6100000000000003A2153C0000000A0EC9B0B40", "fecha_hech": "2023-03-09 00:00:00", "Id": 0, "area": 136572.15568900001 }, "geometry": { "type": "Point", "coordinates": [ -76.519165039059999, 3.45113492012 ] } },
{ "type": "Feature", "properties": { "dinamica": "HURTO", "titulo": "DELITOS CONTRA EL PATRIMONIO ECONOMICO", "capitulo": "DEL HURTO", "articulo": "HURTO. ART. 239 C.P.", "grado_deli": "NINGUNO", "tipo_notic": "DENUNCIA", "caracteriz": "HURTO A ESTABLECIMIENTOS", "modalidad": "FACTOR DE OPORTUNIDAD", "modo": null, "motivo": null, "pais": "COLOMBIA", "dane_dep": 76, "departamen": "VALLE DEL CAUCA", "dane_mpio": 76001, "municipio": "CALI", "cod_comuna": 9.0, "comuna": "Comuna 9", "cod_barrio": 910.0, "nom_barrio": "Barrio Obrero", "direccion": "76001 NO REPORTA CALLE 23 CARRERA  10 21", "sitio": "SIN INFORMACION", "x": -76.520126342769998, "y": 3.44987010956, "anio": 2023, "mes": "marzo", "dia": 10, "dia_semana": 6, "hora_hecho": "03:30", "barrio": null, "estrato": 2, "geom": "0101000020E6100000000000C0492153C00000008055990B40", "fecha_hech": "2023-03-10 00:00:00", "Id": 0, "area": 136572.15568900001 }, "geometry": { "type": "Point", "coordinates": [ -76.520126342769998, 3.44987010956 ] } },
{ "type": "Feature", "properties": { "dinamica": "HURTO", "titulo": "DELITOS CONTRA EL PATRIMONIO ECONOMICO", "capitulo": "DEL HURTO", "articulo": "HURTO CALIFICADO. ART. 240 C.P.", "grado_deli": "NINGUNO", "tipo_notic": "DENUNCIA", "caracteriz": "HURTO DE MOTOCICLETAS", "modalidad": "ATRACO", "modo": "ARMA DE FUEGO", "motivo": null, "pais": "COLOMBIA", "dane_dep": 76, "departamen": "VALLE DEL CAUCA", "dane_mpio": 76001, "municipio": "CALI", "cod_comuna": 9.0, "comuna": "Comuna 9", "cod_barrio": 910.0, "nom_barrio": "Barrio Obrero", "direccion": "76001 Carrera 9, Barrio Obrero, Comuna 9, Cali, Valle del Cauca, COL,BARRIO OBRERO", "sitio": "SIN INFORMACION", "x": -76.522514343259999, "y": 3.4503540992700001, "anio": 2023, "mes": "marzo", "dia": 12, "dia_semana": 1, "hora_hecho": "18:01", "barrio": "BARRIO OBRERO", "estrato": 2, "geom": "0101000020E6100000000000E0702153C000000040539A0B40", "fecha_hech": "2023-03-12 00:00:00", "Id": 0, "area": 136572.15568900001 }, "geometry": { "type": "Point", "coordinates": [ -76.522514343259999, 3.45035409927 ] } },
{ "type": "Feature", "properties": { "dinamica": "HURTO", "titulo": "DELITOS CONTRA EL PATRIMONIO ECONOMICO", "capitulo": "DEL HURTO", "articulo": "HURTO CALIFICADO. ART. 240 C.P.", "grado_deli": "NINGUNO", "tipo_notic": "DENUNCIA", "caracteriz": "HURTO DE AUTOPARTES", "modalidad": "VIOLACION DE CERRADURA", "modo": null, "motivo": null, "pais": "COLOMBIA", "dane_dep": 76, "departamen": "VALLE DEL CAUCA", "dane_mpio": 76001, "municipio": "CALI", "cod_comuna": 9.0, "comuna": "Comuna 9", "cod_barrio": 910.0, "nom_barrio": "Barrio Obrero", "direccion": "76001 Pintuco-Pinturas, Carrera 8 22A 78, Barrio Obrero, Comuna 9, Cali, Valle del Cauca, COL,BARRIO OBRERO", "sitio": "SIN INFORMACION", "x": -76.520866394039999, "y": 3.4523260593399998, "anio": 2023, "mes": "marzo", "dia": 15, "dia_semana": 4, "hora_hecho": "07:05", "barrio": "BARRIO OBRERO", "estrato": 2, "geom": "0101000020E6100000000000E0552153C0000000205D9E0B40", "fecha_hech": "2023-03-15 00:00:00", "Id": 0, "area": 136572.15568900001 }, "geometry": { "type": "Point", "coordinates": [ -76.520866394039999, 3.45232605934 ] } },
{ "type": "Feature", "properties": { "dinamica": "HURTO", "titulo": "DELITOS CONTRA EL PATRIMONIO ECONOMICO", "capitulo": "DEL HURTO", "articulo": "HURTO CALIFICADO. ART. 240 C.P.", "grado_deli": "NINGUNO", "tipo_notic": "DENUNCIA", "caracteriz": "HURTO DE MOTOCICLETAS", "modalidad": "ENGAÑO", "modo": null, "motivo": null, "pais": "COLOMBIA", "dane_dep": 76, "departamen": "VALLE DEL CAUCA", "dane_mpio": 76001, "municipio": "CALI", "cod_comuna": 9.0, "comuna": "Comuna 9", "cod_barrio": 909.0, "nom_barrio": "Sucre", "direccion": "76001 CARRERA 8 CON CALLE 21, SUCRE, COMUNA 9, CALI, VALLE DEL CAUCA", "sitio": "VIA PUBLICA", "x": -76.52310180664, "y": 3.45180010796, "anio": 2023, "mes": "marzo", "dia": 17, "dia_semana": 6, "hora_hecho": "03:30", "barrio": "SUCRE", "estrato": 1, "geom": "0101000020E6100000000000807A2153C000000060499D0B40", "fecha_hech": "2023-03-17 00:00:00", "Id": 0, "area": 136572.15568900001 }, "geometry": { "type": "Point", "coordinates": [ -76.52310180664, 3.45180010796 ] } },
{ "type": "Feature", "properties": { "dinamica": "HURTO", "titulo": "DELITOS CONTRA EL PATRIMONIO ECONOMICO", "capitulo": "DEL HURTO", "articulo": "HURTO CALIFICADO. ART. 240 C.P.", "grado_deli": "NINGUNO", "tipo_notic": "DENUNCIA", "caracteriz": "HURTO A PERSONAS", "modalidad": "ATRACO", "modo": "SIN ARMA", "motivo": null, "pais": "COLOMBIA", "dane_dep": 76, "departamen": "VALLE DEL CAUCA", "dane_mpio": 76001, "municipio": "CALI", "cod_comuna": 9.0, "comuna": "Comuna 9", "cod_barrio": 909.0, "nom_barrio": "Sucre", "direccion": "76001 CARRERA 8 CON CALLE 21, SUCRE, COMUNA 9, CALI, VALLE DEL CAUCA", "sitio": "OTRO", "x": -76.52310180664, "y": 3.45180010796, "anio": 2023, "mes": "marzo", "dia": 20, "dia_semana": 2, "hora_hecho": "07:00", "barrio": "SUCRE", "estrato": 1, "geom": "0101000020E6100000000000807A2153C000000060499D0B40", "fecha_hech": "2023-03-20 00:00:00", "Id": 0, "area": 136572.15568900001 }, "geometry": { "type": "Point", "coordinates": [ -76.52310180664, 3.45180010796 ] } },
{ "type": "Feature", "properties": { "dinamica": "HURTO", "titulo": "DELITOS CONTRA EL PATRIMONIO ECONOMICO", "capitulo": "DEL HURTO", "articulo": "HURTO CALIFICADO. ART. 240 C.P.", "grado_deli": "NINGUNO", "tipo_notic": "DENUNCIA", "caracteriz": "HURTO A PERSONAS", "modalidad": "ATRACO", "modo": "ARMA DE FUEGO", "motivo": null, "pais": "COLOMBIA", "dane_dep": 76, "departamen": "VALLE DEL CAUCA", "dane_mpio": 76001, "municipio": "CALI", "cod_comuna": 9.0, "comuna": "Comuna 9", "cod_barrio": 910.0, "nom_barrio": "Barrio Obrero", "direccion": "76001 Pintuco-Pinturas, Carrera 8 22A 78, Barrio Obrero, Comuna 9, Cali, Valle del Cauca, COL,BARRIO OBRERO", "sitio": "SIN INFORMACION", "x": -76.520889282230002, "y": 3.4522650241899999, "anio": 2023, "mes": "marzo", "dia": 20, "dia_semana": 2, "hora_hecho": "12:40", "barrio": "BARRIO OBRERO", "estrato": 2, "geom": "0101000020E610000000000040562153C0000000203D9E0B40", "fecha_hech": "2023-03-20 00:00:00", "Id": 0, "area": 136572.15568900001 }, "geometry": { "type": "Point", "coordinates": [ -76.520889282230002, 3.45226502419 ] } },
{ "type": "Feature", "properties": { "dinamica": "HURTO", "titulo": "DELITOS CONTRA EL PATRIMONIO ECONOMICO", "capitulo": "DEL HURTO", "articulo": "HURTO CALIFICADO. ART. 240 C.P.", "grado_deli": "AGRAVADO", "tipo_notic": "DENUNCIA", "caracteriz": "HURTO A PERSONAS", "modalidad": "ATRACO", "modo": "ARMA DE FUEGO", "motivo": null, "pais": "COLOMBIA", "dane_dep": 76, "departamen": "VALLE DEL CAUCA", "dane_mpio": 76001, "municipio": "CALI", "cod_comuna": 9.0, "comuna": "Comuna 9", "cod_barrio": 910.0, "nom_barrio": "Barrio Obrero", "direccion": "76001 CARRERA 10 23, BARRIO OBRERO, COMUNA 9, CALI, VALLE DEL CAUCA", "sitio": "VIA PUBLICA", "x": -76.519805908199999, "y": 3.44994997978, "anio": 2023, "mes": "marzo", "dia": 25, "dia_semana": 7, "hora_hecho": "02:30", "barrio": "BARRIO OBRERO", "estrato": 2, "geom": "0101000020E610000000000080442153C0000000607F990B40", "fecha_hech": "2023-03-25 00:00:00", "Id": 0, "area": 136572.15568900001 }, "geometry": { "type": "Point", "coordinates": [ -76.519805908199999, 3.44994997978 ] } },
{ "type": "Feature", "properties": { "dinamica": "HURTO", "titulo": "DELITOS CONTRA EL PATRIMONIO ECONOMICO", "capitulo": "DEL HURTO", "articulo": "HURTO CALIFICADO. ART. 240 C.P.", "grado_deli": "NINGUNO", "tipo_notic": "DENUNCIA", "caracteriz": "HURTO A ESTABLECIMIENTOS", "modalidad": "FACTOR DE OPORTUNIDAD", "modo": null, "motivo": null, "pais": "COLOMBIA", "dane_dep": 76, "departamen": "VALLE DEL CAUCA", "dane_mpio": 76001, "municipio": "CALI", "cod_comuna": 9.0, "comuna": "Comuna 9", "cod_barrio": 910.0, "nom_barrio": "Barrio Obrero", "direccion": "76001 Carrera 11D 23 49, Barrio Obrero, Comuna 9, Cali, Valle del Cauca, COL,BARRIO OBRERO", "sitio": "SIN INFORMACION", "x": -76.519302368159998, "y": 3.4475500583600001, "anio": 2023, "mes": "marzo", "dia": 28, "dia_semana": 3, "hora_hecho": "09:00", "barrio": "BARRIO OBRERO", "estrato": 2, "geom": "0101000020E6100000000000403C2153C00000002095940B40", "fecha_hech": "2023-03-28 00:00:00", "Id": 0, "area": 136572.15568900001 }, "geometry": { "type": "Point", "coordinates": [ -76.519302368159998, 3.44755005836 ] } },
{ "type": "Feature", "properties": { "dinamica": "HURTO", "titulo": "DELITOS CONTRA EL PATRIMONIO ECONOMICO", "capitulo": "DEL HURTO", "articulo": "HURTO CALIFICADO. ART. 240 C.P.", "grado_deli": "NINGUNO", "tipo_notic": "DENUNCIA", "caracteriz": "HURTO A RESIDENCIA", "modalidad": "ATRACO", "modo": "ARMA BLANCA", "motivo": null, "pais": "COLOMBIA", "dane_dep": 76, "departamen": "VALLE DEL CAUCA", "dane_mpio": 76001, "municipio": "CALI", "cod_comuna": 9.0, "comuna": "Comuna 9", "cod_barrio": 910.0, "nom_barrio": "Barrio Obrero", "direccion": "76001 CALLE 25 9 66", "sitio": "VIA PUBLICA", "x": -76.518661499019998, "y": 3.4505169391599999, "anio": 2023, "mes": "marzo", "dia": 29, "dia_semana": 4, "hora_hecho": "11:30", "barrio": "BARRIO OBRERO", "estrato": 2, "geom": "0101000020E6100000000000C0312153C0000000A0A89A0B40", "fecha_hech": "2023-03-29 00:00:00", "Id": 0, "area": 136572.15568900001 }, "geometry": { "type": "Point", "coordinates": [ -76.518661499019998, 3.45051693916 ] } },
{ "type": "Feature", "properties": { "dinamica": "HURTO", "titulo": "DELITOS CONTRA EL PATRIMONIO ECONOMICO", "capitulo": "DEL HURTO", "articulo": "HURTO CALIFICADO. ART. 240 C.P.", "grado_deli": "NINGUNO", "tipo_notic": "DENUNCIA", "caracteriz": "HURTO A PERSONAS", "modalidad": "FACTOR DE OPORTUNIDAD", "modo": null, "motivo": null, "pais": "COLOMBIA", "dane_dep": 76, "departamen": "VALLE DEL CAUCA", "dane_mpio": 76001, "municipio": "CALI", "cod_comuna": 9.0, "comuna": "Comuna 9", "cod_barrio": 910.0, "nom_barrio": "Barrio Obrero", "direccion": "76001 CALLE 23 10, BARRIO OBRERO, COMUNA 9, CALI, VALLE DEL CAUCA", "sitio": "VIA PUBLICA", "x": -76.52017211914, "y": 3.44959998131, "anio": 2023, "mes": "marzo", "dia": 31, "dia_semana": 6, "hora_hecho": "19:30", "barrio": "BARRIO OBRERO", "estrato": 2, "geom": "0101000020E6100000000000804A2153C0000000E0C7980B40", "fecha_hech": "2023-03-31 00:00:00", "Id": 0, "area": 136572.15568900001 }, "geometry": { "type": "Point", "coordinates": [ -76.52017211914, 3.44959998131 ] } },
{ "type": "Feature", "properties": { "dinamica": "HURTO", "titulo": "DELITOS CONTRA EL PATRIMONIO ECONOMICO", "capitulo": "DEL HURTO", "articulo": "HURTO CALIFICADO. ART. 240 C.P.", "grado_deli": "AGRAVADO", "tipo_notic": "DENUNCIA", "caracteriz": "HURTO A ESTABLECIMIENTOS", "modalidad": "ATRACO", "modo": "ARMA DE FUEGO", "motivo": null, "pais": "COLOMBIA", "dane_dep": 76, "departamen": "VALLE DEL CAUCA", "dane_mpio": 76001, "municipio": "CALI", "cod_comuna": 9.0, "comuna": "Comuna 9", "cod_barrio": 910.0, "nom_barrio": "Barrio Obrero", "direccion": "76001 CARRERA 8A 23 64, BARRIO OBRERO, COMUNA 9, CALI, VALLE DEL CAUCA", "sitio": "ESTABLECIMIENTO DE COMERCIO", "x": -76.519981384280001, "y": 3.4516398906700001, "anio": 2023, "mes": "abril", "dia": 1, "dia_semana": 7, "hora_hecho": "12:00", "barrio": "BARRIO OBRERO", "estrato": 2, "geom": "0101000020E610000000000060472153C000000060F59C0B40", "fecha_hech": "2023-04-01 00:00:00", "Id": 0, "area": 136572.15568900001 }, "geometry": { "type": "Point", "coordinates": [ -76.519981384280001, 3.45163989067 ] } },
{ "type": "Feature", "properties": { "dinamica": "HURTO", "titulo": "DELITOS CONTRA EL PATRIMONIO ECONOMICO", "capitulo": "DEL HURTO", "articulo": "HURTO CALIFICADO. ART. 240 C.P.", "grado_deli": "NINGUNO", "tipo_notic": "DENUNCIA", "caracteriz": "HURTO A CELULARES", "modalidad": "FACTOR DE OPORTUNIDAD", "modo": null, "motivo": null, "pais": "COLOMBIA", "dane_dep": 76, "departamen": "VALLE DEL CAUCA", "dane_mpio": 76001, "municipio": "CALI", "cod_comuna": 9.0, "comuna": "Comuna 9", "cod_barrio": 910.0, "nom_barrio": "Barrio Obrero", "direccion": "76001 CL 22 CON CON KR 11 CALLE 22 A CON CARRERA 11", "sitio": "SIN INFORMACION", "x": -76.521072387700002, "y": 3.4490189552300001, "anio": 2023, "mes": "abril", "dia": 2, "dia_semana": 1, "hora_hecho": "03:30", "barrio": null, "estrato": 2, "geom": "0101000020E610000000000040592153C00000004097970B40", "fecha_hech": "2023-04-02 00:00:00", "Id": 0, "area": 136572.15568900001 }, "geometry": { "type": "Point", "coordinates": [ -76.521072387700002, 3.44901895523 ] } },
{ "type": "Feature", "properties": { "dinamica": "HURTO", "titulo": "DELITOS CONTRA EL PATRIMONIO ECONOMICO", "capitulo": "DEL HURTO", "articulo": "HURTO CALIFICADO. ART. 240 C.P.", "grado_deli": "AGRAVADO", "tipo_notic": "DENUNCIA", "caracteriz": "HURTO A PERSONAS", "modalidad": "ATRACO", "modo": "ARMA DE FUEGO", "motivo": null, "pais": "COLOMBIA", "dane_dep": 76, "departamen": "VALLE DEL CAUCA", "dane_mpio": 76001, "municipio": "CALI", "cod_comuna": 9.0, "comuna": "Comuna 9", "cod_barrio": 910.0, "nom_barrio": "Barrio Obrero", "direccion": "76001 Carrera 8 22A 72, Barrio Obrero, Comuna 9, Cali, Valle del Cauca, COL,BARRIO OBRERO", "sitio": "SIN INFORMACION", "x": -76.521034240719999, "y": 3.4523100853000002, "anio": 2023, "mes": "abril", "dia": 4, "dia_semana": 3, "hora_hecho": "05:30", "barrio": "BARRIO OBRERO", "estrato": 2, "geom": "0101000020E6100000000000A0582153C0000000C0549E0B40", "fecha_hech": "2023-04-04 00:00:00", "Id": 0, "area": 136572.15568900001 }, "geometry": { "type": "Point", "coordinates": [ -76.521034240719999, 3.4523100853 ] } },
{ "type": "Feature", "properties": { "dinamica": "HURTO", "titulo": "DELITOS CONTRA EL PATRIMONIO ECONOMICO", "capitulo": "DEL HURTO", "articulo": "HURTO CALIFICADO. ART. 240 C.P.", "grado_deli": "AGRAVADO", "tipo_notic": "DENUNCIA", "caracteriz": "HURTO A PERSONAS", "modalidad": "ATRACO", "modo": "ARMA DE FUEGO", "motivo": null, "pais": "COLOMBIA", "dane_dep": 76, "departamen": "VALLE DEL CAUCA", "dane_mpio": 76001, "municipio": "CALI", "cod_comuna": 9.0, "comuna": "Comuna 9", "cod_barrio": 910.0, "nom_barrio": "Barrio Obrero", "direccion": "76001 CALLE 23 10 52", "sitio": "VEHICULO TAXI", "x": -76.520195007319998, "y": 3.4496068954500001, "anio": 2023, "mes": "abril", "dia": 5, "dia_semana": 4, "hora_hecho": "16:30", "barrio": "BARRIO OBRERO", "estrato": 2, "geom": "0101000020E6100000000000E04A2153C000000080CB980B40", "fecha_hech": "2023-04-05 00:00:00", "Id": 0, "area": 136572.15568900001 }, "geometry": { "type": "Point", "coordinates": [ -76.520195007319998, 3.44960689545 ] } },
{ "type": "Feature", "properties": { "dinamica": "HURTO", "titulo": "DELITOS CONTRA EL PATRIMONIO ECONOMICO", "capitulo": "DEL HURTO", "articulo": "HURTO. ART. 239 C.P.", "grado_deli": "AGRAVADO", "tipo_notic": "DENUNCIA", "caracteriz": "HURTO A PERSONAS", "modalidad": "FACTOR DE OPORTUNIDAD", "modo": null, "motivo": null, "pais": "COLOMBIA", "dane_dep": 76, "departamen": "VALLE DEL CAUCA", "dane_mpio": 76001, "municipio": "CALI", "cod_comuna": 9.0, "comuna": "Comuna 9", "cod_barrio": 910.0, "nom_barrio": "Barrio Obrero", "direccion": "76001 Calle 23, Barrio Obrero, Comuna 9, Cali, Valle del Cauca, COL,BARRIO OBRERO", "sitio": "SIN INFORMACION", "x": -76.51992034912, "y": 3.4486830234500001, "anio": 2023, "mes": "abril", "dia": 6, "dia_semana": 5, "hora_hecho": "12:00", "barrio": "BARRIO OBRERO", "estrato": 2, "geom": "0101000020E610000000000060462153C000000020E7960B40", "fecha_hech": "2023-04-06 00:00:00", "Id": 0, "area": 136572.15568900001 }, "geometry": { "type": "Point", "coordinates": [ -76.51992034912, 3.44868302345 ] } },
{ "type": "Feature", "properties": { "dinamica": "HURTO", "titulo": "DELITOS CONTRA EL PATRIMONIO ECONOMICO", "capitulo": "DEL HURTO", "articulo": "HURTO CALIFICADO. ART. 240 C.P.", "grado_deli": "AGRAVADO", "tipo_notic": "DENUNCIA", "caracteriz": "HURTO A PERSONAS", "modalidad": "COSQUILLEO", "modo": null, "motivo": null, "pais": "COLOMBIA", "dane_dep": 76, "departamen": "VALLE DEL CAUCA", "dane_mpio": 76001, "municipio": "CALI", "cod_comuna": 9.0, "comuna": "Comuna 9", "cod_barrio": 910.0, "nom_barrio": "Barrio Obrero", "direccion": "76001 Carrera 14 22 29, Barrio Obrero, Comuna 9, Cali, Valle del Cauca, COL,BARRIO OBRERO", "sitio": "SIN INFORMACION", "x": -76.52060699463, "y": 3.4449949264500002, "anio": 2023, "mes": "abril", "dia": 8, "dia_semana": 7, "hora_hecho": "10:03", "barrio": "BARRIO OBRERO", "estrato": 2, "geom": "0101000020E6100000000000A0512153C000000080598F0B40", "fecha_hech": "2023-04-08 00:00:00", "Id": 0, "area": 136572.15568900001 }, "geometry": { "type": "Point", "coordinates": [ -76.52060699463, 3.44499492645 ] } },
{ "type": "Feature", "properties": { "dinamica": "HURTO", "titulo": "DELITOS CONTRA EL PATRIMONIO ECONOMICO", "capitulo": "DEL HURTO", "articulo": "HURTO CALIFICADO. ART. 240 C.P.", "grado_deli": "AGRAVADO", "tipo_notic": "DENUNCIA", "caracteriz": "HURTO A PERSONAS", "modalidad": "RAPONAZO", "modo": null, "motivo": null, "pais": "COLOMBIA", "dane_dep": 76, "departamen": "VALLE DEL CAUCA", "dane_mpio": 76001, "municipio": "CALI", "cod_comuna": 9.0, "comuna": "Comuna 9", "cod_barrio": 910.0, "nom_barrio": "Barrio Obrero", "direccion": "76001 Radiadores Exostos, Calle 25 11D, Barrio Obrero, Comuna 9, Cali, Valle del Cauca, COL,BARRIO OBRERO", "sitio": "SIN INFORMACION", "x": -76.518447875980002, "y": 3.4468350410499999, "anio": 2023, "mes": "abril", "dia": 8, "dia_semana": 7, "hora_hecho": "19:40", "barrio": "BARRIO OBRERO", "estrato": 2, "geom": "0101000020E6100000000000402E2153C0000000401E930B40", "fecha_hech": "2023-04-08 00:00:00", "Id": 0, "area": 136572.15568900001 }, "geometry": { "type": "Point", "coordinates": [ -76.518447875980002, 3.44683504105 ] } },
{ "type": "Feature", "properties": { "dinamica": "HURTO", "titulo": "DELITOS CONTRA EL PATRIMONIO ECONOMICO", "capitulo": "DEL HURTO", "articulo": "HURTO. ART. 239 C.P.", "grado_deli": "NINGUNO", "tipo_notic": "QUERELLA", "caracteriz": "HURTO A ESTABLECIMIENTOS", "modalidad": "FACTOR DE OPORTUNIDAD", "modo": null, "motivo": null, "pais": "COLOMBIA", "dane_dep": 76, "departamen": "VALLE DEL CAUCA", "dane_mpio": 76001, "municipio": "CALI", "cod_comuna": 9.0, "comuna": "Comuna 9", "cod_barrio": 910.0, "nom_barrio": "Barrio Obrero", "direccion": "76001 CALLE 23 8 33, BARRIO OBRERO, COMUNA 9, CALI, VALLE DEL CAUCA", "sitio": "VIA PUBLICA", "x": -76.520668029790002, "y": 3.4520499706300001, "anio": 2023, "mes": "abril", "dia": 12, "dia_semana": 4, "hora_hecho": "14:03", "barrio": "BARRIO OBRERO", "estrato": 2, "geom": "0101000020E6100000000000A0522153C000000060CC9D0B40", "fecha_hech": "2023-04-12 00:00:00", "Id": 0, "area": 136572.15568900001 }, "geometry": { "type": "Point", "coordinates": [ -76.520668029790002, 3.45204997063 ] } },
{ "type": "Feature", "properties": { "dinamica": "HURTO", "titulo": "DELITOS CONTRA EL PATRIMONIO ECONOMICO", "capitulo": "DEL HURTO", "articulo": "HURTO. ART. 239 C.P.", "grado_deli": "NINGUNO", "tipo_notic": "DENUNCIA", "caracteriz": "HURTO A CELULARES", "modalidad": "FACTOR DE OPORTUNIDAD", "modo": null, "motivo": null, "pais": "COLOMBIA", "dane_dep": 76, "departamen": "VALLE DEL CAUCA", "dane_mpio": 76001, "municipio": "CALI", "cod_comuna": 9.0, "comuna": "Comuna 9", "cod_barrio": 909.0, "nom_barrio": "Sucre", "direccion": "76001 CALLE 21 CON CARRERA 8, BARRIO OBRERO, COMUNA 9, CALI, VALLE DEL CAUCA", "sitio": "VIA PUBLICA", "x": -76.52310180664, "y": 3.45180010796, "anio": 2023, "mes": "abril", "dia": 14, "dia_semana": 6, "hora_hecho": "03:00", "barrio": "SUCRE", "estrato": 1, "geom": "0101000020E6100000000000807A2153C000000060499D0B40", "fecha_hech": "2023-04-14 00:00:00", "Id": 0, "area": 136572.15568900001 }, "geometry": { "type": "Point", "coordinates": [ -76.52310180664, 3.45180010796 ] } },
{ "type": "Feature", "properties": { "dinamica": "HURTO", "titulo": "DELITOS CONTRA EL PATRIMONIO ECONOMICO", "capitulo": "DEL HURTO", "articulo": "HURTO CALIFICADO. ART. 240 C.P.", "grado_deli": "AGRAVADO", "tipo_notic": "DENUNCIA", "caracteriz": "HURTO DE MOTOCICLETAS", "modalidad": "HALADO", "modo": null, "motivo": null, "pais": "COLOMBIA", "dane_dep": 76, "departamen": "VALLE DEL CAUCA", "dane_mpio": 76001, "municipio": "CALI", "cod_comuna": 9.0, "comuna": "Comuna 9", "cod_barrio": 910.0, "nom_barrio": "Barrio Obrero", "direccion": "76001 CALLE 23 11B 5, BARRIO OBRERO, COMUNA 9, CALI, VALLE DEL CAUCA", "sitio": "ZONA DE PARQUEO", "x": -76.519805908199999, "y": 3.4481580257400002, "anio": 2023, "mes": "abril", "dia": 15, "dia_semana": 7, "hora_hecho": "00:00", "barrio": "BARRIO OBRERO", "estrato": 2, "geom": "0101000020E610000000000080442153C0000000E0D3950B40", "fecha_hech": "2023-04-15 00:00:00", "Id": 0, "area": 136572.15568900001 }, "geometry": { "type": "Point", "coordinates": [ -76.519805908199999, 3.44815802574 ] } },
{ "type": "Feature", "properties": { "dinamica": "HURTO", "titulo": "DELITOS CONTRA EL PATRIMONIO ECONOMICO", "capitulo": "DEL HURTO", "articulo": "HURTO CALIFICADO. ART. 240 C.P.", "grado_deli": "NINGUNO", "tipo_notic": "DENUNCIA", "caracteriz": "HURTO DE MOTOCICLETAS", "modalidad": "ATRACO", "modo": "ARMA DE FUEGO", "motivo": null, "pais": "COLOMBIA", "dane_dep": 76, "departamen": "VALLE DEL CAUCA", "dane_mpio": 76001, "municipio": "CALI", "cod_comuna": 9.0, "comuna": "Comuna 9", "cod_barrio": 910.0, "nom_barrio": "Barrio Obrero", "direccion": "76001 CARRERA 15 21 21, BARRIO OBRERO, COMUNA 9, CALI, VALLE DEL CAUCA", "sitio": "VIA PUBLICA", "x": -76.52116394043, "y": 3.44413995743, "anio": 2023, "mes": "abril", "dia": 19, "dia_semana": 4, "hora_hecho": "00:00", "barrio": "BARRIO OBRERO", "estrato": 2, "geom": "0101000020E6100000000000C05A2153C000000040998D0B40", "fecha_hech": "2023-04-19 00:00:00", "Id": 0, "area": 136572.15568900001 }, "geometry": { "type": "Point", "coordinates": [ -76.52116394043, 3.44413995743 ] } },
{ "type": "Feature", "properties": { "dinamica": "HURTO", "titulo": "DELITOS CONTRA EL PATRIMONIO ECONOMICO", "capitulo": "DEL HURTO", "articulo": "HURTO. ART. 239 C.P.", "grado_deli": "NINGUNO", "tipo_notic": "QUERELLA", "caracteriz": "HURTO A PERSONAS", "modalidad": "FACTOR DE OPORTUNIDAD", "modo": null, "motivo": null, "pais": "COLOMBIA", "dane_dep": 76, "departamen": "VALLE DEL CAUCA", "dane_mpio": 76001, "municipio": "CALI", "cod_comuna": 9.0, "comuna": "Comuna 9", "cod_barrio": 910.0, "nom_barrio": "Barrio Obrero", "direccion": "76001 CARRERA 12 22A 16, BARRIO OBRERO, COMUNA 9, CALI, VALLE DEL CAUCA", "sitio": "DOMICILIO", "x": -76.52018737793, "y": 3.4463589191400001, "anio": 2023, "mes": "abril", "dia": 19, "dia_semana": 4, "hora_hecho": "14:17", "barrio": "BARRIO OBRERO", "estrato": 2, "geom": "0101000020E6100000000000C04A2153C0000000A024920B40", "fecha_hech": "2023-04-19 00:00:00", "Id": 0, "area": 136572.15568900001 }, "geometry": { "type": "Point", "coordinates": [ -76.52018737793, 3.44635891914 ] } },
{ "type": "Feature", "properties": { "dinamica": "HURTO", "titulo": "DELITOS CONTRA EL PATRIMONIO ECONOMICO", "capitulo": "DEL HURTO", "articulo": "HURTO CALIFICADO. ART. 240 C.P.", "grado_deli": "AGRAVADO", "tipo_notic": "DENUNCIA", "caracteriz": "HURTO A ESTABLECIMIENTOS", "modalidad": "ATRACO", "modo": "ARMA DE FUEGO", "motivo": null, "pais": "COLOMBIA", "dane_dep": 76, "departamen": "VALLE DEL CAUCA", "dane_mpio": 76001, "municipio": "CALI", "cod_comuna": 9.0, "comuna": "Comuna 9", "cod_barrio": 910.0, "nom_barrio": "Barrio Obrero", "direccion": "76001 Calle 22 8A 20, Barrio Obrero, Comuna 9, Cali, Valle del Cauca, COL,BARRIO OBRERO", "sitio": "SIN INFORMACION", "x": -76.52229309082, "y": 3.4510350227400002, "anio": 2023, "mes": "abril", "dia": 24, "dia_semana": 2, "hora_hecho": "06:00", "barrio": "BARRIO OBRERO", "estrato": 2, "geom": "0101000020E6100000000000406D2153C000000040B89B0B40", "fecha_hech": "2023-04-24 00:00:00", "Id": 0, "area": 136572.15568900001 }, "geometry": { "type": "Point", "coordinates": [ -76.52229309082, 3.45103502274 ] } },
{ "type": "Feature", "properties": { "dinamica": "HURTO", "titulo": "DELITOS CONTRA EL PATRIMONIO ECONOMICO", "capitulo": "DEL HURTO", "articulo": "HURTO CALIFICADO. ART. 240 C.P.", "grado_deli": "NINGUNO", "tipo_notic": "DENUNCIA", "caracteriz": "HURTO DE AUTOPARTES", "modalidad": "FACTOR DE OPORTUNIDAD", "modo": null, "motivo": null, "pais": "COLOMBIA", "dane_dep": 76, "departamen": "VALLE DEL CAUCA", "dane_mpio": 76001, "municipio": "CALI", "cod_comuna": 9.0, "comuna": "Comuna 9", "cod_barrio": 910.0, "nom_barrio": "Barrio Obrero", "direccion": "76001 CALLE 25 CON CARRERA 15, BARRIO OBRERO, COMUNA 9, CALI, VALLE DEL CAUCA", "sitio": "VIA PUBLICA", "x": -76.518669128420001, "y": 3.4449200630200001, "anio": 2023, "mes": "abril", "dia": 24, "dia_semana": 2, "hora_hecho": "12:00", "barrio": "BARRIO OBRERO", "estrato": 2, "geom": "0101000020E6100000000000E0312153C000000040328F0B40", "fecha_hech": "2023-04-24 00:00:00", "Id": 0, "area": 136572.15568900001 }, "geometry": { "type": "Point", "coordinates": [ -76.518669128420001, 3.44492006302 ] } },
{ "type": "Feature", "properties": { "dinamica": "HURTO", "titulo": "DELITOS CONTRA EL PATRIMONIO ECONOMICO", "capitulo": "DEL HURTO", "articulo": "HURTO CALIFICADO. ART. 240 C.P.", "grado_deli": "NINGUNO", "tipo_notic": "DENUNCIA", "caracteriz": "HURTO A CELULARES", "modalidad": "ATRACO", "modo": "ARMA DE FUEGO", "motivo": "SIN DETERMINAR", "pais": "COLOMBIA", "dane_dep": 76, "departamen": "VALLE DEL CAUCA", "dane_mpio": 76001, "municipio": "CALI", "cod_comuna": 9.0, "comuna": "Comuna 9", "cod_barrio": 910.0, "nom_barrio": "Barrio Obrero", "direccion": "76001 CALLE 23 CON CARRERA 13A, BARRIO OBRERO, COMUNA 9, CALI, VALLE DEL CAUCA", "sitio": "OTRO", "x": -76.519340515140001, "y": 3.4457099437699998, "anio": 2023, "mes": "abril", "dia": 28, "dia_semana": 6, "hora_hecho": "17:00", "barrio": "BARRIO OBRERO", "estrato": 2, "geom": "0101000020E6100000000000E03C2153C000000060D0900B40", "fecha_hech": "2023-04-28 00:00:00", "Id": 0, "area": 136572.15568900001 }, "geometry": { "type": "Point", "coordinates": [ -76.519340515140001, 3.44570994377 ] } },
{ "type": "Feature", "properties": { "dinamica": "HURTO", "titulo": "DELITOS CONTRA EL PATRIMONIO ECONOMICO", "capitulo": "DEL HURTO", "articulo": "HURTO CALIFICADO. ART. 240 C.P.", "grado_deli": "NINGUNO", "tipo_notic": "DENUNCIA", "caracteriz": "HURTO DE MOTOCICLETAS", "modalidad": "ATRACO", "modo": "ARMA DE FUEGO", "motivo": null, "pais": "COLOMBIA", "dane_dep": 76, "departamen": "VALLE DEL CAUCA", "dane_mpio": 76001, "municipio": "CALI", "cod_comuna": 9.0, "comuna": "Comuna 9", "cod_barrio": 910.0, "nom_barrio": "Barrio Obrero", "direccion": "76001 Calle 22, Barrio Obrero, Comuna 9, Cali, Valle del Cauca, COL,BARRIO OBRERO", "sitio": "SIN INFORMACION", "x": -76.52182006836, "y": 3.4480230808300001, "anio": 2023, "mes": "mayo", "dia": 1, "dia_semana": 2, "hora_hecho": "19:30", "barrio": "BARRIO OBRERO", "estrato": 2, "geom": "0101000020E610000000000080652153C0000000208D950B40", "fecha_hech": "2023-05-01 00:00:00", "Id": 0, "area": 136572.15568900001 }, "geometry": { "type": "Point", "coordinates": [ -76.52182006836, 3.44802308083 ] } },
{ "type": "Feature", "properties": { "dinamica": "HURTO", "titulo": "DELITOS CONTRA EL PATRIMONIO ECONOMICO", "capitulo": "DEL HURTO", "articulo": "HURTO CALIFICADO. ART. 240 C.P.", "grado_deli": "NINGUNO", "tipo_notic": "DENUNCIA", "caracteriz": "HURTO A CELULARES", "modalidad": "ATRACO", "modo": "SIN ARMA", "motivo": "SIN DETERMINAR", "pais": "COLOMBIA", "dane_dep": 76, "departamen": "VALLE DEL CAUCA", "dane_mpio": 76001, "municipio": "CALI", "cod_comuna": 9.0, "comuna": "Comuna 9", "cod_barrio": 909.0, "nom_barrio": "Sucre", "direccion": "76001 Calle 21 8, Barrio Obrero, Comuna 9, Cali, Valle del Cauca, COL,SUCRE", "sitio": "SIN INFORMACION", "x": -76.523086547849999, "y": 3.4514350891099999, "anio": 2023, "mes": "mayo", "dia": 2, "dia_semana": 3, "hora_hecho": "05:30", "barrio": "SUCRE", "estrato": 1, "geom": "0101000020E6100000000000407A2153C0000000008A9C0B40", "fecha_hech": "2023-05-02 00:00:00", "Id": 0, "area": 136572.15568900001 }, "geometry": { "type": "Point", "coordinates": [ -76.523086547849999, 3.45143508911 ] } },
{ "type": "Feature", "properties": { "dinamica": "HURTO", "titulo": "DELITOS CONTRA EL PATRIMONIO ECONOMICO", "capitulo": "DEL HURTO", "articulo": "HURTO. ART. 239 C.P.", "grado_deli": "NINGUNO", "tipo_notic": "DENUNCIA", "caracteriz": "HURTO A CELULARES", "modalidad": "COSQUILLEO", "modo": null, "motivo": null, "pais": "COLOMBIA", "dane_dep": 76, "departamen": "VALLE DEL CAUCA", "dane_mpio": 76001, "municipio": "CALI", "cod_comuna": 9.0, "comuna": "Comuna 9", "cod_barrio": 910.0, "nom_barrio": "Barrio Obrero", "direccion": "76001 Calle 25 8 46, Barrio Obrero, Comuna 9, Cali, Valle del Cauca, COL,BARRIO OBRERO", "sitio": "SIN INFORMACION", "x": -76.518966674799998, "y": 3.4523301124599999, "anio": 2023, "mes": "mayo", "dia": 4, "dia_semana": 5, "hora_hecho": "09:30", "barrio": "BARRIO OBRERO", "estrato": 2, "geom": "0101000020E6100000000000C0362153C0000000405F9E0B40", "fecha_hech": "2023-05-04 00:00:00", "Id": 0, "area": 136572.15568900001 }, "geometry": { "type": "Point", "coordinates": [ -76.518966674799998, 3.45233011246 ] } },
{ "type": "Feature", "properties": { "dinamica": "HURTO", "titulo": "DELITOS CONTRA EL PATRIMONIO ECONOMICO", "capitulo": "DEL HURTO", "articulo": "HURTO CALIFICADO. ART. 240 C.P.", "grado_deli": "NINGUNO", "tipo_notic": "DENUNCIA", "caracteriz": "HURTO A PERSONAS", "modalidad": "ATRACO", "modo": "ARMA DE FUEGO", "motivo": null, "pais": "COLOMBIA", "dane_dep": 76, "departamen": "VALLE DEL CAUCA", "dane_mpio": 76001, "municipio": "CALI", "cod_comuna": 9.0, "comuna": "Comuna 9", "cod_barrio": 910.0, "nom_barrio": "Barrio Obrero", "direccion": "76001 Carrera 11B, Barrio Obrero, Comuna 9, Cali, Valle del Cauca, COL,BARRIO OBRERO", "sitio": "SIN INFORMACION", "x": -76.519653320309999, "y": 3.4480860233300001, "anio": 2023, "mes": "mayo", "dia": 4, "dia_semana": 5, "hora_hecho": "11:00", "barrio": "BARRIO OBRERO", "estrato": 2, "geom": "0101000020E610000000000000422153C000000020AE950B40", "fecha_hech": "2023-05-04 00:00:00", "Id": 0, "area": 136572.15568900001 }, "geometry": { "type": "Point", "coordinates": [ -76.519653320309999, 3.44808602333 ] } },
{ "type": "Feature", "properties": { "dinamica": "HURTO", "titulo": "DELITOS CONTRA EL PATRIMONIO ECONOMICO", "capitulo": "DEL HURTO", "articulo": "HURTO CALIFICADO. ART. 240 C.P.", "grado_deli": "NINGUNO", "tipo_notic": "DENUNCIA", "caracteriz": "HURTO A PERSONAS", "modalidad": "ATRACO", "modo": "ARMA BLANCA", "motivo": null, "pais": "COLOMBIA", "dane_dep": 76, "departamen": "VALLE DEL CAUCA", "dane_mpio": 76001, "municipio": "CALI", "cod_comuna": 9.0, "comuna": "Comuna 9", "cod_barrio": 910.0, "nom_barrio": "Barrio Obrero", "direccion": "76001 AVENIDA MIGUEL LÓPEZ MUÑOZ 53", "sitio": "VIA PUBLICA", "x": -76.519020080570002, "y": 3.4526391029400001, "anio": 2023, "mes": "mayo", "dia": 5, "dia_semana": 6, "hora_hecho": "00:10", "barrio": "BARRIO OBRERO", "estrato": 2, "geom": "0101000020E6100000000000A0372153C000000040019F0B40", "fecha_hech": "2023-05-05 00:00:00", "Id": 0, "area": 136572.15568900001 }, "geometry": { "type": "Point", "coordinates": [ -76.519020080570002, 3.45263910294 ] } },
{ "type": "Feature", "properties": { "dinamica": "HURTO", "titulo": "DELITOS CONTRA EL PATRIMONIO ECONOMICO", "capitulo": "DEL HURTO", "articulo": "HURTO CALIFICADO. ART. 240 C.P.", "grado_deli": "NINGUNO", "tipo_notic": "DENUNCIA", "caracteriz": "HURTO A PERSONAS", "modalidad": "RAPONAZO", "modo": null, "motivo": null, "pais": "COLOMBIA", "dane_dep": 76, "departamen": "VALLE DEL CAUCA", "dane_mpio": 76001, "municipio": "CALI", "cod_comuna": 9.0, "comuna": "Comuna 9", "cod_barrio": 910.0, "nom_barrio": "Barrio Obrero", "direccion": "76001 CALLE 22A 15 37, BARRIO OBRERO, COMUNA 9, CALI, VALLE DEL CAUCA", "sitio": "VIA PUBLICA", "x": -76.52003479004, "y": 3.4445550441699999, "anio": 2023, "mes": "mayo", "dia": 5, "dia_semana": 6, "hora_hecho": "16:00", "barrio": "BARRIO OBRERO", "estrato": 2, "geom": "0101000020E610000000000040482153C0000000E0728E0B40", "fecha_hech": "2023-05-05 00:00:00", "Id": 0, "area": 136572.15568900001 }, "geometry": { "type": "Point", "coordinates": [ -76.52003479004, 3.44455504417 ] } },
{ "type": "Feature", "properties": { "dinamica": "HURTO", "titulo": "DELITOS CONTRA EL PATRIMONIO ECONOMICO", "capitulo": "DEL HURTO", "articulo": "HURTO. ART. 239 C.P.", "grado_deli": "NINGUNO", "tipo_notic": "QUERELLA", "caracteriz": "HURTO A PERSONAS", "modalidad": "ENGAÑO", "modo": null, "motivo": null, "pais": "COLOMBIA", "dane_dep": 76, "departamen": "VALLE DEL CAUCA", "dane_mpio": 76001, "municipio": "CALI", "cod_comuna": 9.0, "comuna": "Comuna 9", "cod_barrio": 910.0, "nom_barrio": "Barrio Obrero", "direccion": "76001 CARRERA 8A CON CALLE 21, BARRIO OBRERO, COMUNA 9, CALI, VALLE DEL CAUCA", "sitio": "VIA PUBLICA", "x": -76.523078918460001, "y": 3.4510700702700001, "anio": 2023, "mes": "mayo", "dia": 8, "dia_semana": 2, "hora_hecho": "12:30", "barrio": "SUCRE", "estrato": 2, "geom": "0101000020E6100000000000207A2153C0000000A0CA9B0B40", "fecha_hech": "2023-05-08 00:00:00", "Id": 0, "area": 136572.15568900001 }, "geometry": { "type": "Point", "coordinates": [ -76.523078918460001, 3.45107007027 ] } },
{ "type": "Feature", "properties": { "dinamica": "HURTO", "titulo": "DELITOS CONTRA EL PATRIMONIO ECONOMICO", "capitulo": "DEL HURTO", "articulo": "HURTO CALIFICADO. ART. 240 C.P.", "grado_deli": "NINGUNO", "tipo_notic": "DENUNCIA", "caracteriz": "HURTO DE AUTOPARTES", "modalidad": "FACTOR DE OPORTUNIDAD", "modo": null, "motivo": null, "pais": "COLOMBIA", "dane_dep": 76, "departamen": "VALLE DEL CAUCA", "dane_mpio": 76001, "municipio": "CALI", "cod_comuna": 9.0, "comuna": "Comuna 9", "cod_barrio": 910.0, "nom_barrio": "Barrio Obrero", "direccion": "76001 CARRERA 10 23 34, BARRIO OBRERO, COMUNA 9, CALI, VALLE DEL CAUCA", "sitio": "VEHICULO", "x": -76.519912719730002, "y": 3.4498710632299998, "anio": 2023, "mes": "mayo", "dia": 10, "dia_semana": 4, "hora_hecho": "02:00", "barrio": "BARRIO OBRERO", "estrato": 2, "geom": "0101000020E610000000000040462153C00000000056990B40", "fecha_hech": "2023-05-10 00:00:00", "Id": 0, "area": 136572.15568900001 }, "geometry": { "type": "Point", "coordinates": [ -76.519912719730002, 3.44987106323 ] } },
{ "type": "Feature", "properties": { "dinamica": "HURTO", "titulo": "DELITOS CONTRA EL PATRIMONIO ECONOMICO", "capitulo": "DEL HURTO", "articulo": "HURTO CALIFICADO. ART. 240 C.P.", "grado_deli": "AGRAVADO", "tipo_notic": "DENUNCIA", "caracteriz": "HURTO A PERSONAS", "modalidad": "ATRACO", "modo": "ARMA DE FUEGO", "motivo": null, "pais": "COLOMBIA", "dane_dep": 76, "departamen": "VALLE DEL CAUCA", "dane_mpio": 76001, "municipio": "CALI", "cod_comuna": 9.0, "comuna": "Comuna 9", "cod_barrio": 910.0, "nom_barrio": "Barrio Obrero", "direccion": "76001 CARRERA 10 23 33", "sitio": "VIA PUBLICA", "x": -76.51993560791, "y": 3.4500310421, "anio": 2023, "mes": "mayo", "dia": 10, "dia_semana": 4, "hora_hecho": "14:00", "barrio": "BARRIO OBRERO", "estrato": 2, "geom": "0101000020E6100000000000A0462153C0000000E0A9990B40", "fecha_hech": "2023-05-10 00:00:00", "Id": 0, "area": 136572.15568900001 }, "geometry": { "type": "Point", "coordinates": [ -76.51993560791, 3.4500310421 ] } },
{ "type": "Feature", "properties": { "dinamica": "HURTO", "titulo": "DELITOS CONTRA EL PATRIMONIO ECONOMICO", "capitulo": "DEL HURTO", "articulo": "HURTO CALIFICADO. ART. 240 C.P.", "grado_deli": "NINGUNO", "tipo_notic": "DENUNCIA", "caracteriz": "HURTO DE MOTOCICLETAS", "modalidad": "ATRACO", "modo": "ARMA DE FUEGO", "motivo": null, "pais": "COLOMBIA", "dane_dep": 76, "departamen": "VALLE DEL CAUCA", "dane_mpio": 76001, "municipio": "CALI", "cod_comuna": 9.0, "comuna": "Comuna 9", "cod_barrio": 910.0, "nom_barrio": "Barrio Obrero", "direccion": "76001 CARRERA 12 23 61", "sitio": "VIA PUBLICA", "x": -76.519104003910002, "y": 3.4470040798200001, "anio": 2023, "mes": "mayo", "dia": 13, "dia_semana": 7, "hora_hecho": "04:00", "barrio": "BARRIO OBRERO", "estrato": 2, "geom": "0101000020E610000000000000392153C0000000E076930B40", "fecha_hech": "2023-05-13 00:00:00", "Id": 0, "area": 136572.15568900001 }, "geometry": { "type": "Point", "coordinates": [ -76.519104003910002, 3.44700407982 ] } },
{ "type": "Feature", "properties": { "dinamica": "HURTO", "titulo": "DELITOS CONTRA EL PATRIMONIO ECONOMICO", "capitulo": "DEL HURTO", "articulo": "HURTO. ART. 239 C.P.", "grado_deli": "AGRAVADO", "tipo_notic": "DENUNCIA", "caracteriz": "HURTO A PERSONAS", "modalidad": "ENGAÑO", "modo": null, "motivo": null, "pais": "COLOMBIA", "dane_dep": 76, "departamen": "VALLE DEL CAUCA", "dane_mpio": 76001, "municipio": "CALI", "cod_comuna": 9.0, "comuna": "Comuna 9", "cod_barrio": 910.0, "nom_barrio": "Barrio Obrero", "direccion": "76001 CALI, VALLE DEL CAUCA", "sitio": "OTRO", "x": -76.52198791504, "y": 3.4491429328900001, "anio": 2023, "mes": "mayo", "dia": 13, "dia_semana": 7, "hora_hecho": "18:00", "barrio": "BARRIO OBRERO", "estrato": 2, "geom": "0101000020E610000000000040682153C000000040D8970B40", "fecha_hech": "2023-05-13 00:00:00", "Id": 0, "area": 136572.15568900001 }, "geometry": { "type": "Point", "coordinates": [ -76.52198791504, 3.44914293289 ] } },
{ "type": "Feature", "properties": { "dinamica": "HURTO", "titulo": "DELITOS CONTRA EL PATRIMONIO ECONOMICO", "capitulo": "DEL HURTO", "articulo": "HURTO CALIFICADO. ART. 240 C.P.", "grado_deli": "AGRAVADO", "tipo_notic": "DENUNCIA", "caracteriz": "HURTO A PERSONAS", "modalidad": "ATRACO", "modo": "SIN ARMA", "motivo": null, "pais": "COLOMBIA", "dane_dep": 76, "departamen": "VALLE DEL CAUCA", "dane_mpio": 76001, "municipio": "CALI", "cod_comuna": 9.0, "comuna": "Comuna 9", "cod_barrio": 910.0, "nom_barrio": "Barrio Obrero", "direccion": "76001 KR 10 CON CL 22 CARRERA 10 CALLE 22 A", "sitio": "SIN INFORMACION", "x": -76.52099609375, "y": 3.44948101044, "anio": 2023, "mes": "mayo", "dia": 16, "dia_semana": 3, "hora_hecho": "04:00", "barrio": null, "estrato": 2, "geom": "0101000020E610000000000000582153C00000008089980B40", "fecha_hech": "2023-05-16 00:00:00", "Id": 0, "area": 136572.15568900001 }, "geometry": { "type": "Point", "coordinates": [ -76.52099609375, 3.44948101044 ] } },
{ "type": "Feature", "properties": { "dinamica": "HURTO", "titulo": "DELITOS CONTRA EL PATRIMONIO ECONOMICO", "capitulo": "DEL HURTO", "articulo": "HURTO CALIFICADO. ART. 240 C.P.", "grado_deli": "AGRAVADO", "tipo_notic": "DENUNCIA", "caracteriz": "HURTO A PERSONAS", "modalidad": "ATRACO", "modo": "ARMA BLANCA", "motivo": null, "pais": "COLOMBIA", "dane_dep": 76, "departamen": "VALLE DEL CAUCA", "dane_mpio": 76001, "municipio": "CALI", "cod_comuna": 9.0, "comuna": "Comuna 9", "cod_barrio": 910.0, "nom_barrio": "Barrio Obrero", "direccion": "76001 CARRERA 11 22 49", "sitio": "VIA PUBLICA", "x": -76.521339416499998, "y": 3.4489629268600002, "anio": 2023, "mes": "mayo", "dia": 23, "dia_semana": 3, "hora_hecho": "05:00", "barrio": "BARRIO OBRERO", "estrato": 2, "geom": "0101000020E6100000000000A05D2153C0000000E079970B40", "fecha_hech": "2023-05-23 00:00:00", "Id": 0, "area": 136572.15568900001 }, "geometry": { "type": "Point", "coordinates": [ -76.521339416499998, 3.44896292686 ] } },
{ "type": "Feature", "properties": { "dinamica": "HURTO", "titulo": "DELITOS CONTRA EL PATRIMONIO ECONOMICO", "capitulo": "DEL HURTO", "articulo": "HURTO. ART. 239 C.P.", "grado_deli": "NINGUNO", "tipo_notic": "DENUNCIA", "caracteriz": "HURTO A PERSONAS", "modalidad": "FACTOR DE OPORTUNIDAD", "modo": null, "motivo": null, "pais": "COLOMBIA", "dane_dep": 76, "departamen": "VALLE DEL CAUCA", "dane_mpio": 76001, "municipio": "CALI", "cod_comuna": 9.0, "comuna": "Comuna 9", "cod_barrio": 910.0, "nom_barrio": "Barrio Obrero", "direccion": "76001 CL 10 CON CON KR 21 Calle 10 carrera 21", "sitio": "VEHICULO", "x": -76.522483825679998, "y": 3.4491679668400002, "anio": 2023, "mes": "mayo", "dia": 23, "dia_semana": 3, "hora_hecho": "10:00", "barrio": null, "estrato": 2, "geom": "0101000020E610000000000060702153C000000060E5970B40", "fecha_hech": "2023-05-23 00:00:00", "Id": 0, "area": 136572.15568900001 }, "geometry": { "type": "Point", "coordinates": [ -76.522483825679998, 3.44916796684 ] } },
{ "type": "Feature", "properties": { "dinamica": "HURTO", "titulo": "DELITOS CONTRA EL PATRIMONIO ECONOMICO", "capitulo": "DEL HURTO", "articulo": "HURTO. ART. 239 C.P.", "grado_deli": "NINGUNO", "tipo_notic": "QUERELLA", "caracteriz": "HURTO A PERSONAS", "modalidad": "FACTOR DE OPORTUNIDAD", "modo": null, "motivo": null, "pais": "COLOMBIA", "dane_dep": 76, "departamen": "VALLE DEL CAUCA", "dane_mpio": 76001, "municipio": "CALI", "cod_comuna": 9.0, "comuna": "Comuna 9", "cod_barrio": 910.0, "nom_barrio": "Barrio Obrero", "direccion": "76001 Carrera 11, Barrio Obrero, Comuna 9, Cali, Valle del Cauca, COL,BARRIO OBRERO", "sitio": "SIN INFORMACION", "x": -76.520553588870001, "y": 3.4488520622299998, "anio": 2023, "mes": "mayo", "dia": 23, "dia_semana": 3, "hora_hecho": "19:00", "barrio": "BARRIO OBRERO", "estrato": 2, "geom": "0101000020E6100000000000C0502153C0000000C03F970B40", "fecha_hech": "2023-05-23 00:00:00", "Id": 0, "area": 136572.15568900001 }, "geometry": { "type": "Point", "coordinates": [ -76.520553588870001, 3.44885206223 ] } },
{ "type": "Feature", "properties": { "dinamica": "HURTO", "titulo": "DELITOS CONTRA EL PATRIMONIO ECONOMICO", "capitulo": "DEL HURTO", "articulo": "HURTO CALIFICADO. ART. 240 C.P.", "grado_deli": "AGRAVADO", "tipo_notic": "DENUNCIA", "caracteriz": "HURTO A CELULARES", "modalidad": "COSQUILLEO", "modo": null, "motivo": null, "pais": "COLOMBIA", "dane_dep": 76, "departamen": "VALLE DEL CAUCA", "dane_mpio": 76001, "municipio": "CALI", "cod_comuna": 9.0, "comuna": "Comuna 9", "cod_barrio": 910.0, "nom_barrio": "Barrio Obrero", "direccion": "76001 CARRERA 15 21, BARRIO OBRERO, COMUNA 9, CALI, VALLE DEL CAUCA", "sitio": "TRANSPORTE MASIVO", "x": -76.520973205570002, "y": 3.44413995743, "anio": 2023, "mes": "mayo", "dia": 26, "dia_semana": 6, "hora_hecho": "07:30", "barrio": "BARRIO OBRERO", "estrato": 2, "geom": "0101000020E6100000000000A0572153C000000040998D0B40", "fecha_hech": "2023-05-26 00:00:00", "Id": 0, "area": 136572.15568900001 }, "geometry": { "type": "Point", "coordinates": [ -76.520973205570002, 3.44413995743 ] } },
{ "type": "Feature", "properties": { "dinamica": "HURTO", "titulo": "DELITOS CONTRA EL PATRIMONIO ECONOMICO", "capitulo": "DEL HURTO", "articulo": "HURTO CALIFICADO. ART. 240 C.P.", "grado_deli": "NINGUNO", "tipo_notic": "DENUNCIA", "caracteriz": "HURTO A PERSONAS", "modalidad": "ATRACO", "modo": "ARMA DE FUEGO", "motivo": null, "pais": "COLOMBIA", "dane_dep": 76, "departamen": "VALLE DEL CAUCA", "dane_mpio": 76001, "municipio": "CALI", "cod_comuna": 9.0, "comuna": "Comuna 9", "cod_barrio": 910.0, "nom_barrio": "Barrio Obrero", "direccion": "76001 Carrera 9 con Calle 24, Barrio Obrero, Comuna 9, Cali, Valle del Cauca, COL,BARRIO OBRERO", "sitio": "SIN INFORMACION", "x": -76.519577026370001, "y": 3.4509201049799998, "anio": 2023, "mes": "mayo", "dia": 26, "dia_semana": 6, "hora_hecho": "22:00", "barrio": "BARRIO OBRERO", "estrato": 2, "geom": "0101000020E6100000000000C0402153C0000000007C9B0B40", "fecha_hech": "2023-05-26 00:00:00", "Id": 0, "area": 136572.15568900001 }, "geometry": { "type": "Point", "coordinates": [ -76.519577026370001, 3.45092010498 ] } },
{ "type": "Feature", "properties": { "dinamica": "HURTO", "titulo": "DELITOS CONTRA EL PATRIMONIO ECONOMICO", "capitulo": "DEL HURTO", "articulo": "HURTO CALIFICADO. ART. 240 C.P.", "grado_deli": "NINGUNO", "tipo_notic": "DENUNCIA", "caracteriz": "HURTO DE MOTOCICLETAS", "modalidad": "HALADO", "modo": null, "motivo": null, "pais": "COLOMBIA", "dane_dep": 76, "departamen": "VALLE DEL CAUCA", "dane_mpio": 76001, "municipio": "CALI", "cod_comuna": 9.0, "comuna": "Comuna 9", "cod_barrio": 910.0, "nom_barrio": "Barrio Obrero", "direccion": "76001 CARRERA 9 23 49, BARRIO OBRERO, COMUNA 9, CALI, VALLE DEL CAUCA", "sitio": "OTRO", "x": -76.52001953125, "y": 3.4508790969800001, "anio": 2023, "mes": "mayo", "dia": 29, "dia_semana": 2, "hora_hecho": "09:30", "barrio": "BARRIO OBRERO", "estrato": 2, "geom": "0101000020E610000000000000482153C000000080669B0B40", "fecha_hech": "2023-05-29 00:00:00", "Id": 0, "area": 136572.15568900001 }, "geometry": { "type": "Point", "coordinates": [ -76.52001953125, 3.45087909698 ] } },
{ "type": "Feature", "properties": { "dinamica": "HURTO", "titulo": "DELITOS CONTRA EL PATRIMONIO ECONOMICO", "capitulo": "DEL HURTO", "articulo": "HURTO CALIFICADO. ART. 240 C.P.", "grado_deli": "NINGUNO", "tipo_notic": "DENUNCIA", "caracteriz": "HURTO A PERSONAS", "modalidad": "ATRACO", "modo": "ARMA DE FUEGO", "motivo": null, "pais": "COLOMBIA", "dane_dep": 76, "departamen": "VALLE DEL CAUCA", "dane_mpio": 76001, "municipio": "CALI", "cod_comuna": 9.0, "comuna": "Comuna 9", "cod_barrio": 910.0, "nom_barrio": "Barrio Obrero", "direccion": "76001 Calle 23 8, Barrio Obrero, Comuna 9, Cali, Valle del Cauca, COL,BARRIO OBRERO", "sitio": "SIN INFORMACION", "x": -76.520713806149999, "y": 3.4520049095199998, "anio": 2023, "mes": "mayo", "dia": 29, "dia_semana": 2, "hora_hecho": "16:26", "barrio": "BARRIO OBRERO", "estrato": 2, "geom": "0101000020E610000000000060532153C0000000C0B49D0B40", "fecha_hech": "2023-05-29 00:00:00", "Id": 0, "area": 136572.15568900001 }, "geometry": { "type": "Point", "coordinates": [ -76.520713806149999, 3.45200490952 ] } },
{ "type": "Feature", "properties": { "dinamica": "HURTO", "titulo": "DELITOS CONTRA EL PATRIMONIO ECONOMICO", "capitulo": "DEL HURTO", "articulo": "HURTO CALIFICADO. ART. 240 C.P.", "grado_deli": "AGRAVADO", "tipo_notic": "DENUNCIA", "caracteriz": "HURTO A PERSONAS", "modalidad": "ATRACO", "modo": "ARMA DE FUEGO", "motivo": null, "pais": "COLOMBIA", "dane_dep": 76, "departamen": "VALLE DEL CAUCA", "dane_mpio": 76001, "municipio": "CALI", "cod_comuna": 9.0, "comuna": "Comuna 9", "cod_barrio": 910.0, "nom_barrio": "Barrio Obrero", "direccion": "76001 CALI, VALLE DEL CAUCA", "sitio": "VIA PUBLICA", "x": -76.5210647583, "y": 3.4458129406000002, "anio": 2023, "mes": "mayo", "dia": 30, "dia_semana": 3, "hora_hecho": "05:00", "barrio": "BARRIO OBRERO", "estrato": 2, "geom": "0101000020E610000000000020592153C00000006006910B40", "fecha_hech": "2023-05-30 00:00:00", "Id": 0, "area": 136572.15568900001 }, "geometry": { "type": "Point", "coordinates": [ -76.5210647583, 3.4458129406 ] } },
{ "type": "Feature", "properties": { "dinamica": "HURTO", "titulo": "DELITOS CONTRA EL PATRIMONIO ECONOMICO", "capitulo": "DEL HURTO", "articulo": "HURTO. ART. 239 C.P.", "grado_deli": "AGRAVADO", "tipo_notic": "DENUNCIA", "caracteriz": "HURTO A PERSONAS", "modalidad": "COSQUILLEO", "modo": null, "motivo": null, "pais": "COLOMBIA", "dane_dep": 76, "departamen": "VALLE DEL CAUCA", "dane_mpio": 76001, "municipio": "CALI", "cod_comuna": 9.0, "comuna": "Comuna 9", "cod_barrio": 910.0, "nom_barrio": "Barrio Obrero", "direccion": "76001 CARRERA 15 21, BARRIO OBRERO, COMUNA 9, CALI, VALLE DEL CAUCA", "sitio": "TRANSPORTE MASIVO", "x": -76.520973205570002, "y": 3.44413995743, "anio": 2023, "mes": "mayo", "dia": 31, "dia_semana": 4, "hora_hecho": "02:00", "barrio": "BARRIO OBRERO", "estrato": 2, "geom": "0101000020E6100000000000A0572153C000000040998D0B40", "fecha_hech": "2023-05-31 00:00:00", "Id": 0, "area": 136572.15568900001 }, "geometry": { "type": "Point", "coordinates": [ -76.520973205570002, 3.44413995743 ] } },
{ "type": "Feature", "properties": { "dinamica": "HURTO", "titulo": "DELITOS CONTRA EL PATRIMONIO ECONOMICO", "capitulo": "DEL HURTO", "articulo": "HURTO. ART. 239 C.P.", "grado_deli": "NINGUNO", "tipo_notic": "DENUNCIA", "caracteriz": "HURTO A PERSONAS", "modalidad": "VIOLACION DE CERRADURA", "modo": null, "motivo": null, "pais": "COLOMBIA", "dane_dep": 76, "departamen": "VALLE DEL CAUCA", "dane_mpio": 76001, "municipio": "CALI", "cod_comuna": 9.0, "comuna": "Comuna 9", "cod_barrio": 910.0, "nom_barrio": "Barrio Obrero", "direccion": "76001 CL 25 CON CON KR 12  CALLE 25 CARRERA 12", "sitio": "SIN INFORMACION", "x": -76.518775939939999, "y": 3.4468290805800001, "anio": 2023, "mes": "junio", "dia": 6, "dia_semana": 3, "hora_hecho": "11:30", "barrio": null, "estrato": 2, "geom": "0101000020E6100000000000A0332153C0000000201B930B40", "fecha_hech": "2023-06-06 00:00:00", "Id": 0, "area": 136572.15568900001 }, "geometry": { "type": "Point", "coordinates": [ -76.518775939939999, 3.44682908058 ] } },
{ "type": "Feature", "properties": { "dinamica": "HURTO", "titulo": "DELITOS CONTRA EL PATRIMONIO ECONOMICO", "capitulo": "DEL HURTO", "articulo": "HURTO CALIFICADO. ART. 240 C.P.", "grado_deli": "NINGUNO", "tipo_notic": "DENUNCIA", "caracteriz": "HURTO A PERSONAS", "modalidad": "ATRACO", "modo": "ARMA CONTUNDENTE", "motivo": null, "pais": "COLOMBIA", "dane_dep": 76, "departamen": "VALLE DEL CAUCA", "dane_mpio": 76001, "municipio": "CALI", "cod_comuna": 9.0, "comuna": "Comuna 9", "cod_barrio": 910.0, "nom_barrio": "Barrio Obrero", "direccion": "76001 CALLE 21 8 63, BARRIO OBRERO, COMUNA 9, CALI, VALLE DEL CAUCA", "sitio": "OTRO", "x": -76.52303314209, "y": 3.4514040947, "anio": 2023, "mes": "junio", "dia": 7, "dia_semana": 4, "hora_hecho": "23:00", "barrio": "BARRIO OBRERO", "estrato": 2, "geom": "0101000020E610000000000060792153C0000000C0799C0B40", "fecha_hech": "2023-06-07 00:00:00", "Id": 0, "area": 136572.15568900001 }, "geometry": { "type": "Point", "coordinates": [ -76.52303314209, 3.4514040947 ] } },
{ "type": "Feature", "properties": { "dinamica": "HURTO", "titulo": "DELITOS CONTRA EL PATRIMONIO ECONOMICO", "capitulo": "DEL HURTO", "articulo": "HURTO CALIFICADO. ART. 240 C.P.", "grado_deli": "AGRAVADO", "tipo_notic": "DENUNCIA", "caracteriz": "HURTO A PERSONAS", "modalidad": "ATRACO", "modo": "ARMA DE FUEGO", "motivo": null, "pais": "COLOMBIA", "dane_dep": 76, "departamen": "VALLE DEL CAUCA", "dane_mpio": 76001, "municipio": "CALI", "cod_comuna": 9.0, "comuna": "Comuna 9", "cod_barrio": 910.0, "nom_barrio": "Barrio Obrero", "direccion": "76001 CALLE 22 CON CARRERA 12, BARRIO OBRERO, COMUNA 9, CALI, VALLE DEL CAUCA", "sitio": "VIA PUBLICA", "x": -76.521118164059999, "y": 3.44572997093, "anio": 2023, "mes": "junio", "dia": 9, "dia_semana": 6, "hora_hecho": "17:22", "barrio": "BARRIO OBRERO", "estrato": 2, "geom": "0101000020E6100000000000005A2153C0000000E0DA900B40", "fecha_hech": "2023-06-09 00:00:00", "Id": 0, "area": 136572.15568900001 }, "geometry": { "type": "Point", "coordinates": [ -76.521118164059999, 3.44572997093 ] } },
{ "type": "Feature", "properties": { "dinamica": "HURTO", "titulo": "DELITOS CONTRA EL PATRIMONIO ECONOMICO", "capitulo": "DEL HURTO", "articulo": "HURTO CALIFICADO. ART. 240 C.P.", "grado_deli": "NINGUNO", "tipo_notic": "DENUNCIA", "caracteriz": "HURTO DE MOTOCICLETAS", "modalidad": "HALADO", "modo": null, "motivo": null, "pais": "COLOMBIA", "dane_dep": 76, "departamen": "VALLE DEL CAUCA", "dane_mpio": 76001, "municipio": "CALI", "cod_comuna": 9.0, "comuna": "Comuna 9", "cod_barrio": 910.0, "nom_barrio": "Barrio Obrero", "direccion": "76001 KR 10 CON CL 24 KR 10 CL 24", "sitio": "SIN INFORMACION", "x": -76.518989562990001, "y": 3.4502210617100002, "anio": 2023, "mes": "junio", "dia": 14, "dia_semana": 4, "hora_hecho": "10:00", "barrio": null, "estrato": 2, "geom": "0101000020E610000000000020372153C0000000800D9A0B40", "fecha_hech": "2023-06-14 00:00:00", "Id": 0, "area": 136572.15568900001 }, "geometry": { "type": "Point", "coordinates": [ -76.518989562990001, 3.45022106171 ] } },
{ "type": "Feature", "properties": { "dinamica": "HURTO", "titulo": "DELITOS CONTRA EL PATRIMONIO ECONOMICO", "capitulo": "DEL HURTO", "articulo": "HURTO CALIFICADO. ART. 240 C.P.", "grado_deli": "AGRAVADO", "tipo_notic": "DENUNCIA", "caracteriz": "HURTO A ESTABLECIMIENTOS", "modalidad": "ATRACO", "modo": "ARMA DE FUEGO", "motivo": null, "pais": "COLOMBIA", "dane_dep": 76, "departamen": "VALLE DEL CAUCA", "dane_mpio": 76001, "municipio": "CALI", "cod_comuna": 9.0, "comuna": "Comuna 9", "cod_barrio": 910.0, "nom_barrio": "Barrio Obrero", "direccion": "76001 CARRERA 12 22A 33, BARRIO OBRERO, COMUNA 9, CALI, VALLE DEL CAUCA", "sitio": "ESTABLECIMIENTO DE COMERCIO", "x": -76.520080566410002, "y": 3.4464991092699999, "anio": 2023, "mes": "junio", "dia": 17, "dia_semana": 7, "hora_hecho": "19:59", "barrio": "BARRIO OBRERO", "estrato": 2, "geom": "0101000020E610000000000000492153C0000000206E920B40", "fecha_hech": "2023-06-17 00:00:00", "Id": 0, "area": 136572.15568900001 }, "geometry": { "type": "Point", "coordinates": [ -76.520080566410002, 3.44649910927 ] } },
{ "type": "Feature", "properties": { "dinamica": "HURTO", "titulo": "DELITOS CONTRA EL PATRIMONIO ECONOMICO", "capitulo": "DEL HURTO", "articulo": "HURTO CALIFICADO. ART. 240 C.P.", "grado_deli": "NINGUNO", "tipo_notic": "DENUNCIA", "caracteriz": "HURTO A CELULARES", "modalidad": "FACTOR DE OPORTUNIDAD", "modo": null, "motivo": null, "pais": "COLOMBIA", "dane_dep": 76, "departamen": "VALLE DEL CAUCA", "dane_mpio": 76001, "municipio": "CALI", "cod_comuna": 9.0, "comuna": "Comuna 9", "cod_barrio": 910.0, "nom_barrio": "Barrio Obrero", "direccion": "76001 CALLE 22 CON CARRERA 11, BARRIO OBRERO, COMUNA 9, CALI, VALLE DEL CAUCA", "sitio": "VEHICULO", "x": -76.52172088623, "y": 3.4487099647499999, "anio": 2023, "mes": "junio", "dia": 19, "dia_semana": 2, "hora_hecho": "07:30", "barrio": "BARRIO OBRERO", "estrato": 2, "geom": "0101000020E6100000000000E0632153C000000040F5960B40", "fecha_hech": "2023-06-19 00:00:00", "Id": 0, "area": 136572.15568900001 }, "geometry": { "type": "Point", "coordinates": [ -76.52172088623, 3.44870996475 ] } },
{ "type": "Feature", "properties": { "dinamica": "HURTO", "titulo": "DELITOS CONTRA EL PATRIMONIO ECONOMICO", "capitulo": "DEL HURTO", "articulo": "HURTO CALIFICADO. ART. 240 C.P.", "grado_deli": "AGRAVADO", "tipo_notic": "DENUNCIA", "caracteriz": "HURTO A PERSONAS", "modalidad": "ATRACO", "modo": "ARMA DE FUEGO", "motivo": null, "pais": "COLOMBIA", "dane_dep": 76, "departamen": "VALLE DEL CAUCA", "dane_mpio": 76001, "municipio": "CALI", "cod_comuna": 9.0, "comuna": "Comuna 9", "cod_barrio": 910.0, "nom_barrio": "Barrio Obrero", "direccion": "76001 Carrera 10 23, Barrio Obrero, Comuna 9, Cali, Valle del Cauca, COL,BARRIO OBRERO", "sitio": "SIN INFORMACION", "x": -76.519805908199999, "y": 3.44994997978, "anio": 2023, "mes": "junio", "dia": 19, "dia_semana": 2, "hora_hecho": "20:15", "barrio": "BARRIO OBRERO", "estrato": 2, "geom": "0101000020E610000000000080442153C0000000607F990B40", "fecha_hech": "2023-06-19 00:00:00", "Id": 0, "area": 136572.15568900001 }, "geometry": { "type": "Point", "coordinates": [ -76.519805908199999, 3.44994997978 ] } },
{ "type": "Feature", "properties": { "dinamica": "HURTO", "titulo": "DELITOS CONTRA EL PATRIMONIO ECONOMICO", "capitulo": "DEL HURTO", "articulo": "HURTO CALIFICADO. ART. 240 C.P.", "grado_deli": "NINGUNO", "tipo_notic": "DENUNCIA", "caracteriz": "HURTO A PERSONAS", "modalidad": "ATRACO", "modo": "SUSTANCIA TÓXICA", "motivo": null, "pais": "COLOMBIA", "dane_dep": 76, "departamen": "VALLE DEL CAUCA", "dane_mpio": 76001, "municipio": "CALI", "cod_comuna": 9.0, "comuna": "Comuna 9", "cod_barrio": 910.0, "nom_barrio": "Barrio Obrero", "direccion": "76001 Calle 22, Barrio Obrero, Comuna 9, Cali, Valle del Cauca, COL,BARRIO OBRERO", "sitio": "SIN INFORMACION", "x": -76.5219039917, "y": 3.4499080181099999, "anio": 2023, "mes": "junio", "dia": 24, "dia_semana": 7, "hora_hecho": "13:30", "barrio": "BARRIO OBRERO", "estrato": 2, "geom": "0101000020E6100000000000E0662153C00000006069990B40", "fecha_hech": "2023-06-24 00:00:00", "Id": 0, "area": 136572.15568900001 }, "geometry": { "type": "Point", "coordinates": [ -76.5219039917, 3.44990801811 ] } },
{ "type": "Feature", "properties": { "dinamica": "HURTO", "titulo": "DELITOS CONTRA EL PATRIMONIO ECONOMICO", "capitulo": "DEL HURTO", "articulo": "HURTO CALIFICADO. ART. 240 C.P.", "grado_deli": "NINGUNO", "tipo_notic": "DENUNCIA", "caracteriz": "HURTO A PERSONAS", "modalidad": "FACTOR DE OPORTUNIDAD", "modo": null, "motivo": null, "pais": "COLOMBIA", "dane_dep": 76, "departamen": "VALLE DEL CAUCA", "dane_mpio": 76001, "municipio": "CALI", "cod_comuna": 9.0, "comuna": "Comuna 9", "cod_barrio": 910.0, "nom_barrio": "Barrio Obrero", "direccion": "76001 Obrero, Cali, El Valle, COL,BARRIO OBRERO", "sitio": "SIN INFORMACION", "x": -76.520362853999998, "y": 3.44901990891, "anio": 2023, "mes": "junio", "dia": 25, "dia_semana": 1, "hora_hecho": "02:00", "barrio": "BARRIO OBRERO", "estrato": 2, "geom": "0101000020E6100000000000A04D2153C0000000C097970B40", "fecha_hech": "2023-06-25 00:00:00", "Id": 0, "area": 136572.15568900001 }, "geometry": { "type": "Point", "coordinates": [ -76.520362854, 3.44901990891 ] } },
{ "type": "Feature", "properties": { "dinamica": "HURTO", "titulo": "DELITOS CONTRA EL PATRIMONIO ECONOMICO", "capitulo": "DEL HURTO", "articulo": "HURTO CALIFICADO. ART. 240 C.P.", "grado_deli": "NINGUNO", "tipo_notic": "DENUNCIA", "caracteriz": "HURTO A PERSONAS", "modalidad": "ATRACO", "modo": "ARMA DE FUEGO", "motivo": null, "pais": "COLOMBIA", "dane_dep": 76, "departamen": "VALLE DEL CAUCA", "dane_mpio": 76001, "municipio": "CALI", "cod_comuna": 9.0, "comuna": "Comuna 9", "cod_barrio": 910.0, "nom_barrio": "Barrio Obrero", "direccion": "76001 Calle 23, Barrio Obrero, Comuna 9, Cali, Valle del Cauca, COL,BARRIO OBRERO", "sitio": "SIN INFORMACION", "x": -76.51993560791, "y": 3.4485030174300002, "anio": 2023, "mes": "julio", "dia": 5, "dia_semana": 4, "hora_hecho": "15:20", "barrio": "BARRIO OBRERO", "estrato": 2, "geom": "0101000020E6100000000000A0462153C0000000C088960B40", "fecha_hech": "2023-07-05 00:00:00", "Id": 0, "area": 136572.15568900001 }, "geometry": { "type": "Point", "coordinates": [ -76.51993560791, 3.44850301743 ] } },
{ "type": "Feature", "properties": { "dinamica": "HURTO", "titulo": "DELITOS CONTRA EL PATRIMONIO ECONOMICO", "capitulo": "DEL HURTO", "articulo": "HURTO. ART. 239 C.P.", "grado_deli": "NINGUNO", "tipo_notic": "DENUNCIA", "caracteriz": "HURTO A PERSONAS", "modalidad": "ATRACO", "modo": "ARMA DE FUEGO", "motivo": null, "pais": "COLOMBIA", "dane_dep": 76, "departamen": "VALLE DEL CAUCA", "dane_mpio": 76001, "municipio": "CALI", "cod_comuna": 9.0, "comuna": "Comuna 9", "cod_barrio": 910.0, "nom_barrio": "Barrio Obrero", "direccion": "76001 BARRIO/LOCALIDAD/COMUNA:BARRIO OBRERO/COMUNA 9,CALI/VALLE DEL CAUCA,BARRIO OBRERO", "sitio": "SIN INFORMACION", "x": -76.521003723139998, "y": 3.4479660987899998, "anio": 2023, "mes": "julio", "dia": 8, "dia_semana": 7, "hora_hecho": "15:00", "barrio": "BARRIO OBRERO", "estrato": 2, "geom": "0101000020E610000000000020582153C0000000406F950B40", "fecha_hech": "2023-07-08 00:00:00", "Id": 0, "area": 136572.15568900001 }, "geometry": { "type": "Point", "coordinates": [ -76.521003723139998, 3.44796609879 ] } },
{ "type": "Feature", "properties": { "dinamica": "HURTO", "titulo": "DELITOS CONTRA EL PATRIMONIO ECONOMICO", "capitulo": "DEL HURTO", "articulo": "HURTO. ART. 239 C.P.", "grado_deli": "AGRAVADO", "tipo_notic": "DENUNCIA", "caracteriz": "HURTO A ESTABLECIMIENTOS", "modalidad": "FACTOR DE OPORTUNIDAD", "modo": null, "motivo": null, "pais": "COLOMBIA", "dane_dep": 76, "departamen": "VALLE DEL CAUCA", "dane_mpio": 76001, "municipio": "CALI", "cod_comuna": 9.0, "comuna": "Comuna 9", "cod_barrio": 910.0, "nom_barrio": "Barrio Obrero", "direccion": "76001 NO REPORTA CALLE 25 CON CARRERA 11 B 11", "sitio": "SIN INFORMACION", "x": -76.518272399899999, "y": 3.4487841129299999, "anio": 2023, "mes": "julio", "dia": 14, "dia_semana": 6, "hora_hecho": "16:00", "barrio": null, "estrato": 2, "geom": "0101000020E6100000000000602B2153C0000000201C970B40", "fecha_hech": "2023-07-14 00:00:00", "Id": 0, "area": 136572.15568900001 }, "geometry": { "type": "Point", "coordinates": [ -76.518272399899999, 3.44878411293 ] } },
{ "type": "Feature", "properties": { "dinamica": "HURTO", "titulo": "DELITOS CONTRA EL PATRIMONIO ECONOMICO", "capitulo": "DEL HURTO", "articulo": "HURTO CALIFICADO. ART. 240 C.P.", "grado_deli": "NINGUNO", "tipo_notic": "DENUNCIA", "caracteriz": "HURTO A ESTABLECIMIENTOS", "modalidad": "VENTOSA", "modo": null, "motivo": null, "pais": "COLOMBIA", "dane_dep": 76, "departamen": "VALLE DEL CAUCA", "dane_mpio": 76001, "municipio": "CALI", "cod_comuna": 9.0, "comuna": "Comuna 9", "cod_barrio": 910.0, "nom_barrio": "Barrio Obrero", "direccion": "76001 CARRERA 8 CON CALLE 23, BARRIO OBRERO, COMUNA 9, CALI, VALLE DEL CAUCA", "sitio": "ESTABLECIMIENTO PUBLICO", "x": -76.520812988279999, "y": 3.4524199962600002, "anio": 2023, "mes": "julio", "dia": 16, "dia_semana": 1, "hora_hecho": "06:30", "barrio": "SAN NICOLÁS", "estrato": 2, "geom": "0101000020E610000000000000552153C0000000608E9E0B40", "fecha_hech": "2023-07-16 00:00:00", "Id": 0, "area": 136572.15568900001 }, "geometry": { "type": "Point", "coordinates": [ -76.520812988279999, 3.45241999626 ] } },
{ "type": "Feature", "properties": { "dinamica": "HURTO", "titulo": "DELITOS CONTRA EL PATRIMONIO ECONOMICO", "capitulo": "DEL HURTO", "articulo": "HURTO. ART. 239 C.P.", "grado_deli": "NINGUNO", "tipo_notic": "QUERELLA", "caracteriz": "HURTO DE VEHICULOS", "modalidad": "HALADO", "modo": null, "motivo": null, "pais": "COLOMBIA", "dane_dep": 76, "departamen": "VALLE DEL CAUCA", "dane_mpio": 76001, "municipio": "CALI", "cod_comuna": 9.0, "comuna": "Comuna 9", "cod_barrio": 910.0, "nom_barrio": "Barrio Obrero", "direccion": "76001 Carrera 11B, Barrio Obrero, Comuna 9, Cali, Valle del Cauca, COL,BARRIO OBRERO", "sitio": "SIN INFORMACION", "x": -76.520217895510001, "y": 3.4481449127200001, "anio": 2023, "mes": "julio", "dia": 20, "dia_semana": 5, "hora_hecho": "09:00", "barrio": "BARRIO OBRERO", "estrato": 2, "geom": "0101000020E6100000000000404B2153C000000000CD950B40", "fecha_hech": "2023-07-20 00:00:00", "Id": 0, "area": 136572.15568900001 }, "geometry": { "type": "Point", "coordinates": [ -76.520217895510001, 3.44814491272 ] } },
{ "type": "Feature", "properties": { "dinamica": "HURTO", "titulo": "DELITOS CONTRA EL PATRIMONIO ECONOMICO", "capitulo": "DEL HURTO", "articulo": "HURTO CALIFICADO. ART. 240 C.P.", "grado_deli": "NINGUNO", "tipo_notic": "DENUNCIA", "caracteriz": "HURTO DE MOTOCICLETAS", "modalidad": "FACTOR DE OPORTUNIDAD", "modo": null, "motivo": null, "pais": "COLOMBIA", "dane_dep": 76, "departamen": "VALLE DEL CAUCA", "dane_mpio": 76001, "municipio": "CALI", "cod_comuna": 9.0, "comuna": "Comuna 9", "cod_barrio": 910.0, "nom_barrio": "Barrio Obrero", "direccion": "76001 CARRERA 10 CON CALLE 22 9A, BARRIO OBRERO, COMUNA 9, CALI, VALLE DEL CAUCA", "sitio": "VIA PUBLICA", "x": -76.521896362299998, "y": 3.4494800567600001, "anio": 2023, "mes": "julio", "dia": 21, "dia_semana": 6, "hora_hecho": "00:00", "barrio": "BARRIO OBRERO", "estrato": 2, "geom": "0101000020E6100000000000C0662153C00000000089980B40", "fecha_hech": "2023-07-21 00:00:00", "Id": 0, "area": 136572.15568900001 }, "geometry": { "type": "Point", "coordinates": [ -76.521896362299998, 3.44948005676 ] } },
{ "type": "Feature", "properties": { "dinamica": "HURTO", "titulo": "DELITOS CONTRA EL PATRIMONIO ECONOMICO", "capitulo": "DEL HURTO", "articulo": "HURTO CALIFICADO. ART. 240 C.P.", "grado_deli": "AGRAVADO", "tipo_notic": "DENUNCIA", "caracteriz": "HURTO A PERSONAS", "modalidad": "ATRACO", "modo": "ARMA BLANCA", "motivo": null, "pais": "COLOMBIA", "dane_dep": 76, "departamen": "VALLE DEL CAUCA", "dane_mpio": 76001, "municipio": "CALI", "cod_comuna": 9.0, "comuna": "Comuna 9", "cod_barrio": 910.0, "nom_barrio": "Barrio Obrero", "direccion": "76001 Calle 24 9 20, Barrio Obrero, Comuna 9, Cali, Valle del Cauca, COL,BARRIO OBRERO", "sitio": "SIN INFORMACION", "x": -76.519592285160002, "y": 3.4507060050999998, "anio": 2023, "mes": "julio", "dia": 21, "dia_semana": 6, "hora_hecho": "13:00", "barrio": "BARRIO OBRERO", "estrato": 2, "geom": "0101000020E610000000000000412153C0000000C00B9B0B40", "fecha_hech": "2023-07-21 00:00:00", "Id": 0, "area": 136572.15568900001 }, "geometry": { "type": "Point", "coordinates": [ -76.519592285160002, 3.4507060051 ] } },
{ "type": "Feature", "properties": { "dinamica": "HURTO", "titulo": "DELITOS CONTRA EL PATRIMONIO ECONOMICO", "capitulo": "DEL HURTO", "articulo": "HURTO. ART. 239 C.P.", "grado_deli": "NINGUNO", "tipo_notic": "DENUNCIA", "caracteriz": "HURTO A PERSONAS", "modalidad": "COSQUILLEO", "modo": null, "motivo": null, "pais": "COLOMBIA", "dane_dep": 76, "departamen": "VALLE DEL CAUCA", "dane_mpio": 76001, "municipio": "CALI", "cod_comuna": 9.0, "comuna": "Comuna 9", "cod_barrio": 910.0, "nom_barrio": "Barrio Obrero", "direccion": "76001 CARRERA 15, BARRIO OBRERO, COMUNA 9, CALI, VALLE DEL CAUCA", "sitio": "TRANSPORTE MASIVO", "x": -76.519584655759999, "y": 3.4448039531700001, "anio": 2023, "mes": "julio", "dia": 26, "dia_semana": 4, "hora_hecho": "21:00", "barrio": "BARRIO OBRERO", "estrato": 2, "geom": "0101000020E6100000000000E0402153C000000060F58E0B40", "fecha_hech": "2023-07-26 00:00:00", "Id": 0, "area": 136572.15568900001 }, "geometry": { "type": "Point", "coordinates": [ -76.519584655759999, 3.44480395317 ] } },
{ "type": "Feature", "properties": { "dinamica": "HURTO", "titulo": "DELITOS CONTRA EL PATRIMONIO ECONOMICO", "capitulo": "DEL HURTO", "articulo": "HURTO CALIFICADO. ART. 240 C.P.", "grado_deli": "NINGUNO", "tipo_notic": "DENUNCIA", "caracteriz": "HURTO DE MOTOCICLETAS", "modalidad": "ATRACO", "modo": "ARMA DE FUEGO", "motivo": null, "pais": "COLOMBIA", "dane_dep": 76, "departamen": "VALLE DEL CAUCA", "dane_mpio": 76001, "municipio": "CALI", "cod_comuna": 9.0, "comuna": "Comuna 9", "cod_barrio": 910.0, "nom_barrio": "Barrio Obrero", "direccion": "76001 CL 21 CON CON KR 8", "sitio": "SIN INFORMACION", "x": -76.523071289059999, "y": 3.4516279697400001, "anio": 2023, "mes": "agosto", "dia": 2, "dia_semana": 4, "hora_hecho": "22:00", "barrio": null, "estrato": 2, "geom": "0101000020E6100000000000007A2153C000000020EF9C0B40", "fecha_hech": "2023-08-02 00:00:00", "Id": 0, "area": 136572.15568900001 }, "geometry": { "type": "Point", "coordinates": [ -76.523071289059999, 3.45162796974 ] } },
{ "type": "Feature", "properties": { "dinamica": "HURTO", "titulo": "DELITOS CONTRA EL PATRIMONIO ECONOMICO", "capitulo": "DEL HURTO", "articulo": "HURTO CALIFICADO. ART. 240 C.P.", "grado_deli": "AGRAVADO", "tipo_notic": "DENUNCIA", "caracteriz": "HURTO A PERSONAS", "modalidad": "ATRACO", "modo": "ARMA BLANCA", "motivo": null, "pais": "COLOMBIA", "dane_dep": 76, "departamen": "VALLE DEL CAUCA", "dane_mpio": 76001, "municipio": "CALI", "cod_comuna": 9.0, "comuna": "Comuna 9", "cod_barrio": 910.0, "nom_barrio": "Barrio Obrero", "direccion": "76001 Parque Obrero, Carrera 10 22A, Barrio Obrero, Comuna 9, Cali, Valle del Cauca, COL,BARRIO OBRERO", "sitio": "SIN INFORMACION", "x": -76.520652771000002, "y": 3.4497499465899999, "anio": 2023, "mes": "agosto", "dia": 5, "dia_semana": 7, "hora_hecho": "01:00", "barrio": "BARRIO OBRERO", "estrato": 2, "geom": "0101000020E610000000000060522153C00000008016990B40", "fecha_hech": "2023-08-05 00:00:00", "Id": 0, "area": 136572.15568900001 }, "geometry": { "type": "Point", "coordinates": [ -76.520652771, 3.44974994659 ] } },
{ "type": "Feature", "properties": { "dinamica": "HURTO", "titulo": "DELITOS CONTRA EL PATRIMONIO ECONOMICO", "capitulo": "DEL HURTO", "articulo": "HURTO CALIFICADO. ART. 240 C.P.", "grado_deli": "AGRAVADO", "tipo_notic": "DENUNCIA", "caracteriz": "HURTO A PERSONAS", "modalidad": "ATRACO", "modo": "ARMA BLANCA", "motivo": null, "pais": "COLOMBIA", "dane_dep": 76, "departamen": "VALLE DEL CAUCA", "dane_mpio": 76001, "municipio": "CALI", "cod_comuna": 9.0, "comuna": "Comuna 9", "cod_barrio": 910.0, "nom_barrio": "Barrio Obrero", "direccion": "76001 CALLE 21 CON CARRERA 8A, BARRIO OBRERO, COMUNA 9, CALI, VALLE DEL CAUCA", "sitio": "VIA PUBLICA", "x": -76.523078918460001, "y": 3.4510700702700001, "anio": 2023, "mes": "agosto", "dia": 5, "dia_semana": 7, "hora_hecho": "20:00", "barrio": "SUCRE", "estrato": 2, "geom": "0101000020E6100000000000207A2153C0000000A0CA9B0B40", "fecha_hech": "2023-08-05 00:00:00", "Id": 0, "area": 136572.15568900001 }, "geometry": { "type": "Point", "coordinates": [ -76.523078918460001, 3.45107007027 ] } },
{ "type": "Feature", "properties": { "dinamica": "HURTO", "titulo": "DELITOS CONTRA EL PATRIMONIO ECONOMICO", "capitulo": "DEL HURTO", "articulo": "HURTO CALIFICADO. ART. 240 C.P.", "grado_deli": "NINGUNO", "tipo_notic": "DENUNCIA", "caracteriz": "HURTO A PERSONAS", "modalidad": "VIOLACION DE CERRADURA", "modo": null, "motivo": null, "pais": "COLOMBIA", "dane_dep": 76, "departamen": "VALLE DEL CAUCA", "dane_mpio": 76001, "municipio": "CALI", "cod_comuna": 9.0, "comuna": "Comuna 9", "cod_barrio": 910.0, "nom_barrio": "Barrio Obrero", "direccion": "76001 CALLE 22, BARRIO OBRERO, COMUNA 9, CALI, VALLE DEL CAUCA", "sitio": "VIA PUBLICA", "x": -76.522186279300001, "y": 3.4508199691799999, "anio": 2023, "mes": "agosto", "dia": 9, "dia_semana": 4, "hora_hecho": "09:00", "barrio": "BARRIO OBRERO", "estrato": 2, "geom": "0101000020E6100000000000806B2153C000000080479B0B40", "fecha_hech": "2023-08-09 00:00:00", "Id": 0, "area": 136572.15568900001 }, "geometry": { "type": "Point", "coordinates": [ -76.522186279300001, 3.45081996918 ] } },
{ "type": "Feature", "properties": { "dinamica": "HURTO", "titulo": "DELITOS CONTRA EL PATRIMONIO ECONOMICO", "capitulo": "DEL HURTO", "articulo": "HURTO CALIFICADO. ART. 240 C.P.", "grado_deli": "NINGUNO", "tipo_notic": "DENUNCIA", "caracteriz": "HURTO A PERSONAS", "modalidad": "ATRACO", "modo": "ARMA BLANCA", "motivo": null, "pais": "COLOMBIA", "dane_dep": 76, "departamen": "VALLE DEL CAUCA", "dane_mpio": 76001, "municipio": "CALI", "cod_comuna": 9.0, "comuna": "Comuna 9", "cod_barrio": 910.0, "nom_barrio": "Barrio Obrero", "direccion": "76001 CARRERA 9 CON CALLE 22, BARRIO OBRERO, COMUNA 9, CALI, VALLE DEL CAUCA", "sitio": "VIA PUBLICA", "x": -76.522102355960001, "y": 3.4504001140599998, "anio": 2023, "mes": "agosto", "dia": 10, "dia_semana": 5, "hora_hecho": "21:00", "barrio": "BARRIO OBRERO", "estrato": 2, "geom": "0101000020E6100000000000206A2153C0000000606B9A0B40", "fecha_hech": "2023-08-10 00:00:00", "Id": 0, "area": 136572.15568900001 }, "geometry": { "type": "Point", "coordinates": [ -76.522102355960001, 3.45040011406 ] } },
{ "type": "Feature", "properties": { "dinamica": "HURTO", "titulo": "DELITOS CONTRA EL PATRIMONIO ECONOMICO", "capitulo": "DEL HURTO", "articulo": "HURTO CALIFICADO. ART. 240 C.P.", "grado_deli": "AGRAVADO", "tipo_notic": "DENUNCIA", "caracteriz": "HURTO A PERSONAS", "modalidad": "RAPONAZO", "modo": null, "motivo": null, "pais": "COLOMBIA", "dane_dep": 76, "departamen": "VALLE DEL CAUCA", "dane_mpio": 76001, "municipio": "CALI", "cod_comuna": 9.0, "comuna": "Comuna 9", "cod_barrio": 910.0, "nom_barrio": "Barrio Obrero", "direccion": "76001 Carrera 11 24 12, Barrio Obrero, Comuna 9, Cali, Valle del Cauca, COL,BARRIO OBRERO", "sitio": "SIN INFORMACION", "x": -76.519081115719999, "y": 3.449229002, "anio": 2023, "mes": "agosto", "dia": 11, "dia_semana": 6, "hora_hecho": "14:00", "barrio": "BARRIO OBRERO", "estrato": 2, "geom": "0101000020E6100000000000A0382153C00000006005980B40", "fecha_hech": "2023-08-11 00:00:00", "Id": 0, "area": 136572.15568900001 }, "geometry": { "type": "Point", "coordinates": [ -76.519081115719999, 3.449229002 ] } },
{ "type": "Feature", "properties": { "dinamica": "HURTO", "titulo": "DELITOS CONTRA EL PATRIMONIO ECONOMICO", "capitulo": "DEL HURTO", "articulo": "HURTO. ART. 239 C.P.", "grado_deli": "AGRAVADO", "tipo_notic": "DENUNCIA", "caracteriz": "HURTO A PERSONAS", "modalidad": "FACTOR DE OPORTUNIDAD", "modo": null, "motivo": null, "pais": "COLOMBIA", "dane_dep": 76, "departamen": "VALLE DEL CAUCA", "dane_mpio": 76001, "municipio": "CALI", "cod_comuna": 9.0, "comuna": "Comuna 9", "cod_barrio": 910.0, "nom_barrio": "Barrio Obrero", "direccion": "76001 Carrera 10 21 35, Barrio Obrero, Comuna 9, Cali, Valle del Cauca, COL,BARRIO OBRERO", "sitio": "SIN INFORMACION", "x": -76.52239227295, "y": 3.44941592216, "anio": 2023, "mes": "agosto", "dia": 13, "dia_semana": 1, "hora_hecho": "07:10", "barrio": "BARRIO OBRERO", "estrato": 2, "geom": "0101000020E6100000000000E06E2153C00000006067980B40", "fecha_hech": "2023-08-13 00:00:00", "Id": 0, "area": 136572.15568900001 }, "geometry": { "type": "Point", "coordinates": [ -76.52239227295, 3.44941592216 ] } },
{ "type": "Feature", "properties": { "dinamica": "HURTO", "titulo": "DELITOS CONTRA EL PATRIMONIO ECONOMICO", "capitulo": "DEL HURTO", "articulo": "HURTO CALIFICADO. ART. 240 C.P.", "grado_deli": "NINGUNO", "tipo_notic": "DENUNCIA", "caracteriz": "HURTO A PERSONAS", "modalidad": "ATRACO", "modo": "ARMA DE FUEGO", "motivo": null, "pais": "COLOMBIA", "dane_dep": 76, "departamen": "VALLE DEL CAUCA", "dane_mpio": 76001, "municipio": "CALI", "cod_comuna": 9.0, "comuna": "Comuna 9", "cod_barrio": 910.0, "nom_barrio": "Barrio Obrero", "direccion": "76001 CARRERA 9 CON CALLE 21, BARRIO OBRERO, COMUNA 9, CALI, VALLE DEL CAUCA", "sitio": "VIA PUBLICA", "x": -76.5228805542, "y": 3.4502000808700002, "anio": 2023, "mes": "agosto", "dia": 14, "dia_semana": 2, "hora_hecho": "06:59", "barrio": "SUCRE", "estrato": 2, "geom": "0101000020E6100000000000E0762153C000000080029A0B40", "fecha_hech": "2023-08-14 00:00:00", "Id": 0, "area": 136572.15568900001 }, "geometry": { "type": "Point", "coordinates": [ -76.5228805542, 3.45020008087 ] } },
{ "type": "Feature", "properties": { "dinamica": "HURTO", "titulo": "DELITOS CONTRA EL PATRIMONIO ECONOMICO", "capitulo": "DEL HURTO", "articulo": "HURTO CALIFICADO. ART. 240 C.P.", "grado_deli": "AGRAVADO", "tipo_notic": "ACTOS URGENTES", "caracteriz": "HURTO A PERSONAS", "modalidad": "ATRACO", "modo": "ARMA DE FUEGO", "motivo": null, "pais": "COLOMBIA", "dane_dep": 76, "departamen": "VALLE DEL CAUCA", "dane_mpio": 76001, "municipio": "CALI", "cod_comuna": 9.0, "comuna": "Comuna 9", "cod_barrio": 910.0, "nom_barrio": "Barrio Obrero", "direccion": "76001 CARRERA 15 21, BARRIO OBRERO, COMUNA 9, CALI, VALLE DEL CAUCA", "sitio": "VIA PUBLICA", "x": -76.520973205570002, "y": 3.44413995743, "anio": 2023, "mes": "agosto", "dia": 18, "dia_semana": 6, "hora_hecho": "17:00", "barrio": "BARRIO OBRERO", "estrato": 2, "geom": "0101000020E6100000000000A0572153C000000040998D0B40", "fecha_hech": "2023-08-18 00:00:00", "Id": 0, "area": 136572.15568900001 }, "geometry": { "type": "Point", "coordinates": [ -76.520973205570002, 3.44413995743 ] } },
{ "type": "Feature", "properties": { "dinamica": "HURTO", "titulo": "DELITOS CONTRA EL PATRIMONIO ECONOMICO", "capitulo": "DEL HURTO", "articulo": "HURTO CALIFICADO. ART. 240 C.P.", "grado_deli": "NINGUNO", "tipo_notic": "DENUNCIA", "caracteriz": "HURTO A PERSONAS", "modalidad": "ATRACO", "modo": "ARMA BLANCA", "motivo": null, "pais": "COLOMBIA", "dane_dep": 76, "departamen": "VALLE DEL CAUCA", "dane_mpio": 76001, "municipio": "CALI", "cod_comuna": 9.0, "comuna": "Comuna 9", "cod_barrio": 910.0, "nom_barrio": "Barrio Obrero", "direccion": "76001 KR 8 CON CL 24 KR 8 CL 24", "sitio": "VIA PUBLICA", "x": -76.51946258545, "y": 3.4527549743699999, "anio": 2023, "mes": "agosto", "dia": 19, "dia_semana": 7, "hora_hecho": "22:00", "barrio": null, "estrato": 2, "geom": "0101000020E6100000000000E03E2153C0000000003E9F0B40", "fecha_hech": "2023-08-19 00:00:00", "Id": 0, "area": 136572.15568900001 }, "geometry": { "type": "Point", "coordinates": [ -76.51946258545, 3.45275497437 ] } },
{ "type": "Feature", "properties": { "dinamica": "HURTO", "titulo": "DELITOS CONTRA EL PATRIMONIO ECONOMICO", "capitulo": "DEL HURTO", "articulo": "HURTO. ART. 239 C.P.", "grado_deli": "NINGUNO", "tipo_notic": "DENUNCIA", "caracteriz": "HURTO A RESIDENCIA", "modalidad": "FACTOR DE OPORTUNIDAD", "modo": null, "motivo": null, "pais": "COLOMBIA", "dane_dep": 76, "departamen": "VALLE DEL CAUCA", "dane_mpio": 76001, "municipio": "CALI", "cod_comuna": 9.0, "comuna": "Comuna 9", "cod_barrio": 910.0, "nom_barrio": "Barrio Obrero", "direccion": "76001 Calle 22A 12 7, Barrio Obrero, Comuna 9, Cali, Valle del Cauca, COL,BARRIO OBRERO", "sitio": "SIN INFORMACION", "x": -76.520500183110002, "y": 3.44638991356, "anio": 2023, "mes": "agosto", "dia": 20, "dia_semana": 1, "hora_hecho": "14:00", "barrio": "BARRIO OBRERO", "estrato": 2, "geom": "0101000020E6100000000000E04F2153C0000000E034920B40", "fecha_hech": "2023-08-20 00:00:00", "Id": 0, "area": 136572.15568900001 }, "geometry": { "type": "Point", "coordinates": [ -76.520500183110002, 3.44638991356 ] } },
{ "type": "Feature", "properties": { "dinamica": "HURTO", "titulo": "DELITOS CONTRA EL PATRIMONIO ECONOMICO", "capitulo": "DEL HURTO", "articulo": "HURTO CALIFICADO. ART. 240 C.P.", "grado_deli": "NINGUNO", "tipo_notic": "DENUNCIA", "caracteriz": "HURTO A PERSONAS", "modalidad": "RAPONAZO", "modo": null, "motivo": null, "pais": "COLOMBIA", "dane_dep": 76, "departamen": "VALLE DEL CAUCA", "dane_mpio": 76001, "municipio": "CALI", "cod_comuna": 9.0, "comuna": "Comuna 9", "cod_barrio": 910.0, "nom_barrio": "Barrio Obrero", "direccion": "76001 CALLE 24 CON CARRERA 11, BARRIO OBRERO, COMUNA 9, CALI, VALLE DEL CAUCA", "sitio": "VIA PUBLICA", "x": -76.519233703609999, "y": 3.4492499828300001, "anio": 2023, "mes": "agosto", "dia": 30, "dia_semana": 4, "hora_hecho": "06:30", "barrio": "BARRIO OBRERO", "estrato": 2, "geom": "0101000020E6100000000000203B2153C00000006010980B40", "fecha_hech": "2023-08-30 00:00:00", "Id": 0, "area": 136572.15568900001 }, "geometry": { "type": "Point", "coordinates": [ -76.519233703609999, 3.44924998283 ] } },
{ "type": "Feature", "properties": { "dinamica": "HURTO", "titulo": "DELITOS CONTRA EL PATRIMONIO ECONOMICO", "capitulo": "DEL HURTO", "articulo": "HURTO. ART. 239 C.P.", "grado_deli": "NINGUNO", "tipo_notic": "DENUNCIA", "caracteriz": "HURTO A PERSONAS", "modalidad": "ATRACO", "modo": "ARMA DE FUEGO", "motivo": null, "pais": "COLOMBIA", "dane_dep": 76, "departamen": "VALLE DEL CAUCA", "dane_mpio": 76001, "municipio": "CALI", "cod_comuna": 9.0, "comuna": "Comuna 9", "cod_barrio": 910.0, "nom_barrio": "Barrio Obrero", "direccion": "76001 Carrera 8 con Calle 24, Barrio Obrero, Comuna 9, Cali, Valle del Cauca, COL,BARRIO OBRERO", "sitio": "SIN INFORMACION", "x": -76.51992034912, "y": 3.45264005661, "anio": 2023, "mes": "septiembre", "dia": 1, "dia_semana": 6, "hora_hecho": "07:32", "barrio": "BARRIO OBRERO", "estrato": 2, "geom": "0101000020E610000000000060462153C0000000C0019F0B40", "fecha_hech": "2023-09-01 00:00:00", "Id": 0, "area": 136572.15568900001 }, "geometry": { "type": "Point", "coordinates": [ -76.51992034912, 3.45264005661 ] } },
{ "type": "Feature", "properties": { "dinamica": "HURTO", "titulo": "DELITOS CONTRA EL PATRIMONIO ECONOMICO", "capitulo": "DEL HURTO", "articulo": "HURTO CALIFICADO. ART. 240 C.P.", "grado_deli": "NINGUNO", "tipo_notic": "DENUNCIA", "caracteriz": "HURTO A PERSONAS", "modalidad": "FACTOR DE OPORTUNIDAD", "modo": null, "motivo": null, "pais": "COLOMBIA", "dane_dep": 76, "departamen": "VALLE DEL CAUCA", "dane_mpio": 76001, "municipio": "CALI", "cod_comuna": 9.0, "comuna": "Comuna 9", "cod_barrio": 910.0, "nom_barrio": "Barrio Obrero", "direccion": "76001 CARRERA 8 23, BARRIO OBRERO, COMUNA 9, CALI, VALLE DEL CAUCA", "sitio": "VIA PUBLICA", "x": -76.520362853999998, "y": 3.4525299072300002, "anio": 2023, "mes": "septiembre", "dia": 5, "dia_semana": 3, "hora_hecho": "00:00", "barrio": "SAN NICOLÁS", "estrato": 2, "geom": "0101000020E6100000000000A04D2153C000000000C89E0B40", "fecha_hech": "2023-09-05 00:00:00", "Id": 0, "area": 136572.15568900001 }, "geometry": { "type": "Point", "coordinates": [ -76.520362854, 3.45252990723 ] } },
{ "type": "Feature", "properties": { "dinamica": "HURTO", "titulo": "DELITOS CONTRA EL PATRIMONIO ECONOMICO", "capitulo": "DEL HURTO", "articulo": "HURTO. ART. 239 C.P.", "grado_deli": "NINGUNO", "tipo_notic": "DENUNCIA", "caracteriz": "HURTO A PERSONAS", "modalidad": "ROMPIMIENTO DE VIDRIO", "modo": null, "motivo": null, "pais": "COLOMBIA", "dane_dep": 76, "departamen": "VALLE DEL CAUCA", "dane_mpio": 76001, "municipio": "CALI", "cod_comuna": 9.0, "comuna": "Comuna 9", "cod_barrio": 910.0, "nom_barrio": "Barrio Obrero", "direccion": "76001 Carrera 10 23 36, Barrio Obrero, Comuna 9, Cali, Valle del Cauca, COL,BARRIO OBRERO", "sitio": "SIN INFORMACION", "x": -76.51993560791, "y": 3.4498300552400001, "anio": 2023, "mes": "septiembre", "dia": 8, "dia_semana": 6, "hora_hecho": "00:00", "barrio": "BARRIO OBRERO", "estrato": 2, "geom": "0101000020E6100000000000A0462153C00000008040990B40", "fecha_hech": "2023-09-08 00:00:00", "Id": 0, "area": 136572.15568900001 }, "geometry": { "type": "Point", "coordinates": [ -76.51993560791, 3.44983005524 ] } },
{ "type": "Feature", "properties": { "dinamica": "HURTO", "titulo": "DELITOS CONTRA EL PATRIMONIO ECONOMICO", "capitulo": "DEL HURTO", "articulo": "HURTO CALIFICADO. ART. 240 C.P.", "grado_deli": "NINGUNO", "tipo_notic": "DENUNCIA", "caracteriz": "HURTO DE MOTOCICLETAS", "modalidad": "HALADO", "modo": null, "motivo": null, "pais": "COLOMBIA", "dane_dep": 76, "departamen": "VALLE DEL CAUCA", "dane_mpio": 76001, "municipio": "CALI", "cod_comuna": 9.0, "comuna": "Comuna 9", "cod_barrio": 910.0, "nom_barrio": "Barrio Obrero", "direccion": "76001 CARRERA 11B 21 45, BARRIO OBRERO, COMUNA 9, CALI, VALLE DEL CAUCA", "sitio": "VIA PUBLICA", "x": -76.5219039917, "y": 3.4477860927599999, "anio": 2023, "mes": "septiembre", "dia": 8, "dia_semana": 6, "hora_hecho": "16:22", "barrio": "BARRIO OBRERO", "estrato": 2, "geom": "0101000020E6100000000000E0662153C0000000E010950B40", "fecha_hech": "2023-09-08 00:00:00", "Id": 0, "area": 136572.15568900001 }, "geometry": { "type": "Point", "coordinates": [ -76.5219039917, 3.44778609276 ] } },
{ "type": "Feature", "properties": { "dinamica": "HURTO", "titulo": "DELITOS CONTRA EL PATRIMONIO ECONOMICO", "capitulo": "DEL HURTO", "articulo": "HURTO CALIFICADO. ART. 240 C.P.", "grado_deli": "NINGUNO", "tipo_notic": "DENUNCIA", "caracteriz": "HURTO A PERSONAS", "modalidad": "ATRACO", "modo": "ARMA BLANCA", "motivo": null, "pais": "COLOMBIA", "dane_dep": 76, "departamen": "VALLE DEL CAUCA", "dane_mpio": 76001, "municipio": "CALI", "cod_comuna": 9.0, "comuna": "Comuna 9", "cod_barrio": 910.0, "nom_barrio": "Barrio Obrero", "direccion": "76001 Calle 23, Barrio Obrero, Comuna 9, Cali, Valle del Cauca, COL,BARRIO OBRERO", "sitio": "SIN INFORMACION", "x": -76.51993560791, "y": 3.4485030174300002, "anio": 2023, "mes": "septiembre", "dia": 10, "dia_semana": 1, "hora_hecho": "05:00", "barrio": "BARRIO OBRERO", "estrato": 2, "geom": "0101000020E6100000000000A0462153C0000000C088960B40", "fecha_hech": "2023-09-10 00:00:00", "Id": 0, "area": 136572.15568900001 }, "geometry": { "type": "Point", "coordinates": [ -76.51993560791, 3.44850301743 ] } },
{ "type": "Feature", "properties": { "dinamica": "HURTO", "titulo": "DELITOS CONTRA EL PATRIMONIO ECONOMICO", "capitulo": "DEL HURTO", "articulo": "HURTO CALIFICADO. ART. 240 C.P.", "grado_deli": "NINGUNO", "tipo_notic": "DENUNCIA", "caracteriz": "HURTO A PERSONAS", "modalidad": "ATRACO", "modo": "SIN ARMA", "motivo": null, "pais": "COLOMBIA", "dane_dep": 76, "departamen": "VALLE DEL CAUCA", "dane_mpio": 76001, "municipio": "CALI", "cod_comuna": 9.0, "comuna": "Comuna 9", "cod_barrio": 910.0, "nom_barrio": "Barrio Obrero", "direccion": "76001 Carrera 8 23 90, Barrio Obrero, Comuna 9, Cali, Valle del Cauca, COL,BARRIO OBRERO", "sitio": "SIN INFORMACION", "x": -76.520141601559999, "y": 3.4525198936499999, "anio": 2023, "mes": "septiembre", "dia": 10, "dia_semana": 1, "hora_hecho": "10:00", "barrio": "BARRIO OBRERO", "estrato": 2, "geom": "0101000020E6100000000000004A2153C0000000C0C29E0B40", "fecha_hech": "2023-09-10 00:00:00", "Id": 0, "area": 136572.15568900001 }, "geometry": { "type": "Point", "coordinates": [ -76.520141601559999, 3.45251989365 ] } },
{ "type": "Feature", "properties": { "dinamica": "HURTO", "titulo": "DELITOS CONTRA EL PATRIMONIO ECONOMICO", "capitulo": "DEL HURTO", "articulo": "HURTO CALIFICADO. ART. 240 C.P.", "grado_deli": "NINGUNO", "tipo_notic": "DENUNCIA", "caracteriz": "HURTO A PERSONAS", "modalidad": "ATRACO", "modo": "ARMA DE FUEGO", "motivo": null, "pais": "COLOMBIA", "dane_dep": 76, "departamen": "VALLE DEL CAUCA", "dane_mpio": 76001, "municipio": "CALI", "cod_comuna": 9.0, "comuna": "Comuna 9", "cod_barrio": 910.0, "nom_barrio": "Barrio Obrero", "direccion": "76001 CALLE 23, BARRIO OBRERO, COMUNA 9, CALI, VALLE DEL CAUCA", "sitio": "VIA PUBLICA", "x": -76.520713806149999, "y": 3.4520049095199998, "anio": 2023, "mes": "septiembre", "dia": 10, "dia_semana": 1, "hora_hecho": "13:00", "barrio": "BARRIO OBRERO", "estrato": 2, "geom": "0101000020E610000000000060532153C0000000C0B49D0B40", "fecha_hech": "2023-09-10 00:00:00", "Id": 0, "area": 136572.15568900001 }, "geometry": { "type": "Point", "coordinates": [ -76.520713806149999, 3.45200490952 ] } },
{ "type": "Feature", "properties": { "dinamica": "HURTO", "titulo": "DELITOS CONTRA EL PATRIMONIO ECONOMICO", "capitulo": "DEL HURTO", "articulo": "HURTO CALIFICADO. ART. 240 C.P.", "grado_deli": "NINGUNO", "tipo_notic": "DENUNCIA", "caracteriz": "HURTO A PERSONAS", "modalidad": "ATRACO", "modo": "ARMA DE FUEGO", "motivo": null, "pais": "COLOMBIA", "dane_dep": 76, "departamen": "VALLE DEL CAUCA", "dane_mpio": 76001, "municipio": "CALI", "cod_comuna": 9.0, "comuna": "Comuna 9", "cod_barrio": 910.0, "nom_barrio": "Barrio Obrero", "direccion": "76001 CARRERA 8 CON CALLE 22 8, BARRIO OBRERO, COMUNA 9, CALI, VALLE DEL CAUCA", "sitio": "VIA PUBLICA", "x": -76.52247619629, "y": 3.4519999027299999, "anio": 2023, "mes": "septiembre", "dia": 12, "dia_semana": 3, "hora_hecho": "12:30", "barrio": "SAN NICOLÁS", "estrato": 2, "geom": "0101000020E610000000000040702153C000000020B29D0B40", "fecha_hech": "2023-09-12 00:00:00", "Id": 0, "area": 136572.15568900001 }, "geometry": { "type": "Point", "coordinates": [ -76.52247619629, 3.45199990273 ] } },
{ "type": "Feature", "properties": { "dinamica": "HURTO", "titulo": "DELITOS CONTRA EL PATRIMONIO ECONOMICO", "capitulo": "DEL HURTO", "articulo": "HURTO. ART. 239 C.P.", "grado_deli": "NINGUNO", "tipo_notic": "QUERELLA", "caracteriz": "HURTO A PERSONAS", "modalidad": "FACTOR DE OPORTUNIDAD", "modo": null, "motivo": null, "pais": "COLOMBIA", "dane_dep": 76, "departamen": "VALLE DEL CAUCA", "dane_mpio": 76001, "municipio": "CALI", "cod_comuna": 9.0, "comuna": "Comuna 9", "cod_barrio": 910.0, "nom_barrio": "Barrio Obrero", "direccion": "76001 Carrera 10 21 35, Barrio Obrero, Comuna 9, Cali, Valle del Cauca, COL,BARRIO OBRERO", "sitio": "SIN INFORMACION", "x": -76.522407531740001, "y": 3.44939088821, "anio": 2023, "mes": "septiembre", "dia": 12, "dia_semana": 3, "hora_hecho": "22:21", "barrio": "BARRIO OBRERO", "estrato": 2, "geom": "0101000020E6100000000000206F2153C0000000405A980B40", "fecha_hech": "2023-09-12 00:00:00", "Id": 0, "area": 136572.15568900001 }, "geometry": { "type": "Point", "coordinates": [ -76.522407531740001, 3.44939088821 ] } },
{ "type": "Feature", "properties": { "dinamica": "HURTO", "titulo": "DELITOS CONTRA EL PATRIMONIO ECONOMICO", "capitulo": "DEL HURTO", "articulo": "HURTO CALIFICADO. ART. 240 C.P.", "grado_deli": "NINGUNO", "tipo_notic": "DENUNCIA", "caracteriz": "HURTO A ESTABLECIMIENTOS", "modalidad": "FACTOR DE OPORTUNIDAD", "modo": null, "motivo": null, "pais": "COLOMBIA", "dane_dep": 76, "departamen": "VALLE DEL CAUCA", "dane_mpio": 76001, "municipio": "CALI", "cod_comuna": 9.0, "comuna": "Comuna 9", "cod_barrio": 910.0, "nom_barrio": "Barrio Obrero", "direccion": "76001 CARRERA 8A 21 46, BARRIO OBRERO, COMUNA 9, CALI, VALLE DEL CAUCA", "sitio": "VIA PUBLICA", "x": -76.52269744873, "y": 3.4510929584499999, "anio": 2023, "mes": "septiembre", "dia": 13, "dia_semana": 4, "hora_hecho": "08:21", "barrio": "BARRIO OBRERO", "estrato": 2, "geom": "0101000020E6100000000000E0732153C0000000A0D69B0B40", "fecha_hech": "2023-09-13 00:00:00", "Id": 0, "area": 136572.15568900001 }, "geometry": { "type": "Point", "coordinates": [ -76.52269744873, 3.45109295845 ] } },
{ "type": "Feature", "properties": { "dinamica": "HURTO", "titulo": "DELITOS CONTRA EL PATRIMONIO ECONOMICO", "capitulo": "DEL HURTO", "articulo": "HURTO. ART. 239 C.P.", "grado_deli": "NINGUNO", "tipo_notic": "DENUNCIA", "caracteriz": "HURTO A RESIDENCIA", "modalidad": "FACTOR DE OPORTUNIDAD", "modo": null, "motivo": null, "pais": "COLOMBIA", "dane_dep": 76, "departamen": "VALLE DEL CAUCA", "dane_mpio": 76001, "municipio": "CALI", "cod_comuna": 9.0, "comuna": "Comuna 9", "cod_barrio": 910.0, "nom_barrio": "Barrio Obrero", "direccion": "76001 CALLE 22 CON CARRERA 9, BARRIO OBRERO, COMUNA 9, CALI, VALLE DEL CAUCA", "sitio": "DOMICILIO", "x": -76.522102355960001, "y": 3.4504001140599998, "anio": 2023, "mes": "septiembre", "dia": 20, "dia_semana": 4, "hora_hecho": "08:00", "barrio": "BARRIO OBRERO", "estrato": 2, "geom": "0101000020E6100000000000206A2153C0000000606B9A0B40", "fecha_hech": "2023-09-20 00:00:00", "Id": 0, "area": 136572.15568900001 }, "geometry": { "type": "Point", "coordinates": [ -76.522102355960001, 3.45040011406 ] } },
{ "type": "Feature", "properties": { "dinamica": "HURTO", "titulo": "DELITOS CONTRA EL PATRIMONIO ECONOMICO", "capitulo": "DEL HURTO", "articulo": "HURTO. ART. 239 C.P.", "grado_deli": "AGRAVADO", "tipo_notic": "DENUNCIA", "caracteriz": "HURTO A PERSONAS", "modalidad": "COSQUILLEO", "modo": null, "motivo": null, "pais": "COLOMBIA", "dane_dep": 76, "departamen": "VALLE DEL CAUCA", "dane_mpio": 76001, "municipio": "CALI", "cod_comuna": 9.0, "comuna": "Comuna 9", "cod_barrio": 910.0, "nom_barrio": "Barrio Obrero", "direccion": "76001 CARRERA 15, BARRIO OBRERO, COMUNA 9, CALI, VALLE DEL CAUCA", "sitio": "TRANSPORTE MASIVO", "x": -76.519622802729998, "y": 3.4447948932600001, "anio": 2023, "mes": "septiembre", "dia": 22, "dia_semana": 6, "hora_hecho": "13:00", "barrio": "BARRIO OBRERO", "estrato": 2, "geom": "0101000020E610000000000080412153C0000000A0F08E0B40", "fecha_hech": "2023-09-22 00:00:00", "Id": 0, "area": 136572.15568900001 }, "geometry": { "type": "Point", "coordinates": [ -76.519622802729998, 3.44479489326 ] } },
{ "type": "Feature", "properties": { "dinamica": "HURTO", "titulo": "DELITOS CONTRA EL PATRIMONIO ECONOMICO", "capitulo": "DEL HURTO", "articulo": "HURTO CALIFICADO. ART. 240 C.P.", "grado_deli": "NINGUNO", "tipo_notic": "DENUNCIA", "caracteriz": "HURTO A CELULARES", "modalidad": "ATRACO", "modo": "ARMA DE FUEGO", "motivo": "SIN DETERMINAR", "pais": "COLOMBIA", "dane_dep": 76, "departamen": "VALLE DEL CAUCA", "dane_mpio": 76001, "municipio": "CALI", "cod_comuna": 9.0, "comuna": "Comuna 9", "cod_barrio": 910.0, "nom_barrio": "Barrio Obrero", "direccion": "76001 Carrera 8 21, San Nicolás, Comuna 3, Cali, Valle del Cauca, COL,BARRIO OBRERO", "sitio": "SIN INFORMACION", "x": -76.522789001459998, "y": 3.4519000053400002, "anio": 2023, "mes": "septiembre", "dia": 23, "dia_semana": 7, "hora_hecho": "02:00", "barrio": "BARRIO OBRERO", "estrato": 2, "geom": "0101000020E610000000000060752153C0000000C07D9D0B40", "fecha_hech": "2023-09-23 00:00:00", "Id": 0, "area": 136572.15568900001 }, "geometry": { "type": "Point", "coordinates": [ -76.522789001459998, 3.45190000534 ] } },
{ "type": "Feature", "properties": { "dinamica": "HURTO", "titulo": "DELITOS CONTRA EL PATRIMONIO ECONOMICO", "capitulo": "DEL HURTO", "articulo": "HURTO CALIFICADO. ART. 240 C.P.", "grado_deli": "NINGUNO", "tipo_notic": "DENUNCIA", "caracteriz": "HURTO A RESIDENCIA", "modalidad": "FACTOR DE OPORTUNIDAD", "modo": null, "motivo": null, "pais": "COLOMBIA", "dane_dep": 76, "departamen": "VALLE DEL CAUCA", "dane_mpio": 76001, "municipio": "CALI", "cod_comuna": 9.0, "comuna": "Comuna 9", "cod_barrio": 910.0, "nom_barrio": "Barrio Obrero", "direccion": "76001 CARRERA 10 21 69, BARRIO OBRERO, COMUNA 9, CALI, VALLE DEL CAUCA", "sitio": "DOMICILIO", "x": -76.52220916748, "y": 3.4494259357499999, "anio": 2023, "mes": "septiembre", "dia": 26, "dia_semana": 3, "hora_hecho": "05:18", "barrio": "BARRIO OBRERO", "estrato": 2, "geom": "0101000020E6100000000000E06B2153C0000000A06C980B40", "fecha_hech": "2023-09-26 00:00:00", "Id": 0, "area": 136572.15568900001 }, "geometry": { "type": "Point", "coordinates": [ -76.52220916748, 3.44942593575 ] } },
{ "type": "Feature", "properties": { "dinamica": "HURTO", "titulo": "DELITOS CONTRA EL PATRIMONIO ECONOMICO", "capitulo": "DEL HURTO", "articulo": "HURTO CALIFICADO. ART. 240 C.P.", "grado_deli": "NINGUNO", "tipo_notic": "DENUNCIA", "caracteriz": "HURTO A RESIDENCIA", "modalidad": "VENTOSA", "modo": null, "motivo": null, "pais": "COLOMBIA", "dane_dep": 76, "departamen": "VALLE DEL CAUCA", "dane_mpio": 76001, "municipio": "CALI", "cod_comuna": 9.0, "comuna": "Comuna 9", "cod_barrio": 910.0, "nom_barrio": "Barrio Obrero", "direccion": "76001 CARRERA 11 21 35, BARRIO OBRERO, COMUNA 9, CALI, VALLE DEL CAUCA", "sitio": "DOMICILIO", "x": -76.522193908689999, "y": 3.4486129283900002, "anio": 2023, "mes": "septiembre", "dia": 26, "dia_semana": 3, "hora_hecho": "12:00", "barrio": "BARRIO OBRERO", "estrato": 2, "geom": "0101000020E6100000000000A06B2153C000000060C2960B40", "fecha_hech": "2023-09-26 00:00:00", "Id": 0, "area": 136572.15568900001 }, "geometry": { "type": "Point", "coordinates": [ -76.522193908689999, 3.44861292839 ] } },
{ "type": "Feature", "properties": { "dinamica": "HURTO", "titulo": "DELITOS CONTRA EL PATRIMONIO ECONOMICO", "capitulo": "DEL HURTO", "articulo": "HURTO. ART. 239 C.P.", "grado_deli": "NINGUNO", "tipo_notic": "DENUNCIA", "caracteriz": "HURTO A ESTABLECIMIENTOS", "modalidad": "FACTOR DE OPORTUNIDAD", "modo": null, "motivo": null, "pais": "COLOMBIA", "dane_dep": 76, "departamen": "VALLE DEL CAUCA", "dane_mpio": 76001, "municipio": "CALI", "cod_comuna": 9.0, "comuna": "Comuna 9", "cod_barrio": 910.0, "nom_barrio": "Barrio Obrero", "direccion": "76001 CALLE 22, BARRIO OBRERO, COMUNA 9, CALI, VALLE DEL CAUCA", "sitio": "DOMICILIO", "x": -76.520721435550001, "y": 3.4445600509599998, "anio": 2023, "mes": "septiembre", "dia": 28, "dia_semana": 5, "hora_hecho": "08:24", "barrio": "BARRIO OBRERO", "estrato": 2, "geom": "0101000020E610000000000080532153C000000080758E0B40", "fecha_hech": "2023-09-28 00:00:00", "Id": 0, "area": 136572.15568900001 }, "geometry": { "type": "Point", "coordinates": [ -76.520721435550001, 3.44456005096 ] } },
{ "type": "Feature", "properties": { "dinamica": "HURTO", "titulo": "DELITOS CONTRA EL PATRIMONIO ECONOMICO", "capitulo": "DEL HURTO", "articulo": "HURTO CALIFICADO. ART. 240 C.P.", "grado_deli": "NINGUNO", "tipo_notic": "DENUNCIA", "caracteriz": "HURTO A RESIDENCIA", "modalidad": "FACTOR DE OPORTUNIDAD", "modo": null, "motivo": null, "pais": "COLOMBIA", "dane_dep": 76, "departamen": "VALLE DEL CAUCA", "dane_mpio": 76001, "municipio": "CALI", "cod_comuna": 9.0, "comuna": "Comuna 9", "cod_barrio": 910.0, "nom_barrio": "Barrio Obrero", "direccion": "76001 CALLE 22 11D 44", "sitio": "DOMICILIO", "x": -76.52131652832, "y": 3.4465930461899998, "anio": 2023, "mes": "octubre", "dia": 1, "dia_semana": 1, "hora_hecho": "00:45", "barrio": "BARRIO OBRERO", "estrato": 2, "geom": "0101000020E6100000000000405D2153C0000000609F920B40", "fecha_hech": "2023-10-01 00:00:00", "Id": 0, "area": 136572.15568900001 }, "geometry": { "type": "Point", "coordinates": [ -76.52131652832, 3.44659304619 ] } },
{ "type": "Feature", "properties": { "dinamica": "HURTO", "titulo": "DELITOS CONTRA EL PATRIMONIO ECONOMICO", "capitulo": "DEL HURTO", "articulo": "HURTO CALIFICADO. ART. 240 C.P.", "grado_deli": "NINGUNO", "tipo_notic": "DENUNCIA", "caracteriz": "HURTO DE MOTOCICLETAS", "modalidad": "HALADO", "modo": null, "motivo": null, "pais": "COLOMBIA", "dane_dep": 76, "departamen": "VALLE DEL CAUCA", "dane_mpio": 76001, "municipio": "CALI", "cod_comuna": 9.0, "comuna": "Comuna 9", "cod_barrio": 910.0, "nom_barrio": "Barrio Obrero", "direccion": "76001 CARRERA 14 22 19, BARRIO OBRERO, COMUNA 9, CALI, VALLE DEL CAUCA", "sitio": "VIA PUBLICA", "x": -76.520668029790002, "y": 3.44497609138, "anio": 2023, "mes": "octubre", "dia": 1, "dia_semana": 1, "hora_hecho": "17:00", "barrio": "BARRIO OBRERO", "estrato": 2, "geom": "0101000020E6100000000000A0522153C0000000A04F8F0B40", "fecha_hech": "2023-10-01 00:00:00", "Id": 0, "area": 136572.15568900001 }, "geometry": { "type": "Point", "coordinates": [ -76.520668029790002, 3.44497609138 ] } },
{ "type": "Feature", "properties": { "dinamica": "HURTO", "titulo": "DELITOS CONTRA EL PATRIMONIO ECONOMICO", "capitulo": "DEL HURTO", "articulo": "HURTO CALIFICADO. ART. 240 C.P.", "grado_deli": "AGRAVADO", "tipo_notic": "DENUNCIA", "caracteriz": "HURTO A PERSONAS", "modalidad": "ATRACO", "modo": "ARMA DE FUEGO", "motivo": null, "pais": "COLOMBIA", "dane_dep": 76, "departamen": "VALLE DEL CAUCA", "dane_mpio": 76001, "municipio": "CALI", "cod_comuna": 9.0, "comuna": "Comuna 9", "cod_barrio": 910.0, "nom_barrio": "Barrio Obrero", "direccion": "76001 Barrio Obrero, Comuna 9, Cali, Valle del Cauca, COL,BARRIO OBRERO", "sitio": "SIN INFORMACION", "x": -76.5205078125, "y": 3.4481799602500001, "anio": 2023, "mes": "octubre", "dia": 1, "dia_semana": 1, "hora_hecho": "23:55", "barrio": "BARRIO OBRERO", "estrato": 2, "geom": "0101000020E610000000000000502153C000000060DF950B40", "fecha_hech": "2023-10-01 00:00:00", "Id": 0, "area": 136572.15568900001 }, "geometry": { "type": "Point", "coordinates": [ -76.5205078125, 3.44817996025 ] } },
{ "type": "Feature", "properties": { "dinamica": "HURTO", "titulo": "DELITOS CONTRA EL PATRIMONIO ECONOMICO", "capitulo": "DEL HURTO", "articulo": "HURTO CALIFICADO. ART. 240 C.P.", "grado_deli": "NINGUNO", "tipo_notic": "DENUNCIA", "caracteriz": "HURTO DE VEHICULOS", "modalidad": "HALADO", "modo": null, "motivo": null, "pais": "COLOMBIA", "dane_dep": 76, "departamen": "VALLE DEL CAUCA", "dane_mpio": 76001, "municipio": "CALI", "cod_comuna": 9.0, "comuna": "Comuna 9", "cod_barrio": 910.0, "nom_barrio": "Barrio Obrero", "direccion": "76001 Carrera 15 con Calle 22, Barrio Obrero, Comuna 9, Cali, Valle del Cauca, COL,BARRIO OBRERO", "sitio": "SIN INFORMACION", "x": -76.520629882809999, "y": 3.4442501068100002, "anio": 2023, "mes": "octubre", "dia": 9, "dia_semana": 2, "hora_hecho": "14:11", "barrio": "BARRIO OBRERO", "estrato": 2, "geom": "0101000020E610000000000000522153C000000000D38D0B40", "fecha_hech": "2023-10-09 00:00:00", "Id": 0, "area": 136572.15568900001 }, "geometry": { "type": "Point", "coordinates": [ -76.520629882809999, 3.44425010681 ] } },
{ "type": "Feature", "properties": { "dinamica": "HURTO", "titulo": "DELITOS CONTRA EL PATRIMONIO ECONOMICO", "capitulo": "DEL HURTO", "articulo": "HURTO CALIFICADO. ART. 240 C.P.", "grado_deli": "NINGUNO", "tipo_notic": "DENUNCIA", "caracteriz": "HURTO A CELULARES", "modalidad": "RAPONAZO", "modo": null, "motivo": "SIN DETERMINAR", "pais": "COLOMBIA", "dane_dep": 76, "departamen": "VALLE DEL CAUCA", "dane_mpio": 76001, "municipio": "CALI", "cod_comuna": 9.0, "comuna": "Comuna 9", "cod_barrio": 910.0, "nom_barrio": "Barrio Obrero", "direccion": "76001 CARRERA 10 23 CON CALLE 23, BARRIO OBRERO, COMUNA 9, CALI, VALLE DEL CAUCA", "sitio": "VIA PUBLICA", "x": -76.520278930659998, "y": 3.4498000145000001, "anio": 2023, "mes": "octubre", "dia": 10, "dia_semana": 3, "hora_hecho": "08:00", "barrio": "BARRIO OBRERO", "estrato": 2, "geom": "0101000020E6100000000000404C2153C0000000C030990B40", "fecha_hech": "2023-10-10 00:00:00", "Id": 0, "area": 136572.15568900001 }, "geometry": { "type": "Point", "coordinates": [ -76.520278930659998, 3.4498000145 ] } },
{ "type": "Feature", "properties": { "dinamica": "HURTO", "titulo": "DELITOS CONTRA EL PATRIMONIO ECONOMICO", "capitulo": "DEL HURTO", "articulo": "HURTO. ART. 239 C.P.", "grado_deli": "NINGUNO", "tipo_notic": "DENUNCIA", "caracteriz": "HURTO DE MOTOCICLETAS", "modalidad": "ATRACO", "modo": "ARMA DE FUEGO", "motivo": null, "pais": "COLOMBIA", "dane_dep": 76, "departamen": "VALLE DEL CAUCA", "dane_mpio": 76001, "municipio": "CALI", "cod_comuna": 9.0, "comuna": "Comuna 9", "cod_barrio": 910.0, "nom_barrio": "Barrio Obrero", "direccion": "76001 KR 8 CON CL 24 KR 8 CL 24", "sitio": "SIN INFORMACION", "x": -76.519485473629999, "y": 3.4524769783, "anio": 2023, "mes": "octubre", "dia": 14, "dia_semana": 7, "hora_hecho": "22:00", "barrio": null, "estrato": 2, "geom": "0101000020E6100000000000403F2153C000000040AC9E0B40", "fecha_hech": "2023-10-14 00:00:00", "Id": 0, "area": 136572.15568900001 }, "geometry": { "type": "Point", "coordinates": [ -76.519485473629999, 3.4524769783 ] } },
{ "type": "Feature", "properties": { "dinamica": "HURTO", "titulo": "DELITOS CONTRA EL PATRIMONIO ECONOMICO", "capitulo": "DEL HURTO", "articulo": "HURTO CALIFICADO. ART. 240 C.P.", "grado_deli": "NINGUNO", "tipo_notic": "DENUNCIA", "caracteriz": "HURTO A PERSONAS", "modalidad": "ATRACO", "modo": "ARMA BLANCA", "motivo": null, "pais": "COLOMBIA", "dane_dep": 76, "departamen": "VALLE DEL CAUCA", "dane_mpio": 76001, "municipio": "CALI", "cod_comuna": 9.0, "comuna": "Comuna 9", "cod_barrio": 910.0, "nom_barrio": "Barrio Obrero", "direccion": "76001 CARRERA 10 CON CALLE 24, BARRIO OBRERO, COMUNA 9, CALI, VALLE DEL CAUCA", "sitio": "VIA PUBLICA", "x": -76.519386291499998, "y": 3.4500300884200001, "anio": 2023, "mes": "octubre", "dia": 15, "dia_semana": 1, "hora_hecho": "06:42", "barrio": "BARRIO OBRERO", "estrato": 2, "geom": "0101000020E6100000000000A03D2153C000000060A9990B40", "fecha_hech": "2023-10-15 00:00:00", "Id": 0, "area": 136572.15568900001 }, "geometry": { "type": "Point", "coordinates": [ -76.519386291499998, 3.45003008842 ] } },
{ "type": "Feature", "properties": { "dinamica": "HURTO", "titulo": "DELITOS CONTRA EL PATRIMONIO ECONOMICO", "capitulo": "DEL HURTO", "articulo": "HURTO. ART. 239 C.P.", "grado_deli": "AGRAVADO", "tipo_notic": "DENUNCIA", "caracteriz": "HURTO A ESTABLECIMIENTOS", "modalidad": "VIOLACION DE CERRADURA", "modo": null, "motivo": null, "pais": "COLOMBIA", "dane_dep": 76, "departamen": "VALLE DEL CAUCA", "dane_mpio": 76001, "municipio": "CALI", "cod_comuna": 9.0, "comuna": "Comuna 9", "cod_barrio": 909.0, "nom_barrio": "Sucre", "direccion": "76001 CARRERA 8 CON CALLE 21, SAN NICOLÁS, COMUNA 3, CALI, VALLE DEL CAUCA", "sitio": "VIA PUBLICA", "x": -76.52310180664, "y": 3.45180010796, "anio": 2023, "mes": "octubre", "dia": 17, "dia_semana": 3, "hora_hecho": "01:50", "barrio": "SUCRE", "estrato": 1, "geom": "0101000020E6100000000000807A2153C000000060499D0B40", "fecha_hech": "2023-10-17 00:00:00", "Id": 0, "area": 136572.15568900001 }, "geometry": { "type": "Point", "coordinates": [ -76.52310180664, 3.45180010796 ] } },
{ "type": "Feature", "properties": { "dinamica": "HURTO", "titulo": "DELITOS CONTRA EL PATRIMONIO ECONOMICO", "capitulo": "DEL HURTO", "articulo": "HURTO CALIFICADO. ART. 240 C.P.", "grado_deli": "NINGUNO", "tipo_notic": "DENUNCIA", "caracteriz": "HURTO A PERSONAS", "modalidad": "FACTOR DE OPORTUNIDAD", "modo": null, "motivo": null, "pais": "COLOMBIA", "dane_dep": 76, "departamen": "VALLE DEL CAUCA", "dane_mpio": 76001, "municipio": "CALI", "cod_comuna": 9.0, "comuna": "Comuna 9", "cod_barrio": 910.0, "nom_barrio": "Barrio Obrero", "direccion": "76001 Calle 22A 12 37, Barrio Obrero, Comuna 9, Cali, Valle del Cauca, COL,BARRIO OBRERO", "sitio": "SIN INFORMACION", "x": -76.520240783689999, "y": 3.4460680484799999, "anio": 2023, "mes": "octubre", "dia": 23, "dia_semana": 2, "hora_hecho": "01:00", "barrio": "BARRIO OBRERO", "estrato": 2, "geom": "0101000020E6100000000000A04B2153C0000000208C910B40", "fecha_hech": "2023-10-23 00:00:00", "Id": 0, "area": 136572.15568900001 }, "geometry": { "type": "Point", "coordinates": [ -76.520240783689999, 3.44606804848 ] } },
{ "type": "Feature", "properties": { "dinamica": "HURTO", "titulo": "DELITOS CONTRA EL PATRIMONIO ECONOMICO", "capitulo": "DEL HURTO", "articulo": "HURTO CALIFICADO. ART. 240 C.P.", "grado_deli": "NINGUNO", "tipo_notic": "DENUNCIA", "caracteriz": "HURTO DE AUTOPARTES", "modalidad": "RAPONAZO", "modo": null, "motivo": null, "pais": "COLOMBIA", "dane_dep": 76, "departamen": "VALLE DEL CAUCA", "dane_mpio": 76001, "municipio": "CALI", "cod_comuna": 9.0, "comuna": "Comuna 9", "cod_barrio": 909.0, "nom_barrio": "Sucre", "direccion": "76001 CALLE 21 CON CARRERA 8, SAN NICOLÁS, COMUNA 3, CALI, VALLE DEL CAUCA", "sitio": "VIA PUBLICA", "x": -76.52310180664, "y": 3.45180010796, "anio": 2023, "mes": "octubre", "dia": 27, "dia_semana": 6, "hora_hecho": "11:30", "barrio": "SUCRE", "estrato": 1, "geom": "0101000020E6100000000000807A2153C000000060499D0B40", "fecha_hech": "2023-10-27 00:00:00", "Id": 0, "area": 136572.15568900001 }, "geometry": { "type": "Point", "coordinates": [ -76.52310180664, 3.45180010796 ] } },
{ "type": "Feature", "properties": { "dinamica": "HURTO", "titulo": "DELITOS CONTRA EL PATRIMONIO ECONOMICO", "capitulo": "DEL HURTO", "articulo": "HURTO CALIFICADO. ART. 240 C.P.", "grado_deli": "NINGUNO", "tipo_notic": "DENUNCIA", "caracteriz": "HURTO A PERSONAS", "modalidad": "ATRACO", "modo": "SUSTANCIA TÓXICA", "motivo": null, "pais": "COLOMBIA", "dane_dep": 76, "departamen": "VALLE DEL CAUCA", "dane_mpio": 76001, "municipio": "CALI", "cod_comuna": 9.0, "comuna": "Comuna 9", "cod_barrio": 910.0, "nom_barrio": "Barrio Obrero", "direccion": "76001 BARRIO/LOCALIDAD/COMUNA:BARRIO OBRERO/COMUNA 9,CALI/VALLE DEL CAUCA,BARRIO OBRERO", "sitio": "SIN INFORMACION", "x": -76.520950317379999, "y": 3.44953989983, "anio": 2023, "mes": "octubre", "dia": 28, "dia_semana": 7, "hora_hecho": "02:00", "barrio": "BARRIO OBRERO", "estrato": 2, "geom": "0101000020E610000000000040572153C000000060A8980B40", "fecha_hech": "2023-10-28 00:00:00", "Id": 0, "area": 136572.15568900001 }, "geometry": { "type": "Point", "coordinates": [ -76.520950317379999, 3.44953989983 ] } },
{ "type": "Feature", "properties": { "dinamica": "HURTO", "titulo": "DELITOS CONTRA EL PATRIMONIO ECONOMICO", "capitulo": "DEL HURTO", "articulo": "HURTO CALIFICADO. ART. 240 C.P.", "grado_deli": "NINGUNO", "tipo_notic": "DENUNCIA", "caracteriz": "HURTO DE MOTOCICLETAS", "modalidad": "HALADO", "modo": null, "motivo": null, "pais": "COLOMBIA", "dane_dep": 76, "departamen": "VALLE DEL CAUCA", "dane_mpio": 76001, "municipio": "CALI", "cod_comuna": 9.0, "comuna": "Comuna 9", "cod_barrio": 910.0, "nom_barrio": "Barrio Obrero", "direccion": "76001 Carrera 14 21, Barrio Obrero, Comuna 9, Cali, Valle del Cauca, COL,BARRIO OBRERO", "sitio": "SIN INFORMACION", "x": -76.52149963379, "y": 3.4446940422100001, "anio": 2023, "mes": "octubre", "dia": 31, "dia_semana": 3, "hora_hecho": "03:00", "barrio": "BARRIO OBRERO", "estrato": 2, "geom": "0101000020E610000000000040602153C0000000C0BB8E0B40", "fecha_hech": "2023-10-31 00:00:00", "Id": 0, "area": 136572.15568900001 }, "geometry": { "type": "Point", "coordinates": [ -76.52149963379, 3.44469404221 ] } },
{ "type": "Feature", "properties": { "dinamica": "HURTO", "titulo": "DELITOS CONTRA EL PATRIMONIO ECONOMICO", "capitulo": "DEL HURTO", "articulo": "HURTO CALIFICADO. ART. 240 C.P.", "grado_deli": "NINGUNO", "tipo_notic": "DENUNCIA", "caracteriz": "HURTO A PERSONAS", "modalidad": "ATRACO", "modo": "ARMA BLANCA", "motivo": null, "pais": "COLOMBIA", "dane_dep": 76, "departamen": "VALLE DEL CAUCA", "dane_mpio": 76001, "municipio": "CALI", "cod_comuna": 9.0, "comuna": "Comuna 9", "cod_barrio": 910.0, "nom_barrio": "Barrio Obrero", "direccion": "76001 CARRERA 15 CON CALLE 25, BELALCAZAR, COMUNA 8, CALI, VALLE DEL CAUCA", "sitio": "ESTACION DE ARTICULADO", "x": -76.518669128420001, "y": 3.4449200630200001, "anio": 2023, "mes": "octubre", "dia": 31, "dia_semana": 3, "hora_hecho": "11:30", "barrio": "BARRIO OBRERO", "estrato": 2, "geom": "0101000020E6100000000000E0312153C000000040328F0B40", "fecha_hech": "2023-10-31 00:00:00", "Id": 0, "area": 136572.15568900001 }, "geometry": { "type": "Point", "coordinates": [ -76.518669128420001, 3.44492006302 ] } },
{ "type": "Feature", "properties": { "dinamica": "HURTO", "titulo": "DELITOS CONTRA EL PATRIMONIO ECONOMICO", "capitulo": "DEL HURTO", "articulo": "HURTO CALIFICADO. ART. 240 C.P.", "grado_deli": "NINGUNO", "tipo_notic": "DENUNCIA", "caracteriz": "HURTO DE AUTOPARTES", "modalidad": "FACTOR DE OPORTUNIDAD", "modo": null, "motivo": null, "pais": "COLOMBIA", "dane_dep": 76, "departamen": "VALLE DEL CAUCA", "dane_mpio": 76001, "municipio": "CALI", "cod_comuna": 9.0, "comuna": "Comuna 9", "cod_barrio": 910.0, "nom_barrio": "Barrio Obrero", "direccion": "76001 CARRERA 11 22, BARRIO OBRERO, COMUNA 9, CALI, VALLE DEL CAUCA", "sitio": "VIA PUBLICA", "x": -76.521301269529999, "y": 3.44880008698, "anio": 2023, "mes": "noviembre", "dia": 2, "dia_semana": 5, "hora_hecho": "19:00", "barrio": "BARRIO OBRERO", "estrato": 2, "geom": "0101000020E6100000000000005D2153C00000008024970B40", "fecha_hech": "2023-11-02 00:00:00", "Id": 0, "area": 136572.15568900001 }, "geometry": { "type": "Point", "coordinates": [ -76.521301269529999, 3.44880008698 ] } },
{ "type": "Feature", "properties": { "dinamica": "HURTO", "titulo": "DELITOS CONTRA EL PATRIMONIO ECONOMICO", "capitulo": "DEL HURTO", "articulo": "HURTO. ART. 239 C.P.", "grado_deli": "NINGUNO", "tipo_notic": "DENUNCIA", "caracteriz": "HURTO A PERSONAS", "modalidad": "RAPONAZO", "modo": null, "motivo": null, "pais": "COLOMBIA", "dane_dep": 76, "departamen": "VALLE DEL CAUCA", "dane_mpio": 76001, "municipio": "CALI", "cod_comuna": 9.0, "comuna": "Comuna 9", "cod_barrio": 910.0, "nom_barrio": "Barrio Obrero", "direccion": "76001 BARRIO/LOCALIDAD/COMUNA:BARRIO OBRERO/COMUNA 9,CALI/VALLE DEL CAUCA,BARRIO OBRERO", "sitio": "SIN INFORMACION", "x": -76.522026062009999, "y": 3.4495599269900001, "anio": 2023, "mes": "noviembre", "dia": 7, "dia_semana": 3, "hora_hecho": "00:10", "barrio": "BARRIO OBRERO", "estrato": 2, "geom": "0101000020E6100000000000E0682153C0000000E0B2980B40", "fecha_hech": "2023-11-07 00:00:00", "Id": 0, "area": 136572.15568900001 }, "geometry": { "type": "Point", "coordinates": [ -76.522026062009999, 3.44955992699 ] } },
{ "type": "Feature", "properties": { "dinamica": "HURTO", "titulo": "DELITOS CONTRA EL PATRIMONIO ECONOMICO", "capitulo": "DEL HURTO", "articulo": "HURTO CALIFICADO. ART. 240 C.P.", "grado_deli": "NINGUNO", "tipo_notic": "DENUNCIA", "caracteriz": "HURTO A PERSONAS", "modalidad": "VIOLACION DE CERRADURA", "modo": null, "motivo": null, "pais": "COLOMBIA", "dane_dep": 76, "departamen": "VALLE DEL CAUCA", "dane_mpio": 76001, "municipio": "CALI", "cod_comuna": 9.0, "comuna": "Comuna 9", "cod_barrio": 910.0, "nom_barrio": "Barrio Obrero", "direccion": "76001 Calle 23 con Carrera 10, Barrio Obrero, Comuna 9, Cali, Valle del Cauca, COL,BARRIO OBRERO", "sitio": "SIN INFORMACION", "x": -76.520278930659998, "y": 3.4498000145000001, "anio": 2023, "mes": "noviembre", "dia": 9, "dia_semana": 5, "hora_hecho": "16:10", "barrio": "BARRIO OBRERO", "estrato": 2, "geom": "0101000020E6100000000000404C2153C0000000C030990B40", "fecha_hech": "2023-11-09 00:00:00", "Id": 0, "area": 136572.15568900001 }, "geometry": { "type": "Point", "coordinates": [ -76.520278930659998, 3.4498000145 ] } },
{ "type": "Feature", "properties": { "dinamica": "HURTO", "titulo": "DELITOS CONTRA EL PATRIMONIO ECONOMICO", "capitulo": "DEL HURTO", "articulo": "HURTO CALIFICADO. ART. 240 C.P.", "grado_deli": "AGRAVADO", "tipo_notic": "DENUNCIA", "caracteriz": "HURTO A PERSONAS", "modalidad": "ATRACO", "modo": "ARMA DE FUEGO", "motivo": null, "pais": "COLOMBIA", "dane_dep": 76, "departamen": "VALLE DEL CAUCA", "dane_mpio": 76001, "municipio": "CALI", "cod_comuna": 9.0, "comuna": "Comuna 9", "cod_barrio": 909.0, "nom_barrio": "Sucre", "direccion": "76001 CALLE 21 CON CARRERA 8, SAN NICOLÁS, COMUNA 3, CALI, VALLE DEL CAUCA", "sitio": "VIA PUBLICA", "x": -76.52310180664, "y": 3.45180010796, "anio": 2023, "mes": "noviembre", "dia": 12, "dia_semana": 1, "hora_hecho": "03:00", "barrio": "SUCRE", "estrato": 1, "geom": "0101000020E6100000000000807A2153C000000060499D0B40", "fecha_hech": "2023-11-12 00:00:00", "Id": 0, "area": 136572.15568900001 }, "geometry": { "type": "Point", "coordinates": [ -76.52310180664, 3.45180010796 ] } },
{ "type": "Feature", "properties": { "dinamica": "HURTO", "titulo": "DELITOS CONTRA EL PATRIMONIO ECONOMICO", "capitulo": "DEL HURTO", "articulo": "HURTO CALIFICADO. ART. 240 C.P.", "grado_deli": "NINGUNO", "tipo_notic": "DENUNCIA", "caracteriz": "HURTO A PERSONAS", "modalidad": "ATRACO", "modo": "ARMA DE FUEGO", "motivo": null, "pais": "COLOMBIA", "dane_dep": 76, "departamen": "VALLE DEL CAUCA", "dane_mpio": 76001, "municipio": "CALI", "cod_comuna": 9.0, "comuna": "Comuna 9", "cod_barrio": 910.0, "nom_barrio": "Barrio Obrero", "direccion": "76001 CARRERA 9 CON CALLE 23, BARRIO OBRERO, COMUNA 9, CALI, VALLE DEL CAUCA", "sitio": "VIA PUBLICA", "x": -76.520477294919999, "y": 3.4506599903100001, "anio": 2023, "mes": "noviembre", "dia": 17, "dia_semana": 6, "hora_hecho": "05:00", "barrio": "BARRIO OBRERO", "estrato": 2, "geom": "0101000020E6100000000000804F2153C0000000A0F39A0B40", "fecha_hech": "2023-11-17 00:00:00", "Id": 0, "area": 136572.15568900001 }, "geometry": { "type": "Point", "coordinates": [ -76.520477294919999, 3.45065999031 ] } },
{ "type": "Feature", "properties": { "dinamica": "HURTO", "titulo": "DELITOS CONTRA EL PATRIMONIO ECONOMICO", "capitulo": "DEL HURTO", "articulo": "HURTO. ART. 239 C.P.", "grado_deli": "NINGUNO", "tipo_notic": "DENUNCIA", "caracteriz": "HURTO A ESTABLECIMIENTOS", "modalidad": "FACTOR DE OPORTUNIDAD", "modo": null, "motivo": null, "pais": "COLOMBIA", "dane_dep": 76, "departamen": "VALLE DEL CAUCA", "dane_mpio": 76001, "municipio": "CALI", "cod_comuna": 9.0, "comuna": "Comuna 9", "cod_barrio": 910.0, "nom_barrio": "Barrio Obrero", "direccion": "76001 Carrera 10 22A 2, Barrio Obrero, Comuna 9, Cali, Valle del Cauca, COL,BARRIO OBRERO", "sitio": "SIN INFORMACION", "x": -76.521072387700002, "y": 3.4495658874499999, "anio": 2023, "mes": "noviembre", "dia": 17, "dia_semana": 6, "hora_hecho": "10:12", "barrio": "BARRIO OBRERO", "estrato": 2, "geom": "0101000020E610000000000040592153C000000000B6980B40", "fecha_hech": "2023-11-17 00:00:00", "Id": 0, "area": 136572.15568900001 }, "geometry": { "type": "Point", "coordinates": [ -76.521072387700002, 3.44956588745 ] } },
{ "type": "Feature", "properties": { "dinamica": "HURTO", "titulo": "DELITOS CONTRA EL PATRIMONIO ECONOMICO", "capitulo": "DEL HURTO", "articulo": "HURTO CALIFICADO. ART. 240 C.P.", "grado_deli": "NINGUNO", "tipo_notic": "DENUNCIA", "caracteriz": "HURTO A PERSONAS", "modalidad": "ATRACO", "modo": "ARMA BLANCA", "motivo": null, "pais": "COLOMBIA", "dane_dep": 76, "departamen": "VALLE DEL CAUCA", "dane_mpio": 76001, "municipio": "CALI", "cod_comuna": 9.0, "comuna": "Comuna 9", "cod_barrio": 910.0, "nom_barrio": "Barrio Obrero", "direccion": "76001 CALLE 22 CON CARRERA 8, BARRIO OBRERO, COMUNA 9, CALI, VALLE DEL CAUCA", "sitio": "VIA PUBLICA", "x": -76.52247619629, "y": 3.4519999027299999, "anio": 2023, "mes": "noviembre", "dia": 17, "dia_semana": 6, "hora_hecho": "21:30", "barrio": "SAN NICOLÁS", "estrato": 2, "geom": "0101000020E610000000000040702153C000000020B29D0B40", "fecha_hech": "2023-11-17 00:00:00", "Id": 0, "area": 136572.15568900001 }, "geometry": { "type": "Point", "coordinates": [ -76.52247619629, 3.45199990273 ] } },
{ "type": "Feature", "properties": { "dinamica": "HURTO", "titulo": "DELITOS CONTRA EL PATRIMONIO ECONOMICO", "capitulo": "DEL HURTO", "articulo": "HURTO CALIFICADO. ART. 240 C.P.", "grado_deli": "NINGUNO", "tipo_notic": "DENUNCIA", "caracteriz": "HURTO A PERSONAS", "modalidad": "ATRACO", "modo": "ARMA BLANCA", "motivo": null, "pais": "COLOMBIA", "dane_dep": 76, "departamen": "VALLE DEL CAUCA", "dane_mpio": 76001, "municipio": "CALI", "cod_comuna": 9.0, "comuna": "Comuna 9", "cod_barrio": 910.0, "nom_barrio": "Barrio Obrero", "direccion": "76001 CALLE 22A CON CARRERA 10, BARRIO OBRERO, COMUNA 9, CALI, VALLE DEL CAUCA", "sitio": "VIA PUBLICA", "x": -76.521141052250002, "y": 3.4496099948899999, "anio": 2023, "mes": "noviembre", "dia": 18, "dia_semana": 7, "hora_hecho": "21:00", "barrio": "BARRIO OBRERO", "estrato": 2, "geom": "0101000020E6100000000000605A2153C000000020CD980B40", "fecha_hech": "2023-11-18 00:00:00", "Id": 0, "area": 136572.15568900001 }, "geometry": { "type": "Point", "coordinates": [ -76.521141052250002, 3.44960999489 ] } },
{ "type": "Feature", "properties": { "dinamica": "HURTO", "titulo": "DELITOS CONTRA EL PATRIMONIO ECONOMICO", "capitulo": "DEL HURTO", "articulo": "HURTO CALIFICADO. ART. 240 C.P.", "grado_deli": "NINGUNO", "tipo_notic": "DENUNCIA", "caracteriz": "HURTO A PERSONAS", "modalidad": "ATRACO", "modo": "ARMA BLANCA", "motivo": null, "pais": "COLOMBIA", "dane_dep": 76, "departamen": "VALLE DEL CAUCA", "dane_mpio": 76001, "municipio": "CALI", "cod_comuna": 9.0, "comuna": "Comuna 9", "cod_barrio": 910.0, "nom_barrio": "Barrio Obrero", "direccion": "76001 Carrera 10 con Calle 22A, Barrio Obrero, Comuna 9, Cali, Valle del Cauca, COL,BARRIO OBRERO", "sitio": "SIN INFORMACION", "x": -76.521141052250002, "y": 3.4496099948899999, "anio": 2023, "mes": "noviembre", "dia": 18, "dia_semana": 7, "hora_hecho": "22:50", "barrio": "BARRIO OBRERO", "estrato": 2, "geom": "0101000020E6100000000000605A2153C000000020CD980B40", "fecha_hech": "2023-11-18 00:00:00", "Id": 0, "area": 136572.15568900001 }, "geometry": { "type": "Point", "coordinates": [ -76.521141052250002, 3.44960999489 ] } },
{ "type": "Feature", "properties": { "dinamica": "HURTO", "titulo": "DELITOS CONTRA EL PATRIMONIO ECONOMICO", "capitulo": "DEL HURTO", "articulo": "HURTO CALIFICADO. ART. 240 C.P.", "grado_deli": "AGRAVADO", "tipo_notic": "DENUNCIA", "caracteriz": "HURTO A PERSONAS", "modalidad": "ATRACO", "modo": "ARMA DE FUEGO", "motivo": null, "pais": "COLOMBIA", "dane_dep": 76, "departamen": "VALLE DEL CAUCA", "dane_mpio": 76001, "municipio": "CALI", "cod_comuna": 9.0, "comuna": "Comuna 9", "cod_barrio": 910.0, "nom_barrio": "Barrio Obrero", "direccion": "76001 CARRERA 11B 22A 46, BARRIO OBRERO, COMUNA 9, CALI, VALLE DEL CAUCA", "sitio": "VIA PUBLICA", "x": -76.520309448239999, "y": 3.4480619430499999, "anio": 2023, "mes": "noviembre", "dia": 20, "dia_semana": 2, "hora_hecho": "00:00", "barrio": "BARRIO OBRERO", "estrato": 2, "geom": "0101000020E6100000000000C04C2153C000000080A1950B40", "fecha_hech": "2023-11-20 00:00:00", "Id": 0, "area": 136572.15568900001 }, "geometry": { "type": "Point", "coordinates": [ -76.520309448239999, 3.44806194305 ] } },
{ "type": "Feature", "properties": { "dinamica": "HURTO", "titulo": "DELITOS CONTRA EL PATRIMONIO ECONOMICO", "capitulo": "DEL HURTO", "articulo": "HURTO CALIFICADO. ART. 240 C.P.", "grado_deli": "NINGUNO", "tipo_notic": "DENUNCIA", "caracteriz": "HURTO DE MOTOCICLETAS", "modalidad": "HALADO", "modo": null, "motivo": null, "pais": "COLOMBIA", "dane_dep": 76, "departamen": "VALLE DEL CAUCA", "dane_mpio": 76001, "municipio": "CALI", "cod_comuna": 9.0, "comuna": "Comuna 9", "cod_barrio": 910.0, "nom_barrio": "Barrio Obrero", "direccion": "76001 CALLE 22 8 71, BARRIO OBRERO, COMUNA 9, CALI, VALLE DEL CAUCA", "sitio": "DOMICILIO", "x": -76.522285461430002, "y": 3.4514949321700001, "anio": 2023, "mes": "noviembre", "dia": 20, "dia_semana": 2, "hora_hecho": "12:30", "barrio": "BARRIO OBRERO", "estrato": 2, "geom": "0101000020E6100000000000206D2153C000000060A99C0B40", "fecha_hech": "2023-11-20 00:00:00", "Id": 0, "area": 136572.15568900001 }, "geometry": { "type": "Point", "coordinates": [ -76.522285461430002, 3.45149493217 ] } },
{ "type": "Feature", "properties": { "dinamica": "HURTO", "titulo": "DELITOS CONTRA EL PATRIMONIO ECONOMICO", "capitulo": "DEL HURTO", "articulo": "HURTO. ART. 239 C.P.", "grado_deli": "NINGUNO", "tipo_notic": "DENUNCIA", "caracteriz": "HURTO A CELULARES", "modalidad": "ATRACO", "modo": "SIN ARMA", "motivo": "SIN DETERMINAR", "pais": "COLOMBIA", "dane_dep": 76, "departamen": "VALLE DEL CAUCA", "dane_mpio": 76001, "municipio": "CALI", "cod_comuna": 9.0, "comuna": "Comuna 9", "cod_barrio": 910.0, "nom_barrio": "Barrio Obrero", "direccion": "76001 Barrio Obrero, Comuna 9, Cali, Valle del Cauca, COL,BARRIO OBRERO", "sitio": "SIN INFORMACION", "x": -76.520286560060001, "y": 3.4481201171899998, "anio": 2023, "mes": "noviembre", "dia": 20, "dia_semana": 2, "hora_hecho": "16:47", "barrio": "BARRIO OBRERO", "estrato": 2, "geom": "0101000020E6100000000000604C2153C000000000C0950B40", "fecha_hech": "2023-11-20 00:00:00", "Id": 0, "area": 136572.15568900001 }, "geometry": { "type": "Point", "coordinates": [ -76.520286560060001, 3.44812011719 ] } },
{ "type": "Feature", "properties": { "dinamica": "HURTO", "titulo": "DELITOS CONTRA EL PATRIMONIO ECONOMICO", "capitulo": "DEL HURTO", "articulo": "HURTO CALIFICADO. ART. 240 C.P.", "grado_deli": "NINGUNO", "tipo_notic": "DENUNCIA", "caracteriz": "HURTO A PERSONAS", "modalidad": "ATRACO", "modo": "ARMA DE FUEGO", "motivo": null, "pais": "COLOMBIA", "dane_dep": 76, "departamen": "VALLE DEL CAUCA", "dane_mpio": 76001, "municipio": "CALI", "cod_comuna": 9.0, "comuna": "Comuna 9", "cod_barrio": 910.0, "nom_barrio": "Barrio Obrero", "direccion": "76001 CALLE 22A CON CARRERA 8, SAN NICOLÁS, COMUNA 3, CALI, VALLE DEL CAUCA", "sitio": "VIA PUBLICA", "x": -76.521598815920001, "y": 3.4522399902299998, "anio": 2023, "mes": "noviembre", "dia": 25, "dia_semana": 7, "hora_hecho": "16:09", "barrio": "SAN NICOLÁS", "estrato": 2, "geom": "0101000020E6100000000000E0612153C000000000309E0B40", "fecha_hech": "2023-11-25 00:00:00", "Id": 0, "area": 136572.15568900001 }, "geometry": { "type": "Point", "coordinates": [ -76.521598815920001, 3.45223999023 ] } },
{ "type": "Feature", "properties": { "dinamica": "HURTO", "titulo": "DELITOS CONTRA EL PATRIMONIO ECONOMICO", "capitulo": "DEL HURTO", "articulo": "HURTO CALIFICADO. ART. 240 C.P.", "grado_deli": "NINGUNO", "tipo_notic": "DENUNCIA", "caracteriz": "HURTO DE AUTOPARTES", "modalidad": "FACTOR DE OPORTUNIDAD", "modo": null, "motivo": null, "pais": "COLOMBIA", "dane_dep": 76, "departamen": "VALLE DEL CAUCA", "dane_mpio": 76001, "municipio": "CALI", "cod_comuna": 9.0, "comuna": "Comuna 9", "cod_barrio": 910.0, "nom_barrio": "Barrio Obrero", "direccion": "76001 CALLE 24 8A 99", "sitio": "EDIFICIO", "x": -76.519569396969999, "y": 3.4509530067399998, "anio": 2023, "mes": "noviembre", "dia": 26, "dia_semana": 1, "hora_hecho": "10:00", "barrio": "BARRIO OBRERO", "estrato": 2, "geom": "0101000020E6100000000000A0402153C0000000408D9B0B40", "fecha_hech": "2023-11-26 00:00:00", "Id": 0, "area": 136572.15568900001 }, "geometry": { "type": "Point", "coordinates": [ -76.519569396969999, 3.45095300674 ] } },
{ "type": "Feature", "properties": { "dinamica": "HURTO", "titulo": "DELITOS CONTRA EL PATRIMONIO ECONOMICO", "capitulo": "DEL HURTO", "articulo": "HURTO CALIFICADO. ART. 240 C.P.", "grado_deli": "NINGUNO", "tipo_notic": "DENUNCIA", "caracteriz": "HURTO DE MOTOCICLETAS", "modalidad": "HALADO", "modo": null, "motivo": null, "pais": "COLOMBIA", "dane_dep": 76, "departamen": "VALLE DEL CAUCA", "dane_mpio": 76001, "municipio": "CALI", "cod_comuna": 9.0, "comuna": "Comuna 9", "cod_barrio": 910.0, "nom_barrio": "Barrio Obrero", "direccion": "76001 CARRERA 11D 22A 69, BARRIO OBRERO, COMUNA 9, CALI, VALLE DEL CAUCA", "sitio": "DOMICILIO", "x": -76.519981384280001, "y": 3.44740605354, "anio": 2023, "mes": "noviembre", "dia": 29, "dia_semana": 4, "hora_hecho": "00:00", "barrio": "BARRIO OBRERO", "estrato": 2, "geom": "0101000020E610000000000060472153C0000000A049940B40", "fecha_hech": "2023-11-29 00:00:00", "Id": 0, "area": 136572.15568900001 }, "geometry": { "type": "Point", "coordinates": [ -76.519981384280001, 3.44740605354 ] } },
{ "type": "Feature", "properties": { "dinamica": "HURTO", "titulo": "DELITOS CONTRA EL PATRIMONIO ECONOMICO", "capitulo": "DEL HURTO", "articulo": "HURTO CALIFICADO. ART. 240 C.P.", "grado_deli": "NINGUNO", "tipo_notic": "DENUNCIA", "caracteriz": "HURTO A PERSONAS", "modalidad": "ATRACO", "modo": "ARMA DE FUEGO", "motivo": null, "pais": "COLOMBIA", "dane_dep": 76, "departamen": "VALLE DEL CAUCA", "dane_mpio": 76001, "municipio": "CALI", "cod_comuna": 9.0, "comuna": "Comuna 9", "cod_barrio": 910.0, "nom_barrio": "Barrio Obrero", "direccion": "76001 CARRERA 8A CON CALLE 23, BARRIO OBRERO, COMUNA 9, CALI, VALLE DEL CAUCA", "sitio": "VIA PUBLICA", "x": -76.52060699463, "y": 3.4515900611900001, "anio": 2023, "mes": "noviembre", "dia": 29, "dia_semana": 4, "hora_hecho": "18:10", "barrio": "BARRIO OBRERO", "estrato": 2, "geom": "0101000020E6100000000000A0512153C000000040DB9C0B40", "fecha_hech": "2023-11-29 00:00:00", "Id": 0, "area": 136572.15568900001 }, "geometry": { "type": "Point", "coordinates": [ -76.52060699463, 3.45159006119 ] } },
{ "type": "Feature", "properties": { "dinamica": "HURTO", "titulo": "DELITOS CONTRA EL PATRIMONIO ECONOMICO", "capitulo": "DEL HURTO", "articulo": "HURTO CALIFICADO. ART. 240 C.P.", "grado_deli": "NINGUNO", "tipo_notic": "DENUNCIA", "caracteriz": "HURTO A PERSONAS", "modalidad": "ATRACO", "modo": "ARMA DE FUEGO", "motivo": null, "pais": "COLOMBIA", "dane_dep": 76, "departamen": "VALLE DEL CAUCA", "dane_mpio": 76001, "municipio": "CALI", "cod_comuna": 9.0, "comuna": "Comuna 9", "cod_barrio": 910.0, "nom_barrio": "Barrio Obrero", "direccion": "76001 CARRERA 8 CON CALLE 22, SAN NICOLÁS, COMUNA 3, CALI, VALLE DEL CAUCA", "sitio": "VIA PUBLICA", "x": -76.522048950200002, "y": 3.4521400928500001, "anio": 2023, "mes": "noviembre", "dia": 30, "dia_semana": 5, "hora_hecho": "19:00", "barrio": "SAN NICOLÁS", "estrato": 2, "geom": "0101000020E610000000000040692153C0000000A0FB9D0B40", "fecha_hech": "2023-11-30 00:00:00", "Id": 0, "area": 136572.15568900001 }, "geometry": { "type": "Point", "coordinates": [ -76.522048950200002, 3.45214009285 ] } },
{ "type": "Feature", "properties": { "dinamica": "HURTO", "titulo": "DELITOS CONTRA EL PATRIMONIO ECONOMICO", "capitulo": "DEL HURTO", "articulo": "HURTO CALIFICADO. ART. 240 C.P.", "grado_deli": "NINGUNO", "tipo_notic": "DENUNCIA", "caracteriz": "HURTO DE VEHICULOS", "modalidad": "HALADO", "modo": null, "motivo": null, "pais": "COLOMBIA", "dane_dep": 76, "departamen": "VALLE DEL CAUCA", "dane_mpio": 76001, "municipio": "CALI", "cod_comuna": 9.0, "comuna": "Comuna 9", "cod_barrio": 910.0, "nom_barrio": "Barrio Obrero", "direccion": "76001 Carrera 8A 21 34, Barrio Obrero, Comuna 9, Cali, Valle del Cauca, COL,BARRIO OBRERO", "sitio": "SIN INFORMACION", "x": -76.522674560550001, "y": 3.4507648944899998, "anio": 2023, "mes": "diciembre", "dia": 7, "dia_semana": 5, "hora_hecho": "06:00", "barrio": "BARRIO OBRERO", "estrato": 2, "geom": "0101000020E610000000000080732153C0000000A02A9B0B40", "fecha_hech": "2023-12-07 00:00:00", "Id": 0, "area": 136572.15568900001 }, "geometry": { "type": "Point", "coordinates": [ -76.522674560550001, 3.45076489449 ] } },
{ "type": "Feature", "properties": { "dinamica": "HURTO", "titulo": "DELITOS CONTRA EL PATRIMONIO ECONOMICO", "capitulo": "DEL HURTO", "articulo": "HURTO. ART. 239 C.P.", "grado_deli": "NINGUNO", "tipo_notic": "DENUNCIA", "caracteriz": "HURTO A PERSONAS", "modalidad": "RAPONAZO", "modo": null, "motivo": null, "pais": "COLOMBIA", "dane_dep": 76, "departamen": "VALLE DEL CAUCA", "dane_mpio": 76001, "municipio": "CALI", "cod_comuna": 9.0, "comuna": "Comuna 9", "cod_barrio": 910.0, "nom_barrio": "Barrio Obrero", "direccion": "76001 Carrera 11, Barrio Obrero, Comuna 9, Cali, Valle del Cauca, COL,BARRIO OBRERO", "sitio": "SIN INFORMACION", "x": -76.52052307129, "y": 3.44897794724, "anio": 2023, "mes": "diciembre", "dia": 8, "dia_semana": 6, "hora_hecho": "23:21", "barrio": "BARRIO OBRERO", "estrato": 2, "geom": "0101000020E610000000000040502153C0000000C081970B40", "fecha_hech": "2023-12-08 00:00:00", "Id": 0, "area": 136572.15568900001 }, "geometry": { "type": "Point", "coordinates": [ -76.52052307129, 3.44897794724 ] } },
{ "type": "Feature", "properties": { "dinamica": "HURTO", "titulo": "DELITOS CONTRA EL PATRIMONIO ECONOMICO", "capitulo": "DEL HURTO", "articulo": "HURTO CALIFICADO. ART. 240 C.P.", "grado_deli": "NINGUNO", "tipo_notic": "DENUNCIA", "caracteriz": "HURTO A PERSONAS", "modalidad": "ATRACO", "modo": "ARMA BLANCA", "motivo": null, "pais": "COLOMBIA", "dane_dep": 76, "departamen": "VALLE DEL CAUCA", "dane_mpio": 76001, "municipio": "CALI", "cod_comuna": 9.0, "comuna": "Comuna 9", "cod_barrio": 910.0, "nom_barrio": "Barrio Obrero", "direccion": "76001 CALLE 23 CON CARRERA 15, BARRIO OBRERO, COMUNA 9, CALI, VALLE DEL CAUCA", "sitio": "VIA PUBLICA", "x": -76.519233703609999, "y": 3.4448900222800001, "anio": 2023, "mes": "diciembre", "dia": 16, "dia_semana": 7, "hora_hecho": "02:30", "barrio": "BARRIO OBRERO", "estrato": 2, "geom": "0101000020E6100000000000203B2153C000000080228F0B40", "fecha_hech": "2023-12-16 00:00:00", "Id": 0, "area": 136572.15568900001 }, "geometry": { "type": "Point", "coordinates": [ -76.519233703609999, 3.44489002228 ] } },
{ "type": "Feature", "properties": { "dinamica": "HURTO", "titulo": "DELITOS CONTRA EL PATRIMONIO ECONOMICO", "capitulo": "DEL HURTO", "articulo": "HURTO CALIFICADO. ART. 240 C.P.", "grado_deli": "NINGUNO", "tipo_notic": "DENUNCIA", "caracteriz": "HURTO DE AUTOPARTES", "modalidad": "FACTOR DE OPORTUNIDAD", "modo": null, "motivo": null, "pais": "COLOMBIA", "dane_dep": 76, "departamen": "VALLE DEL CAUCA", "dane_mpio": 76001, "municipio": "CALI", "cod_comuna": 9.0, "comuna": "Comuna 9", "cod_barrio": 910.0, "nom_barrio": "Barrio Obrero", "direccion": "76001 CALLE 21 9 17, BARRIO OBRERO, COMUNA 9, CALI, VALLE DEL CAUCA", "sitio": "VIA PUBLICA", "x": -76.522789001459998, "y": 3.4500739574399999, "anio": 2023, "mes": "diciembre", "dia": 17, "dia_semana": 1, "hora_hecho": "20:30", "barrio": "BARRIO OBRERO", "estrato": 2, "geom": "0101000020E610000000000060752153C000000060C0990B40", "fecha_hech": "2023-12-17 00:00:00", "Id": 0, "area": 136572.15568900001 }, "geometry": { "type": "Point", "coordinates": [ -76.522789001459998, 3.45007395744 ] } },
{ "type": "Feature", "properties": { "dinamica": "HURTO", "titulo": "DELITOS CONTRA EL PATRIMONIO ECONOMICO", "capitulo": "DEL HURTO", "articulo": "HURTO CALIFICADO. ART. 240 C.P.", "grado_deli": "NINGUNO", "tipo_notic": "DENUNCIA", "caracteriz": "HURTO A PERSONAS", "modalidad": "ROMPIMIENTO DE VIDRIO", "modo": null, "motivo": null, "pais": "COLOMBIA", "dane_dep": 76, "departamen": "VALLE DEL CAUCA", "dane_mpio": 76001, "municipio": "CALI", "cod_comuna": 9.0, "comuna": "Comuna 9", "cod_barrio": 910.0, "nom_barrio": "Barrio Obrero", "direccion": "76001 Calle 22A, Barrio Obrero, Comuna 9, Cali, Valle del Cauca, COL,BARRIO OBRERO", "sitio": "SIN INFORMACION", "x": -76.52084350586, "y": 3.4489719867700002, "anio": 2023, "mes": "diciembre", "dia": 24, "dia_semana": 1, "hora_hecho": "16:01", "barrio": "BARRIO OBRERO", "estrato": 2, "geom": "0101000020E610000000000080552153C0000000A07E970B40", "fecha_hech": "2023-12-24 00:00:00", "Id": 0, "area": 136572.15568900001 }, "geometry": { "type": "Point", "coordinates": [ -76.52084350586, 3.44897198677 ] } },
{ "type": "Feature", "properties": { "dinamica": "HURTO", "titulo": "DELITOS CONTRA EL PATRIMONIO ECONOMICO", "capitulo": "DEL HURTO", "articulo": "HURTO CALIFICADO. ART. 240 C.P.", "grado_deli": "AGRAVADO", "tipo_notic": "DENUNCIA", "caracteriz": "HURTO A ESTABLECIMIENTOS", "modalidad": "ATRACO", "modo": "ARMA DE FUEGO", "motivo": null, "pais": "COLOMBIA", "dane_dep": 76, "departamen": "VALLE DEL CAUCA", "dane_mpio": 76001, "municipio": "CALI", "cod_comuna": 9.0, "comuna": "Comuna 9", "cod_barrio": 910.0, "nom_barrio": "Barrio Obrero", "direccion": "76001 CALLE 22A CON CARRERA 11B, BARRIO OBRERO, CALI, VALLE DEL CAUCA, COL,BARRIO OBRERO", "sitio": "VIA PUBLICA", "x": -76.52074432373, "y": 3.4480640888199998, "anio": 2024, "mes": "enero", "dia": 9, "dia_semana": 3, "hora_hecho": "15:00", "barrio": "BARRIO OBRERO", "estrato": 2, "geom": "0101000020E6100000000000E0532153C0000000A0A2950B40", "fecha_hech": "2024-01-09 00:00:00", "Id": 0, "area": 136572.15568900001 }, "geometry": { "type": "Point", "coordinates": [ -76.52074432373, 3.44806408882 ] } },
{ "type": "Feature", "properties": { "dinamica": "HURTO", "titulo": "DELITOS CONTRA EL PATRIMONIO ECONOMICO", "capitulo": "DEL HURTO", "articulo": "HURTO CALIFICADO. ART. 240 C.P.", "grado_deli": "NINGUNO", "tipo_notic": "DENUNCIA", "caracteriz": "HURTO DE AUTOPARTES", "modalidad": "RAPONAZO", "modo": null, "motivo": null, "pais": "COLOMBIA", "dane_dep": 76, "departamen": "VALLE DEL CAUCA", "dane_mpio": 76001, "municipio": "CALI", "cod_comuna": 9.0, "comuna": "Comuna 9", "cod_barrio": 910.0, "nom_barrio": "Barrio Obrero", "direccion": "76001 AVENIDA MIGUEL LÓPEZ MUÑOZ 1", "sitio": "VIA PUBLICA", "x": -76.51872253418, "y": 3.45114302635, "anio": 2024, "mes": "enero", "dia": 11, "dia_semana": 5, "hora_hecho": "21:30", "barrio": "BARRIO OBRERO", "estrato": 2, "geom": "0101000020E6100000000000C0322153C0000000E0F09B0B40", "fecha_hech": "2024-01-11 00:00:00", "Id": 0, "area": 136572.15568900001 }, "geometry": { "type": "Point", "coordinates": [ -76.51872253418, 3.45114302635 ] } },
{ "type": "Feature", "properties": { "dinamica": "HURTO", "titulo": "DELITOS CONTRA EL PATRIMONIO ECONOMICO", "capitulo": "DEL HURTO", "articulo": "HURTO. ART. 239 C.P.", "grado_deli": "AGRAVADO", "tipo_notic": "DENUNCIA", "caracteriz": "HURTO A PERSONAS", "modalidad": "COSQUILLEO", "modo": null, "motivo": null, "pais": "COLOMBIA", "dane_dep": 76, "departamen": "VALLE DEL CAUCA", "dane_mpio": 76001, "municipio": "CALI", "cod_comuna": 9.0, "comuna": "Comuna 9", "cod_barrio": 910.0, "nom_barrio": "Barrio Obrero", "direccion": "76001 CARRERA 10 22 82", "sitio": "TRANSPORTE MASIVO", "x": -76.52123260498, "y": 3.44946408272, "anio": 2024, "mes": "enero", "dia": 15, "dia_semana": 2, "hora_hecho": "17:31", "barrio": "BARRIO OBRERO", "estrato": 2, "geom": "0101000020E6100000000000E05B2153C0000000A080980B40", "fecha_hech": "2024-01-15 00:00:00", "Id": 0, "area": 136572.15568900001 }, "geometry": { "type": "Point", "coordinates": [ -76.52123260498, 3.44946408272 ] } },
{ "type": "Feature", "properties": { "dinamica": "HURTO", "titulo": "DELITOS CONTRA EL PATRIMONIO ECONOMICO", "capitulo": "DEL HURTO", "articulo": "HURTO. ART. 239 C.P.", "grado_deli": "NINGUNO", "tipo_notic": "DENUNCIA", "caracteriz": "HURTO A PERSONAS", "modalidad": "FACTOR DE OPORTUNIDAD", "modo": null, "motivo": null, "pais": "COLOMBIA", "dane_dep": 76, "departamen": "VALLE DEL CAUCA", "dane_mpio": 76001, "municipio": "CALI", "cod_comuna": 9.0, "comuna": "Comuna 9", "cod_barrio": 910.0, "nom_barrio": "Barrio Obrero", "direccion": "76001 CALLE 22 CON CARRERA 11B, BARRIO OBRERO, COMUNA 9, CALI, VALLE DEL CAUCA", "sitio": "OTRO", "x": -76.521522521969999, "y": 3.44783997536, "anio": 2024, "mes": "enero", "dia": 16, "dia_semana": 3, "hora_hecho": "17:00", "barrio": "BARRIO OBRERO", "estrato": 2, "geom": "0101000020E6100000000000A0602153C0000000202D950B40", "fecha_hech": "2024-01-16 00:00:00", "Id": 0, "area": 136572.15568900001 }, "geometry": { "type": "Point", "coordinates": [ -76.521522521969999, 3.44783997536 ] } },
{ "type": "Feature", "properties": { "dinamica": "HURTO", "titulo": "DELITOS CONTRA EL PATRIMONIO ECONOMICO", "capitulo": "DEL HURTO", "articulo": "HURTO. ART. 239 C.P.", "grado_deli": "NINGUNO", "tipo_notic": "QUERELLA", "caracteriz": "HURTO A PERSONAS", "modalidad": "FACTOR DE OPORTUNIDAD", "modo": null, "motivo": null, "pais": "COLOMBIA", "dane_dep": 76, "departamen": "VALLE DEL CAUCA", "dane_mpio": 76001, "municipio": "CALI", "cod_comuna": 9.0, "comuna": "Comuna 9", "cod_barrio": 910.0, "nom_barrio": "Barrio Obrero", "direccion": "76001 Carrera 11B con Calle 22, Barrio Obrero, Comuna 9, Cali, Valle del Cauca, COL,BARRIO OBRERO", "sitio": "SIN INFORMACION", "x": -76.521522521969999, "y": 3.44783997536, "anio": 2024, "mes": "enero", "dia": 17, "dia_semana": 4, "hora_hecho": "00:00", "barrio": "BARRIO OBRERO", "estrato": 2, "geom": "0101000020E6100000000000A0602153C0000000202D950B40", "fecha_hech": "2024-01-17 00:00:00", "Id": 0, "area": 136572.15568900001 }, "geometry": { "type": "Point", "coordinates": [ -76.521522521969999, 3.44783997536 ] } },
{ "type": "Feature", "properties": { "dinamica": "HURTO", "titulo": "DELITOS CONTRA EL PATRIMONIO ECONOMICO", "capitulo": "DEL HURTO", "articulo": "HURTO. ART. 239 C.P.", "grado_deli": "NINGUNO", "tipo_notic": "DENUNCIA", "caracteriz": "HURTO A PERSONAS", "modalidad": "FACTOR DE OPORTUNIDAD", "modo": null, "motivo": null, "pais": "COLOMBIA", "dane_dep": 76, "departamen": "VALLE DEL CAUCA", "dane_mpio": 76001, "municipio": "CALI", "cod_comuna": 9.0, "comuna": "Comuna 9", "cod_barrio": 910.0, "nom_barrio": "Barrio Obrero", "direccion": "76001 Carrera 15 22a 49, Santiago De Cali, Cali, Valle Del Cauca, COL,BARRIO OBRERO", "sitio": "SIN INFORMACION", "x": -76.519561767580001, "y": 3.4450030326799999, "anio": 2024, "mes": "enero", "dia": 23, "dia_semana": 3, "hora_hecho": "10:00", "barrio": "BARRIO OBRERO", "estrato": 2, "geom": "0101000020E610000000000080402153C0000000C05D8F0B40", "fecha_hech": "2024-01-23 00:00:00", "Id": 0, "area": 136572.15568900001 }, "geometry": { "type": "Point", "coordinates": [ -76.519561767580001, 3.44500303268 ] } },
{ "type": "Feature", "properties": { "dinamica": "HURTO", "titulo": "DELITOS CONTRA EL PATRIMONIO ECONOMICO", "capitulo": "DEL HURTO", "articulo": "HURTO CALIFICADO. ART. 240 C.P.", "grado_deli": "NINGUNO", "tipo_notic": "DENUNCIA", "caracteriz": "HURTO A PERSONAS", "modalidad": "RAPONAZO", "modo": null, "motivo": null, "pais": "COLOMBIA", "dane_dep": 76, "departamen": "VALLE DEL CAUCA", "dane_mpio": 76001, "municipio": "CALI", "cod_comuna": 9.0, "comuna": "Comuna 9", "cod_barrio": 910.0, "nom_barrio": "Barrio Obrero", "direccion": "76001 Carrera 8 con Calle 24, San Nicolás, Comuna 3, Cali, Valle del Cauca, COL,BARRIO OBRERO", "sitio": "SIN INFORMACION", "x": -76.51992034912, "y": 3.45264005661, "anio": 2024, "mes": "enero", "dia": 25, "dia_semana": 5, "hora_hecho": "11:00", "barrio": "BARRIO OBRERO", "estrato": 2, "geom": "0101000020E610000000000060462153C0000000C0019F0B40", "fecha_hech": "2024-01-25 00:00:00", "Id": 0, "area": 136572.15568900001 }, "geometry": { "type": "Point", "coordinates": [ -76.51992034912, 3.45264005661 ] } },
{ "type": "Feature", "properties": { "dinamica": "HURTO", "titulo": "DELITOS CONTRA EL PATRIMONIO ECONOMICO", "capitulo": "DEL HURTO", "articulo": "HURTO CALIFICADO. ART. 240 C.P.", "grado_deli": "NINGUNO", "tipo_notic": "DENUNCIA", "caracteriz": "HURTO DE VEHICULOS", "modalidad": "ATRACO", "modo": "ARMA DE FUEGO", "motivo": null, "pais": "COLOMBIA", "dane_dep": 76, "departamen": "VALLE DEL CAUCA", "dane_mpio": 76001, "municipio": "CALI", "cod_comuna": 9.0, "comuna": "Comuna 9", "cod_barrio": 910.0, "nom_barrio": "Barrio Obrero", "direccion": "76001 Barrio Obrero, Comuna 9, Cali, Valle del Cauca, COL,BARRIO OBRERO", "sitio": "SIN INFORMACION", "x": -76.520286560060001, "y": 3.4481201171899998, "anio": 2024, "mes": "enero", "dia": 26, "dia_semana": 6, "hora_hecho": "01:30", "barrio": "BARRIO OBRERO", "estrato": 2, "geom": "0101000020E6100000000000604C2153C000000000C0950B40", "fecha_hech": "2024-01-26 00:00:00", "Id": 0, "area": 136572.15568900001 }, "geometry": { "type": "Point", "coordinates": [ -76.520286560060001, 3.44812011719 ] } },
{ "type": "Feature", "properties": { "dinamica": "HURTO", "titulo": "DELITOS CONTRA EL PATRIMONIO ECONOMICO", "capitulo": "DEL HURTO", "articulo": "HURTO CALIFICADO. ART. 240 C.P.", "grado_deli": "NINGUNO", "tipo_notic": "DENUNCIA", "caracteriz": "HURTO DE AUTOPARTES", "modalidad": "RAPONAZO", "modo": null, "motivo": null, "pais": "COLOMBIA", "dane_dep": 76, "departamen": "VALLE DEL CAUCA", "dane_mpio": 76001, "municipio": "CALI", "cod_comuna": 9.0, "comuna": "Comuna 9", "cod_barrio": 910.0, "nom_barrio": "Barrio Obrero", "direccion": "76001 CARRERA 10 23 34, BARRIO OBRERO, COMUNA 9, CALI, VALLE DEL CAUCA", "sitio": "VIA PUBLICA", "x": -76.5199508667, "y": 3.44982600212, "anio": 2024, "mes": "enero", "dia": 26, "dia_semana": 6, "hora_hecho": "02:30", "barrio": "BARRIO OBRERO", "estrato": 2, "geom": "0101000020E6100000000000E0462153C0000000603E990B40", "fecha_hech": "2024-01-26 00:00:00", "Id": 0, "area": 136572.15568900001 }, "geometry": { "type": "Point", "coordinates": [ -76.5199508667, 3.44982600212 ] } },
{ "type": "Feature", "properties": { "dinamica": "HURTO", "titulo": "DELITOS CONTRA EL PATRIMONIO ECONOMICO", "capitulo": "DEL HURTO", "articulo": "HURTO CALIFICADO. ART. 240 C.P.", "grado_deli": "NINGUNO", "tipo_notic": "DENUNCIA", "caracteriz": "HURTO A RESIDENCIA", "modalidad": "VIOLACION DE CERRADURA", "modo": null, "motivo": null, "pais": "COLOMBIA", "dane_dep": 76, "departamen": "VALLE DEL CAUCA", "dane_mpio": 76001, "municipio": "CALI", "cod_comuna": 9.0, "comuna": "Comuna 9", "cod_barrio": 910.0, "nom_barrio": "Barrio Obrero", "direccion": "76001 CARRERA 11B CON CALLE 22, BARRIO OBRERO, COMUNA 9, CALI, VALLE DEL CAUCA", "sitio": "DOMICILIO", "x": -76.521522521969999, "y": 3.44783997536, "anio": 2024, "mes": "enero", "dia": 26, "dia_semana": 6, "hora_hecho": "11:04", "barrio": "BARRIO OBRERO", "estrato": 2, "geom": "0101000020E6100000000000A0602153C0000000202D950B40", "fecha_hech": "2024-01-26 00:00:00", "Id": 0, "area": 136572.15568900001 }, "geometry": { "type": "Point", "coordinates": [ -76.521522521969999, 3.44783997536 ] } },
{ "type": "Feature", "properties": { "dinamica": "HURTO", "titulo": "DELITOS CONTRA EL PATRIMONIO ECONOMICO", "capitulo": "DEL HURTO", "articulo": "HURTO CALIFICADO. ART. 240 C.P.", "grado_deli": "AGRAVADO", "tipo_notic": "DENUNCIA", "caracteriz": "HURTO A PERSONAS", "modalidad": "ATRACO", "modo": "SIN ARMA", "motivo": null, "pais": "COLOMBIA", "dane_dep": 76, "departamen": "VALLE DEL CAUCA", "dane_mpio": 76001, "municipio": "CALI", "cod_comuna": 9.0, "comuna": "Comuna 9", "cod_barrio": 910.0, "nom_barrio": "Barrio Obrero", "direccion": "76001 Carrera 8 23, San Nicolás, Comuna 3, Cali, Valle del Cauca, COL,BARRIO OBRERO", "sitio": "SIN INFORMACION", "x": -76.520362853999998, "y": 3.4525299072300002, "anio": 2024, "mes": "enero", "dia": 28, "dia_semana": 1, "hora_hecho": "01:05", "barrio": "BARRIO OBRERO", "estrato": 2, "geom": "0101000020E6100000000000A04D2153C000000000C89E0B40", "fecha_hech": "2024-01-28 00:00:00", "Id": 0, "area": 136572.15568900001 }, "geometry": { "type": "Point", "coordinates": [ -76.520362854, 3.45252990723 ] } },
{ "type": "Feature", "properties": { "dinamica": "HURTO", "titulo": "DELITOS CONTRA EL PATRIMONIO ECONOMICO", "capitulo": "DEL HURTO", "articulo": "HURTO CALIFICADO. ART. 240 C.P.", "grado_deli": "NINGUNO", "tipo_notic": "DENUNCIA", "caracteriz": "HURTO A PERSONAS", "modalidad": "RAPONAZO", "modo": null, "motivo": null, "pais": "COLOMBIA", "dane_dep": 76, "departamen": "VALLE DEL CAUCA", "dane_mpio": 76001, "municipio": "CALI", "cod_comuna": 9.0, "comuna": "Comuna 9", "cod_barrio": 910.0, "nom_barrio": "Barrio Obrero", "direccion": "76001 Obrero, Cali, El Valle, COL,BARRIO OBRERO", "sitio": "SIN INFORMACION", "x": -76.520362853999998, "y": 3.44901990891, "anio": 2024, "mes": "febrero", "dia": 7, "dia_semana": 4, "hora_hecho": "14:30", "barrio": "BARRIO OBRERO", "estrato": 2, "geom": "0101000020E6100000000000A04D2153C0000000C097970B40", "fecha_hech": "2024-02-07 00:00:00", "Id": 0, "area": 136572.15568900001 }, "geometry": { "type": "Point", "coordinates": [ -76.520362854, 3.44901990891 ] } },
{ "type": "Feature", "properties": { "dinamica": "HURTO", "titulo": "DELITOS CONTRA EL PATRIMONIO ECONOMICO", "capitulo": "DEL HURTO", "articulo": "HURTO CALIFICADO. ART. 240 C.P.", "grado_deli": "AGRAVADO", "tipo_notic": "DENUNCIA", "caracteriz": "HURTO A CELULARES", "modalidad": "ATRACO", "modo": "ARMA DE FUEGO", "motivo": "SIN DETERMINAR", "pais": "COLOMBIA", "dane_dep": 76, "departamen": "VALLE DEL CAUCA", "dane_mpio": 76001, "municipio": "CALI", "cod_comuna": 9.0, "comuna": "Comuna 9", "cod_barrio": 910.0, "nom_barrio": "Barrio Obrero", "direccion": "76001 CARRERA 13A 23 23, BARRIO OBRERO, COMUNA 9, CALI, VALLE DEL CAUCA", "sitio": "OTRO", "x": -76.51921081543, "y": 3.4457950592, "anio": 2024, "mes": "febrero", "dia": 8, "dia_semana": 5, "hora_hecho": "16:20", "barrio": "BARRIO OBRERO", "estrato": 2, "geom": "0101000020E6100000000000C03A2153C000000000FD900B40", "fecha_hech": "2024-02-08 00:00:00", "Id": 0, "area": 136572.15568900001 }, "geometry": { "type": "Point", "coordinates": [ -76.51921081543, 3.4457950592 ] } },
{ "type": "Feature", "properties": { "dinamica": "HURTO", "titulo": "DELITOS CONTRA EL PATRIMONIO ECONOMICO", "capitulo": "DEL HURTO", "articulo": "HURTO CALIFICADO. ART. 240 C.P.", "grado_deli": "NINGUNO", "tipo_notic": "DENUNCIA", "caracteriz": "HURTO A ESTABLECIMIENTOS", "modalidad": "FACTOR DE OPORTUNIDAD", "modo": null, "motivo": null, "pais": "COLOMBIA", "dane_dep": 76, "departamen": "VALLE DEL CAUCA", "dane_mpio": 76001, "municipio": "CALI", "cod_comuna": 9.0, "comuna": "Comuna 9", "cod_barrio": 910.0, "nom_barrio": "Barrio Obrero", "direccion": "76001 Calle 23 11B 47, Barrio Obrero, Comuna 9, Cali, Valle del Cauca, COL,BARRIO OBRERO", "sitio": "SIN INFORMACION", "x": -76.519737243649999, "y": 3.4478549957300002, "anio": 2024, "mes": "febrero", "dia": 15, "dia_semana": 5, "hora_hecho": "05:04", "barrio": "BARRIO OBRERO", "estrato": 2, "geom": "0101000020E610000000000060432153C00000000035950B40", "fecha_hech": "2024-02-15 00:00:00", "Id": 0, "area": 136572.15568900001 }, "geometry": { "type": "Point", "coordinates": [ -76.519737243649999, 3.44785499573 ] } },
{ "type": "Feature", "properties": { "dinamica": "HURTO", "titulo": "DELITOS CONTRA EL PATRIMONIO ECONOMICO", "capitulo": "DEL HURTO", "articulo": "HURTO CALIFICADO. ART. 240 C.P.", "grado_deli": "NINGUNO", "tipo_notic": "DENUNCIA", "caracteriz": "HURTO A PERSONAS", "modalidad": "ATRACO", "modo": "ARMA DE FUEGO", "motivo": null, "pais": "COLOMBIA", "dane_dep": 76, "departamen": "VALLE DEL CAUCA", "dane_mpio": 76001, "municipio": "CALI", "cod_comuna": 9.0, "comuna": "Comuna 9", "cod_barrio": 910.0, "nom_barrio": "Barrio Obrero", "direccion": "76001 Barrio Obrero, Cali, Valle del Cauca, COL,BARRIO OBRERO", "sitio": "SIN INFORMACION", "x": -76.520530700679998, "y": 3.4482779502900001, "anio": 2024, "mes": "febrero", "dia": 16, "dia_semana": 6, "hora_hecho": "18:30", "barrio": "BARRIO OBRERO", "estrato": 2, "geom": "0101000020E610000000000060502153C0000000C012960B40", "fecha_hech": "2024-02-16 00:00:00", "Id": 0, "area": 136572.15568900001 }, "geometry": { "type": "Point", "coordinates": [ -76.520530700679998, 3.44827795029 ] } },
{ "type": "Feature", "properties": { "dinamica": "HURTO", "titulo": "DELITOS CONTRA EL PATRIMONIO ECONOMICO", "capitulo": "DEL HURTO", "articulo": "HURTO CALIFICADO. ART. 240 C.P.", "grado_deli": "NINGUNO", "tipo_notic": "DENUNCIA", "caracteriz": "HURTO A CELULARES", "modalidad": "ATRACO", "modo": "ARMA DE FUEGO", "motivo": "SIN DETERMINAR", "pais": "COLOMBIA", "dane_dep": 76, "departamen": "VALLE DEL CAUCA", "dane_mpio": 76001, "municipio": "CALI", "cod_comuna": 9.0, "comuna": "Comuna 9", "cod_barrio": 910.0, "nom_barrio": "Barrio Obrero", "direccion": "76001 CARRERA 10, BARRIO OBRERO, COMUNA 9, CALI, VALLE DEL CAUCA", "sitio": "VIA PUBLICA", "x": -76.518951416020002, "y": 3.4501349925999998, "anio": 2024, "mes": "febrero", "dia": 18, "dia_semana": 1, "hora_hecho": "20:00", "barrio": "BARRIO OBRERO", "estrato": 2, "geom": "0101000020E610000000000080362153C000000060E0990B40", "fecha_hech": "2024-02-18 00:00:00", "Id": 0, "area": 136572.15568900001 }, "geometry": { "type": "Point", "coordinates": [ -76.518951416020002, 3.4501349926 ] } },
{ "type": "Feature", "properties": { "dinamica": "HURTO", "titulo": "DELITOS CONTRA EL PATRIMONIO ECONOMICO", "capitulo": "DEL HURTO", "articulo": "HURTO CALIFICADO. ART. 240 C.P.", "grado_deli": "NINGUNO", "tipo_notic": "DENUNCIA", "caracteriz": "HURTO A PERSONAS", "modalidad": "RAPONAZO", "modo": null, "motivo": null, "pais": "COLOMBIA", "dane_dep": 76, "departamen": "VALLE DEL CAUCA", "dane_mpio": 76001, "municipio": "CALI", "cod_comuna": 9.0, "comuna": "Comuna 9", "cod_barrio": 909.0, "nom_barrio": "Sucre", "direccion": "76001 CARRERA 15 21 2", "sitio": "VIA PUBLICA", "x": -76.521301269529999, "y": 3.4440350532499999, "anio": 2024, "mes": "febrero", "dia": 19, "dia_semana": 2, "hora_hecho": "01:23", "barrio": "BARRIO OBRERO", "estrato": 1, "geom": "0101000020E6100000000000005D2153C000000040628D0B40", "fecha_hech": "2024-02-19 00:00:00", "Id": 0, "area": 136572.15568900001 }, "geometry": { "type": "Point", "coordinates": [ -76.521301269529999, 3.44403505325 ] } },
{ "type": "Feature", "properties": { "dinamica": "HURTO", "titulo": "DELITOS CONTRA EL PATRIMONIO ECONOMICO", "capitulo": "DEL HURTO", "articulo": "HURTO CALIFICADO. ART. 240 C.P.", "grado_deli": "NINGUNO", "tipo_notic": "DENUNCIA", "caracteriz": "HURTO A PERSONAS", "modalidad": "ATRACO", "modo": "ARMA DE FUEGO", "motivo": null, "pais": "COLOMBIA", "dane_dep": 76, "departamen": "VALLE DEL CAUCA", "dane_mpio": 76001, "municipio": "CALI", "cod_comuna": 9.0, "comuna": "Comuna 9", "cod_barrio": 910.0, "nom_barrio": "Barrio Obrero", "direccion": "76001 BARRIO/LOCALIDAD/COMUNA:BARRIO OBRERO/COMUNA 9,CALI/VALLE DEL CAUCA,BARRIO OBRERO", "sitio": "SIN INFORMACION", "x": -76.519264221189999, "y": 3.4493379592900002, "anio": 2024, "mes": "febrero", "dia": 24, "dia_semana": 7, "hora_hecho": "14:33", "barrio": "BARRIO OBRERO", "estrato": 2, "geom": "0101000020E6100000000000A03B2153C0000000803E980B40", "fecha_hech": "2024-02-24 00:00:00", "Id": 0, "area": 136572.15568900001 }, "geometry": { "type": "Point", "coordinates": [ -76.519264221189999, 3.44933795929 ] } },
{ "type": "Feature", "properties": { "dinamica": "HURTO", "titulo": "DELITOS CONTRA EL PATRIMONIO ECONOMICO", "capitulo": "DEL HURTO", "articulo": "HURTO. ART. 239 C.P.", "grado_deli": "NINGUNO", "tipo_notic": "DENUNCIA", "caracteriz": "HURTO A PERSONAS", "modalidad": "FACTOR DE OPORTUNIDAD", "modo": null, "motivo": null, "pais": "COLOMBIA", "dane_dep": 76, "departamen": "VALLE DEL CAUCA", "dane_mpio": 76001, "municipio": "CALI", "cod_comuna": 9.0, "comuna": "Comuna 9", "cod_barrio": 910.0, "nom_barrio": "Barrio Obrero", "direccion": "76001 BARRIO/LOCALIDAD/COMUNA:BARRIO OBRERO/COMUNA 9,CALI/VALLE DEL CAUCA,BARRIO OBRERO", "sitio": "SIN INFORMACION", "x": -76.52011871338, "y": 3.4497220516199998, "anio": 2024, "mes": "febrero", "dia": 25, "dia_semana": 1, "hora_hecho": "10:53", "barrio": "BARRIO OBRERO", "estrato": 2, "geom": "0101000020E6100000000000A0492153C0000000E007990B40", "fecha_hech": "2024-02-25 00:00:00", "Id": 0, "area": 136572.15568900001 }, "geometry": { "type": "Point", "coordinates": [ -76.52011871338, 3.44972205162 ] } },
{ "type": "Feature", "properties": { "dinamica": "HURTO", "titulo": "DELITOS CONTRA EL PATRIMONIO ECONOMICO", "capitulo": "DEL HURTO", "articulo": "HURTO. ART. 239 C.P.", "grado_deli": "NINGUNO", "tipo_notic": "QUERELLA", "caracteriz": "HURTO A PERSONAS", "modalidad": "FACTOR DE OPORTUNIDAD", "modo": null, "motivo": null, "pais": "COLOMBIA", "dane_dep": 76, "departamen": "VALLE DEL CAUCA", "dane_mpio": 76001, "municipio": "CALI", "cod_comuna": 9.0, "comuna": "Comuna 9", "cod_barrio": 910.0, "nom_barrio": "Barrio Obrero", "direccion": "76001 Carrera 11, Barrio Obrero, Comuna 9, Cali, Valle del Cauca, COL,BARRIO OBRERO", "sitio": "SIN INFORMACION", "x": -76.520446777339998, "y": 3.44874691963, "anio": 2024, "mes": "febrero", "dia": 25, "dia_semana": 1, "hora_hecho": "11:00", "barrio": "BARRIO OBRERO", "estrato": 2, "geom": "0101000020E6100000000000004F2153C0000000A008970B40", "fecha_hech": "2024-02-25 00:00:00", "Id": 0, "area": 136572.15568900001 }, "geometry": { "type": "Point", "coordinates": [ -76.520446777339998, 3.44874691963 ] } },
{ "type": "Feature", "properties": { "dinamica": "HURTO", "titulo": "DELITOS CONTRA EL PATRIMONIO ECONOMICO", "capitulo": "DEL HURTO", "articulo": "HURTO CALIFICADO. ART. 240 C.P.", "grado_deli": "NINGUNO", "tipo_notic": "DENUNCIA", "caracteriz": "HURTO A PERSONAS", "modalidad": "ATRACO", "modo": "ARMA BLANCA", "motivo": null, "pais": "COLOMBIA", "dane_dep": 76, "departamen": "VALLE DEL CAUCA", "dane_mpio": 76001, "municipio": "CALI", "cod_comuna": 9.0, "comuna": "Comuna 9", "cod_barrio": 910.0, "nom_barrio": "Barrio Obrero", "direccion": "76001 CALLE 25 CON CARRERA 15, BELALCAZAR, COMUNA 8, CALI, VALLE DEL CAUCA", "sitio": "VIA PUBLICA", "x": -76.518669128420001, "y": 3.4449200630200001, "anio": 2024, "mes": "febrero", "dia": 27, "dia_semana": 3, "hora_hecho": "17:30", "barrio": "BARRIO OBRERO", "estrato": 2, "geom": "0101000020E6100000000000E0312153C000000040328F0B40", "fecha_hech": "2024-02-27 00:00:00", "Id": 0, "area": 136572.15568900001 }, "geometry": { "type": "Point", "coordinates": [ -76.518669128420001, 3.44492006302 ] } },
{ "type": "Feature", "properties": { "dinamica": "HURTO", "titulo": "DELITOS CONTRA EL PATRIMONIO ECONOMICO", "capitulo": "DEL HURTO", "articulo": "HURTO. ART. 239 C.P.", "grado_deli": "NINGUNO", "tipo_notic": "DENUNCIA", "caracteriz": "HURTO A PERSONAS", "modalidad": "COSQUILLEO", "modo": null, "motivo": null, "pais": "COLOMBIA", "dane_dep": 76, "departamen": "VALLE DEL CAUCA", "dane_mpio": 76001, "municipio": "CALI", "cod_comuna": 9.0, "comuna": "Comuna 9", "cod_barrio": 910.0, "nom_barrio": "Barrio Obrero", "direccion": "76001 Calle 23 30-2, Barrio Obrero, Cali, Valle del Cauca, COL,BARRIO OBRERO", "sitio": "SIN INFORMACION", "x": -76.519508361820002, "y": 3.4465880394, "anio": 2024, "mes": "febrero", "dia": 29, "dia_semana": 5, "hora_hecho": "16:00", "barrio": "BARRIO OBRERO", "estrato": 2, "geom": "0101000020E6100000000000A03F2153C0000000C09C920B40", "fecha_hech": "2024-02-29 00:00:00", "Id": 0, "area": 136572.15568900001 }, "geometry": { "type": "Point", "coordinates": [ -76.519508361820002, 3.4465880394 ] } },
{ "type": "Feature", "properties": { "dinamica": "HURTO", "titulo": "DELITOS CONTRA EL PATRIMONIO ECONOMICO", "capitulo": "DEL HURTO", "articulo": "HURTO. ART. 239 C.P.", "grado_deli": "NINGUNO", "tipo_notic": "QUERELLA", "caracteriz": "HURTO A PERSONAS", "modalidad": "FACTOR DE OPORTUNIDAD", "modo": null, "motivo": null, "pais": "COLOMBIA", "dane_dep": 76, "departamen": "VALLE DEL CAUCA", "dane_mpio": 76001, "municipio": "CALI", "cod_comuna": 9.0, "comuna": "Comuna 9", "cod_barrio": 910.0, "nom_barrio": "Barrio Obrero", "direccion": "76001 Carrera 11, Barrio Obrero, Comuna 9, Cali, Valle del Cauca, COL,BARRIO OBRERO", "sitio": "SIN INFORMACION", "x": -76.520614624019998, "y": 3.4488010406499998, "anio": 2024, "mes": "marzo", "dia": 2, "dia_semana": 7, "hora_hecho": "05:24", "barrio": "BARRIO OBRERO", "estrato": 2, "geom": "0101000020E6100000000000C0512153C00000000025970B40", "fecha_hech": "2024-03-02 00:00:00", "Id": 0, "area": 136572.15568900001 }, "geometry": { "type": "Point", "coordinates": [ -76.520614624019998, 3.44880104065 ] } },
{ "type": "Feature", "properties": { "dinamica": "HURTO", "titulo": "DELITOS CONTRA EL PATRIMONIO ECONOMICO", "capitulo": "DEL HURTO", "articulo": "HURTO CALIFICADO. ART. 240 C.P.", "grado_deli": "NINGUNO", "tipo_notic": "DENUNCIA", "caracteriz": "HURTO DE VEHICULOS", "modalidad": "HALADO", "modo": null, "motivo": null, "pais": "COLOMBIA", "dane_dep": 76, "departamen": "VALLE DEL CAUCA", "dane_mpio": 76001, "municipio": "CALI", "cod_comuna": 9.0, "comuna": "Comuna 9", "cod_barrio": 910.0, "nom_barrio": "Barrio Obrero", "direccion": "76001 CARRERA 9 24 149", "sitio": "VIA PUBLICA", "x": -76.518775939939999, "y": 3.4511139392899999, "anio": 2024, "mes": "marzo", "dia": 4, "dia_semana": 2, "hora_hecho": "00:00", "barrio": "BARRIO OBRERO", "estrato": 2, "geom": "0101000020E6100000000000A0332153C0000000A0E19B0B40", "fecha_hech": "2024-03-04 00:00:00", "Id": 0, "area": 136572.15568900001 }, "geometry": { "type": "Point", "coordinates": [ -76.518775939939999, 3.45111393929 ] } },
{ "type": "Feature", "properties": { "dinamica": "HURTO", "titulo": "DELITOS CONTRA EL PATRIMONIO ECONOMICO", "capitulo": "DEL HURTO", "articulo": "HURTO CALIFICADO. ART. 240 C.P.", "grado_deli": "NINGUNO", "tipo_notic": "DENUNCIA", "caracteriz": "HURTO A PERSONAS", "modalidad": "RAPONAZO", "modo": null, "motivo": null, "pais": "COLOMBIA", "dane_dep": 76, "departamen": "VALLE DEL CAUCA", "dane_mpio": 76001, "municipio": "CALI", "cod_comuna": 9.0, "comuna": "Comuna 9", "cod_barrio": 910.0, "nom_barrio": "Barrio Obrero", "direccion": "76001 CARRERA 15 22A 58", "sitio": "VIA PUBLICA", "x": -76.519088745120001, "y": 3.44475507736, "anio": 2024, "mes": "marzo", "dia": 5, "dia_semana": 3, "hora_hecho": "13:00", "barrio": "BARRIO OBRERO", "estrato": 2, "geom": "0101000020E6100000000000C0382153C0000000C0DB8E0B40", "fecha_hech": "2024-03-05 00:00:00", "Id": 0, "area": 136572.15568900001 }, "geometry": { "type": "Point", "coordinates": [ -76.519088745120001, 3.44475507736 ] } },
{ "type": "Feature", "properties": { "dinamica": "HURTO", "titulo": "DELITOS CONTRA EL PATRIMONIO ECONOMICO", "capitulo": "DEL HURTO", "articulo": "HURTO CALIFICADO. ART. 240 C.P.", "grado_deli": "NINGUNO", "tipo_notic": "DENUNCIA", "caracteriz": "HURTO A PERSONAS", "modalidad": "ATRACO", "modo": "ARMA BLANCA", "motivo": null, "pais": "COLOMBIA", "dane_dep": 76, "departamen": "VALLE DEL CAUCA", "dane_mpio": 76001, "municipio": "CALI", "cod_comuna": 9.0, "comuna": "Comuna 9", "cod_barrio": 910.0, "nom_barrio": "Barrio Obrero", "direccion": "76001 BARRIO/LOCALIDAD/COMUNA:BARRIO OBRERO/COMUNA 9,CALI/VALLE DEL CAUCA,BARRIO OBRERO", "sitio": "SIN INFORMACION", "x": -76.519416809079999, "y": 3.4487240314499998, "anio": 2024, "mes": "marzo", "dia": 6, "dia_semana": 4, "hora_hecho": "11:12", "barrio": "BARRIO OBRERO", "estrato": 2, "geom": "0101000020E6100000000000203E2153C0000000A0FC960B40", "fecha_hech": "2024-03-06 00:00:00", "Id": 0, "area": 136572.15568900001 }, "geometry": { "type": "Point", "coordinates": [ -76.519416809079999, 3.44872403145 ] } },
{ "type": "Feature", "properties": { "dinamica": "HURTO", "titulo": "DELITOS CONTRA EL PATRIMONIO ECONOMICO", "capitulo": "DEL HURTO", "articulo": "HURTO. ART. 239 C.P.", "grado_deli": "NINGUNO", "tipo_notic": "QUERELLA", "caracteriz": "HURTO A CELULARES", "modalidad": "FACTOR DE OPORTUNIDAD", "modo": null, "motivo": null, "pais": "COLOMBIA", "dane_dep": 76, "departamen": "VALLE DEL CAUCA", "dane_mpio": 76001, "municipio": "CALI", "cod_comuna": 9.0, "comuna": "Comuna 9", "cod_barrio": 910.0, "nom_barrio": "Barrio Obrero", "direccion": "76001 Hotel Sensación, Carrera 10, Barrio Obrero, Cali, Valle del Cauca, COL,BARRIO OBRERO", "sitio": "SIN INFORMACION", "x": -76.520011901860002, "y": 3.4500629901900002, "anio": 2024, "mes": "marzo", "dia": 8, "dia_semana": 6, "hora_hecho": "21:57", "barrio": "BARRIO OBRERO", "estrato": 2, "geom": "0101000020E6100000000000E0472153C0000000A0BA990B40", "fecha_hech": "2024-03-08 00:00:00", "Id": 0, "area": 136572.15568900001 }, "geometry": { "type": "Point", "coordinates": [ -76.520011901860002, 3.45006299019 ] } },
{ "type": "Feature", "properties": { "dinamica": "HURTO", "titulo": "DELITOS CONTRA EL PATRIMONIO ECONOMICO", "capitulo": "DEL HURTO", "articulo": "HURTO CALIFICADO. ART. 240 C.P.", "grado_deli": "NINGUNO", "tipo_notic": "DENUNCIA", "caracteriz": "HURTO A PERSONAS", "modalidad": "ATRACO", "modo": "ARMA DE FUEGO", "motivo": null, "pais": "COLOMBIA", "dane_dep": 76, "departamen": "VALLE DEL CAUCA", "dane_mpio": 76001, "municipio": "CALI", "cod_comuna": 9.0, "comuna": "Comuna 9", "cod_barrio": 910.0, "nom_barrio": "Barrio Obrero", "direccion": "76001 CALLE 23 7-34, BARRIO OBRERO, CALI, VALLE DEL CAUCA, COL,BARRIO OBRERO", "sitio": "VIA PUBLICA", "x": -76.519508361820002, "y": 3.4465880394, "anio": 2024, "mes": "marzo", "dia": 13, "dia_semana": 4, "hora_hecho": "14:30", "barrio": "BARRIO OBRERO", "estrato": 2, "geom": "0101000020E6100000000000A03F2153C0000000C09C920B40", "fecha_hech": "2024-03-13 00:00:00", "Id": 0, "area": 136572.15568900001 }, "geometry": { "type": "Point", "coordinates": [ -76.519508361820002, 3.4465880394 ] } },
{ "type": "Feature", "properties": { "dinamica": "HURTO", "titulo": "DELITOS CONTRA EL PATRIMONIO ECONOMICO", "capitulo": "DEL HURTO", "articulo": "HURTO CALIFICADO. ART. 240 C.P.", "grado_deli": "AGRAVADO", "tipo_notic": "DENUNCIA", "caracteriz": "HURTO DE VEHICULOS", "modalidad": "HALADO", "modo": null, "motivo": null, "pais": "COLOMBIA", "dane_dep": 76, "departamen": "VALLE DEL CAUCA", "dane_mpio": 76001, "municipio": "CALI", "cod_comuna": 9.0, "comuna": "Comuna 9", "cod_barrio": 910.0, "nom_barrio": "Barrio Obrero", "direccion": "76001 CARRERA 10 CON CALLE 23, BARRIO OBRERO, COMUNA 9, CALI, VALLE DEL CAUCA", "sitio": "VIA PUBLICA", "x": -76.520278930659998, "y": 3.4498000145000001, "anio": 2024, "mes": "marzo", "dia": 20, "dia_semana": 4, "hora_hecho": "00:00", "barrio": "BARRIO OBRERO", "estrato": 2, "geom": "0101000020E6100000000000404C2153C0000000C030990B40", "fecha_hech": "2024-03-20 00:00:00", "Id": 0, "area": 136572.15568900001 }, "geometry": { "type": "Point", "coordinates": [ -76.520278930659998, 3.4498000145 ] } },
{ "type": "Feature", "properties": { "dinamica": "HURTO", "titulo": "DELITOS CONTRA EL PATRIMONIO ECONOMICO", "capitulo": "DEL HURTO", "articulo": "HURTO. ART. 239 C.P.", "grado_deli": "NINGUNO", "tipo_notic": "DENUNCIA", "caracteriz": "HURTO A PERSONAS", "modalidad": "ATRACO", "modo": "SIN ARMA", "motivo": null, "pais": "COLOMBIA", "dane_dep": 76, "departamen": "VALLE DEL CAUCA", "dane_mpio": 76001, "municipio": "CALI", "cod_comuna": 9.0, "comuna": "Comuna 9", "cod_barrio": 910.0, "nom_barrio": "Barrio Obrero", "direccion": "76001 CALLE 22A 11-5, BARRIO OBRERO, CALI, VALLE DEL CAUCA", "sitio": "VIA PUBLICA", "x": -76.520820617680002, "y": 3.4487841129299999, "anio": 2024, "mes": "marzo", "dia": 21, "dia_semana": 5, "hora_hecho": "23:23", "barrio": "BARRIO OBRERO", "estrato": 2, "geom": "0101000020E610000000000020552153C0000000201C970B40", "fecha_hech": "2024-03-21 00:00:00", "Id": 0, "area": 136572.15568900001 }, "geometry": { "type": "Point", "coordinates": [ -76.520820617680002, 3.44878411293 ] } },
{ "type": "Feature", "properties": { "dinamica": "HURTO", "titulo": "DELITOS CONTRA EL PATRIMONIO ECONOMICO", "capitulo": "DEL HURTO", "articulo": "HURTO CALIFICADO. ART. 240 C.P.", "grado_deli": "AGRAVADO", "tipo_notic": "DENUNCIA", "caracteriz": "HURTO A PERSONAS", "modalidad": "ATRACO", "modo": "SIN ARMA", "motivo": null, "pais": "COLOMBIA", "dane_dep": 76, "departamen": "VALLE DEL CAUCA", "dane_mpio": 76001, "municipio": "CALI", "cod_comuna": 9.0, "comuna": "Comuna 9", "cod_barrio": 910.0, "nom_barrio": "Barrio Obrero", "direccion": "76001 CARRERA 15 9, BARRIO OBRERO, CALI, VALLE DEL CAUCA, COL,BARRIO OBRERO", "sitio": "VIA PUBLICA", "x": -76.519638061519998, "y": 3.4446399211899998, "anio": 2024, "mes": "marzo", "dia": 23, "dia_semana": 7, "hora_hecho": "07:00", "barrio": "BARRIO OBRERO", "estrato": 2, "geom": "0101000020E6100000000000C0412153C0000000609F8E0B40", "fecha_hech": "2024-03-23 00:00:00", "Id": 0, "area": 136572.15568900001 }, "geometry": { "type": "Point", "coordinates": [ -76.519638061519998, 3.44463992119 ] } },
{ "type": "Feature", "properties": { "dinamica": "HURTO", "titulo": "DELITOS CONTRA EL PATRIMONIO ECONOMICO", "capitulo": "DEL HURTO", "articulo": "HURTO CALIFICADO. ART. 240 C.P.", "grado_deli": "AGRAVADO", "tipo_notic": "DENUNCIA", "caracteriz": "HURTO A PERSONAS", "modalidad": "ATRACO", "modo": "ARMA DE FUEGO", "motivo": null, "pais": "COLOMBIA", "dane_dep": 76, "departamen": "VALLE DEL CAUCA", "dane_mpio": 76001, "municipio": "CALI", "cod_comuna": 9.0, "comuna": "Comuna 9", "cod_barrio": 910.0, "nom_barrio": "Barrio Obrero", "direccion": "76001 Calle 25 con Calle 23, Barrio Obrero, Cali, Valle del Cauca, COL,BARRIO OBRERO", "sitio": "SIN INFORMACION", "x": -76.518630981450002, "y": 3.4454989433300001, "anio": 2024, "mes": "marzo", "dia": 24, "dia_semana": 1, "hora_hecho": "01:00", "barrio": "BARRIO OBRERO", "estrato": 2, "geom": "0101000020E610000000000040312153C0000000C061900B40", "fecha_hech": "2024-03-24 00:00:00", "Id": 0, "area": 136572.15568900001 }, "geometry": { "type": "Point", "coordinates": [ -76.518630981450002, 3.44549894333 ] } },
{ "type": "Feature", "properties": { "dinamica": "HURTO", "titulo": "DELITOS CONTRA EL PATRIMONIO ECONOMICO", "capitulo": "DEL HURTO", "articulo": "HURTO CALIFICADO. ART. 240 C.P.", "grado_deli": "AGRAVADO", "tipo_notic": "DENUNCIA", "caracteriz": "HURTO A CELULARES", "modalidad": "ATRACO", "modo": "ARMA DE FUEGO", "motivo": "IBA HABLANDO", "pais": "COLOMBIA", "dane_dep": 76, "departamen": "VALLE DEL CAUCA", "dane_mpio": 76001, "municipio": "CALI", "cod_comuna": 9.0, "comuna": "Comuna 9", "cod_barrio": 910.0, "nom_barrio": "Barrio Obrero", "direccion": "76001 CARRERA 9 CON CALLE 24, BARRIO OBRERO, CALI, VALLE DEL CAUCA, COL,BARRIO OBRERO", "sitio": "VIA PUBLICA", "x": -76.519592285160002, "y": 3.4509301185600001, "anio": 2024, "mes": "marzo", "dia": 28, "dia_semana": 5, "hora_hecho": "05:45", "barrio": "BARRIO OBRERO", "estrato": 2, "geom": "0101000020E610000000000000412153C000000040819B0B40", "fecha_hech": "2024-03-28 00:00:00", "Id": 0, "area": 136572.15568900001 }, "geometry": { "type": "Point", "coordinates": [ -76.519592285160002, 3.45093011856 ] } },
{ "type": "Feature", "properties": { "dinamica": "HURTO", "titulo": "DELITOS CONTRA EL PATRIMONIO ECONOMICO", "capitulo": "DEL HURTO", "articulo": "HURTO CALIFICADO. ART. 240 C.P.", "grado_deli": "NINGUNO", "tipo_notic": "DENUNCIA", "caracteriz": "HURTO A PERSONAS", "modalidad": "ATRACO", "modo": "ARMA BLANCA", "motivo": null, "pais": "COLOMBIA", "dane_dep": 76, "departamen": "VALLE DEL CAUCA", "dane_mpio": 76001, "municipio": "CALI", "cod_comuna": 9.0, "comuna": "Comuna 9", "cod_barrio": 910.0, "nom_barrio": "Barrio Obrero", "direccion": "76001 CARRERA 15 22 37, SANTIAGO DE CALI, CALI, VALLE DEL CAUCA", "sitio": "VIA PUBLICA", "x": -76.520278930659998, "y": 3.44452404976, "anio": 2024, "mes": "abril", "dia": 1, "dia_semana": 2, "hora_hecho": "04:30", "barrio": "BARRIO OBRERO", "estrato": 2, "geom": "0101000020E6100000000000404C2153C0000000A0628E0B40", "fecha_hech": "2024-04-01 00:00:00", "Id": 0, "area": 136572.15568900001 }, "geometry": { "type": "Point", "coordinates": [ -76.520278930659998, 3.44452404976 ] } },
{ "type": "Feature", "properties": { "dinamica": "HURTO", "titulo": "DELITOS CONTRA EL PATRIMONIO ECONOMICO", "capitulo": "DEL HURTO", "articulo": "HURTO CALIFICADO. ART. 240 C.P.", "grado_deli": "NINGUNO", "tipo_notic": "DENUNCIA", "caracteriz": "HURTO A PERSONAS", "modalidad": "ATRACO", "modo": "ARMA BLANCA", "motivo": null, "pais": "COLOMBIA", "dane_dep": 76, "departamen": "VALLE DEL CAUCA", "dane_mpio": 76001, "municipio": "CALI", "cod_comuna": 9.0, "comuna": "Comuna 9", "cod_barrio": 910.0, "nom_barrio": "Barrio Obrero", "direccion": "76001 BARRIO/LOCALIDAD/COMUNA:BARRIO OBRERO/COMUNA 9,CALI/VALLE DEL CAUCA,BARRIO OBRERO", "sitio": "SIN INFORMACION", "x": -76.522109985349999, "y": 3.4493799209599998, "anio": 2024, "mes": "abril", "dia": 1, "dia_semana": 2, "hora_hecho": "22:00", "barrio": "BARRIO OBRERO", "estrato": 2, "geom": "0101000020E6100000000000406A2153C00000008054980B40", "fecha_hech": "2024-04-01 00:00:00", "Id": 0, "area": 136572.15568900001 }, "geometry": { "type": "Point", "coordinates": [ -76.522109985349999, 3.44937992096 ] } },
{ "type": "Feature", "properties": { "dinamica": "HURTO", "titulo": "DELITOS CONTRA EL PATRIMONIO ECONOMICO", "capitulo": "DEL HURTO", "articulo": "HURTO. ART. 239 C.P.", "grado_deli": "AGRAVADO", "tipo_notic": "DENUNCIA", "caracteriz": "HURTO A PERSONAS", "modalidad": "FACTOR DE OPORTUNIDAD", "modo": null, "motivo": null, "pais": "COLOMBIA", "dane_dep": 76, "departamen": "VALLE DEL CAUCA", "dane_mpio": 76001, "municipio": "CALI", "cod_comuna": 9.0, "comuna": "Comuna 9", "cod_barrio": 910.0, "nom_barrio": "Barrio Obrero", "direccion": "76001 CALLE 22 8-24, BARRIO OBRERO, CALI, VALLE DEL CAUCA, COL,BARRIO OBRERO", "sitio": "DOMICILIO", "x": -76.52109527588, "y": 3.4458239078499999, "anio": 2024, "mes": "abril", "dia": 3, "dia_semana": 4, "hora_hecho": "10:00", "barrio": "BARRIO OBRERO", "estrato": 2, "geom": "0101000020E6100000000000A0592153C0000000200C910B40", "fecha_hech": "2024-04-03 00:00:00", "Id": 0, "area": 136572.15568900001 }, "geometry": { "type": "Point", "coordinates": [ -76.52109527588, 3.44582390785 ] } },
{ "type": "Feature", "properties": { "dinamica": "HURTO", "titulo": "DELITOS CONTRA EL PATRIMONIO ECONOMICO", "capitulo": "DEL HURTO", "articulo": "HURTO CALIFICADO. ART. 240 C.P.", "grado_deli": "NINGUNO", "tipo_notic": "DENUNCIA", "caracteriz": "HURTO A PERSONAS", "modalidad": "ATRACO", "modo": "ARMA DE FUEGO", "motivo": null, "pais": "COLOMBIA", "dane_dep": 76, "departamen": "VALLE DEL CAUCA", "dane_mpio": 76001, "municipio": "CALI", "cod_comuna": 9.0, "comuna": "Comuna 9", "cod_barrio": 910.0, "nom_barrio": "Barrio Obrero", "direccion": "76001 Carrera 8 con Calle 22A, San Nicolas, Cali, Valle del Cauca, COL,BARRIO OBRERO", "sitio": "SIN INFORMACION", "x": -76.52163696289, "y": 3.4522240161900002, "anio": 2024, "mes": "abril", "dia": 5, "dia_semana": 6, "hora_hecho": "20:00", "barrio": "BARRIO OBRERO", "estrato": 2, "geom": "0101000020E610000000000080622153C0000000A0279E0B40", "fecha_hech": "2024-04-05 00:00:00", "Id": 0, "area": 136572.15568900001 }, "geometry": { "type": "Point", "coordinates": [ -76.52163696289, 3.45222401619 ] } },
{ "type": "Feature", "properties": { "dinamica": "HURTO", "titulo": "DELITOS CONTRA EL PATRIMONIO ECONOMICO", "capitulo": "DEL HURTO", "articulo": "HURTO CALIFICADO. ART. 240 C.P.", "grado_deli": "NINGUNO", "tipo_notic": "DENUNCIA", "caracteriz": "HURTO A PERSONAS", "modalidad": "ATRACO", "modo": "ARMA DE FUEGO", "motivo": null, "pais": "COLOMBIA", "dane_dep": 76, "departamen": "VALLE DEL CAUCA", "dane_mpio": 76001, "municipio": "CALI", "cod_comuna": 9.0, "comuna": "Comuna 9", "cod_barrio": 910.0, "nom_barrio": "Barrio Obrero", "direccion": "76001 Carrera 8 24-1-24-99, San Nicolas, Cali, Valle del Cauca, COL,BARRIO OBRERO", "sitio": "SIN INFORMACION", "x": -76.51929473877, "y": 3.45275902748, "anio": 2024, "mes": "abril", "dia": 6, "dia_semana": 7, "hora_hecho": "06:10", "barrio": "BARRIO OBRERO", "estrato": 2, "geom": "0101000020E6100000000000203C2153C000000020409F0B40", "fecha_hech": "2024-04-06 00:00:00", "Id": 0, "area": 136572.15568900001 }, "geometry": { "type": "Point", "coordinates": [ -76.51929473877, 3.45275902748 ] } },
{ "type": "Feature", "properties": { "dinamica": "HURTO", "titulo": "DELITOS CONTRA EL PATRIMONIO ECONOMICO", "capitulo": "DEL HURTO", "articulo": "HURTO CALIFICADO. ART. 240 C.P.", "grado_deli": "NINGUNO", "tipo_notic": "DENUNCIA", "caracteriz": "HURTO A PERSONAS", "modalidad": "ATRACO", "modo": "ARMA DE FUEGO", "motivo": null, "pais": "COLOMBIA", "dane_dep": 76, "departamen": "VALLE DEL CAUCA", "dane_mpio": 76001, "municipio": "CALI", "cod_comuna": 9.0, "comuna": "Comuna 9", "cod_barrio": 910.0, "nom_barrio": "Barrio Obrero", "direccion": "76001 CARRERA 15 15, BARRIO OBRERO, CALI, VALLE DEL CAUCA", "sitio": "VIA PUBLICA", "x": -76.519561767580001, "y": 3.4446709156000002, "anio": 2024, "mes": "abril", "dia": 6, "dia_semana": 7, "hora_hecho": "13:30", "barrio": "BARRIO OBRERO", "estrato": 2, "geom": "0101000020E610000000000080402153C0000000A0AF8E0B40", "fecha_hech": "2024-04-06 00:00:00", "Id": 0, "area": 136572.15568900001 }, "geometry": { "type": "Point", "coordinates": [ -76.519561767580001, 3.4446709156 ] } },
{ "type": "Feature", "properties": { "dinamica": "HURTO", "titulo": "DELITOS CONTRA EL PATRIMONIO ECONOMICO", "capitulo": "DEL HURTO", "articulo": "HURTO CALIFICADO. ART. 240 C.P.", "grado_deli": "NINGUNO", "tipo_notic": "DENUNCIA", "caracteriz": "HURTO A PERSONAS", "modalidad": "ATRACO", "modo": "ARMA DE FUEGO", "motivo": null, "pais": "COLOMBIA", "dane_dep": 76, "departamen": "VALLE DEL CAUCA", "dane_mpio": 76001, "municipio": "CALI", "cod_comuna": 9.0, "comuna": "Comuna 9", "cod_barrio": 910.0, "nom_barrio": "Barrio Obrero", "direccion": "76001 Barrio Obrero, Cali, Valle del Cauca, COL,BARRIO OBRERO", "sitio": "SIN INFORMACION", "x": -76.52018737793, "y": 3.4486300945299999, "anio": 2024, "mes": "abril", "dia": 6, "dia_semana": 7, "hora_hecho": "14:30", "barrio": "BARRIO OBRERO", "estrato": 2, "geom": "0101000020E6100000000000C04A2153C000000060CB960B40", "fecha_hech": "2024-04-06 00:00:00", "Id": 0, "area": 136572.15568900001 }, "geometry": { "type": "Point", "coordinates": [ -76.52018737793, 3.44863009453 ] } },
{ "type": "Feature", "properties": { "dinamica": "HURTO", "titulo": "DELITOS CONTRA EL PATRIMONIO ECONOMICO", "capitulo": "DEL HURTO", "articulo": "HURTO CALIFICADO. ART. 240 C.P.", "grado_deli": "NINGUNO", "tipo_notic": "DENUNCIA", "caracteriz": "HURTO DE VEHICULOS", "modalidad": "HALADO", "modo": null, "motivo": null, "pais": "COLOMBIA", "dane_dep": 76, "departamen": "VALLE DEL CAUCA", "dane_mpio": 76001, "municipio": "CALI", "cod_comuna": 9.0, "comuna": "Comuna 9", "cod_barrio": 910.0, "nom_barrio": "Barrio Obrero", "direccion": "76001 CALLE 22A 10 2", "sitio": "VIA PUBLICA", "x": -76.52108001709, "y": 3.44966006279, "anio": 2024, "mes": "abril", "dia": 6, "dia_semana": 7, "hora_hecho": "17:00", "barrio": "BARRIO OBRERO", "estrato": 2, "geom": "0101000020E610000000000060592153C000000060E7980B40", "fecha_hech": "2024-04-06 00:00:00", "Id": 0, "area": 136572.15568900001 }, "geometry": { "type": "Point", "coordinates": [ -76.52108001709, 3.44966006279 ] } },
{ "type": "Feature", "properties": { "dinamica": "HURTO", "titulo": "DELITOS CONTRA EL PATRIMONIO ECONOMICO", "capitulo": "DEL HURTO", "articulo": "HURTO. ART. 239 C.P.", "grado_deli": "AGRAVADO", "tipo_notic": "DENUNCIA", "caracteriz": "HURTO A PERSONAS", "modalidad": "FACTOR DE OPORTUNIDAD", "modo": null, "motivo": null, "pais": "COLOMBIA", "dane_dep": 76, "departamen": "VALLE DEL CAUCA", "dane_mpio": 76001, "municipio": "CALI", "cod_comuna": 9.0, "comuna": "Comuna 9", "cod_barrio": 910.0, "nom_barrio": "Barrio Obrero", "direccion": "76001 Calle 23, Barrio Obrero, Cali, Valle del Cauca, COL,BARRIO OBRERO", "sitio": "SIN INFORMACION", "x": -76.51993560791, "y": 3.4484190940900001, "anio": 2024, "mes": "abril", "dia": 8, "dia_semana": 2, "hora_hecho": "18:30", "barrio": "BARRIO OBRERO", "estrato": 2, "geom": "0101000020E6100000000000A0462153C0000000C05C960B40", "fecha_hech": "2024-04-08 00:00:00", "Id": 0, "area": 136572.15568900001 }, "geometry": { "type": "Point", "coordinates": [ -76.51993560791, 3.44841909409 ] } },
{ "type": "Feature", "properties": { "dinamica": "HURTO", "titulo": "DELITOS CONTRA EL PATRIMONIO ECONOMICO", "capitulo": "DEL HURTO", "articulo": "HURTO. ART. 239 C.P.", "grado_deli": "AGRAVADO", "tipo_notic": "DENUNCIA", "caracteriz": "HURTO A CELULARES", "modalidad": "COSQUILLEO", "modo": null, "motivo": null, "pais": "COLOMBIA", "dane_dep": 76, "departamen": "VALLE DEL CAUCA", "dane_mpio": 76001, "municipio": "CALI", "cod_comuna": 9.0, "comuna": "Comuna 9", "cod_barrio": 910.0, "nom_barrio": "Barrio Obrero", "direccion": "76001 CL 9 CON CON KR 15", "sitio": "TRANSPORTE MASIVO", "x": -76.519638061519998, "y": 3.4447360038800001, "anio": 2024, "mes": "abril", "dia": 10, "dia_semana": 4, "hora_hecho": "18:30", "barrio": null, "estrato": 2, "geom": "0101000020E6100000000000C0412153C0000000C0D18E0B40", "fecha_hech": "2024-04-10 00:00:00", "Id": 0, "area": 136572.15568900001 }, "geometry": { "type": "Point", "coordinates": [ -76.519638061519998, 3.44473600388 ] } },
{ "type": "Feature", "properties": { "dinamica": "HURTO", "titulo": "DELITOS CONTRA EL PATRIMONIO ECONOMICO", "capitulo": "DEL HURTO", "articulo": "HURTO CALIFICADO. ART. 240 C.P.", "grado_deli": "NINGUNO", "tipo_notic": "DENUNCIA", "caracteriz": "HURTO A PERSONAS", "modalidad": "ATRACO", "modo": "ARMA BLANCA", "motivo": null, "pais": "COLOMBIA", "dane_dep": 76, "departamen": "VALLE DEL CAUCA", "dane_mpio": 76001, "municipio": "CALI", "cod_comuna": 9.0, "comuna": "Comuna 9", "cod_barrio": 910.0, "nom_barrio": "Barrio Obrero", "direccion": "76001 CARRERA 15 22A-20, BARRIO OBRERO, CALI, VALLE DEL CAUCA", "sitio": "TRANSPORTE MASIVO", "x": -76.51902770996, "y": 3.44481396675, "anio": 2024, "mes": "abril", "dia": 12, "dia_semana": 6, "hora_hecho": "08:00", "barrio": "BARRIO OBRERO", "estrato": 2, "geom": "0101000020E6100000000000C0372153C0000000A0FA8E0B40", "fecha_hech": "2024-04-12 00:00:00", "Id": 0, "area": 136572.15568900001 }, "geometry": { "type": "Point", "coordinates": [ -76.51902770996, 3.44481396675 ] } },
{ "type": "Feature", "properties": { "dinamica": "HURTO", "titulo": "DELITOS CONTRA EL PATRIMONIO ECONOMICO", "capitulo": "DEL HURTO", "articulo": "HURTO. ART. 239 C.P.", "grado_deli": "NINGUNO", "tipo_notic": "QUERELLA", "caracteriz": "HURTO A PERSONAS", "modalidad": "FACTOR DE OPORTUNIDAD", "modo": null, "motivo": null, "pais": "COLOMBIA", "dane_dep": 76, "departamen": "VALLE DEL CAUCA", "dane_mpio": 76001, "municipio": "CALI", "cod_comuna": 9.0, "comuna": "Comuna 9", "cod_barrio": 910.0, "nom_barrio": "Barrio Obrero", "direccion": "76001 BARRIO/LOCALIDAD/COMUNA:BARRIO OBRERO/COMUNA 9,CALI/VALLE DEL CAUCA,BARRIO OBRERO", "sitio": "SIN INFORMACION", "x": -76.51986694336, "y": 3.4503560066199999, "anio": 2024, "mes": "abril", "dia": 12, "dia_semana": 6, "hora_hecho": "15:10", "barrio": "BARRIO OBRERO", "estrato": 2, "geom": "0101000020E610000000000080452153C000000040549A0B40", "fecha_hech": "2024-04-12 00:00:00", "Id": 0, "area": 136572.15568900001 }, "geometry": { "type": "Point", "coordinates": [ -76.51986694336, 3.45035600662 ] } },
{ "type": "Feature", "properties": { "dinamica": "HURTO", "titulo": "DELITOS CONTRA EL PATRIMONIO ECONOMICO", "capitulo": "DEL HURTO", "articulo": "HURTO CALIFICADO. ART. 240 C.P.", "grado_deli": "AGRAVADO", "tipo_notic": "DENUNCIA", "caracteriz": "HURTO A PERSONAS", "modalidad": "ATRACO", "modo": "ARMA DE FUEGO", "motivo": null, "pais": "COLOMBIA", "dane_dep": 76, "departamen": "VALLE DEL CAUCA", "dane_mpio": 76001, "municipio": "CALI", "cod_comuna": 9.0, "comuna": "Comuna 9", "cod_barrio": 910.0, "nom_barrio": "Barrio Obrero", "direccion": "76001 CARRERA 10 23 84", "sitio": "VIA PUBLICA", "x": -76.519561767580001, "y": 3.4499270916000002, "anio": 2024, "mes": "abril", "dia": 12, "dia_semana": 6, "hora_hecho": "20:18", "barrio": "BARRIO OBRERO", "estrato": 2, "geom": "0101000020E610000000000080402153C00000006073990B40", "fecha_hech": "2024-04-12 00:00:00", "Id": 0, "area": 136572.15568900001 }, "geometry": { "type": "Point", "coordinates": [ -76.519561767580001, 3.4499270916 ] } },
{ "type": "Feature", "properties": { "dinamica": "HURTO", "titulo": "DELITOS CONTRA EL PATRIMONIO ECONOMICO", "capitulo": "DEL HURTO", "articulo": "HURTO. ART. 239 C.P.", "grado_deli": "NINGUNO", "tipo_notic": "DENUNCIA", "caracteriz": "HURTO A PERSONAS", "modalidad": "COSQUILLEO", "modo": null, "motivo": null, "pais": "COLOMBIA", "dane_dep": 76, "departamen": "VALLE DEL CAUCA", "dane_mpio": 76001, "municipio": "CALI", "cod_comuna": 9.0, "comuna": "Comuna 9", "cod_barrio": 910.0, "nom_barrio": "Barrio Obrero", "direccion": "76001 KR 9 22 CON CL 8 A", "sitio": "VIA PUBLICA", "x": -76.522117614750002, "y": 3.4504520893100001, "anio": 2024, "mes": "abril", "dia": 13, "dia_semana": 7, "hora_hecho": "18:30", "barrio": null, "estrato": 2, "geom": "0101000020E6100000000000606A2153C0000000A0869A0B40", "fecha_hech": "2024-04-13 00:00:00", "Id": 0, "area": 136572.15568900001 }, "geometry": { "type": "Point", "coordinates": [ -76.522117614750002, 3.45045208931 ] } },
{ "type": "Feature", "properties": { "dinamica": "HURTO", "titulo": "DELITOS CONTRA EL PATRIMONIO ECONOMICO", "capitulo": "DEL HURTO", "articulo": "HURTO CALIFICADO. ART. 240 C.P.", "grado_deli": "NINGUNO", "tipo_notic": "DENUNCIA", "caracteriz": "HURTO A PERSONAS", "modalidad": "VIOLACION DE CERRADURA", "modo": null, "motivo": null, "pais": "COLOMBIA", "dane_dep": 76, "departamen": "VALLE DEL CAUCA", "dane_mpio": 76001, "municipio": "CALI", "cod_comuna": 9.0, "comuna": "Comuna 9", "cod_barrio": 910.0, "nom_barrio": "Barrio Obrero", "direccion": "76001 Calle 23 30-2, Barrio Obrero, Cali, Valle del Cauca, COL,BARRIO OBRERO", "sitio": "SIN INFORMACION", "x": -76.519508361820002, "y": 3.4465880394, "anio": 2024, "mes": "abril", "dia": 15, "dia_semana": 2, "hora_hecho": "03:24", "barrio": "BARRIO OBRERO", "estrato": 2, "geom": "0101000020E6100000000000A03F2153C0000000C09C920B40", "fecha_hech": "2024-04-15 00:00:00", "Id": 0, "area": 136572.15568900001 }, "geometry": { "type": "Point", "coordinates": [ -76.519508361820002, 3.4465880394 ] } },
{ "type": "Feature", "properties": { "dinamica": "HURTO", "titulo": "DELITOS CONTRA EL PATRIMONIO ECONOMICO", "capitulo": "DEL HURTO", "articulo": "HURTO CALIFICADO. ART. 240 C.P.", "grado_deli": "AGRAVADO", "tipo_notic": "DENUNCIA", "caracteriz": "HURTO A CELULARES", "modalidad": "ATRACO", "modo": "ARMA BLANCA", "motivo": "SIN DETERMINAR", "pais": "COLOMBIA", "dane_dep": 76, "departamen": "VALLE DEL CAUCA", "dane_mpio": 76001, "municipio": "CALI", "cod_comuna": 9.0, "comuna": "Comuna 9", "cod_barrio": 910.0, "nom_barrio": "Barrio Obrero", "direccion": "76001 CALLE 23 11D 10", "sitio": "VIA PUBLICA", "x": -76.519691467290002, "y": 3.4472560882600001, "anio": 2024, "mes": "abril", "dia": 17, "dia_semana": 4, "hora_hecho": "08:00", "barrio": "BARRIO OBRERO", "estrato": 2, "geom": "0101000020E6100000000000A0422153C000000000FB930B40", "fecha_hech": "2024-04-17 00:00:00", "Id": 0, "area": 136572.15568900001 }, "geometry": { "type": "Point", "coordinates": [ -76.519691467290002, 3.44725608826 ] } },
{ "type": "Feature", "properties": { "dinamica": "HURTO", "titulo": "DELITOS CONTRA EL PATRIMONIO ECONOMICO", "capitulo": "DEL HURTO", "articulo": "HURTO CALIFICADO. ART. 240 C.P.", "grado_deli": "NINGUNO", "tipo_notic": "DENUNCIA", "caracteriz": "HURTO A PERSONAS", "modalidad": "FACTOR DE OPORTUNIDAD", "modo": null, "motivo": null, "pais": "COLOMBIA", "dane_dep": 76, "departamen": "VALLE DEL CAUCA", "dane_mpio": 76001, "municipio": "CALI", "cod_comuna": 9.0, "comuna": "Comuna 9", "cod_barrio": 910.0, "nom_barrio": "Barrio Obrero", "direccion": "76001 MARTINEZ MELENDEZ LUZ DARY", "sitio": "VIA PUBLICA", "x": -76.519416809079999, "y": 3.4447710514100001, "anio": 2024, "mes": "abril", "dia": 17, "dia_semana": 4, "hora_hecho": "10:17", "barrio": "BARRIO OBRERO", "estrato": 2, "geom": "0101000020E6100000000000203E2153C000000020E48E0B40", "fecha_hech": "2024-04-17 00:00:00", "Id": 0, "area": 136572.15568900001 }, "geometry": { "type": "Point", "coordinates": [ -76.519416809079999, 3.44477105141 ] } },
{ "type": "Feature", "properties": { "dinamica": "HURTO", "titulo": "DELITOS CONTRA EL PATRIMONIO ECONOMICO", "capitulo": "DEL HURTO", "articulo": "HURTO CALIFICADO. ART. 240 C.P.", "grado_deli": "NINGUNO", "tipo_notic": "DENUNCIA", "caracteriz": "HURTO A CELULARES", "modalidad": "ATRACO", "modo": "ARMA BLANCA", "motivo": "SIN DETERMINAR", "pais": "COLOMBIA", "dane_dep": 76, "departamen": "VALLE DEL CAUCA", "dane_mpio": 76001, "municipio": "CALI", "cod_comuna": 9.0, "comuna": "Comuna 9", "cod_barrio": 910.0, "nom_barrio": "Barrio Obrero", "direccion": "76001 CALLE 25 CON CARRERA 8, SAN NICOLAS, CALI, VALLE DEL CAUCA", "sitio": "VIA PUBLICA", "x": -76.519096374509999, "y": 3.4528179168699999, "anio": 2024, "mes": "abril", "dia": 17, "dia_semana": 4, "hora_hecho": "23:33", "barrio": "BARRIO OBRERO", "estrato": 2, "geom": "0101000020E6100000000000E0382153C0000000005F9F0B40", "fecha_hech": "2024-04-17 00:00:00", "Id": 0, "area": 136572.15568900001 }, "geometry": { "type": "Point", "coordinates": [ -76.519096374509999, 3.45281791687 ] } },
{ "type": "Feature", "properties": { "dinamica": "HURTO", "titulo": "DELITOS CONTRA EL PATRIMONIO ECONOMICO", "capitulo": "DEL HURTO", "articulo": "HURTO. ART. 239 C.P.", "grado_deli": "AGRAVADO", "tipo_notic": "DENUNCIA", "caracteriz": "HURTO A CELULARES", "modalidad": "COSQUILLEO", "modo": null, "motivo": null, "pais": "COLOMBIA", "dane_dep": 76, "departamen": "VALLE DEL CAUCA", "dane_mpio": 76001, "municipio": "CALI", "cod_comuna": 9.0, "comuna": "Comuna 9", "cod_barrio": 910.0, "nom_barrio": "Barrio Obrero", "direccion": "76001 KR 15 CON CL 21 KR 15 CL 21", "sitio": "SIN INFORMACION", "x": -76.519493103030001, "y": 3.4450891017899998, "anio": 2024, "mes": "abril", "dia": 19, "dia_semana": 6, "hora_hecho": "07:00", "barrio": null, "estrato": 2, "geom": "0101000020E6100000000000603F2153C0000000E08A8F0B40", "fecha_hech": "2024-04-19 00:00:00", "Id": 0, "area": 136572.15568900001 }, "geometry": { "type": "Point", "coordinates": [ -76.519493103030001, 3.44508910179 ] } },
{ "type": "Feature", "properties": { "dinamica": "HURTO", "titulo": "DELITOS CONTRA EL PATRIMONIO ECONOMICO", "capitulo": "DEL HURTO", "articulo": "HURTO CALIFICADO. ART. 240 C.P.", "grado_deli": "AGRAVADO", "tipo_notic": "DENUNCIA", "caracteriz": "HURTO A ESTABLECIMIENTOS", "modalidad": "FACTOR DE OPORTUNIDAD", "modo": null, "motivo": null, "pais": "COLOMBIA", "dane_dep": 76, "departamen": "VALLE DEL CAUCA", "dane_mpio": 76001, "municipio": "CALI", "cod_comuna": 9.0, "comuna": "Comuna 9", "cod_barrio": 910.0, "nom_barrio": "Barrio Obrero", "direccion": "76001 CARRERA 8A 24-55, BARRIO OBRERO, CALI, VALLE DEL CAUCA", "sitio": "DOMICILIO", "x": -76.519325256350001, "y": 3.45192408562, "anio": 2024, "mes": "abril", "dia": 22, "dia_semana": 2, "hora_hecho": "09:00", "barrio": "BARRIO OBRERO", "estrato": 2, "geom": "0101000020E6100000000000A03C2153C0000000608A9D0B40", "fecha_hech": "2024-04-22 00:00:00", "Id": 0, "area": 136572.15568900001 }, "geometry": { "type": "Point", "coordinates": [ -76.519325256350001, 3.45192408562 ] } },
{ "type": "Feature", "properties": { "dinamica": "HURTO", "titulo": "DELITOS CONTRA EL PATRIMONIO ECONOMICO", "capitulo": "DEL HURTO", "articulo": "HURTO CALIFICADO. ART. 240 C.P.", "grado_deli": "NINGUNO", "tipo_notic": "DENUNCIA", "caracteriz": "HURTO A ESTABLECIMIENTOS", "modalidad": "FACTOR DE OPORTUNIDAD", "modo": null, "motivo": null, "pais": "COLOMBIA", "dane_dep": 76, "departamen": "VALLE DEL CAUCA", "dane_mpio": 76001, "municipio": "CALI", "cod_comuna": 9.0, "comuna": "Comuna 9", "cod_barrio": 910.0, "nom_barrio": "Barrio Obrero", "direccion": "76001 Carrera 8a 24 55, Santiago De Cali, Cali, Valle Del Cauca, COL,BARRIO OBRERO", "sitio": "SIN INFORMACION", "x": -76.519226074220001, "y": 3.4520530700699998, "anio": 2024, "mes": "abril", "dia": 23, "dia_semana": 3, "hora_hecho": "10:27", "barrio": "BARRIO OBRERO", "estrato": 2, "geom": "0101000020E6100000000000003B2153C000000000CE9D0B40", "fecha_hech": "2024-04-23 00:00:00", "Id": 0, "area": 136572.15568900001 }, "geometry": { "type": "Point", "coordinates": [ -76.519226074220001, 3.45205307007 ] } },
{ "type": "Feature", "properties": { "dinamica": "HURTO", "titulo": "DELITOS CONTRA EL PATRIMONIO ECONOMICO", "capitulo": "DEL HURTO", "articulo": "HURTO CALIFICADO. ART. 240 C.P.", "grado_deli": "NINGUNO", "tipo_notic": "DENUNCIA", "caracteriz": "HURTO DE MOTOCICLETAS", "modalidad": "ATRACO", "modo": "ARMA DE FUEGO", "motivo": null, "pais": "COLOMBIA", "dane_dep": 76, "departamen": "VALLE DEL CAUCA", "dane_mpio": 76001, "municipio": "CALI", "cod_comuna": 9.0, "comuna": "Comuna 9", "cod_barrio": 910.0, "nom_barrio": "Barrio Obrero", "direccion": "76001 CARRERA 15 9, BARRIO OBRERO, CALI, VALLE DEL CAUCA", "sitio": "VIA PUBLICA", "x": -76.519638061519998, "y": 3.4446399211899998, "anio": 2024, "mes": "abril", "dia": 23, "dia_semana": 3, "hora_hecho": "23:00", "barrio": "BARRIO OBRERO", "estrato": 2, "geom": "0101000020E6100000000000C0412153C0000000609F8E0B40", "fecha_hech": "2024-04-23 00:00:00", "Id": 0, "area": 136572.15568900001 }, "geometry": { "type": "Point", "coordinates": [ -76.519638061519998, 3.44463992119 ] } },
{ "type": "Feature", "properties": { "dinamica": "HURTO", "titulo": "DELITOS CONTRA EL PATRIMONIO ECONOMICO", "capitulo": "DEL HURTO", "articulo": "HURTO. ART. 239 C.P.", "grado_deli": "AGRAVADO", "tipo_notic": "DENUNCIA", "caracteriz": "HURTO A CELULARES", "modalidad": "RAPONAZO", "modo": null, "motivo": "SIN DETERMINAR", "pais": "COLOMBIA", "dane_dep": 76, "departamen": "VALLE DEL CAUCA", "dane_mpio": 76001, "municipio": "CALI", "cod_comuna": 9.0, "comuna": "Comuna 9", "cod_barrio": 910.0, "nom_barrio": "Barrio Obrero", "direccion": "76001 CALLE 25 11D 86", "sitio": "VIA PUBLICA", "x": -76.51845550537, "y": 3.4469668865199998, "anio": 2024, "mes": "abril", "dia": 24, "dia_semana": 4, "hora_hecho": "02:30", "barrio": "BARRIO OBRERO", "estrato": 2, "geom": "0101000020E6100000000000602E2153C00000006063930B40", "fecha_hech": "2024-04-24 00:00:00", "Id": 0, "area": 136572.15568900001 }, "geometry": { "type": "Point", "coordinates": [ -76.51845550537, 3.44696688652 ] } },
{ "type": "Feature", "properties": { "dinamica": "HURTO", "titulo": "DELITOS CONTRA EL PATRIMONIO ECONOMICO", "capitulo": "DEL HURTO", "articulo": "HURTO. ART. 239 C.P.", "grado_deli": "NINGUNO", "tipo_notic": "DENUNCIA", "caracteriz": "HURTO A PERSONAS", "modalidad": "COSQUILLEO", "modo": null, "motivo": null, "pais": "COLOMBIA", "dane_dep": 76, "departamen": "VALLE DEL CAUCA", "dane_mpio": 76001, "municipio": "CALI", "cod_comuna": 9.0, "comuna": "Comuna 9", "cod_barrio": 910.0, "nom_barrio": "Barrio Obrero", "direccion": "76001 CARRERA 15 9, BARRIO OBRERO, CALI, VALLE DEL CAUCA, COL,BARRIO OBRERO", "sitio": "ESTACION TRANSPORTE MASIVO", "x": -76.519638061519998, "y": 3.4446399211899998, "anio": 2024, "mes": "abril", "dia": 27, "dia_semana": 7, "hora_hecho": "22:33", "barrio": "BARRIO OBRERO", "estrato": 2, "geom": "0101000020E6100000000000C0412153C0000000609F8E0B40", "fecha_hech": "2024-04-27 00:00:00", "Id": 0, "area": 136572.15568900001 }, "geometry": { "type": "Point", "coordinates": [ -76.519638061519998, 3.44463992119 ] } },
{ "type": "Feature", "properties": { "dinamica": "HURTO", "titulo": "DELITOS CONTRA EL PATRIMONIO ECONOMICO", "capitulo": "DEL HURTO", "articulo": "HURTO. ART. 239 C.P.", "grado_deli": "NINGUNO", "tipo_notic": "DENUNCIA", "caracteriz": "HURTO A CELULARES", "modalidad": "RAPONAZO", "modo": null, "motivo": "SIN DETERMINAR", "pais": "COLOMBIA", "dane_dep": 76, "departamen": "VALLE DEL CAUCA", "dane_mpio": 76001, "municipio": "CALI", "cod_comuna": 9.0, "comuna": "Comuna 9", "cod_barrio": 910.0, "nom_barrio": "Barrio Obrero", "direccion": "76001 CARRERA 11 CON CALLE 24, BARRIO OBRERO, CALI, VALLE DEL CAUCA", "sitio": "VIA PUBLICA", "x": -76.519241333010001, "y": 3.4492480754899999, "anio": 2024, "mes": "abril", "dia": 29, "dia_semana": 2, "hora_hecho": "07:00", "barrio": "BARRIO OBRERO", "estrato": 2, "geom": "0101000020E6100000000000403B2153C0000000600F980B40", "fecha_hech": "2024-04-29 00:00:00", "Id": 0, "area": 136572.15568900001 }, "geometry": { "type": "Point", "coordinates": [ -76.519241333010001, 3.44924807549 ] } },
{ "type": "Feature", "properties": { "dinamica": "HURTO", "titulo": "DELITOS CONTRA EL PATRIMONIO ECONOMICO", "capitulo": "DEL HURTO", "articulo": "HURTO CALIFICADO. ART. 240 C.P.", "grado_deli": "NINGUNO", "tipo_notic": "DENUNCIA", "caracteriz": "HURTO A PERSONAS", "modalidad": "ATRACO", "modo": "ARMA DE FUEGO", "motivo": null, "pais": "COLOMBIA", "dane_dep": 76, "departamen": "VALLE DEL CAUCA", "dane_mpio": 76001, "municipio": "CALI", "cod_comuna": 9.0, "comuna": "Comuna 9", "cod_barrio": 910.0, "nom_barrio": "Barrio Obrero", "direccion": "76001 CARRERA 10 21 2", "sitio": "VEHICULO", "x": -76.522583007809999, "y": 3.4492449760400001, "anio": 2024, "mes": "abril", "dia": 29, "dia_semana": 2, "hora_hecho": "14:30", "barrio": "BARRIO OBRERO", "estrato": 2, "geom": "0101000020E610000000000000722153C0000000C00D980B40", "fecha_hech": "2024-04-29 00:00:00", "Id": 0, "area": 136572.15568900001 }, "geometry": { "type": "Point", "coordinates": [ -76.522583007809999, 3.44924497604 ] } },
{ "type": "Feature", "properties": { "dinamica": "HURTO", "titulo": "DELITOS CONTRA EL PATRIMONIO ECONOMICO", "capitulo": "DEL HURTO", "articulo": "HURTO. ART. 239 C.P.", "grado_deli": "NINGUNO", "tipo_notic": "DENUNCIA", "caracteriz": "HURTO A PERSONAS", "modalidad": "COSQUILLEO", "modo": null, "motivo": null, "pais": "COLOMBIA", "dane_dep": 76, "departamen": "VALLE DEL CAUCA", "dane_mpio": 76001, "municipio": "CALI", "cod_comuna": 9.0, "comuna": "Comuna 9", "cod_barrio": 910.0, "nom_barrio": "Barrio Obrero", "direccion": "76001 Calle 22A 10-99-10-1, Barrio Obrero, Cali, Valle del Cauca, COL,BARRIO OBRERO", "sitio": "SIN INFORMACION", "x": -76.520942687990001, "y": 3.4493041038499999, "anio": 2024, "mes": "abril", "dia": 30, "dia_semana": 3, "hora_hecho": "23:44", "barrio": "BARRIO OBRERO", "estrato": 2, "geom": "0101000020E610000000000020572153C0000000C02C980B40", "fecha_hech": "2024-04-30 00:00:00", "Id": 0, "area": 136572.15568900001 }, "geometry": { "type": "Point", "coordinates": [ -76.520942687990001, 3.44930410385 ] } },
{ "type": "Feature", "properties": { "dinamica": "HURTO", "titulo": "DELITOS CONTRA EL PATRIMONIO ECONOMICO", "capitulo": "DEL HURTO", "articulo": "HURTO CALIFICADO. ART. 240 C.P.", "grado_deli": "AGRAVADO", "tipo_notic": "DENUNCIA", "caracteriz": "HURTO A PERSONAS", "modalidad": "ATRACO", "modo": "ARMA DE FUEGO", "motivo": null, "pais": "COLOMBIA", "dane_dep": 76, "departamen": "VALLE DEL CAUCA", "dane_mpio": 76001, "municipio": "CALI", "cod_comuna": 9.0, "comuna": "Comuna 9", "cod_barrio": 910.0, "nom_barrio": "Barrio Obrero", "direccion": "76001 Calle 24, Barrio Obrero, Cali, Valle del Cauca, COL,BARRIO OBRERO", "sitio": "SIN INFORMACION", "x": -76.518920898440001, "y": 3.4479439258600002, "anio": 2024, "mes": "mayo", "dia": 1, "dia_semana": 4, "hora_hecho": "15:47", "barrio": "BARRIO OBRERO", "estrato": 2, "geom": "0101000020E610000000000000362153C0000000A063950B40", "fecha_hech": "2024-05-01 00:00:00", "Id": 0, "area": 136572.15568900001 }, "geometry": { "type": "Point", "coordinates": [ -76.518920898440001, 3.44794392586 ] } },
{ "type": "Feature", "properties": { "dinamica": "HURTO", "titulo": "DELITOS CONTRA EL PATRIMONIO ECONOMICO", "capitulo": "DEL HURTO", "articulo": "HURTO CALIFICADO. ART. 240 C.P.", "grado_deli": "AGRAVADO", "tipo_notic": "DENUNCIA", "caracteriz": "HURTO A CELULARES", "modalidad": "ATRACO", "modo": "ARMA BLANCA", "motivo": "SIN DETERMINAR", "pais": "COLOMBIA", "dane_dep": 76, "departamen": "VALLE DEL CAUCA", "dane_mpio": 76001, "municipio": "CALI", "cod_comuna": 9.0, "comuna": "Comuna 9", "cod_barrio": 910.0, "nom_barrio": "Barrio Obrero", "direccion": "76001 CARRERA 15 15, BARRIO OBRERO, CALI, VALLE DEL CAUCA", "sitio": "VIA PUBLICA", "x": -76.519561767580001, "y": 3.4446709156000002, "anio": 2024, "mes": "mayo", "dia": 2, "dia_semana": 5, "hora_hecho": "05:00", "barrio": "BARRIO OBRERO", "estrato": 2, "geom": "0101000020E610000000000080402153C0000000A0AF8E0B40", "fecha_hech": "2024-05-02 00:00:00", "Id": 0, "area": 136572.15568900001 }, "geometry": { "type": "Point", "coordinates": [ -76.519561767580001, 3.4446709156 ] } },
{ "type": "Feature", "properties": { "dinamica": "HURTO", "titulo": "DELITOS CONTRA EL PATRIMONIO ECONOMICO", "capitulo": "DEL HURTO", "articulo": "HURTO. ART. 239 C.P.", "grado_deli": "NINGUNO", "tipo_notic": "DENUNCIA", "caracteriz": "HURTO A PERSONAS", "modalidad": "RAPONAZO", "modo": null, "motivo": null, "pais": "COLOMBIA", "dane_dep": 76, "departamen": "VALLE DEL CAUCA", "dane_mpio": 76001, "municipio": "CALI", "cod_comuna": 9.0, "comuna": "Comuna 9", "cod_barrio": 910.0, "nom_barrio": "Barrio Obrero", "direccion": "76001 CARRERA 10 CON CALLE 23, BARRIO OBRERO, CALI, VALLE DEL CAUCA", "sitio": "VIA PUBLICA", "x": -76.52027130127, "y": 3.4499089717899998, "anio": 2024, "mes": "mayo", "dia": 2, "dia_semana": 5, "hora_hecho": "15:00", "barrio": "BARRIO OBRERO", "estrato": 2, "geom": "0101000020E6100000000000204C2153C0000000E069990B40", "fecha_hech": "2024-05-02 00:00:00", "Id": 0, "area": 136572.15568900001 }, "geometry": { "type": "Point", "coordinates": [ -76.52027130127, 3.44990897179 ] } },
{ "type": "Feature", "properties": { "dinamica": "HURTO", "titulo": "DELITOS CONTRA EL PATRIMONIO ECONOMICO", "capitulo": "DEL HURTO", "articulo": "HURTO. ART. 239 C.P.", "grado_deli": "NINGUNO", "tipo_notic": "DENUNCIA", "caracteriz": "HURTO A PERSONAS", "modalidad": "ATRACO", "modo": "SIN ARMA", "motivo": null, "pais": "COLOMBIA", "dane_dep": 76, "departamen": "VALLE DEL CAUCA", "dane_mpio": 76001, "municipio": "CALI", "cod_comuna": 9.0, "comuna": "Comuna 9", "cod_barrio": 910.0, "nom_barrio": "Barrio Obrero", "direccion": "76001 CARRERA 15 49, BARRIO OBRERO, CALI, VALLE DEL CAUCA", "sitio": "VIA PUBLICA", "x": -76.51914215088, "y": 3.4448471069300002, "anio": 2024, "mes": "mayo", "dia": 3, "dia_semana": 6, "hora_hecho": "11:00", "barrio": "BARRIO OBRERO", "estrato": 2, "geom": "0101000020E6100000000000A0392153C0000000000C8F0B40", "fecha_hech": "2024-05-03 00:00:00", "Id": 0, "area": 136572.15568900001 }, "geometry": { "type": "Point", "coordinates": [ -76.51914215088, 3.44484710693 ] } },
{ "type": "Feature", "properties": { "dinamica": "HURTO", "titulo": "DELITOS CONTRA EL PATRIMONIO ECONOMICO", "capitulo": "DEL HURTO", "articulo": "HURTO CALIFICADO. ART. 240 C.P.", "grado_deli": "NINGUNO", "tipo_notic": "DENUNCIA", "caracteriz": "HURTO A PERSONAS", "modalidad": "ATRACO", "modo": "ARMA DE FUEGO", "motivo": null, "pais": "COLOMBIA", "dane_dep": 76, "departamen": "VALLE DEL CAUCA", "dane_mpio": 76001, "municipio": "CALI", "cod_comuna": 9.0, "comuna": "Comuna 9", "cod_barrio": 910.0, "nom_barrio": "Barrio Obrero", "direccion": "76001 CALLE 24 CON CARRERA 11, BARRIO OBRERO, CALI, VALLE DEL CAUCA", "sitio": "VIA PUBLICA", "x": -76.519241333010001, "y": 3.4492480754899999, "anio": 2024, "mes": "mayo", "dia": 4, "dia_semana": 7, "hora_hecho": "01:30", "barrio": "BARRIO OBRERO", "estrato": 2, "geom": "0101000020E6100000000000403B2153C0000000600F980B40", "fecha_hech": "2024-05-04 00:00:00", "Id": 0, "area": 136572.15568900001 }, "geometry": { "type": "Point", "coordinates": [ -76.519241333010001, 3.44924807549 ] } },
{ "type": "Feature", "properties": { "dinamica": "HURTO", "titulo": "DELITOS CONTRA EL PATRIMONIO ECONOMICO", "capitulo": "DEL HURTO", "articulo": "HURTO CALIFICADO. ART. 240 C.P.", "grado_deli": "AGRAVADO", "tipo_notic": "DENUNCIA", "caracteriz": "HURTO A PERSONAS", "modalidad": "ATRACO", "modo": "ARMA DE FUEGO", "motivo": null, "pais": "COLOMBIA", "dane_dep": 76, "departamen": "VALLE DEL CAUCA", "dane_mpio": 76001, "municipio": "CALI", "cod_comuna": 9.0, "comuna": "Comuna 9", "cod_barrio": 910.0, "nom_barrio": "Barrio Obrero", "direccion": "76001", "sitio": "SIN INFORMACION", "x": -76.51865386963, "y": 3.4497320652000001, "anio": 2024, "mes": "mayo", "dia": 5, "dia_semana": 1, "hora_hecho": "07:41", "barrio": null, "estrato": 2, "geom": "0101000020E6100000000000A0312153C0000000200D990B40", "fecha_hech": "2024-05-05 00:00:00", "Id": 0, "area": 136572.15568900001 }, "geometry": { "type": "Point", "coordinates": [ -76.51865386963, 3.4497320652 ] } },
{ "type": "Feature", "properties": { "dinamica": "HURTO", "titulo": "DELITOS CONTRA EL PATRIMONIO ECONOMICO", "capitulo": "DEL HURTO", "articulo": "HURTO CALIFICADO. ART. 240 C.P.", "grado_deli": "NINGUNO", "tipo_notic": "DENUNCIA", "caracteriz": "HURTO A PERSONAS", "modalidad": "ATRACO", "modo": "ARMA DE FUEGO", "motivo": null, "pais": "COLOMBIA", "dane_dep": 76, "departamen": "VALLE DEL CAUCA", "dane_mpio": 76001, "municipio": "CALI", "cod_comuna": 9.0, "comuna": "Comuna 9", "cod_barrio": 910.0, "nom_barrio": "Barrio Obrero", "direccion": "76001 CARRERA 10 CON CALLE 25, BARRIO OBRERO, CALI, VALLE DEL CAUCA", "sitio": "VIA PUBLICA", "x": -76.518577575679998, "y": 3.45025992393, "anio": 2024, "mes": "mayo", "dia": 6, "dia_semana": 2, "hora_hecho": "01:00", "barrio": "BARRIO OBRERO", "estrato": 2, "geom": "0101000020E610000000000060302153C0000000E0219A0B40", "fecha_hech": "2024-05-06 00:00:00", "Id": 0, "area": 136572.15568900001 }, "geometry": { "type": "Point", "coordinates": [ -76.518577575679998, 3.45025992393 ] } },
{ "type": "Feature", "properties": { "dinamica": "HURTO", "titulo": "DELITOS CONTRA EL PATRIMONIO ECONOMICO", "capitulo": "DEL HURTO", "articulo": "HURTO CALIFICADO. ART. 240 C.P.", "grado_deli": "AGRAVADO", "tipo_notic": "DENUNCIA", "caracteriz": "HURTO A PERSONAS", "modalidad": "ATRACO", "modo": "ARMA BLANCA", "motivo": null, "pais": "COLOMBIA", "dane_dep": 76, "departamen": "VALLE DEL CAUCA", "dane_mpio": 76001, "municipio": "CALI", "cod_comuna": 9.0, "comuna": "Comuna 9", "cod_barrio": 910.0, "nom_barrio": "Barrio Obrero", "direccion": "76001 CARRERA 11 22A 78", "sitio": "VIA PUBLICA", "x": -76.520248413090002, "y": 3.4488439559900002, "anio": 2024, "mes": "mayo", "dia": 6, "dia_semana": 2, "hora_hecho": "05:00", "barrio": "BARRIO OBRERO", "estrato": 2, "geom": "0101000020E6100000000000C04B2153C0000000803B970B40", "fecha_hech": "2024-05-06 00:00:00", "Id": 0, "area": 136572.15568900001 }, "geometry": { "type": "Point", "coordinates": [ -76.520248413090002, 3.44884395599 ] } },
{ "type": "Feature", "properties": { "dinamica": "HURTO", "titulo": "DELITOS CONTRA EL PATRIMONIO ECONOMICO", "capitulo": "DEL HURTO", "articulo": "HURTO CALIFICADO. ART. 240 C.P.", "grado_deli": "NINGUNO", "tipo_notic": "DENUNCIA", "caracteriz": "HURTO DE MOTOCICLETAS", "modalidad": "ATRACO", "modo": "ARMA DE FUEGO", "motivo": null, "pais": "COLOMBIA", "dane_dep": 76, "departamen": "VALLE DEL CAUCA", "dane_mpio": 76001, "municipio": "CALI", "cod_comuna": 9.0, "comuna": "Comuna 9", "cod_barrio": 910.0, "nom_barrio": "Barrio Obrero", "direccion": "76001 CARRERA 15 22A 1", "sitio": "VIA PUBLICA", "x": -76.519416809079999, "y": 3.4447360038800001, "anio": 2024, "mes": "mayo", "dia": 6, "dia_semana": 2, "hora_hecho": "20:40", "barrio": "BARRIO OBRERO", "estrato": 2, "geom": "0101000020E6100000000000203E2153C0000000C0D18E0B40", "fecha_hech": "2024-05-06 00:00:00", "Id": 0, "area": 136572.15568900001 }, "geometry": { "type": "Point", "coordinates": [ -76.519416809079999, 3.44473600388 ] } },
{ "type": "Feature", "properties": { "dinamica": "HURTO", "titulo": "DELITOS CONTRA EL PATRIMONIO ECONOMICO", "capitulo": "DEL HURTO", "articulo": "HURTO CALIFICADO. ART. 240 C.P.", "grado_deli": "NINGUNO", "tipo_notic": "DENUNCIA", "caracteriz": "HURTO A PERSONAS", "modalidad": "ATRACO", "modo": "ARMA DE FUEGO", "motivo": null, "pais": "COLOMBIA", "dane_dep": 76, "departamen": "VALLE DEL CAUCA", "dane_mpio": 76001, "municipio": "CALI", "cod_comuna": 9.0, "comuna": "Comuna 9", "cod_barrio": 910.0, "nom_barrio": "Barrio Obrero", "direccion": "76001 CARRERA 15 15, BARRIO OBRERO, CALI, VALLE DEL CAUCA", "sitio": "VIA PUBLICA", "x": -76.519561767580001, "y": 3.4446709156000002, "anio": 2024, "mes": "mayo", "dia": 8, "dia_semana": 4, "hora_hecho": "21:00", "barrio": "BARRIO OBRERO", "estrato": 2, "geom": "0101000020E610000000000080402153C0000000A0AF8E0B40", "fecha_hech": "2024-05-08 00:00:00", "Id": 0, "area": 136572.15568900001 }, "geometry": { "type": "Point", "coordinates": [ -76.519561767580001, 3.4446709156 ] } },
{ "type": "Feature", "properties": { "dinamica": "HURTO", "titulo": "DELITOS CONTRA EL PATRIMONIO ECONOMICO", "capitulo": "DEL HURTO", "articulo": "HURTO CALIFICADO. ART. 240 C.P.", "grado_deli": "NINGUNO", "tipo_notic": "DENUNCIA", "caracteriz": "HURTO A PERSONAS", "modalidad": "ATRACO", "modo": "ARMA DE FUEGO", "motivo": null, "pais": "COLOMBIA", "dane_dep": 76, "departamen": "VALLE DEL CAUCA", "dane_mpio": 76001, "municipio": "CALI", "cod_comuna": 9.0, "comuna": "Comuna 9", "cod_barrio": 910.0, "nom_barrio": "Barrio Obrero", "direccion": "76001 CALLE 24 9 52", "sitio": "VIA PUBLICA", "x": -76.519874572749998, "y": 3.4503779411300002, "anio": 2024, "mes": "mayo", "dia": 10, "dia_semana": 6, "hora_hecho": "05:00", "barrio": "BARRIO OBRERO", "estrato": 2, "geom": "0101000020E6100000000000A0452153C0000000C05F9A0B40", "fecha_hech": "2024-05-10 00:00:00", "Id": 0, "area": 136572.15568900001 }, "geometry": { "type": "Point", "coordinates": [ -76.519874572749998, 3.45037794113 ] } },
{ "type": "Feature", "properties": { "dinamica": "HURTO", "titulo": "DELITOS CONTRA EL PATRIMONIO ECONOMICO", "capitulo": "DEL HURTO", "articulo": "HURTO CALIFICADO. ART. 240 C.P.", "grado_deli": "AGRAVADO", "tipo_notic": "DENUNCIA", "caracteriz": "HURTO A PERSONAS", "modalidad": "RAPONAZO", "modo": null, "motivo": null, "pais": "COLOMBIA", "dane_dep": 76, "departamen": "VALLE DEL CAUCA", "dane_mpio": 76001, "municipio": "CALI", "cod_comuna": 9.0, "comuna": "Comuna 9", "cod_barrio": 910.0, "nom_barrio": "Barrio Obrero", "direccion": "76001 CARRERA 8 22A 48", "sitio": "DOMICILIO", "x": -76.521133422849999, "y": 3.4519600868200002, "anio": 2024, "mes": "mayo", "dia": 10, "dia_semana": 6, "hora_hecho": "11:00", "barrio": "BARRIO OBRERO", "estrato": 2, "geom": "0101000020E6100000000000405A2153C0000000409D9D0B40", "fecha_hech": "2024-05-10 00:00:00", "Id": 0, "area": 136572.15568900001 }, "geometry": { "type": "Point", "coordinates": [ -76.521133422849999, 3.45196008682 ] } },
{ "type": "Feature", "properties": { "dinamica": "HURTO", "titulo": "DELITOS CONTRA EL PATRIMONIO ECONOMICO", "capitulo": "DEL HURTO", "articulo": "HURTO CALIFICADO. ART. 240 C.P.", "grado_deli": "AGRAVADO", "tipo_notic": "DENUNCIA", "caracteriz": "HURTO A PERSONAS", "modalidad": "ATRACO", "modo": "ARMA DE FUEGO", "motivo": null, "pais": "COLOMBIA", "dane_dep": 76, "departamen": "VALLE DEL CAUCA", "dane_mpio": 76001, "municipio": "CALI", "cod_comuna": 9.0, "comuna": "Comuna 9", "cod_barrio": 910.0, "nom_barrio": "Barrio Obrero", "direccion": "76001 CALLE 25 13A 1", "sitio": "VIA PUBLICA", "x": -76.51865386963, "y": 3.44530510902, "anio": 2024, "mes": "mayo", "dia": 10, "dia_semana": 6, "hora_hecho": "18:30", "barrio": "BARRIO OBRERO", "estrato": 2, "geom": "0101000020E6100000000000A0312153C000000020FC8F0B40", "fecha_hech": "2024-05-10 00:00:00", "Id": 0, "area": 136572.15568900001 }, "geometry": { "type": "Point", "coordinates": [ -76.51865386963, 3.44530510902 ] } },
{ "type": "Feature", "properties": { "dinamica": "HURTO", "titulo": "DELITOS CONTRA EL PATRIMONIO ECONOMICO", "capitulo": "DEL HURTO", "articulo": "HURTO CALIFICADO. ART. 240 C.P.", "grado_deli": "AGRAVADO", "tipo_notic": "DENUNCIA", "caracteriz": "HURTO A PERSONAS", "modalidad": "ATRACO", "modo": "ARMA DE FUEGO", "motivo": null, "pais": "COLOMBIA", "dane_dep": 76, "departamen": "VALLE DEL CAUCA", "dane_mpio": 76001, "municipio": "CALI", "cod_comuna": 9.0, "comuna": "Comuna 9", "cod_barrio": 910.0, "nom_barrio": "Barrio Obrero", "direccion": "76001 Calle 25 con Carrera 8, San Nicolas, Cali, Valle del Cauca, COL,BARRIO OBRERO", "sitio": "SIN INFORMACION", "x": -76.519096374509999, "y": 3.4528179168699999, "anio": 2024, "mes": "mayo", "dia": 11, "dia_semana": 7, "hora_hecho": "10:00", "barrio": "BARRIO OBRERO", "estrato": 2, "geom": "0101000020E6100000000000E0382153C0000000005F9F0B40", "fecha_hech": "2024-05-11 00:00:00", "Id": 0, "area": 136572.15568900001 }, "geometry": { "type": "Point", "coordinates": [ -76.519096374509999, 3.45281791687 ] } },
{ "type": "Feature", "properties": { "dinamica": "HURTO", "titulo": "DELITOS CONTRA EL PATRIMONIO ECONOMICO", "capitulo": "DEL HURTO", "articulo": "HURTO CALIFICADO. ART. 240 C.P.", "grado_deli": "NINGUNO", "tipo_notic": "DENUNCIA", "caracteriz": "HURTO DE AUTOPARTES", "modalidad": "VIOLACION DE CERRADURA", "modo": null, "motivo": null, "pais": "COLOMBIA", "dane_dep": 76, "departamen": "VALLE DEL CAUCA", "dane_mpio": 76001, "municipio": "CALI", "cod_comuna": 9.0, "comuna": "Comuna 9", "cod_barrio": 910.0, "nom_barrio": "Barrio Obrero", "direccion": "76001 Calle 22, Barrio Obrero, Cali, Valle del Cauca, COL,BARRIO OBRERO", "sitio": "SIN INFORMACION", "x": -76.521339416499998, "y": 3.44683289528, "anio": 2024, "mes": "mayo", "dia": 13, "dia_semana": 2, "hora_hecho": "02:30", "barrio": "BARRIO OBRERO", "estrato": 2, "geom": "0101000020E6100000000000A05D2153C0000000201D930B40", "fecha_hech": "2024-05-13 00:00:00", "Id": 0, "area": 136572.15568900001 }, "geometry": { "type": "Point", "coordinates": [ -76.521339416499998, 3.44683289528 ] } },
{ "type": "Feature", "properties": { "dinamica": "HURTO", "titulo": "DELITOS CONTRA EL PATRIMONIO ECONOMICO", "capitulo": "DEL HURTO", "articulo": "HURTO. ART. 239 C.P.", "grado_deli": "NINGUNO", "tipo_notic": "DENUNCIA", "caracteriz": "HURTO A ESTABLECIMIENTOS", "modalidad": "FACTOR DE OPORTUNIDAD", "modo": null, "motivo": null, "pais": "COLOMBIA", "dane_dep": 76, "departamen": "VALLE DEL CAUCA", "dane_mpio": 76001, "municipio": "CALI", "cod_comuna": 9.0, "comuna": "Comuna 9", "cod_barrio": 910.0, "nom_barrio": "Barrio Obrero", "direccion": "76001 Carrera 12 con Calle 24, Barrio Obrero, Cali, Valle del Cauca, COL,BARRIO OBRERO", "sitio": "SIN INFORMACION", "x": -76.518661499019998, "y": 3.4467070102699999, "anio": 2024, "mes": "mayo", "dia": 18, "dia_semana": 7, "hora_hecho": "22:00", "barrio": "BARRIO OBRERO", "estrato": 2, "geom": "0101000020E6100000000000C0312153C000000020DB920B40", "fecha_hech": "2024-05-18 00:00:00", "Id": 0, "area": 136572.15568900001 }, "geometry": { "type": "Point", "coordinates": [ -76.518661499019998, 3.44670701027 ] } },
{ "type": "Feature", "properties": { "dinamica": "HURTO", "titulo": "DELITOS CONTRA EL PATRIMONIO ECONOMICO", "capitulo": "DEL HURTO", "articulo": "HURTO CALIFICADO. ART. 240 C.P.", "grado_deli": "NINGUNO", "tipo_notic": "DENUNCIA", "caracteriz": "HURTO DE MOTOCICLETAS", "modalidad": "ATRACO", "modo": "ARMA DE FUEGO", "motivo": null, "pais": "COLOMBIA", "dane_dep": 76, "departamen": "VALLE DEL CAUCA", "dane_mpio": 76001, "municipio": "CALI", "cod_comuna": 9.0, "comuna": "Comuna 9", "cod_barrio": 910.0, "nom_barrio": "Barrio Obrero", "direccion": "76001 CARRERA 10 CON CALLE 24, BARRIO OBRERO, CALI, VALLE DEL CAUCA", "sitio": "VIA PUBLICA", "x": -76.519409179690001, "y": 3.4501049518600002, "anio": 2024, "mes": "mayo", "dia": 20, "dia_semana": 2, "hora_hecho": "00:00", "barrio": "BARRIO OBRERO", "estrato": 2, "geom": "0101000020E6100000000000003E2153C0000000A0D0990B40", "fecha_hech": "2024-05-20 00:00:00", "Id": 0, "area": 136572.15568900001 }, "geometry": { "type": "Point", "coordinates": [ -76.519409179690001, 3.45010495186 ] } },
{ "type": "Feature", "properties": { "dinamica": "HURTO", "titulo": "DELITOS CONTRA EL PATRIMONIO ECONOMICO", "capitulo": "DEL HURTO", "articulo": "HURTO CALIFICADO. ART. 240 C.P.", "grado_deli": "NINGUNO", "tipo_notic": "DENUNCIA", "caracteriz": "HURTO A PERSONAS", "modalidad": "ATRACO", "modo": "ARMA BLANCA", "motivo": null, "pais": "COLOMBIA", "dane_dep": 76, "departamen": "VALLE DEL CAUCA", "dane_mpio": 76001, "municipio": "CALI", "cod_comuna": 9.0, "comuna": "Comuna 9", "cod_barrio": 910.0, "nom_barrio": "Barrio Obrero", "direccion": "76001 CALLE 23 CON CARRERA 11, BARRIO OBRERO, CALI, VALLE DEL CAUCA", "sitio": "VIA PUBLICA", "x": -76.5200881958, "y": 3.4490609169000002, "anio": 2024, "mes": "mayo", "dia": 21, "dia_semana": 3, "hora_hecho": "05:00", "barrio": "BARRIO OBRERO", "estrato": 2, "geom": "0101000020E610000000000020492153C000000040AD970B40", "fecha_hech": "2024-05-21 00:00:00", "Id": 0, "area": 136572.15568900001 }, "geometry": { "type": "Point", "coordinates": [ -76.5200881958, 3.4490609169 ] } },
{ "type": "Feature", "properties": { "dinamica": "HURTO", "titulo": "DELITOS CONTRA EL PATRIMONIO ECONOMICO", "capitulo": "DEL HURTO", "articulo": "HURTO CALIFICADO. ART. 240 C.P.", "grado_deli": "NINGUNO", "tipo_notic": "DENUNCIA", "caracteriz": "HURTO A PERSONAS", "modalidad": "ATRACO", "modo": "ARMA DE FUEGO", "motivo": null, "pais": "COLOMBIA", "dane_dep": 76, "departamen": "VALLE DEL CAUCA", "dane_mpio": 76001, "municipio": "CALI", "cod_comuna": 9.0, "comuna": "Comuna 9", "cod_barrio": 910.0, "nom_barrio": "Barrio Obrero", "direccion": "76001 CARRERA 8 23-37, SAN NICOLAS, CALI, VALLE DEL CAUCA", "sitio": "VIA PUBLICA", "x": -76.520294189449999, "y": 3.4524929523500001, "anio": 2024, "mes": "mayo", "dia": 22, "dia_semana": 4, "hora_hecho": "11:30", "barrio": "BARRIO OBRERO", "estrato": 2, "geom": "0101000020E6100000000000804C2153C0000000A0B49E0B40", "fecha_hech": "2024-05-22 00:00:00", "Id": 0, "area": 136572.15568900001 }, "geometry": { "type": "Point", "coordinates": [ -76.520294189449999, 3.45249295235 ] } },
{ "type": "Feature", "properties": { "dinamica": "HURTO", "titulo": "DELITOS CONTRA EL PATRIMONIO ECONOMICO", "capitulo": "DEL HURTO", "articulo": "HURTO. ART. 239 C.P.", "grado_deli": "AGRAVADO", "tipo_notic": "DENUNCIA", "caracteriz": "HURTO A PERSONAS", "modalidad": "FACTOR DE OPORTUNIDAD", "modo": null, "motivo": null, "pais": "COLOMBIA", "dane_dep": 76, "departamen": "VALLE DEL CAUCA", "dane_mpio": 76001, "municipio": "CALI", "cod_comuna": 9.0, "comuna": "Comuna 9", "cod_barrio": 910.0, "nom_barrio": "Barrio Obrero", "direccion": "76001 CARRERA 10 24 59", "sitio": "ESTABLECIMIENTO DE COMERCIO", "x": -76.51887512207, "y": 3.4501359462700001, "anio": 2024, "mes": "mayo", "dia": 27, "dia_semana": 2, "hora_hecho": "15:51", "barrio": "BARRIO OBRERO", "estrato": 2, "geom": "0101000020E610000000000040352153C0000000E0E0990B40", "fecha_hech": "2024-05-27 00:00:00", "Id": 0, "area": 136572.15568900001 }, "geometry": { "type": "Point", "coordinates": [ -76.51887512207, 3.45013594627 ] } },
{ "type": "Feature", "properties": { "dinamica": "HURTO", "titulo": "DELITOS CONTRA EL PATRIMONIO ECONOMICO", "capitulo": "DEL HURTO", "articulo": "HURTO. ART. 239 C.P.", "grado_deli": "NINGUNO", "tipo_notic": "QUERELLA", "caracteriz": "HURTO A PERSONAS", "modalidad": "COSQUILLEO", "modo": null, "motivo": null, "pais": "COLOMBIA", "dane_dep": 76, "departamen": "VALLE DEL CAUCA", "dane_mpio": 76001, "municipio": "CALI", "cod_comuna": 9.0, "comuna": "Comuna 9", "cod_barrio": 910.0, "nom_barrio": "Barrio Obrero", "direccion": "76001 CARRERA 8 23 198", "sitio": "VIA PUBLICA", "x": -76.519958496089998, "y": 3.4526278972600002, "anio": 2024, "mes": "mayo", "dia": 28, "dia_semana": 3, "hora_hecho": "02:30", "barrio": "BARRIO OBRERO", "estrato": 2, "geom": "0101000020E610000000000000472153C000000060FB9E0B40", "fecha_hech": "2024-05-28 00:00:00", "Id": 0, "area": 136572.15568900001 }, "geometry": { "type": "Point", "coordinates": [ -76.519958496089998, 3.45262789726 ] } },
{ "type": "Feature", "properties": { "dinamica": "HURTO", "titulo": "DELITOS CONTRA EL PATRIMONIO ECONOMICO", "capitulo": "DEL HURTO", "articulo": "HURTO. ART. 239 C.P.", "grado_deli": "NINGUNO", "tipo_notic": "QUERELLA", "caracteriz": "HURTO DE AUTOPARTES", "modalidad": "FACTOR DE OPORTUNIDAD", "modo": null, "motivo": null, "pais": "COLOMBIA", "dane_dep": 76, "departamen": "VALLE DEL CAUCA", "dane_mpio": 76001, "municipio": "CALI", "cod_comuna": 9.0, "comuna": "Comuna 9", "cod_barrio": 910.0, "nom_barrio": "Barrio Obrero", "direccion": "76001 CARRERA 15 9, BARRIO OBRERO, CALI, VALLE DEL CAUCA", "sitio": "PARQUEADERO", "x": -76.519638061519998, "y": 3.4446399211899998, "anio": 2024, "mes": "mayo", "dia": 30, "dia_semana": 5, "hora_hecho": "04:39", "barrio": "BARRIO OBRERO", "estrato": 2, "geom": "0101000020E6100000000000C0412153C0000000609F8E0B40", "fecha_hech": "2024-05-30 00:00:00", "Id": 0, "area": 136572.15568900001 }, "geometry": { "type": "Point", "coordinates": [ -76.519638061519998, 3.44463992119 ] } },
{ "type": "Feature", "properties": { "dinamica": "HURTO", "titulo": "DELITOS CONTRA EL PATRIMONIO ECONOMICO", "capitulo": "DEL HURTO", "articulo": "HURTO CALIFICADO. ART. 240 C.P.", "grado_deli": "NINGUNO", "tipo_notic": "DENUNCIA", "caracteriz": "HURTO A PERSONAS", "modalidad": "ATRACO", "modo": "ARMA DE FUEGO", "motivo": null, "pais": "COLOMBIA", "dane_dep": 76, "departamen": "VALLE DEL CAUCA", "dane_mpio": 76001, "municipio": "CALI", "cod_comuna": 9.0, "comuna": "Comuna 9", "cod_barrio": 910.0, "nom_barrio": "Barrio Obrero", "direccion": "76001 CALLE 22, BARRIO OBRERO, CALI, VALLE DEL CAUCA", "sitio": "VIA PUBLICA", "x": -76.522186279300001, "y": 3.4507930278800001, "anio": 2024, "mes": "mayo", "dia": 31, "dia_semana": 6, "hora_hecho": "20:30", "barrio": "BARRIO OBRERO", "estrato": 2, "geom": "0101000020E6100000000000806B2153C000000060399B0B40", "fecha_hech": "2024-05-31 00:00:00", "Id": 0, "area": 136572.15568900001 }, "geometry": { "type": "Point", "coordinates": [ -76.522186279300001, 3.45079302788 ] } },
{ "type": "Feature", "properties": { "dinamica": "HURTO", "titulo": "DELITOS CONTRA EL PATRIMONIO ECONOMICO", "capitulo": "DEL HURTO", "articulo": "HURTO. ART. 239 C.P.", "grado_deli": "NINGUNO", "tipo_notic": "DENUNCIA", "caracteriz": "HURTO A PERSONAS", "modalidad": "RAPONAZO", "modo": null, "motivo": null, "pais": "COLOMBIA", "dane_dep": 76, "departamen": "VALLE DEL CAUCA", "dane_mpio": 76001, "municipio": "CALI", "cod_comuna": 9.0, "comuna": "Comuna 9", "cod_barrio": 910.0, "nom_barrio": "Barrio Obrero", "direccion": "76001 BARRIO/LOCALIDAD/COMUNA:BARRIO OBRERO/COMUNA 9,CALI/VALLE DEL CAUCA,BARRIO OBRERO", "sitio": "SIN INFORMACION", "x": -76.520149230960001, "y": 3.4495179653200001, "anio": 2024, "mes": "junio", "dia": 1, "dia_semana": 7, "hora_hecho": "23:00", "barrio": "BARRIO OBRERO", "estrato": 2, "geom": "0101000020E6100000000000204A2153C0000000E09C980B40", "fecha_hech": "2024-06-01 00:00:00", "Id": 0, "area": 136572.15568900001 }, "geometry": { "type": "Point", "coordinates": [ -76.520149230960001, 3.44951796532 ] } },
{ "type": "Feature", "properties": { "dinamica": "HURTO", "titulo": "DELITOS CONTRA EL PATRIMONIO ECONOMICO", "capitulo": "DEL HURTO", "articulo": "HURTO CALIFICADO. ART. 240 C.P.", "grado_deli": "NINGUNO", "tipo_notic": "DENUNCIA", "caracteriz": "HURTO DE MOTOCICLETAS", "modalidad": "ATRACO", "modo": "ARMA DE FUEGO", "motivo": null, "pais": "COLOMBIA", "dane_dep": 76, "departamen": "VALLE DEL CAUCA", "dane_mpio": 76001, "municipio": "CALI", "cod_comuna": 9.0, "comuna": "Comuna 9", "cod_barrio": 910.0, "nom_barrio": "Barrio Obrero", "direccion": "76001 CARRERA 12 24 49", "sitio": "VIA PUBLICA", "x": -76.518424987789999, "y": 3.4467930793799999, "anio": 2024, "mes": "junio", "dia": 7, "dia_semana": 6, "hora_hecho": "02:00", "barrio": "BARRIO OBRERO", "estrato": 2, "geom": "0101000020E6100000000000E02D2153C00000004008930B40", "fecha_hech": "2024-06-07 00:00:00", "Id": 0, "area": 136572.15568900001 }, "geometry": { "type": "Point", "coordinates": [ -76.518424987789999, 3.44679307938 ] } },
{ "type": "Feature", "properties": { "dinamica": "HURTO", "titulo": "DELITOS CONTRA EL PATRIMONIO ECONOMICO", "capitulo": "DEL HURTO", "articulo": "HURTO CALIFICADO. ART. 240 C.P.", "grado_deli": "AGRAVADO", "tipo_notic": "DENUNCIA", "caracteriz": "HURTO A ESTABLECIMIENTOS", "modalidad": "ATRACO", "modo": "ARMA DE FUEGO", "motivo": null, "pais": "COLOMBIA", "dane_dep": 76, "departamen": "VALLE DEL CAUCA", "dane_mpio": 76001, "municipio": "CALI", "cod_comuna": 9.0, "comuna": "Comuna 9", "cod_barrio": 910.0, "nom_barrio": "Barrio Obrero", "direccion": "76001 CALLE 22A 11 05, SANTIAGO DE CALI, CALI, VALLE DEL CAUCA", "sitio": "ESTABLECIMIENTO DE COMERCIO", "x": -76.52075958252, "y": 3.4487969875300002, "anio": 2024, "mes": "junio", "dia": 7, "dia_semana": 6, "hora_hecho": "11:30", "barrio": "BARRIO OBRERO", "estrato": 2, "geom": "0101000020E610000000000020542153C0000000E022970B40", "fecha_hech": "2024-06-07 00:00:00", "Id": 0, "area": 136572.15568900001 }, "geometry": { "type": "Point", "coordinates": [ -76.52075958252, 3.44879698753 ] } },
{ "type": "Feature", "properties": { "dinamica": "HURTO", "titulo": "DELITOS CONTRA EL PATRIMONIO ECONOMICO", "capitulo": "DEL HURTO", "articulo": "HURTO CALIFICADO. ART. 240 C.P.", "grado_deli": "AGRAVADO", "tipo_notic": "DENUNCIA", "caracteriz": "HURTO A PERSONAS", "modalidad": "ATRACO", "modo": "ARMA DE FUEGO", "motivo": null, "pais": "COLOMBIA", "dane_dep": 76, "departamen": "VALLE DEL CAUCA", "dane_mpio": 76001, "municipio": "CALI", "cod_comuna": 9.0, "comuna": "Comuna 9", "cod_barrio": 910.0, "nom_barrio": "Barrio Obrero", "direccion": "76001 CALLE 21 8 35", "sitio": "VIA PUBLICA", "x": -76.523040771479998, "y": 3.4515490531899999, "anio": 2024, "mes": "junio", "dia": 8, "dia_semana": 7, "hora_hecho": "16:50", "barrio": "BARRIO OBRERO", "estrato": 2, "geom": "0101000020E610000000000080792153C0000000C0C59C0B40", "fecha_hech": "2024-06-08 00:00:00", "Id": 0, "area": 136572.15568900001 }, "geometry": { "type": "Point", "coordinates": [ -76.523040771479998, 3.45154905319 ] } },
{ "type": "Feature", "properties": { "dinamica": "HURTO", "titulo": "DELITOS CONTRA EL PATRIMONIO ECONOMICO", "capitulo": "DEL HURTO", "articulo": "HURTO. ART. 239 C.P.", "grado_deli": "NINGUNO", "tipo_notic": "DENUNCIA", "caracteriz": "HURTO A ESTABLECIMIENTOS", "modalidad": "FACTOR DE OPORTUNIDAD", "modo": null, "motivo": null, "pais": "COLOMBIA", "dane_dep": 76, "departamen": "VALLE DEL CAUCA", "dane_mpio": 76001, "municipio": "CALI", "cod_comuna": 9.0, "comuna": "Comuna 9", "cod_barrio": 910.0, "nom_barrio": "Barrio Obrero", "direccion": "76001 CARRERA 8 24 80", "sitio": "ESTABLECIMIENTO DE COMERCIO", "x": -76.51929473877, "y": 3.4527831077600002, "anio": 2024, "mes": "junio", "dia": 11, "dia_semana": 3, "hora_hecho": "04:47", "barrio": "BARRIO OBRERO", "estrato": 2, "geom": "0101000020E6100000000000203C2153C0000000C04C9F0B40", "fecha_hech": "2024-06-11 00:00:00", "Id": 0, "area": 136572.15568900001 }, "geometry": { "type": "Point", "coordinates": [ -76.51929473877, 3.45278310776 ] } },
{ "type": "Feature", "properties": { "dinamica": "HURTO", "titulo": "DELITOS CONTRA EL PATRIMONIO ECONOMICO", "capitulo": "DEL HURTO", "articulo": "HURTO. ART. 239 C.P.", "grado_deli": "NINGUNO", "tipo_notic": "QUERELLA", "caracteriz": "HURTO A PERSONAS", "modalidad": "ATRACO", "modo": "ARMA BLANCA", "motivo": null, "pais": "COLOMBIA", "dane_dep": 76, "departamen": "VALLE DEL CAUCA", "dane_mpio": 76001, "municipio": "CALI", "cod_comuna": 9.0, "comuna": "Comuna 9", "cod_barrio": 910.0, "nom_barrio": "Barrio Obrero", "direccion": "76001 CARRERA 15 33, BARRIO OBRERO, CALI, VALLE DEL CAUCA", "sitio": "VIA PUBLICA", "x": -76.519340515140001, "y": 3.4447660446200001, "anio": 2024, "mes": "junio", "dia": 12, "dia_semana": 4, "hora_hecho": "14:00", "barrio": "BARRIO OBRERO", "estrato": 2, "geom": "0101000020E6100000000000E03C2153C000000080E18E0B40", "fecha_hech": "2024-06-12 00:00:00", "Id": 0, "area": 136572.15568900001 }, "geometry": { "type": "Point", "coordinates": [ -76.519340515140001, 3.44476604462 ] } },
{ "type": "Feature", "properties": { "dinamica": "HURTO", "titulo": "DELITOS CONTRA EL PATRIMONIO ECONOMICO", "capitulo": "DEL HURTO", "articulo": "HURTO. ART. 239 C.P.", "grado_deli": "NINGUNO", "tipo_notic": "DENUNCIA", "caracteriz": "HURTO A PERSONAS", "modalidad": "RAPONAZO", "modo": null, "motivo": null, "pais": "COLOMBIA", "dane_dep": 76, "departamen": "VALLE DEL CAUCA", "dane_mpio": 76001, "municipio": "CALI", "cod_comuna": 9.0, "comuna": "Comuna 9", "cod_barrio": 910.0, "nom_barrio": "Barrio Obrero", "direccion": "76001 CARRERA 11 22A 30, SANTIAGO DE CALI, CALI, VALLE DEL CAUCA", "sitio": "VIA PUBLICA", "x": -76.520347595209998, "y": 3.4487929344200001, "anio": 2024, "mes": "junio", "dia": 13, "dia_semana": 5, "hora_hecho": "05:06", "barrio": "BARRIO OBRERO", "estrato": 2, "geom": "0101000020E6100000000000604D2153C0000000C020970B40", "fecha_hech": "2024-06-13 00:00:00", "Id": 0, "area": 136572.15568900001 }, "geometry": { "type": "Point", "coordinates": [ -76.520347595209998, 3.44879293442 ] } },
{ "type": "Feature", "properties": { "dinamica": "HURTO", "titulo": "DELITOS CONTRA EL PATRIMONIO ECONOMICO", "capitulo": "DEL HURTO", "articulo": "HURTO CALIFICADO. ART. 240 C.P.", "grado_deli": "AGRAVADO", "tipo_notic": "DENUNCIA", "caracteriz": "HURTO A ESTABLECIMIENTOS", "modalidad": "VIOLACION DE CERRADURA", "modo": null, "motivo": null, "pais": "COLOMBIA", "dane_dep": 76, "departamen": "VALLE DEL CAUCA", "dane_mpio": 76001, "municipio": "CALI", "cod_comuna": 9.0, "comuna": "Comuna 9", "cod_barrio": 910.0, "nom_barrio": "Barrio Obrero", "direccion": "76001 Calle 25 6-50, Barrio Obrero, Cali, Valle del Cauca, COL,BARRIO OBRERO", "sitio": "SIN INFORMACION", "x": -76.518363952640001, "y": 3.4476220607800001, "anio": 2024, "mes": "junio", "dia": 14, "dia_semana": 6, "hora_hecho": "17:10", "barrio": "BARRIO OBRERO", "estrato": 2, "geom": "0101000020E6100000000000E02C2153C0000000E0BA940B40", "fecha_hech": "2024-06-14 00:00:00", "Id": 0, "area": 136572.15568900001 }, "geometry": { "type": "Point", "coordinates": [ -76.518363952640001, 3.44762206078 ] } },
{ "type": "Feature", "properties": { "dinamica": "HURTO", "titulo": "DELITOS CONTRA EL PATRIMONIO ECONOMICO", "capitulo": "DEL HURTO", "articulo": "HURTO. ART. 239 C.P.", "grado_deli": "AGRAVADO", "tipo_notic": "ACTOS URGENTES", "caracteriz": "HURTO A CELULARES", "modalidad": "RAPONAZO", "modo": null, "motivo": "SIN DETERMINAR", "pais": "COLOMBIA", "dane_dep": 76, "departamen": "VALLE DEL CAUCA", "dane_mpio": 76001, "municipio": "CALI", "cod_comuna": 9.0, "comuna": "Comuna 9", "cod_barrio": 910.0, "nom_barrio": "Barrio Obrero", "direccion": "76001 CARRERA 15 13A, BARRIO OBRERO, CALI, VALLE DEL CAUCA", "sitio": "ESTACION TRANSPORTE MASIVO", "x": -76.519584655759999, "y": 3.4446609020199999, "anio": 2024, "mes": "junio", "dia": 15, "dia_semana": 7, "hora_hecho": "16:40", "barrio": "BARRIO OBRERO", "estrato": 2, "geom": "0101000020E6100000000000E0402153C000000060AA8E0B40", "fecha_hech": "2024-06-15 00:00:00", "Id": 0, "area": 136572.15568900001 }, "geometry": { "type": "Point", "coordinates": [ -76.519584655759999, 3.44466090202 ] } },
{ "type": "Feature", "properties": { "dinamica": "HURTO", "titulo": "DELITOS CONTRA EL PATRIMONIO ECONOMICO", "capitulo": "DEL HURTO", "articulo": "HURTO CALIFICADO. ART. 240 C.P.", "grado_deli": "NINGUNO", "tipo_notic": "DENUNCIA", "caracteriz": "HURTO A PERSONAS", "modalidad": "VIOLACION DE CERRADURA", "modo": null, "motivo": null, "pais": "COLOMBIA", "dane_dep": 76, "departamen": "VALLE DEL CAUCA", "dane_mpio": 76001, "municipio": "CALI", "cod_comuna": 9.0, "comuna": "Comuna 9", "cod_barrio": 910.0, "nom_barrio": "Barrio Obrero", "direccion": "76001 Calle 23, Barrio Obrero, Cali, Valle del Cauca, COL,BARRIO OBRERO", "sitio": "SIN INFORMACION", "x": -76.51993560791, "y": 3.4484190940900001, "anio": 2024, "mes": "junio", "dia": 15, "dia_semana": 7, "hora_hecho": "19:00", "barrio": "BARRIO OBRERO", "estrato": 2, "geom": "0101000020E6100000000000A0462153C0000000C05C960B40", "fecha_hech": "2024-06-15 00:00:00", "Id": 0, "area": 136572.15568900001 }, "geometry": { "type": "Point", "coordinates": [ -76.51993560791, 3.44841909409 ] } },
{ "type": "Feature", "properties": { "dinamica": "HURTO", "titulo": "DELITOS CONTRA EL PATRIMONIO ECONOMICO", "capitulo": "DEL HURTO", "articulo": "HURTO. ART. 239 C.P.", "grado_deli": "NINGUNO", "tipo_notic": "QUERELLA", "caracteriz": "HURTO A PERSONAS", "modalidad": "FACTOR DE OPORTUNIDAD", "modo": null, "motivo": null, "pais": "COLOMBIA", "dane_dep": 76, "departamen": "VALLE DEL CAUCA", "dane_mpio": 76001, "municipio": "CALI", "cod_comuna": 9.0, "comuna": "Comuna 9", "cod_barrio": 910.0, "nom_barrio": "Barrio Obrero", "direccion": "76001 Barrio Obrero, Cali, Valle del Cauca, COL,BARRIO OBRERO", "sitio": "SIN INFORMACION", "x": -76.520530700679998, "y": 3.4482779502900001, "anio": 2024, "mes": "junio", "dia": 16, "dia_semana": 1, "hora_hecho": "13:02", "barrio": "BARRIO OBRERO", "estrato": 2, "geom": "0101000020E610000000000060502153C0000000C012960B40", "fecha_hech": "2024-06-16 00:00:00", "Id": 0, "area": 136572.15568900001 }, "geometry": { "type": "Point", "coordinates": [ -76.520530700679998, 3.44827795029 ] } },
{ "type": "Feature", "properties": { "dinamica": "HURTO", "titulo": "DELITOS CONTRA EL PATRIMONIO ECONOMICO", "capitulo": "DEL HURTO", "articulo": "HURTO. ART. 239 C.P.", "grado_deli": "NINGUNO", "tipo_notic": "QUERELLA", "caracteriz": "HURTO A PERSONAS", "modalidad": "FACTOR DE OPORTUNIDAD", "modo": null, "motivo": null, "pais": "COLOMBIA", "dane_dep": 76, "departamen": "VALLE DEL CAUCA", "dane_mpio": 76001, "municipio": "CALI", "cod_comuna": 9.0, "comuna": "Comuna 9", "cod_barrio": 910.0, "nom_barrio": "Barrio Obrero", "direccion": "76001 CARRERA 15 15, BARRIO OBRERO, CALI, VALLE DEL CAUCA", "sitio": "VIA PUBLICA", "x": -76.519561767580001, "y": 3.4446709156000002, "anio": 2024, "mes": "junio", "dia": 17, "dia_semana": 2, "hora_hecho": "07:49", "barrio": "BARRIO OBRERO", "estrato": 2, "geom": "0101000020E610000000000080402153C0000000A0AF8E0B40", "fecha_hech": "2024-06-17 00:00:00", "Id": 0, "area": 136572.15568900001 }, "geometry": { "type": "Point", "coordinates": [ -76.519561767580001, 3.4446709156 ] } },
{ "type": "Feature", "properties": { "dinamica": "HURTO", "titulo": "DELITOS CONTRA EL PATRIMONIO ECONOMICO", "capitulo": "DEL HURTO", "articulo": "HURTO CALIFICADO. ART. 240 C.P.", "grado_deli": "NINGUNO", "tipo_notic": "DENUNCIA", "caracteriz": "HURTO A CELULARES", "modalidad": "ATRACO", "modo": "ARMA DE FUEGO", "motivo": "SIN DETERMINAR", "pais": "COLOMBIA", "dane_dep": 76, "departamen": "VALLE DEL CAUCA", "dane_mpio": 76001, "municipio": "CALI", "cod_comuna": 9.0, "comuna": "Comuna 9", "cod_barrio": 910.0, "nom_barrio": "Barrio Obrero", "direccion": "76001 CALLE 25 CON CARRERA 8, SAN NICOLAS, CALI, VALLE DEL CAUCA", "sitio": "VEHICULO TAXI", "x": -76.519096374509999, "y": 3.4528179168699999, "anio": 2024, "mes": "junio", "dia": 20, "dia_semana": 5, "hora_hecho": "18:30", "barrio": "BARRIO OBRERO", "estrato": 2, "geom": "0101000020E6100000000000E0382153C0000000005F9F0B40", "fecha_hech": "2024-06-20 00:00:00", "Id": 0, "area": 136572.15568900001 }, "geometry": { "type": "Point", "coordinates": [ -76.519096374509999, 3.45281791687 ] } },
{ "type": "Feature", "properties": { "dinamica": "HURTO", "titulo": "DELITOS CONTRA EL PATRIMONIO ECONOMICO", "capitulo": "DEL HURTO", "articulo": "HURTO. ART. 239 C.P.", "grado_deli": "AGRAVADO", "tipo_notic": "DENUNCIA", "caracteriz": "HURTO DE AUTOPARTES", "modalidad": "FACTOR DE OPORTUNIDAD", "modo": null, "motivo": null, "pais": "COLOMBIA", "dane_dep": 76, "departamen": "VALLE DEL CAUCA", "dane_mpio": 76001, "municipio": "CALI", "cod_comuna": 9.0, "comuna": "Comuna 9", "cod_barrio": 910.0, "nom_barrio": "Barrio Obrero", "direccion": "76001 Calle 22 8a 64, Santiago De Cali, Cali, Valle Del Cauca, COL,BARRIO OBRERO", "sitio": "SIN INFORMACION", "x": -76.522186279300001, "y": 3.4504659175899999, "anio": 2024, "mes": "junio", "dia": 21, "dia_semana": 6, "hora_hecho": "09:00", "barrio": "BARRIO OBRERO", "estrato": 2, "geom": "0101000020E6100000000000806B2153C0000000E08D9A0B40", "fecha_hech": "2024-06-21 00:00:00", "Id": 0, "area": 136572.15568900001 }, "geometry": { "type": "Point", "coordinates": [ -76.522186279300001, 3.45046591759 ] } },
{ "type": "Feature", "properties": { "dinamica": "HURTO", "titulo": "DELITOS CONTRA EL PATRIMONIO ECONOMICO", "capitulo": "DEL HURTO", "articulo": "HURTO CALIFICADO. ART. 240 C.P.", "grado_deli": "NINGUNO", "tipo_notic": "DENUNCIA", "caracteriz": "HURTO DE MOTOCICLETAS", "modalidad": "FACTOR DE OPORTUNIDAD", "modo": null, "motivo": null, "pais": "COLOMBIA", "dane_dep": 76, "departamen": "VALLE DEL CAUCA", "dane_mpio": 76001, "municipio": "CALI", "cod_comuna": 9.0, "comuna": "Comuna 9", "cod_barrio": 910.0, "nom_barrio": "Barrio Obrero", "direccion": "76001 CARRERA 9 21-73, BARRIO OBRERO, CALI, VALLE DEL CAUCA", "sitio": "ESTABLECIMIENTO DE COMERCIO", "x": -76.52239227295, "y": 3.4503860473599999, "anio": 2024, "mes": "junio", "dia": 21, "dia_semana": 6, "hora_hecho": "09:00", "barrio": "BARRIO OBRERO", "estrato": 2, "geom": "0101000020E6100000000000E06E2153C000000000649A0B40", "fecha_hech": "2024-06-21 00:00:00", "Id": 0, "area": 136572.15568900001 }, "geometry": { "type": "Point", "coordinates": [ -76.52239227295, 3.45038604736 ] } },
{ "type": "Feature", "properties": { "dinamica": "HURTO", "titulo": "DELITOS CONTRA EL PATRIMONIO ECONOMICO", "capitulo": "DEL HURTO", "articulo": "HURTO. ART. 239 C.P.", "grado_deli": "NINGUNO", "tipo_notic": "QUERELLA", "caracteriz": "HURTO A PERSONAS", "modalidad": "COSQUILLEO", "modo": null, "motivo": null, "pais": "COLOMBIA", "dane_dep": 76, "departamen": "VALLE DEL CAUCA", "dane_mpio": 76001, "municipio": "CALI", "cod_comuna": 9.0, "comuna": "Comuna 9", "cod_barrio": 910.0, "nom_barrio": "Barrio Obrero", "direccion": "76001 CARRERA 15 13, BARRIO OBRERO, CALI, VALLE DEL CAUCA", "sitio": "TRANSPORTE MASIVO", "x": -76.519584655759999, "y": 3.4446609020199999, "anio": 2024, "mes": "junio", "dia": 22, "dia_semana": 7, "hora_hecho": "08:15", "barrio": "BARRIO OBRERO", "estrato": 2, "geom": "0101000020E6100000000000E0402153C000000060AA8E0B40", "fecha_hech": "2024-06-22 00:00:00", "Id": 0, "area": 136572.15568900001 }, "geometry": { "type": "Point", "coordinates": [ -76.519584655759999, 3.44466090202 ] } },
{ "type": "Feature", "properties": { "dinamica": "HURTO", "titulo": "DELITOS CONTRA EL PATRIMONIO ECONOMICO", "capitulo": "DEL HURTO", "articulo": "HURTO. ART. 239 C.P.", "grado_deli": "AGRAVADO", "tipo_notic": "DENUNCIA", "caracteriz": "HURTO A CELULARES", "modalidad": "ENGAÑO", "modo": null, "motivo": null, "pais": "COLOMBIA", "dane_dep": 76, "departamen": "VALLE DEL CAUCA", "dane_mpio": 76001, "municipio": "CALI", "cod_comuna": 9.0, "comuna": "Comuna 9", "cod_barrio": 910.0, "nom_barrio": "Barrio Obrero", "direccion": "76001 Calle 23 11 68, Santiago De Cali, Cali, Valle Del Cauca, COL,BARRIO OBRERO", "sitio": "SIN INFORMACION", "x": -76.520477294919999, "y": 3.4486620426200001, "anio": 2024, "mes": "junio", "dia": 22, "dia_semana": 7, "hora_hecho": "19:00", "barrio": "BARRIO OBRERO", "estrato": 2, "geom": "0101000020E6100000000000804F2153C000000020DC960B40", "fecha_hech": "2024-06-22 00:00:00", "Id": 0, "area": 136572.15568900001 }, "geometry": { "type": "Point", "coordinates": [ -76.520477294919999, 3.44866204262 ] } },
{ "type": "Feature", "properties": { "dinamica": "HURTO", "titulo": "DELITOS CONTRA EL PATRIMONIO ECONOMICO", "capitulo": "DEL HURTO", "articulo": "HURTO. ART. 239 C.P.", "grado_deli": "NINGUNO", "tipo_notic": "DENUNCIA", "caracteriz": "HURTO A PERSONAS", "modalidad": "FACTOR DE OPORTUNIDAD", "modo": null, "motivo": null, "pais": "COLOMBIA", "dane_dep": 76, "departamen": "VALLE DEL CAUCA", "dane_mpio": 76001, "municipio": "CALI", "cod_comuna": 9.0, "comuna": "Comuna 9", "cod_barrio": 910.0, "nom_barrio": "Barrio Obrero", "direccion": "76001 CARRERA 10, BARRIO OBRERO, CALI, VALLE DEL CAUCA", "sitio": "DOMICILIO", "x": -76.520797729489999, "y": 3.4496719837200001, "anio": 2024, "mes": "junio", "dia": 25, "dia_semana": 3, "hora_hecho": "02:00", "barrio": "BARRIO OBRERO", "estrato": 2, "geom": "0101000020E6100000000000C0542153C0000000A0ED980B40", "fecha_hech": "2024-06-25 00:00:00", "Id": 0, "area": 136572.15568900001 }, "geometry": { "type": "Point", "coordinates": [ -76.520797729489999, 3.44967198372 ] } },
{ "type": "Feature", "properties": { "dinamica": "HURTO", "titulo": "DELITOS CONTRA EL PATRIMONIO ECONOMICO", "capitulo": "DEL HURTO", "articulo": "HURTO. ART. 239 C.P.", "grado_deli": "NINGUNO", "tipo_notic": "DENUNCIA", "caracteriz": "HURTO A PERSONAS", "modalidad": "FACTOR DE OPORTUNIDAD", "modo": null, "motivo": null, "pais": "COLOMBIA", "dane_dep": 76, "departamen": "VALLE DEL CAUCA", "dane_mpio": 76001, "municipio": "CALI", "cod_comuna": 9.0, "comuna": "Comuna 9", "cod_barrio": 910.0, "nom_barrio": "Barrio Obrero", "direccion": "76001 CALLE 24 8 23, SANTIAGO DE CALI, CALI, VALLE DEL CAUCA", "sitio": "VIA PUBLICA", "x": -76.519592285160002, "y": 3.4523649215700001, "anio": 2024, "mes": "junio", "dia": 25, "dia_semana": 3, "hora_hecho": "05:00", "barrio": "BARRIO OBRERO", "estrato": 2, "geom": "0101000020E610000000000000412153C000000080719E0B40", "fecha_hech": "2024-06-25 00:00:00", "Id": 0, "area": 136572.15568900001 }, "geometry": { "type": "Point", "coordinates": [ -76.519592285160002, 3.45236492157 ] } },
{ "type": "Feature", "properties": { "dinamica": "HURTO", "titulo": "DELITOS CONTRA EL PATRIMONIO ECONOMICO", "capitulo": "DEL HURTO", "articulo": "HURTO CALIFICADO. ART. 240 C.P.", "grado_deli": "NINGUNO", "tipo_notic": "DENUNCIA", "caracteriz": "HURTO DE MOTOCICLETAS", "modalidad": "FACTOR DE OPORTUNIDAD", "modo": null, "motivo": null, "pais": "COLOMBIA", "dane_dep": 76, "departamen": "VALLE DEL CAUCA", "dane_mpio": 76001, "municipio": "CALI", "cod_comuna": 9.0, "comuna": "Comuna 9", "cod_barrio": 910.0, "nom_barrio": "Barrio Obrero", "direccion": "76001 CALLE 22A 10 99", "sitio": "VIA PUBLICA", "x": -76.520881652829999, "y": 3.44914507866, "anio": 2024, "mes": "junio", "dia": 30, "dia_semana": 1, "hora_hecho": "23:00", "barrio": "BARRIO OBRERO", "estrato": 2, "geom": "0101000020E610000000000020562153C000000060D9970B40", "fecha_hech": "2024-06-30 00:00:00", "Id": 0, "area": 136572.15568900001 }, "geometry": { "type": "Point", "coordinates": [ -76.520881652829999, 3.44914507866 ] } },
{ "type": "Feature", "properties": { "dinamica": "HURTO", "titulo": "DELITOS CONTRA EL PATRIMONIO ECONOMICO", "capitulo": "DEL HURTO", "articulo": "HURTO CALIFICADO. ART. 240 C.P.", "grado_deli": "NINGUNO", "tipo_notic": "DENUNCIA", "caracteriz": "HURTO A PERSONAS", "modalidad": "ATRACO", "modo": "ARMA DE FUEGO", "motivo": null, "pais": "COLOMBIA", "dane_dep": 76, "departamen": "VALLE DEL CAUCA", "dane_mpio": 76001, "municipio": "CALI", "cod_comuna": 9.0, "comuna": "Comuna 9", "cod_barrio": 910.0, "nom_barrio": "Barrio Obrero", "direccion": "76001 CALLE 25 9 36, SANTIAGO DE CALI, CALI, VALLE DEL CAUCA", "sitio": "VIA PUBLICA", "x": -76.518867492680002, "y": 3.4507229328200002, "anio": 2024, "mes": "julio", "dia": 1, "dia_semana": 2, "hora_hecho": "06:00", "barrio": "BARRIO OBRERO", "estrato": 2, "geom": "0101000020E610000000000020352153C0000000A0149B0B40", "fecha_hech": "2024-07-01 00:00:00", "Id": 0, "area": 136572.15568900001 }, "geometry": { "type": "Point", "coordinates": [ -76.518867492680002, 3.45072293282 ] } },
{ "type": "Feature", "properties": { "dinamica": "HURTO", "titulo": "DELITOS CONTRA EL PATRIMONIO ECONOMICO", "capitulo": "DEL HURTO", "articulo": "HURTO CALIFICADO. ART. 240 C.P.", "grado_deli": "NINGUNO", "tipo_notic": "DENUNCIA", "caracteriz": "HURTO A PERSONAS", "modalidad": "ATRACO", "modo": "ARMA BLANCA", "motivo": null, "pais": "COLOMBIA", "dane_dep": 76, "departamen": "VALLE DEL CAUCA", "dane_mpio": 76001, "municipio": "CALI", "cod_comuna": 9.0, "comuna": "Comuna 9", "cod_barrio": 910.0, "nom_barrio": "Barrio Obrero", "direccion": "76001 CALLE 25 13A 2", "sitio": "VIA PUBLICA", "x": -76.51872253418, "y": 3.4451999664300001, "anio": 2024, "mes": "julio", "dia": 6, "dia_semana": 7, "hora_hecho": "04:30", "barrio": "BARRIO OBRERO", "estrato": 2, "geom": "0101000020E6100000000000C0322153C000000000C58F0B40", "fecha_hech": "2024-07-06 00:00:00", "Id": 0, "area": 136572.15568900001 }, "geometry": { "type": "Point", "coordinates": [ -76.51872253418, 3.44519996643 ] } },
{ "type": "Feature", "properties": { "dinamica": "HURTO", "titulo": "DELITOS CONTRA EL PATRIMONIO ECONOMICO", "capitulo": "DEL HURTO", "articulo": "HURTO. ART. 239 C.P.", "grado_deli": "AGRAVADO", "tipo_notic": "DENUNCIA", "caracteriz": "HURTO A PERSONAS", "modalidad": "COSQUILLEO", "modo": null, "motivo": null, "pais": "COLOMBIA", "dane_dep": 76, "departamen": "VALLE DEL CAUCA", "dane_mpio": 76001, "municipio": "CALI", "cod_comuna": 9.0, "comuna": "Comuna 9", "cod_barrio": 910.0, "nom_barrio": "Barrio Obrero", "direccion": "76001 IGLESIA CRUZADA CRISTIANA, CALLE 23 13A 25, BARRIO OBRERO, CALI, VALLE DEL CAUCA, COL,BARRIO OBRERO", "sitio": "TRANSPORTE MASIVO", "x": -76.51937866211, "y": 3.4456100463900001, "anio": 2024, "mes": "julio", "dia": 6, "dia_semana": 7, "hora_hecho": "23:00", "barrio": "BARRIO OBRERO", "estrato": 2, "geom": "0101000020E6100000000000803D2153C0000000009C900B40", "fecha_hech": "2024-07-06 00:00:00", "Id": 0, "area": 136572.15568900001 }, "geometry": { "type": "Point", "coordinates": [ -76.51937866211, 3.44561004639 ] } },
{ "type": "Feature", "properties": { "dinamica": "HURTO", "titulo": "DELITOS CONTRA EL PATRIMONIO ECONOMICO", "capitulo": "DEL HURTO", "articulo": "HURTO. ART. 239 C.P.", "grado_deli": "NINGUNO", "tipo_notic": "DENUNCIA", "caracteriz": "HURTO A ESTABLECIMIENTOS", "modalidad": "FACTOR DE OPORTUNIDAD", "modo": null, "motivo": null, "pais": "COLOMBIA", "dane_dep": 76, "departamen": "VALLE DEL CAUCA", "dane_mpio": 76001, "municipio": "CALI", "cod_comuna": 9.0, "comuna": "Comuna 9", "cod_barrio": 910.0, "nom_barrio": "Barrio Obrero", "direccion": "76001 CARRERA 10 23 03, SANTIAGO DE CALI, CALI, VALLE DEL CAUCA", "sitio": "LUGAR DE TRABAJO", "x": -76.518676757809999, "y": 3.4489569664, "anio": 2024, "mes": "julio", "dia": 8, "dia_semana": 2, "hora_hecho": "23:04", "barrio": "BARRIO OBRERO", "estrato": 2, "geom": "0101000020E610000000000000322153C0000000C076970B40", "fecha_hech": "2024-07-08 00:00:00", "Id": 0, "area": 136572.15568900001 }, "geometry": { "type": "Point", "coordinates": [ -76.518676757809999, 3.4489569664 ] } },
{ "type": "Feature", "properties": { "dinamica": "HURTO", "titulo": "DELITOS CONTRA EL PATRIMONIO ECONOMICO", "capitulo": "DEL HURTO", "articulo": "HURTO CALIFICADO. ART. 240 C.P.", "grado_deli": "AGRAVADO", "tipo_notic": "DENUNCIA", "caracteriz": "HURTO A PERSONAS", "modalidad": "RAPONAZO", "modo": null, "motivo": null, "pais": "COLOMBIA", "dane_dep": 76, "departamen": "VALLE DEL CAUCA", "dane_mpio": 76001, "municipio": "CALI", "cod_comuna": 9.0, "comuna": "Comuna 9", "cod_barrio": 910.0, "nom_barrio": "Barrio Obrero", "direccion": "76001 CALLE 22 CON CARRERA 13, BARRIO OBRERO, CALI, VALLE DEL CAUCA", "sitio": "VIA PUBLICA", "x": -76.52098083496, "y": 3.4453060626999998, "anio": 2024, "mes": "julio", "dia": 9, "dia_semana": 3, "hora_hecho": "08:15", "barrio": "BARRIO OBRERO", "estrato": 2, "geom": "0101000020E6100000000000C0572153C0000000A0FC8F0B40", "fecha_hech": "2024-07-09 00:00:00", "Id": 0, "area": 136572.15568900001 }, "geometry": { "type": "Point", "coordinates": [ -76.52098083496, 3.4453060627 ] } },
{ "type": "Feature", "properties": { "dinamica": "HURTO", "titulo": "DELITOS CONTRA EL PATRIMONIO ECONOMICO", "capitulo": "DEL HURTO", "articulo": "HURTO. ART. 239 C.P.", "grado_deli": "AGRAVADO", "tipo_notic": "DENUNCIA", "caracteriz": "HURTO A PERSONAS", "modalidad": "COSQUILLEO", "modo": null, "motivo": null, "pais": "COLOMBIA", "dane_dep": 76, "departamen": "VALLE DEL CAUCA", "dane_mpio": 76001, "municipio": "CALI", "cod_comuna": 9.0, "comuna": "Comuna 9", "cod_barrio": 910.0, "nom_barrio": "Barrio Obrero", "direccion": "76001 KR 15 CON CL 13 A CR 15 13A", "sitio": "SIN INFORMACION", "x": -76.519569396969999, "y": 3.44483208656, "anio": 2024, "mes": "julio", "dia": 11, "dia_semana": 5, "hora_hecho": "05:00", "barrio": null, "estrato": 2, "geom": "0101000020E6100000000000A0402153C000000020048F0B40", "fecha_hech": "2024-07-11 00:00:00", "Id": 0, "area": 136572.15568900001 }, "geometry": { "type": "Point", "coordinates": [ -76.519569396969999, 3.44483208656 ] } },
{ "type": "Feature", "properties": { "dinamica": "HURTO", "titulo": "DELITOS CONTRA EL PATRIMONIO ECONOMICO", "capitulo": "DEL HURTO", "articulo": "HURTO CALIFICADO. ART. 240 C.P.", "grado_deli": "NINGUNO", "tipo_notic": "DENUNCIA", "caracteriz": "HURTO A PERSONAS", "modalidad": "ATRACO", "modo": "ARMA DE FUEGO", "motivo": null, "pais": "COLOMBIA", "dane_dep": 76, "departamen": "VALLE DEL CAUCA", "dane_mpio": 76001, "municipio": "CALI", "cod_comuna": 9.0, "comuna": "Comuna 9", "cod_barrio": 910.0, "nom_barrio": "Barrio Obrero", "direccion": "76001 Carrera 9 con Calle 25, Barrio Obrero, Cali, Valle del Cauca, COL,BARRIO OBRERO", "sitio": "SIN INFORMACION", "x": -76.518760681149999, "y": 3.45110106468, "anio": 2024, "mes": "julio", "dia": 12, "dia_semana": 6, "hora_hecho": "00:30", "barrio": "BARRIO OBRERO", "estrato": 2, "geom": "0101000020E610000000000060332153C0000000E0DA9B0B40", "fecha_hech": "2024-07-12 00:00:00", "Id": 0, "area": 136572.15568900001 }, "geometry": { "type": "Point", "coordinates": [ -76.518760681149999, 3.45110106468 ] } },
{ "type": "Feature", "properties": { "dinamica": "HURTO", "titulo": "DELITOS CONTRA EL PATRIMONIO ECONOMICO", "capitulo": "DEL HURTO", "articulo": "HURTO CALIFICADO. ART. 240 C.P.", "grado_deli": "NINGUNO", "tipo_notic": "DENUNCIA", "caracteriz": "HURTO DE MOTOCICLETAS", "modalidad": "HALADO", "modo": null, "motivo": null, "pais": "COLOMBIA", "dane_dep": 76, "departamen": "VALLE DEL CAUCA", "dane_mpio": 76001, "municipio": "CALI", "cod_comuna": 9.0, "comuna": "Comuna 9", "cod_barrio": 910.0, "nom_barrio": "Barrio Obrero", "direccion": "76001 CARRERA 11B, BARRIO OBRERO, CALI, VALLE DEL CAUCA", "sitio": "DOMICILIO", "x": -76.521980285639998, "y": 3.4477200508100001, "anio": 2024, "mes": "julio", "dia": 14, "dia_semana": 1, "hora_hecho": "00:00", "barrio": "BARRIO OBRERO", "estrato": 2, "geom": "0101000020E610000000000020682153C000000040EE940B40", "fecha_hech": "2024-07-14 00:00:00", "Id": 0, "area": 136572.15568900001 }, "geometry": { "type": "Point", "coordinates": [ -76.521980285639998, 3.44772005081 ] } },
{ "type": "Feature", "properties": { "dinamica": "HURTO", "titulo": "DELITOS CONTRA EL PATRIMONIO ECONOMICO", "capitulo": "DEL HURTO", "articulo": "HURTO. ART. 239 C.P.", "grado_deli": "NINGUNO", "tipo_notic": "DENUNCIA", "caracteriz": "HURTO A CELULARES", "modalidad": "COSQUILLEO", "modo": null, "motivo": null, "pais": "COLOMBIA", "dane_dep": 76, "departamen": "VALLE DEL CAUCA", "dane_mpio": 76001, "municipio": "CALI", "cod_comuna": 9.0, "comuna": "Comuna 9", "cod_barrio": 910.0, "nom_barrio": "Barrio Obrero", "direccion": "76001 CARRERA 15 21, BARRIO OBRERO, CALI, VALLE DEL CAUCA", "sitio": "TRANSPORTE MASIVO", "x": -76.519493103030001, "y": 3.4447031021100001, "anio": 2024, "mes": "julio", "dia": 16, "dia_semana": 3, "hora_hecho": "07:30", "barrio": "BARRIO OBRERO", "estrato": 2, "geom": "0101000020E6100000000000603F2153C000000080C08E0B40", "fecha_hech": "2024-07-16 00:00:00", "Id": 0, "area": 136572.15568900001 }, "geometry": { "type": "Point", "coordinates": [ -76.519493103030001, 3.44470310211 ] } },
{ "type": "Feature", "properties": { "dinamica": "HURTO", "titulo": "DELITOS CONTRA EL PATRIMONIO ECONOMICO", "capitulo": "DEL HURTO", "articulo": "HURTO. ART. 239 C.P.", "grado_deli": "NINGUNO", "tipo_notic": "DENUNCIA", "caracteriz": "HURTO A PERSONAS", "modalidad": "FACTOR DE OPORTUNIDAD", "modo": null, "motivo": null, "pais": "COLOMBIA", "dane_dep": 76, "departamen": "VALLE DEL CAUCA", "dane_mpio": 76001, "municipio": "CALI", "cod_comuna": 9.0, "comuna": "Comuna 9", "cod_barrio": 910.0, "nom_barrio": "Barrio Obrero", "direccion": "76001 Barrio Obrero, Cali, Valle del Cauca, COL,BARRIO OBRERO", "sitio": "SIN INFORMACION", "x": -76.520530700679998, "y": 3.4482779502900001, "anio": 2024, "mes": "julio", "dia": 16, "dia_semana": 3, "hora_hecho": "21:30", "barrio": "BARRIO OBRERO", "estrato": 2, "geom": "0101000020E610000000000060502153C0000000C012960B40", "fecha_hech": "2024-07-16 00:00:00", "Id": 0, "area": 136572.15568900001 }, "geometry": { "type": "Point", "coordinates": [ -76.520530700679998, 3.44827795029 ] } },
{ "type": "Feature", "properties": { "dinamica": "HURTO", "titulo": "DELITOS CONTRA EL PATRIMONIO ECONOMICO", "capitulo": "DEL HURTO", "articulo": "HURTO CALIFICADO. ART. 240 C.P.", "grado_deli": "AGRAVADO", "tipo_notic": "DENUNCIA", "caracteriz": "HURTO A PERSONAS", "modalidad": "ATRACO", "modo": "ARMA CONTUNDENTE", "motivo": null, "pais": "COLOMBIA", "dane_dep": 76, "departamen": "VALLE DEL CAUCA", "dane_mpio": 76001, "municipio": "CALI", "cod_comuna": 9.0, "comuna": "Comuna 9", "cod_barrio": 910.0, "nom_barrio": "Barrio Obrero", "direccion": "76001 Barrio Obrero, Cali, Valle del Cauca, COL,BARRIO OBRERO", "sitio": "SIN INFORMACION", "x": -76.520530700679998, "y": 3.4482779502900001, "anio": 2024, "mes": "julio", "dia": 18, "dia_semana": 5, "hora_hecho": "01:00", "barrio": "BARRIO OBRERO", "estrato": 2, "geom": "0101000020E610000000000060502153C0000000C012960B40", "fecha_hech": "2024-07-18 00:00:00", "Id": 0, "area": 136572.15568900001 }, "geometry": { "type": "Point", "coordinates": [ -76.520530700679998, 3.44827795029 ] } },
{ "type": "Feature", "properties": { "dinamica": "HURTO", "titulo": "DELITOS CONTRA EL PATRIMONIO ECONOMICO", "capitulo": "DEL HURTO", "articulo": "HURTO CALIFICADO. ART. 240 C.P.", "grado_deli": "NINGUNO", "tipo_notic": "DENUNCIA", "caracteriz": "HURTO A PERSONAS", "modalidad": "VIOLACION DE CERRADURA", "modo": null, "motivo": null, "pais": "COLOMBIA", "dane_dep": 76, "departamen": "VALLE DEL CAUCA", "dane_mpio": 76001, "municipio": "CALI", "cod_comuna": 9.0, "comuna": "Comuna 9", "cod_barrio": 910.0, "nom_barrio": "Barrio Obrero", "direccion": "76001 CARRERA 9 21 42, SANTIAGO DE CALI, CALI, VALLE DEL CAUCA", "sitio": "VIA PUBLICA", "x": -76.5224609375, "y": 3.45020103455, "anio": 2024, "mes": "julio", "dia": 18, "dia_semana": 5, "hora_hecho": "05:30", "barrio": "BARRIO OBRERO", "estrato": 2, "geom": "0101000020E610000000000000702153C000000000039A0B40", "fecha_hech": "2024-07-18 00:00:00", "Id": 0, "area": 136572.15568900001 }, "geometry": { "type": "Point", "coordinates": [ -76.5224609375, 3.45020103455 ] } },
{ "type": "Feature", "properties": { "dinamica": "HURTO", "titulo": "DELITOS CONTRA EL PATRIMONIO ECONOMICO", "capitulo": "DEL HURTO", "articulo": "HURTO CALIFICADO. ART. 240 C.P.", "grado_deli": "NINGUNO", "tipo_notic": "DENUNCIA", "caracteriz": "HURTO A RESIDENCIA", "modalidad": "VIOLACION DE CERRADURA", "modo": null, "motivo": null, "pais": "COLOMBIA", "dane_dep": 76, "departamen": "VALLE DEL CAUCA", "dane_mpio": 76001, "municipio": "CALI", "cod_comuna": 9.0, "comuna": "Comuna 9", "cod_barrio": 910.0, "nom_barrio": "Barrio Obrero", "direccion": "76001 CALLE 23, BARRIO OBRERO, CALI, VALLE DEL CAUCA", "sitio": "DOMICILIO", "x": -76.518966674799998, "y": 3.4448640346500001, "anio": 2024, "mes": "julio", "dia": 19, "dia_semana": 6, "hora_hecho": "14:39", "barrio": "BARRIO OBRERO", "estrato": 2, "geom": "0101000020E6100000000000C0362153C0000000E0148F0B40", "fecha_hech": "2024-07-19 00:00:00", "Id": 0, "area": 136572.15568900001 }, "geometry": { "type": "Point", "coordinates": [ -76.518966674799998, 3.44486403465 ] } },
{ "type": "Feature", "properties": { "dinamica": "HURTO", "titulo": "DELITOS CONTRA EL PATRIMONIO ECONOMICO", "capitulo": "DEL HURTO", "articulo": "HURTO CALIFICADO. ART. 240 C.P.", "grado_deli": "AGRAVADO", "tipo_notic": "DENUNCIA", "caracteriz": "HURTO DE MOTOCICLETAS", "modalidad": "HALADO", "modo": null, "motivo": null, "pais": "COLOMBIA", "dane_dep": 76, "departamen": "VALLE DEL CAUCA", "dane_mpio": 76001, "municipio": "CALI", "cod_comuna": 9.0, "comuna": "Comuna 9", "cod_barrio": 910.0, "nom_barrio": "Barrio Obrero", "direccion": "76001 KR 12 CL 24-74 CARRERA 12 No 24 74", "sitio": "SIN INFORMACION", "x": -76.518989562990001, "y": 3.4468400478399999, "anio": 2024, "mes": "julio", "dia": 20, "dia_semana": 7, "hora_hecho": "06:00", "barrio": null, "estrato": 2, "geom": "0101000020E610000000000020372153C0000000E020930B40", "fecha_hech": "2024-07-20 00:00:00", "Id": 0, "area": 136572.15568900001 }, "geometry": { "type": "Point", "coordinates": [ -76.518989562990001, 3.44684004784 ] } },
{ "type": "Feature", "properties": { "dinamica": "HURTO", "titulo": "DELITOS CONTRA EL PATRIMONIO ECONOMICO", "capitulo": "DEL HURTO", "articulo": "HURTO. ART. 239 C.P.", "grado_deli": "AGRAVADO", "tipo_notic": "DENUNCIA", "caracteriz": "HURTO A ESTABLECIMIENTOS", "modalidad": "FACTOR DE OPORTUNIDAD", "modo": null, "motivo": null, "pais": "COLOMBIA", "dane_dep": 76, "departamen": "VALLE DEL CAUCA", "dane_mpio": 76001, "municipio": "CALI", "cod_comuna": 9.0, "comuna": "Comuna 9", "cod_barrio": 910.0, "nom_barrio": "Barrio Obrero", "direccion": "76001 CARRERA 8 23 108", "sitio": "ESTABLECIMIENTO DE COMERCIO", "x": -76.520332336430002, "y": 3.4525310993199998, "anio": 2024, "mes": "julio", "dia": 23, "dia_semana": 3, "hora_hecho": "10:00", "barrio": "BARRIO OBRERO", "estrato": 2, "geom": "0101000020E6100000000000204D2153C0000000A0C89E0B40", "fecha_hech": "2024-07-23 00:00:00", "Id": 0, "area": 136572.15568900001 }, "geometry": { "type": "Point", "coordinates": [ -76.520332336430002, 3.45253109932 ] } },
{ "type": "Feature", "properties": { "dinamica": "HURTO", "titulo": "DELITOS CONTRA EL PATRIMONIO ECONOMICO", "capitulo": "DEL HURTO", "articulo": "HURTO CALIFICADO. ART. 240 C.P.", "grado_deli": "NINGUNO", "tipo_notic": "DENUNCIA", "caracteriz": "HURTO A PERSONAS", "modalidad": "ATRACO", "modo": "SUSTANCIA TÓXICA", "motivo": null, "pais": "COLOMBIA", "dane_dep": 76, "departamen": "VALLE DEL CAUCA", "dane_mpio": 76001, "municipio": "CALI", "cod_comuna": 9.0, "comuna": "Comuna 9", "cod_barrio": 910.0, "nom_barrio": "Barrio Obrero", "direccion": "76001 CARRERA 9 21 62", "sitio": "VIA PUBLICA", "x": -76.522415161129999, "y": 3.4503190517400002, "anio": 2024, "mes": "julio", "dia": 25, "dia_semana": 5, "hora_hecho": "08:34", "barrio": "BARRIO OBRERO", "estrato": 2, "geom": "0101000020E6100000000000406F2153C0000000E0409A0B40", "fecha_hech": "2024-07-25 00:00:00", "Id": 0, "area": 136572.15568900001 }, "geometry": { "type": "Point", "coordinates": [ -76.522415161129999, 3.45031905174 ] } },
{ "type": "Feature", "properties": { "dinamica": "HURTO", "titulo": "DELITOS CONTRA EL PATRIMONIO ECONOMICO", "capitulo": "DEL HURTO", "articulo": "HURTO CALIFICADO. ART. 240 C.P.", "grado_deli": "NINGUNO", "tipo_notic": "DENUNCIA", "caracteriz": "HURTO A CELULARES", "modalidad": "ATRACO", "modo": "ARMA BLANCA", "motivo": "SIN DETERMINAR", "pais": "COLOMBIA", "dane_dep": 76, "departamen": "VALLE DEL CAUCA", "dane_mpio": 76001, "municipio": "CALI", "cod_comuna": 9.0, "comuna": "Comuna 9", "cod_barrio": 910.0, "nom_barrio": "Barrio Obrero", "direccion": "76001 BARRIO/LOCALIDAD/COMUNA:BARRIO OBRERO/COMUNA 9,CALI/VALLE DEL CAUCA,BARRIO OBRERO", "sitio": "SIN INFORMACION", "x": -76.520149230960001, "y": 3.4490580558800001, "anio": 2024, "mes": "julio", "dia": 26, "dia_semana": 6, "hora_hecho": "03:44", "barrio": "BARRIO OBRERO", "estrato": 2, "geom": "0101000020E6100000000000204A2153C0000000C0AB970B40", "fecha_hech": "2024-07-26 00:00:00", "Id": 0, "area": 136572.15568900001 }, "geometry": { "type": "Point", "coordinates": [ -76.520149230960001, 3.44905805588 ] } },
{ "type": "Feature", "properties": { "dinamica": "HURTO", "titulo": "DELITOS CONTRA EL PATRIMONIO ECONOMICO", "capitulo": "DEL HURTO", "articulo": "HURTO. ART. 239 C.P.", "grado_deli": "AGRAVADO", "tipo_notic": "DENUNCIA", "caracteriz": "HURTO A PERSONAS", "modalidad": "FACTOR DE OPORTUNIDAD", "modo": null, "motivo": null, "pais": "COLOMBIA", "dane_dep": 76, "departamen": "VALLE DEL CAUCA", "dane_mpio": 76001, "municipio": "CALI", "cod_comuna": 9.0, "comuna": "Comuna 9", "cod_barrio": 910.0, "nom_barrio": "Barrio Obrero", "direccion": "76001 CARRERA 8 23 199", "sitio": "VIA PUBLICA", "x": -76.52000427246, "y": 3.45263791084, "anio": 2024, "mes": "julio", "dia": 30, "dia_semana": 3, "hora_hecho": "10:54", "barrio": "SAN NICOLÁS", "estrato": 2, "geom": "0101000020E6100000000000C0472153C0000000A0009F0B40", "fecha_hech": "2024-07-30 00:00:00", "Id": 0, "area": 136572.15568900001 }, "geometry": { "type": "Point", "coordinates": [ -76.52000427246, 3.45263791084 ] } },
{ "type": "Feature", "properties": { "dinamica": "HURTO", "titulo": "DELITOS CONTRA EL PATRIMONIO ECONOMICO", "capitulo": "DEL HURTO", "articulo": "HURTO CALIFICADO. ART. 240 C.P.", "grado_deli": "NINGUNO", "tipo_notic": "DENUNCIA", "caracteriz": "HURTO A PERSONAS", "modalidad": "ATRACO", "modo": "ARMA DE FUEGO", "motivo": null, "pais": "COLOMBIA", "dane_dep": 76, "departamen": "VALLE DEL CAUCA", "dane_mpio": 76001, "municipio": "CALI", "cod_comuna": 9.0, "comuna": "Comuna 9", "cod_barrio": 910.0, "nom_barrio": "Barrio Obrero", "direccion": "76001 CARRERA 15 9, BARRIO OBRERO, CALI, VALLE DEL CAUCA", "sitio": "VIA PUBLICA", "x": -76.519638061519998, "y": 3.4446399211899998, "anio": 2024, "mes": "julio", "dia": 30, "dia_semana": 3, "hora_hecho": "20:00", "barrio": "BARRIO OBRERO", "estrato": 2, "geom": "0101000020E6100000000000C0412153C0000000609F8E0B40", "fecha_hech": "2024-07-30 00:00:00", "Id": 0, "area": 136572.15568900001 }, "geometry": { "type": "Point", "coordinates": [ -76.519638061519998, 3.44463992119 ] } },
{ "type": "Feature", "properties": { "dinamica": "HURTO", "titulo": "DELITOS CONTRA EL PATRIMONIO ECONOMICO", "capitulo": "DEL HURTO", "articulo": "HURTO CALIFICADO. ART. 240 C.P.", "grado_deli": "NINGUNO", "tipo_notic": "DENUNCIA", "caracteriz": "HURTO A CELULARES", "modalidad": "RAPONAZO", "modo": null, "motivo": "IBA CHATEANDO", "pais": "COLOMBIA", "dane_dep": 76, "departamen": "VALLE DEL CAUCA", "dane_mpio": 76001, "municipio": "CALI", "cod_comuna": 9.0, "comuna": "Comuna 9", "cod_barrio": 910.0, "nom_barrio": "Barrio Obrero", "direccion": "76001 Carrera 10 22a 23, Santiago De Cali, Cali, Valle Del Cauca, COL,BARRIO OBRERO", "sitio": "SIN INFORMACION", "x": -76.520561218259999, "y": 3.4496729373899999, "anio": 2024, "mes": "julio", "dia": 31, "dia_semana": 4, "hora_hecho": "14:30", "barrio": "BARRIO OBRERO", "estrato": 2, "geom": "0101000020E6100000000000E0502153C000000020EE980B40", "fecha_hech": "2024-07-31 00:00:00", "Id": 0, "area": 136572.15568900001 }, "geometry": { "type": "Point", "coordinates": [ -76.520561218259999, 3.44967293739 ] } },
{ "type": "Feature", "properties": { "dinamica": "HURTO", "titulo": "DELITOS CONTRA EL PATRIMONIO ECONOMICO", "capitulo": "DEL HURTO", "articulo": "HURTO. ART. 239 C.P.", "grado_deli": "NINGUNO", "tipo_notic": "DENUNCIA", "caracteriz": "HURTO A PERSONAS", "modalidad": "FACTOR DE OPORTUNIDAD", "modo": null, "motivo": null, "pais": "COLOMBIA", "dane_dep": 76, "departamen": "VALLE DEL CAUCA", "dane_mpio": 76001, "municipio": "CALI", "cod_comuna": 9.0, "comuna": "Comuna 9", "cod_barrio": 910.0, "nom_barrio": "Barrio Obrero", "direccion": "76001 CARRERA 8 23 5", "sitio": "VIA PUBLICA", "x": -76.520706176760001, "y": 3.45245599747, "anio": 2024, "mes": "agosto", "dia": 3, "dia_semana": 7, "hora_hecho": "05:14", "barrio": "SAN NICOLÁS", "estrato": 2, "geom": "0101000020E610000000000040532153C000000040A19E0B40", "fecha_hech": "2024-08-03 00:00:00", "Id": 0, "area": 136572.15568900001 }, "geometry": { "type": "Point", "coordinates": [ -76.520706176760001, 3.45245599747 ] } },
{ "type": "Feature", "properties": { "dinamica": "HURTO", "titulo": "DELITOS CONTRA EL PATRIMONIO ECONOMICO", "capitulo": "DEL HURTO", "articulo": "HURTO CALIFICADO. ART. 240 C.P.", "grado_deli": "NINGUNO", "tipo_notic": "DENUNCIA", "caracteriz": "HURTO A PERSONAS", "modalidad": "ATRACO", "modo": "ARMA DE FUEGO", "motivo": null, "pais": "COLOMBIA", "dane_dep": 76, "departamen": "VALLE DEL CAUCA", "dane_mpio": 76001, "municipio": "CALI", "cod_comuna": 9.0, "comuna": "Comuna 9", "cod_barrio": 910.0, "nom_barrio": "Barrio Obrero", "direccion": "76001 BARRIO/LOCALIDAD/COMUNA:BARRIO OBRERO/COMUNA 9,CALI/VALLE DEL CAUCA,BARRIO OBRERO", "sitio": "VIA PUBLICA", "x": -76.520210266109999, "y": 3.4486689567600002, "anio": 2024, "mes": "agosto", "dia": 3, "dia_semana": 7, "hora_hecho": "11:00", "barrio": "BARRIO OBRERO", "estrato": 2, "geom": "0101000020E6100000000000204B2153C0000000C0DF960B40", "fecha_hech": "2024-08-03 00:00:00", "Id": 0, "area": 136572.15568900001 }, "geometry": { "type": "Point", "coordinates": [ -76.520210266109999, 3.44866895676 ] } },
{ "type": "Feature", "properties": { "dinamica": "HURTO", "titulo": "DELITOS CONTRA EL PATRIMONIO ECONOMICO", "capitulo": "DEL HURTO", "articulo": "HURTO. ART. 239 C.P.", "grado_deli": "NINGUNO", "tipo_notic": "DENUNCIA", "caracteriz": "HURTO A ESTABLECIMIENTOS", "modalidad": "FACTOR DE OPORTUNIDAD", "modo": null, "motivo": null, "pais": "COLOMBIA", "dane_dep": 76, "departamen": "VALLE DEL CAUCA", "dane_mpio": 76001, "municipio": "CALI", "cod_comuna": 9.0, "comuna": "Comuna 9", "cod_barrio": 910.0, "nom_barrio": "Barrio Obrero", "direccion": "76001 Carrera 15 39, Barrio Obrero, Cali, Valle del Cauca, COL,BARRIO OBRERO", "sitio": "SIN INFORMACION", "x": -76.519271850590002, "y": 3.4447979927099999, "anio": 2024, "mes": "agosto", "dia": 4, "dia_semana": 1, "hora_hecho": "03:31", "barrio": "BARRIO OBRERO", "estrato": 2, "geom": "0101000020E6100000000000C03B2153C000000040F28E0B40", "fecha_hech": "2024-08-04 00:00:00", "Id": 0, "area": 136572.15568900001 }, "geometry": { "type": "Point", "coordinates": [ -76.519271850590002, 3.44479799271 ] } },
{ "type": "Feature", "properties": { "dinamica": "HURTO", "titulo": "DELITOS CONTRA EL PATRIMONIO ECONOMICO", "capitulo": "DEL HURTO", "articulo": "HURTO CALIFICADO. ART. 240 C.P.", "grado_deli": "NINGUNO", "tipo_notic": "DENUNCIA", "caracteriz": "HURTO A ESTABLECIMIENTOS", "modalidad": "ATRACO", "modo": "ARMA DE FUEGO", "motivo": null, "pais": "COLOMBIA", "dane_dep": 76, "departamen": "VALLE DEL CAUCA", "dane_mpio": 76001, "municipio": "CALI", "cod_comuna": 9.0, "comuna": "Comuna 9", "cod_barrio": 910.0, "nom_barrio": "Barrio Obrero", "direccion": "76001 Calle 23 11 68, Santiago De Cali, Cali, Valle Del Cauca, COL,BARRIO OBRERO", "sitio": "SIN INFORMACION", "x": -76.520538330080001, "y": 3.4487791061399999, "anio": 2024, "mes": "agosto", "dia": 4, "dia_semana": 1, "hora_hecho": "05:38", "barrio": "BARRIO OBRERO", "estrato": 2, "geom": "0101000020E610000000000080502153C00000008019970B40", "fecha_hech": "2024-08-04 00:00:00", "Id": 0, "area": 136572.15568900001 }, "geometry": { "type": "Point", "coordinates": [ -76.520538330080001, 3.44877910614 ] } },
{ "type": "Feature", "properties": { "dinamica": "HURTO", "titulo": "DELITOS CONTRA EL PATRIMONIO ECONOMICO", "capitulo": "DEL HURTO", "articulo": "HURTO CALIFICADO. ART. 240 C.P.", "grado_deli": "NINGUNO", "tipo_notic": "DENUNCIA", "caracteriz": "HURTO A PERSONAS", "modalidad": "ATRACO", "modo": "ARMA BLANCA", "motivo": null, "pais": "COLOMBIA", "dane_dep": 76, "departamen": "VALLE DEL CAUCA", "dane_mpio": 76001, "municipio": "CALI", "cod_comuna": 9.0, "comuna": "Comuna 9", "cod_barrio": 910.0, "nom_barrio": "Barrio Obrero", "direccion": "76001 Obrero, Cali, El Valle, COL,BARRIO OBRERO", "sitio": "SIN INFORMACION", "x": -76.520362853999998, "y": 3.44901990891, "anio": 2024, "mes": "agosto", "dia": 5, "dia_semana": 2, "hora_hecho": "01:00", "barrio": "BARRIO OBRERO", "estrato": 2, "geom": "0101000020E6100000000000A04D2153C0000000C097970B40", "fecha_hech": "2024-08-05 00:00:00", "Id": 0, "area": 136572.15568900001 }, "geometry": { "type": "Point", "coordinates": [ -76.520362854, 3.44901990891 ] } },
{ "type": "Feature", "properties": { "dinamica": "HURTO", "titulo": "DELITOS CONTRA EL PATRIMONIO ECONOMICO", "capitulo": "DEL HURTO", "articulo": "HURTO. ART. 239 C.P.", "grado_deli": "TENTATIVA", "tipo_notic": "DENUNCIA", "caracteriz": "HURTO A ESTABLECIMIENTOS", "modalidad": "VENTOSA", "modo": null, "motivo": null, "pais": "COLOMBIA", "dane_dep": 76, "departamen": "VALLE DEL CAUCA", "dane_mpio": 76001, "municipio": "CALI", "cod_comuna": 9.0, "comuna": "Comuna 9", "cod_barrio": 910.0, "nom_barrio": "Barrio Obrero", "direccion": "76001 CALLE 23 11B 54", "sitio": "ESTABLECIMIENTO DE SALUD", "x": -76.519836425779999, "y": 3.4477849006699999, "anio": 2024, "mes": "agosto", "dia": 7, "dia_semana": 4, "hora_hecho": "01:30", "barrio": "BARRIO OBRERO", "estrato": 2, "geom": "0101000020E610000000000000452153C00000004010950B40", "fecha_hech": "2024-08-07 00:00:00", "Id": 0, "area": 136572.15568900001 }, "geometry": { "type": "Point", "coordinates": [ -76.519836425779999, 3.44778490067 ] } },
{ "type": "Feature", "properties": { "dinamica": "HURTO", "titulo": "DELITOS CONTRA EL PATRIMONIO ECONOMICO", "capitulo": "DEL HURTO", "articulo": "HURTO. ART. 239 C.P.", "grado_deli": "AGRAVADO", "tipo_notic": "DENUNCIA", "caracteriz": "HURTO A PERSONAS", "modalidad": "COSQUILLEO", "modo": null, "motivo": null, "pais": "COLOMBIA", "dane_dep": 76, "departamen": "VALLE DEL CAUCA", "dane_mpio": 76001, "municipio": "CALI", "cod_comuna": 9.0, "comuna": "Comuna 9", "cod_barrio": 910.0, "nom_barrio": "Barrio Obrero", "direccion": "76001 CARRERA 8 23 1", "sitio": "VIA PUBLICA", "x": -76.520736694340002, "y": 3.45244693756, "anio": 2024, "mes": "agosto", "dia": 7, "dia_semana": 4, "hora_hecho": "11:12", "barrio": "SAN NICOLÁS", "estrato": 2, "geom": "0101000020E6100000000000C0532153C0000000809C9E0B40", "fecha_hech": "2024-08-07 00:00:00", "Id": 0, "area": 136572.15568900001 }, "geometry": { "type": "Point", "coordinates": [ -76.520736694340002, 3.45244693756 ] } },
{ "type": "Feature", "properties": { "dinamica": "HURTO", "titulo": "DELITOS CONTRA EL PATRIMONIO ECONOMICO", "capitulo": "DEL HURTO", "articulo": "HURTO. ART. 239 C.P.", "grado_deli": "AGRAVADO", "tipo_notic": "DENUNCIA", "caracteriz": "HURTO A PERSONAS", "modalidad": "COSQUILLEO", "modo": null, "motivo": null, "pais": "COLOMBIA", "dane_dep": 76, "departamen": "VALLE DEL CAUCA", "dane_mpio": 76001, "municipio": "CALI", "cod_comuna": 9.0, "comuna": "Comuna 9", "cod_barrio": 910.0, "nom_barrio": "Barrio Obrero", "direccion": "76001 CARRERA 8 22A 98", "sitio": "VIA PUBLICA", "x": -76.520820617680002, "y": 3.4524030685399998, "anio": 2024, "mes": "agosto", "dia": 9, "dia_semana": 6, "hora_hecho": "14:00", "barrio": "BARRIO OBRERO", "estrato": 2, "geom": "0101000020E610000000000020552153C000000080859E0B40", "fecha_hech": "2024-08-09 00:00:00", "Id": 0, "area": 136572.15568900001 }, "geometry": { "type": "Point", "coordinates": [ -76.520820617680002, 3.45240306854 ] } },
{ "type": "Feature", "properties": { "dinamica": "HURTO", "titulo": "DELITOS CONTRA EL PATRIMONIO ECONOMICO", "capitulo": "DEL HURTO", "articulo": "HURTO CALIFICADO. ART. 240 C.P.", "grado_deli": "NINGUNO", "tipo_notic": "DENUNCIA", "caracteriz": "HURTO A PERSONAS", "modalidad": "RAPONAZO", "modo": null, "motivo": null, "pais": "COLOMBIA", "dane_dep": 76, "departamen": "VALLE DEL CAUCA", "dane_mpio": 76001, "municipio": "CALI", "cod_comuna": 9.0, "comuna": "Comuna 9", "cod_barrio": 910.0, "nom_barrio": "Barrio Obrero", "direccion": "76001 Calle 22, Barrio Obrero, Cali, Valle del Cauca, COL,BARRIO OBRERO", "sitio": "SIN INFORMACION", "x": -76.521339416499998, "y": 3.44683289528, "anio": 2024, "mes": "agosto", "dia": 10, "dia_semana": 7, "hora_hecho": "23:00", "barrio": "BARRIO OBRERO", "estrato": 2, "geom": "0101000020E6100000000000A05D2153C0000000201D930B40", "fecha_hech": "2024-08-10 00:00:00", "Id": 0, "area": 136572.15568900001 }, "geometry": { "type": "Point", "coordinates": [ -76.521339416499998, 3.44683289528 ] } },
{ "type": "Feature", "properties": { "dinamica": "HURTO", "titulo": "DELITOS CONTRA EL PATRIMONIO ECONOMICO", "capitulo": "DEL HURTO", "articulo": "HURTO CALIFICADO. ART. 240 C.P.", "grado_deli": "NINGUNO", "tipo_notic": "DENUNCIA", "caracteriz": "HURTO A PERSONAS", "modalidad": "ATRACO", "modo": "SIN ARMA", "motivo": null, "pais": "COLOMBIA", "dane_dep": 76, "departamen": "VALLE DEL CAUCA", "dane_mpio": 76001, "municipio": "CALI", "cod_comuna": 9.0, "comuna": "Comuna 9", "cod_barrio": 910.0, "nom_barrio": "Barrio Obrero", "direccion": "76001 Carrera 8 con Calle 24, San Nicolas, Cali, Valle del Cauca, COL,BARRIO OBRERO", "sitio": "SIN INFORMACION", "x": -76.519966125490001, "y": 3.4526200294499998, "anio": 2024, "mes": "agosto", "dia": 11, "dia_semana": 1, "hora_hecho": "10:21", "barrio": "BARRIO OBRERO", "estrato": 2, "geom": "0101000020E610000000000020472153C000000040F79E0B40", "fecha_hech": "2024-08-11 00:00:00", "Id": 0, "area": 136572.15568900001 }, "geometry": { "type": "Point", "coordinates": [ -76.519966125490001, 3.45262002945 ] } },
{ "type": "Feature", "properties": { "dinamica": "HURTO", "titulo": "DELITOS CONTRA EL PATRIMONIO ECONOMICO", "capitulo": "DEL HURTO", "articulo": "HURTO CALIFICADO. ART. 240 C.P.", "grado_deli": "NINGUNO", "tipo_notic": "DENUNCIA", "caracteriz": "HURTO A PERSONAS", "modalidad": "ATRACO", "modo": "ARMA DE FUEGO", "motivo": null, "pais": "COLOMBIA", "dane_dep": 76, "departamen": "VALLE DEL CAUCA", "dane_mpio": 76001, "municipio": "CALI", "cod_comuna": 9.0, "comuna": "Comuna 9", "cod_barrio": 910.0, "nom_barrio": "Barrio Obrero", "direccion": "76001 CALLE 22A 9A 49", "sitio": "VIA PUBLICA", "x": -76.521171569819998, "y": 3.45012903214, "anio": 2024, "mes": "agosto", "dia": 14, "dia_semana": 4, "hora_hecho": "05:40", "barrio": "BARRIO OBRERO", "estrato": 2, "geom": "0101000020E6100000000000E05A2153C000000040DD990B40", "fecha_hech": "2024-08-14 00:00:00", "Id": 0, "area": 136572.15568900001 }, "geometry": { "type": "Point", "coordinates": [ -76.521171569819998, 3.45012903214 ] } },
{ "type": "Feature", "properties": { "dinamica": "HURTO", "titulo": "DELITOS CONTRA EL PATRIMONIO ECONOMICO", "capitulo": "DEL HURTO", "articulo": "HURTO CALIFICADO. ART. 240 C.P.", "grado_deli": "NINGUNO", "tipo_notic": "DENUNCIA", "caracteriz": "HURTO A PERSONAS", "modalidad": "ATRACO", "modo": "ARMA DE FUEGO", "motivo": null, "pais": "COLOMBIA", "dane_dep": 76, "departamen": "VALLE DEL CAUCA", "dane_mpio": 76001, "municipio": "CALI", "cod_comuna": 9.0, "comuna": "Comuna 9", "cod_barrio": 910.0, "nom_barrio": "Barrio Obrero", "direccion": "76001 CALLE 25 CON CARRERA 10, BARRIO OBRERO, CALI, VALLE DEL CAUCA", "sitio": "VIA PUBLICA", "x": -76.518577575679998, "y": 3.45025992393, "anio": 2024, "mes": "agosto", "dia": 14, "dia_semana": 4, "hora_hecho": "18:30", "barrio": "BARRIO OBRERO", "estrato": 2, "geom": "0101000020E610000000000060302153C0000000E0219A0B40", "fecha_hech": "2024-08-14 00:00:00", "Id": 0, "area": 136572.15568900001 }, "geometry": { "type": "Point", "coordinates": [ -76.518577575679998, 3.45025992393 ] } },
{ "type": "Feature", "properties": { "dinamica": "HURTO", "titulo": "DELITOS CONTRA EL PATRIMONIO ECONOMICO", "capitulo": "DEL HURTO", "articulo": "HURTO CALIFICADO. ART. 240 C.P.", "grado_deli": "NINGUNO", "tipo_notic": "DENUNCIA", "caracteriz": "HURTO A PERSONAS", "modalidad": "ATRACO", "modo": "ARMA DE FUEGO", "motivo": null, "pais": "COLOMBIA", "dane_dep": 76, "departamen": "VALLE DEL CAUCA", "dane_mpio": 76001, "municipio": "CALI", "cod_comuna": 9.0, "comuna": "Comuna 9", "cod_barrio": 910.0, "nom_barrio": "Barrio Obrero", "direccion": "76001 Carrera 15 7, Barrio Obrero, Cali, Valle del Cauca, COL,BARRIO OBRERO", "sitio": "SIN INFORMACION", "x": -76.519660949710001, "y": 3.4446289539300001, "anio": 2024, "mes": "agosto", "dia": 14, "dia_semana": 4, "hora_hecho": "23:00", "barrio": "BARRIO OBRERO", "estrato": 2, "geom": "0101000020E610000000000020422153C0000000A0998E0B40", "fecha_hech": "2024-08-14 00:00:00", "Id": 0, "area": 136572.15568900001 }, "geometry": { "type": "Point", "coordinates": [ -76.519660949710001, 3.44462895393 ] } },
{ "type": "Feature", "properties": { "dinamica": "HURTO", "titulo": "DELITOS CONTRA EL PATRIMONIO ECONOMICO", "capitulo": "DEL HURTO", "articulo": "HURTO CALIFICADO. ART. 240 C.P.", "grado_deli": "NINGUNO", "tipo_notic": "DENUNCIA", "caracteriz": "HURTO A ESTABLECIMIENTOS", "modalidad": "VIOLACION DE CERRADURA", "modo": null, "motivo": null, "pais": "COLOMBIA", "dane_dep": 76, "departamen": "VALLE DEL CAUCA", "dane_mpio": 76001, "municipio": "CALI", "cod_comuna": 9.0, "comuna": "Comuna 9", "cod_barrio": 910.0, "nom_barrio": "Barrio Obrero", "direccion": "76001 Calle 23 11B-47, Barrio Obrero, Cali, Valle del Cauca, COL,BARRIO OBRERO", "sitio": "SIN INFORMACION", "x": -76.51985168457, "y": 3.4477779865299998, "anio": 2024, "mes": "agosto", "dia": 15, "dia_semana": 5, "hora_hecho": "08:30", "barrio": "BARRIO OBRERO", "estrato": 2, "geom": "0101000020E610000000000040452153C0000000A00C950B40", "fecha_hech": "2024-08-15 00:00:00", "Id": 0, "area": 136572.15568900001 }, "geometry": { "type": "Point", "coordinates": [ -76.51985168457, 3.44777798653 ] } },
{ "type": "Feature", "properties": { "dinamica": "HURTO", "titulo": "DELITOS CONTRA EL PATRIMONIO ECONOMICO", "capitulo": "DEL HURTO", "articulo": "HURTO. ART. 239 C.P.", "grado_deli": "AGRAVADO", "tipo_notic": "DENUNCIA", "caracteriz": "HURTO A PERSONAS", "modalidad": "COSQUILLEO", "modo": null, "motivo": null, "pais": "COLOMBIA", "dane_dep": 76, "departamen": "VALLE DEL CAUCA", "dane_mpio": 76001, "municipio": "CALI", "cod_comuna": 9.0, "comuna": "Comuna 9", "cod_barrio": 910.0, "nom_barrio": "Barrio Obrero", "direccion": "76001 CARRERA 15 13, BARRIO OBRERO, CALI, VALLE DEL CAUCA", "sitio": "TRANSPORTE MASIVO", "x": -76.519584655759999, "y": 3.4446609020199999, "anio": 2024, "mes": "agosto", "dia": 15, "dia_semana": 5, "hora_hecho": "18:00", "barrio": "BARRIO OBRERO", "estrato": 2, "geom": "0101000020E6100000000000E0402153C000000060AA8E0B40", "fecha_hech": "2024-08-15 00:00:00", "Id": 0, "area": 136572.15568900001 }, "geometry": { "type": "Point", "coordinates": [ -76.519584655759999, 3.44466090202 ] } },
{ "type": "Feature", "properties": { "dinamica": "HURTO", "titulo": "DELITOS CONTRA EL PATRIMONIO ECONOMICO", "capitulo": "DEL HURTO", "articulo": "HURTO. ART. 239 C.P.", "grado_deli": "NINGUNO", "tipo_notic": "DENUNCIA", "caracteriz": "HURTO A PERSONAS", "modalidad": "ATRACO", "modo": "ARMA BLANCA", "motivo": null, "pais": "COLOMBIA", "dane_dep": 76, "departamen": "VALLE DEL CAUCA", "dane_mpio": 76001, "municipio": "CALI", "cod_comuna": 9.0, "comuna": "Comuna 9", "cod_barrio": 910.0, "nom_barrio": "Barrio Obrero", "direccion": "76001 BARRIO/LOCALIDAD/COMUNA:BARRIO OBRERO/COMUNA 9,CALI/VALLE DEL CAUCA,BARRIO OBRERO", "sitio": "SIN INFORMACION", "x": -76.51943206787, "y": 3.4491980075800002, "anio": 2024, "mes": "agosto", "dia": 16, "dia_semana": 6, "hora_hecho": "03:28", "barrio": "BARRIO OBRERO", "estrato": 2, "geom": "0101000020E6100000000000603E2153C000000020F5970B40", "fecha_hech": "2024-08-16 00:00:00", "Id": 0, "area": 136572.15568900001 }, "geometry": { "type": "Point", "coordinates": [ -76.51943206787, 3.44919800758 ] } },
{ "type": "Feature", "properties": { "dinamica": "HURTO", "titulo": "DELITOS CONTRA EL PATRIMONIO ECONOMICO", "capitulo": "DEL HURTO", "articulo": "HURTO. ART. 239 C.P.", "grado_deli": "NINGUNO", "tipo_notic": "QUERELLA", "caracteriz": "HURTO A PERSONAS", "modalidad": "FACTOR DE OPORTUNIDAD", "modo": null, "motivo": null, "pais": "COLOMBIA", "dane_dep": 76, "departamen": "VALLE DEL CAUCA", "dane_mpio": 76001, "municipio": "CALI", "cod_comuna": 9.0, "comuna": "Comuna 9", "cod_barrio": 910.0, "nom_barrio": "Barrio Obrero", "direccion": "76001 BARRIO/LOCALIDAD/COMUNA:BARRIO OBRERO/COMUNA 9,CALI/VALLE DEL CAUCA,BARRIO OBRERO", "sitio": "SIN INFORMACION", "x": -76.51963043213, "y": 3.4498419761700001, "anio": 2024, "mes": "agosto", "dia": 17, "dia_semana": 7, "hora_hecho": "06:53", "barrio": "BARRIO OBRERO", "estrato": 2, "geom": "0101000020E6100000000000A0412153C0000000C046990B40", "fecha_hech": "2024-08-17 00:00:00", "Id": 0, "area": 136572.15568900001 }, "geometry": { "type": "Point", "coordinates": [ -76.51963043213, 3.44984197617 ] } },
{ "type": "Feature", "properties": { "dinamica": "HURTO", "titulo": "DELITOS CONTRA EL PATRIMONIO ECONOMICO", "capitulo": "DEL HURTO", "articulo": "HURTO CALIFICADO. ART. 240 C.P.", "grado_deli": "NINGUNO", "tipo_notic": "DENUNCIA", "caracteriz": "HURTO A PERSONAS", "modalidad": "ATRACO", "modo": "ARMA BLANCA", "motivo": null, "pais": "COLOMBIA", "dane_dep": 76, "departamen": "VALLE DEL CAUCA", "dane_mpio": 76001, "municipio": "CALI", "cod_comuna": 9.0, "comuna": "Comuna 9", "cod_barrio": 910.0, "nom_barrio": "Barrio Obrero", "direccion": "76001 BARRIO/LOCALIDAD/COMUNA:BARRIO OBRERO/COMUNA 9,CALI/VALLE DEL CAUCA,BARRIO OBRERO", "sitio": "SIN INFORMACION", "x": -76.519943237299998, "y": 3.44941592216, "anio": 2024, "mes": "agosto", "dia": 22, "dia_semana": 5, "hora_hecho": "03:37", "barrio": "BARRIO OBRERO", "estrato": 2, "geom": "0101000020E6100000000000C0462153C00000006067980B40", "fecha_hech": "2024-08-22 00:00:00", "Id": 0, "area": 136572.15568900001 }, "geometry": { "type": "Point", "coordinates": [ -76.519943237299998, 3.44941592216 ] } },
{ "type": "Feature", "properties": { "dinamica": "HURTO", "titulo": "DELITOS CONTRA EL PATRIMONIO ECONOMICO", "capitulo": "DEL HURTO", "articulo": "HURTO CALIFICADO. ART. 240 C.P.", "grado_deli": "AGRAVADO", "tipo_notic": "DENUNCIA", "caracteriz": "HURTO A PERSONAS", "modalidad": "ATRACO", "modo": "ARMA DE FUEGO", "motivo": null, "pais": "COLOMBIA", "dane_dep": 76, "departamen": "VALLE DEL CAUCA", "dane_mpio": 76001, "municipio": "CALI", "cod_comuna": 9.0, "comuna": "Comuna 9", "cod_barrio": 910.0, "nom_barrio": "Barrio Obrero", "direccion": "76001 BARRIO/LOCALIDAD/COMUNA:BARRIO OBRERO/COMUNA 9,CALI/VALLE DEL CAUCA,BARRIO OBRERO", "sitio": "VIA PUBLICA", "x": -76.52082824707, "y": 3.4491488933599999, "anio": 2024, "mes": "agosto", "dia": 22, "dia_semana": 5, "hora_hecho": "03:59", "barrio": "BARRIO OBRERO", "estrato": 2, "geom": "0101000020E610000000000040552153C000000060DB970B40", "fecha_hech": "2024-08-22 00:00:00", "Id": 0, "area": 136572.15568900001 }, "geometry": { "type": "Point", "coordinates": [ -76.52082824707, 3.44914889336 ] } },
{ "type": "Feature", "properties": { "dinamica": "HURTO", "titulo": "DELITOS CONTRA EL PATRIMONIO ECONOMICO", "capitulo": "DEL HURTO", "articulo": "HURTO CALIFICADO. ART. 240 C.P.", "grado_deli": "NINGUNO", "tipo_notic": "DENUNCIA", "caracteriz": "HURTO A PERSONAS", "modalidad": "ATRACO", "modo": "ARMA DE FUEGO", "motivo": null, "pais": "COLOMBIA", "dane_dep": 76, "departamen": "VALLE DEL CAUCA", "dane_mpio": 76001, "municipio": "CALI", "cod_comuna": 9.0, "comuna": "Comuna 9", "cod_barrio": 910.0, "nom_barrio": "Barrio Obrero", "direccion": "76001 BARRIO/LOCALIDAD/COMUNA:BARRIO OBRERO/COMUNA 9,CALI/VALLE DEL CAUCA,BARRIO OBRERO", "sitio": "SIN INFORMACION", "x": -76.520164489750002, "y": 3.44871807098, "anio": 2024, "mes": "agosto", "dia": 23, "dia_semana": 6, "hora_hecho": "03:09", "barrio": "BARRIO OBRERO", "estrato": 2, "geom": "0101000020E6100000000000604A2153C000000080F9960B40", "fecha_hech": "2024-08-23 00:00:00", "Id": 0, "area": 136572.15568900001 }, "geometry": { "type": "Point", "coordinates": [ -76.520164489750002, 3.44871807098 ] } },
{ "type": "Feature", "properties": { "dinamica": "HURTO", "titulo": "DELITOS CONTRA EL PATRIMONIO ECONOMICO", "capitulo": "DEL HURTO", "articulo": "HURTO CALIFICADO. ART. 240 C.P.", "grado_deli": "NINGUNO", "tipo_notic": "DENUNCIA", "caracteriz": "HURTO A PERSONAS", "modalidad": "ATRACO", "modo": "ARMA BLANCA", "motivo": null, "pais": "COLOMBIA", "dane_dep": 76, "departamen": "VALLE DEL CAUCA", "dane_mpio": 76001, "municipio": "CALI", "cod_comuna": 9.0, "comuna": "Comuna 9", "cod_barrio": 910.0, "nom_barrio": "Barrio Obrero", "direccion": "76001 BARRIO/LOCALIDAD/COMUNA:BARRIO OBRERO/COMUNA 9,CALI/VALLE DEL CAUCA,BARRIO OBRERO", "sitio": "SIN INFORMACION", "x": -76.521377563480002, "y": 3.4491488933599999, "anio": 2024, "mes": "agosto", "dia": 24, "dia_semana": 7, "hora_hecho": "04:18", "barrio": "BARRIO OBRERO", "estrato": 2, "geom": "0101000020E6100000000000405E2153C000000060DB970B40", "fecha_hech": "2024-08-24 00:00:00", "Id": 0, "area": 136572.15568900001 }, "geometry": { "type": "Point", "coordinates": [ -76.521377563480002, 3.44914889336 ] } },
{ "type": "Feature", "properties": { "dinamica": "HURTO", "titulo": "DELITOS CONTRA EL PATRIMONIO ECONOMICO", "capitulo": "DEL HURTO", "articulo": "HURTO. ART. 239 C.P.", "grado_deli": "NINGUNO", "tipo_notic": "DENUNCIA", "caracteriz": "HURTO A PERSONAS", "modalidad": "FACTOR DE OPORTUNIDAD", "modo": null, "motivo": null, "pais": "COLOMBIA", "dane_dep": 76, "departamen": "VALLE DEL CAUCA", "dane_mpio": 76001, "municipio": "CALI", "cod_comuna": 9.0, "comuna": "Comuna 9", "cod_barrio": 910.0, "nom_barrio": "Barrio Obrero", "direccion": "76001 CARRERA 10, BARRIO OBRERO, CALI, VALLE DEL CAUCA", "sitio": "VIA PUBLICA", "x": -76.519477844240001, "y": 3.45008993149, "anio": 2024, "mes": "agosto", "dia": 24, "dia_semana": 7, "hora_hecho": "18:13", "barrio": "BARRIO OBRERO", "estrato": 2, "geom": "0101000020E6100000000000203F2153C0000000C0C8990B40", "fecha_hech": "2024-08-24 00:00:00", "Id": 0, "area": 136572.15568900001 }, "geometry": { "type": "Point", "coordinates": [ -76.519477844240001, 3.45008993149 ] } },
{ "type": "Feature", "properties": { "dinamica": "HURTO", "titulo": "DELITOS CONTRA EL PATRIMONIO ECONOMICO", "capitulo": "DEL HURTO", "articulo": "HURTO. ART. 239 C.P.", "grado_deli": "NINGUNO", "tipo_notic": "QUERELLA", "caracteriz": "HURTO A PERSONAS", "modalidad": "COSQUILLEO", "modo": null, "motivo": null, "pais": "COLOMBIA", "dane_dep": 76, "departamen": "VALLE DEL CAUCA", "dane_mpio": 76001, "municipio": "CALI", "cod_comuna": 9.0, "comuna": "Comuna 9", "cod_barrio": 910.0, "nom_barrio": "Barrio Obrero", "direccion": "76001 CALLE 25 CON CARRERA 8, SAN NICOLAS, CALI, VALLE DEL CAUCA", "sitio": "VIA PUBLICA", "x": -76.519096374509999, "y": 3.4528179168699999, "anio": 2024, "mes": "septiembre", "dia": 5, "dia_semana": 5, "hora_hecho": "06:30", "barrio": "BARRIO OBRERO", "estrato": 2, "geom": "0101000020E6100000000000E0382153C0000000005F9F0B40", "fecha_hech": "2024-09-05 00:00:00", "Id": 0, "area": 136572.15568900001 }, "geometry": { "type": "Point", "coordinates": [ -76.519096374509999, 3.45281791687 ] } },
{ "type": "Feature", "properties": { "dinamica": "HURTO", "titulo": "DELITOS CONTRA EL PATRIMONIO ECONOMICO", "capitulo": "DEL HURTO", "articulo": "HURTO CALIFICADO. ART. 240 C.P.", "grado_deli": "NINGUNO", "tipo_notic": "DENUNCIA", "caracteriz": "HURTO DE AUTOPARTES", "modalidad": "RAPONAZO", "modo": null, "motivo": null, "pais": "COLOMBIA", "dane_dep": 76, "departamen": "VALLE DEL CAUCA", "dane_mpio": 76001, "municipio": "CALI", "cod_comuna": 9.0, "comuna": "Comuna 9", "cod_barrio": 910.0, "nom_barrio": "Barrio Obrero", "direccion": "76001 CALLE 25 CON CARRERA 10, BARRIO OBRERO, CALI, VALLE DEL CAUCA", "sitio": "VIA PUBLICA", "x": -76.518577575679998, "y": 3.45025992393, "anio": 2024, "mes": "septiembre", "dia": 6, "dia_semana": 6, "hora_hecho": "06:00", "barrio": "BARRIO OBRERO", "estrato": 2, "geom": "0101000020E610000000000060302153C0000000E0219A0B40", "fecha_hech": "2024-09-06 00:00:00", "Id": 0, "area": 136572.15568900001 }, "geometry": { "type": "Point", "coordinates": [ -76.518577575679998, 3.45025992393 ] } },
{ "type": "Feature", "properties": { "dinamica": "HURTO", "titulo": "DELITOS CONTRA EL PATRIMONIO ECONOMICO", "capitulo": "DEL HURTO", "articulo": "HURTO CALIFICADO. ART. 240 C.P.", "grado_deli": "AGRAVADO", "tipo_notic": "DENUNCIA", "caracteriz": "HURTO DE AUTOPARTES", "modalidad": "RAPONAZO", "modo": null, "motivo": null, "pais": "COLOMBIA", "dane_dep": 76, "departamen": "VALLE DEL CAUCA", "dane_mpio": 76001, "municipio": "CALI", "cod_comuna": 9.0, "comuna": "Comuna 9", "cod_barrio": 910.0, "nom_barrio": "Barrio Obrero", "direccion": "76001 CL 25 CON CON KR 10 CALLE 25 CON CARRERA 10", "sitio": "SIN INFORMACION", "x": -76.51870727539, "y": 3.4506449699399999, "anio": 2024, "mes": "septiembre", "dia": 6, "dia_semana": 6, "hora_hecho": "19:30", "barrio": null, "estrato": 2, "geom": "0101000020E610000000000080322153C0000000C0EB9A0B40", "fecha_hech": "2024-09-06 00:00:00", "Id": 0, "area": 136572.15568900001 }, "geometry": { "type": "Point", "coordinates": [ -76.51870727539, 3.45064496994 ] } },
{ "type": "Feature", "properties": { "dinamica": "HURTO", "titulo": "DELITOS CONTRA EL PATRIMONIO ECONOMICO", "capitulo": "DEL HURTO", "articulo": "HURTO CALIFICADO. ART. 240 C.P.", "grado_deli": "NINGUNO", "tipo_notic": "DENUNCIA", "caracteriz": "HURTO DE AUTOPARTES", "modalidad": "ATRACO", "modo": "SIN ARMA", "motivo": null, "pais": "COLOMBIA", "dane_dep": 76, "departamen": "VALLE DEL CAUCA", "dane_mpio": 76001, "municipio": "CALI", "cod_comuna": 9.0, "comuna": "Comuna 9", "cod_barrio": 910.0, "nom_barrio": "Barrio Obrero", "direccion": "76001 CALLE 25 CON CARRERA 10, BARRIO OBRERO, CALI, VALLE DEL CAUCA", "sitio": "VIA PUBLICA", "x": -76.518577575679998, "y": 3.45025992393, "anio": 2024, "mes": "septiembre", "dia": 9, "dia_semana": 2, "hora_hecho": "06:00", "barrio": "BARRIO OBRERO", "estrato": 2, "geom": "0101000020E610000000000060302153C0000000E0219A0B40", "fecha_hech": "2024-09-09 00:00:00", "Id": 0, "area": 136572.15568900001 }, "geometry": { "type": "Point", "coordinates": [ -76.518577575679998, 3.45025992393 ] } },
{ "type": "Feature", "properties": { "dinamica": "HURTO", "titulo": "DELITOS CONTRA EL PATRIMONIO ECONOMICO", "capitulo": "DEL HURTO", "articulo": "HURTO CALIFICADO. ART. 240 C.P.", "grado_deli": "AGRAVADO", "tipo_notic": "DENUNCIA", "caracteriz": "HURTO A PERSONAS", "modalidad": "ATRACO", "modo": "ARMA DE FUEGO", "motivo": null, "pais": "COLOMBIA", "dane_dep": 76, "departamen": "VALLE DEL CAUCA", "dane_mpio": 76001, "municipio": "CALI", "cod_comuna": 9.0, "comuna": "Comuna 9", "cod_barrio": 910.0, "nom_barrio": "Barrio Obrero", "direccion": "76001", "sitio": "SIN INFORMACION", "x": -76.519226074220001, "y": 3.4453389644599999, "anio": 2024, "mes": "septiembre", "dia": 9, "dia_semana": 2, "hora_hecho": "07:30", "barrio": null, "estrato": 2, "geom": "0101000020E6100000000000003B2153C0000000E00D900B40", "fecha_hech": "2024-09-09 00:00:00", "Id": 0, "area": 136572.15568900001 }, "geometry": { "type": "Point", "coordinates": [ -76.519226074220001, 3.44533896446 ] } },
{ "type": "Feature", "properties": { "dinamica": "HURTO", "titulo": "DELITOS CONTRA EL PATRIMONIO ECONOMICO", "capitulo": "DEL HURTO", "articulo": "HURTO CALIFICADO. ART. 240 C.P.", "grado_deli": "NINGUNO", "tipo_notic": "DENUNCIA", "caracteriz": "HURTO DE MOTOCICLETAS", "modalidad": "HALADO", "modo": null, "motivo": null, "pais": "COLOMBIA", "dane_dep": 76, "departamen": "VALLE DEL CAUCA", "dane_mpio": 76001, "municipio": "CALI", "cod_comuna": 9.0, "comuna": "Comuna 9", "cod_barrio": 910.0, "nom_barrio": "Barrio Obrero", "direccion": "76001 CARRERA 10 21 14", "sitio": "VIA PUBLICA", "x": -76.522483825679998, "y": 3.4492900371599999, "anio": 2024, "mes": "septiembre", "dia": 13, "dia_semana": 6, "hora_hecho": "18:20", "barrio": "BARRIO OBRERO", "estrato": 2, "geom": "0101000020E610000000000060702153C00000006025980B40", "fecha_hech": "2024-09-13 00:00:00", "Id": 0, "area": 136572.15568900001 }, "geometry": { "type": "Point", "coordinates": [ -76.522483825679998, 3.44929003716 ] } },
{ "type": "Feature", "properties": { "dinamica": "HURTO", "titulo": "DELITOS CONTRA EL PATRIMONIO ECONOMICO", "capitulo": "DEL HURTO", "articulo": "HURTO. ART. 239 C.P.", "grado_deli": "NINGUNO", "tipo_notic": "QUERELLA", "caracteriz": "HURTO DE AUTOPARTES", "modalidad": "FACTOR DE OPORTUNIDAD", "modo": null, "motivo": null, "pais": "COLOMBIA", "dane_dep": 76, "departamen": "VALLE DEL CAUCA", "dane_mpio": 76001, "municipio": "CALI", "cod_comuna": 9.0, "comuna": "Comuna 9", "cod_barrio": 910.0, "nom_barrio": "Barrio Obrero", "direccion": "76001 CALLE 23, BARRIO OBRERO, CALI, VALLE DEL CAUCA", "sitio": "VIA PUBLICA", "x": -76.518630981450002, "y": 3.4454989433300001, "anio": 2024, "mes": "septiembre", "dia": 16, "dia_semana": 2, "hora_hecho": "20:35", "barrio": "BARRIO OBRERO", "estrato": 2, "geom": "0101000020E610000000000040312153C0000000C061900B40", "fecha_hech": "2024-09-16 00:00:00", "Id": 0, "area": 136572.15568900001 }, "geometry": { "type": "Point", "coordinates": [ -76.518630981450002, 3.44549894333 ] } },
{ "type": "Feature", "properties": { "dinamica": "HURTO", "titulo": "DELITOS CONTRA EL PATRIMONIO ECONOMICO", "capitulo": "DEL HURTO", "articulo": "HURTO CALIFICADO. ART. 240 C.P.", "grado_deli": "AGRAVADO", "tipo_notic": "DENUNCIA", "caracteriz": "HURTO A ESTABLECIMIENTOS", "modalidad": "VIOLACION DE CERRADURA", "modo": null, "motivo": null, "pais": "COLOMBIA", "dane_dep": 76, "departamen": "VALLE DEL CAUCA", "dane_mpio": 76001, "municipio": "CALI", "cod_comuna": 9.0, "comuna": "Comuna 9", "cod_barrio": 910.0, "nom_barrio": "Barrio Obrero", "direccion": "76001 KR 15 CON CL 23", "sitio": "VIA PUBLICA", "x": -76.519081115719999, "y": 3.4448421001399998, "anio": 2024, "mes": "septiembre", "dia": 18, "dia_semana": 4, "hora_hecho": "18:30", "barrio": null, "estrato": 2, "geom": "0101000020E6100000000000A0382153C000000060098F0B40", "fecha_hech": "2024-09-18 00:00:00", "Id": 0, "area": 136572.15568900001 }, "geometry": { "type": "Point", "coordinates": [ -76.519081115719999, 3.44484210014 ] } },
{ "type": "Feature", "properties": { "dinamica": "HURTO", "titulo": "DELITOS CONTRA EL PATRIMONIO ECONOMICO", "capitulo": "DEL HURTO", "articulo": "HURTO CALIFICADO. ART. 240 C.P.", "grado_deli": "NINGUNO", "tipo_notic": "DENUNCIA", "caracteriz": "HURTO DE VEHICULOS", "modalidad": "HALADO", "modo": null, "motivo": null, "pais": "COLOMBIA", "dane_dep": 76, "departamen": "VALLE DEL CAUCA", "dane_mpio": 76001, "municipio": "CALI", "cod_comuna": 9.0, "comuna": "Comuna 9", "cod_barrio": 910.0, "nom_barrio": "Barrio Obrero", "direccion": "76001 CALLE 24 9 3", "sitio": "VIA PUBLICA", "x": -76.519523620610002, "y": 3.4508249759699998, "anio": 2024, "mes": "septiembre", "dia": 19, "dia_semana": 5, "hora_hecho": "00:30", "barrio": "BARRIO OBRERO", "estrato": 2, "geom": "0101000020E6100000000000E03F2153C0000000204A9B0B40", "fecha_hech": "2024-09-19 00:00:00", "Id": 0, "area": 136572.15568900001 }, "geometry": { "type": "Point", "coordinates": [ -76.519523620610002, 3.45082497597 ] } },
{ "type": "Feature", "properties": { "dinamica": "HURTO", "titulo": "DELITOS CONTRA EL PATRIMONIO ECONOMICO", "capitulo": "DEL HURTO", "articulo": "HURTO CALIFICADO. ART. 240 C.P.", "grado_deli": "AGRAVADO", "tipo_notic": "DENUNCIA", "caracteriz": "HURTO A PERSONAS", "modalidad": "ENGAÑO", "modo": null, "motivo": null, "pais": "COLOMBIA", "dane_dep": 76, "departamen": "VALLE DEL CAUCA", "dane_mpio": 76001, "municipio": "CALI", "cod_comuna": 9.0, "comuna": "Comuna 9", "cod_barrio": 910.0, "nom_barrio": "Barrio Obrero", "direccion": "76001 CARRERA 15 19, BARRIO OBRERO, CALI, VALLE DEL CAUCA", "sitio": "VIA PUBLICA", "x": -76.51951599121, "y": 3.4446930885299998, "anio": 2024, "mes": "septiembre", "dia": 19, "dia_semana": 5, "hora_hecho": "11:07", "barrio": "BARRIO OBRERO", "estrato": 2, "geom": "0101000020E6100000000000C03F2153C000000040BB8E0B40", "fecha_hech": "2024-09-19 00:00:00", "Id": 0, "area": 136572.15568900001 }, "geometry": { "type": "Point", "coordinates": [ -76.51951599121, 3.44469308853 ] } },
{ "type": "Feature", "properties": { "dinamica": "HURTO", "titulo": "DELITOS CONTRA EL PATRIMONIO ECONOMICO", "capitulo": "DEL HURTO", "articulo": "HURTO CALIFICADO. ART. 240 C.P.", "grado_deli": "AGRAVADO", "tipo_notic": "DENUNCIA", "caracteriz": "HURTO A PERSONAS", "modalidad": "ATRACO", "modo": "ARMA DE FUEGO", "motivo": null, "pais": "COLOMBIA", "dane_dep": 76, "departamen": "VALLE DEL CAUCA", "dane_mpio": 76001, "municipio": "CALI", "cod_comuna": 9.0, "comuna": "Comuna 9", "cod_barrio": 910.0, "nom_barrio": "Barrio Obrero", "direccion": "76001 CALLE 22 121-111, BARRIO OBRERO, CALI, VALLE DEL CAUCA", "sitio": "VIA PUBLICA", "x": -76.521209716800001, "y": 3.4458029270199999, "anio": 2024, "mes": "septiembre", "dia": 20, "dia_semana": 6, "hora_hecho": "06:15", "barrio": "BARRIO OBRERO", "estrato": 2, "geom": "0101000020E6100000000000805B2153C00000002001910B40", "fecha_hech": "2024-09-20 00:00:00", "Id": 0, "area": 136572.15568900001 }, "geometry": { "type": "Point", "coordinates": [ -76.521209716800001, 3.44580292702 ] } },
{ "type": "Feature", "properties": { "dinamica": "HURTO", "titulo": "DELITOS CONTRA EL PATRIMONIO ECONOMICO", "capitulo": "DEL HURTO", "articulo": "HURTO CALIFICADO. ART. 240 C.P.", "grado_deli": "NINGUNO", "tipo_notic": "DENUNCIA", "caracteriz": "HURTO DE MOTOCICLETAS", "modalidad": "HALADO", "modo": null, "motivo": null, "pais": "COLOMBIA", "dane_dep": 76, "departamen": "VALLE DEL CAUCA", "dane_mpio": 76001, "municipio": "CALI", "cod_comuna": 9.0, "comuna": "Comuna 9", "cod_barrio": 910.0, "nom_barrio": "Barrio Obrero", "direccion": "76001 CALLE 23, BARRIO OBRERO, CALI, VALLE DEL CAUCA", "sitio": "VIA PUBLICA", "x": -76.519226074220001, "y": 3.4450480938000001, "anio": 2024, "mes": "septiembre", "dia": 20, "dia_semana": 6, "hora_hecho": "09:00", "barrio": "BARRIO OBRERO", "estrato": 2, "geom": "0101000020E6100000000000003B2153C000000060758F0B40", "fecha_hech": "2024-09-20 00:00:00", "Id": 0, "area": 136572.15568900001 }, "geometry": { "type": "Point", "coordinates": [ -76.519226074220001, 3.4450480938 ] } },
{ "type": "Feature", "properties": { "dinamica": "HURTO", "titulo": "DELITOS CONTRA EL PATRIMONIO ECONOMICO", "capitulo": "DEL HURTO", "articulo": "HURTO CALIFICADO. ART. 240 C.P.", "grado_deli": "NINGUNO", "tipo_notic": "DENUNCIA", "caracteriz": "HURTO DE AUTOPARTES", "modalidad": "ATRACO", "modo": "SIN ARMA", "motivo": null, "pais": "COLOMBIA", "dane_dep": 76, "departamen": "VALLE DEL CAUCA", "dane_mpio": 76001, "municipio": "CALI", "cod_comuna": 9.0, "comuna": "Comuna 9", "cod_barrio": 910.0, "nom_barrio": "Barrio Obrero", "direccion": "76001 CALLE 25 CON CARRERA 8, SAN NICOLAS, CALI, VALLE DEL CAUCA", "sitio": "VIA PUBLICA", "x": -76.519096374509999, "y": 3.4528179168699999, "anio": 2024, "mes": "septiembre", "dia": 21, "dia_semana": 7, "hora_hecho": "12:30", "barrio": "BARRIO OBRERO", "estrato": 2, "geom": "0101000020E6100000000000E0382153C0000000005F9F0B40", "fecha_hech": "2024-09-21 00:00:00", "Id": 0, "area": 136572.15568900001 }, "geometry": { "type": "Point", "coordinates": [ -76.519096374509999, 3.45281791687 ] } },
{ "type": "Feature", "properties": { "dinamica": "HURTO", "titulo": "DELITOS CONTRA EL PATRIMONIO ECONOMICO", "capitulo": "DEL HURTO", "articulo": "HURTO CALIFICADO. ART. 240 C.P.", "grado_deli": "NINGUNO", "tipo_notic": "DENUNCIA", "caracteriz": "HURTO DE MOTOCICLETAS", "modalidad": "HALADO", "modo": null, "motivo": null, "pais": "COLOMBIA", "dane_dep": 76, "departamen": "VALLE DEL CAUCA", "dane_mpio": 76001, "municipio": "CALI", "cod_comuna": 9.0, "comuna": "Comuna 9", "cod_barrio": 910.0, "nom_barrio": "Barrio Obrero", "direccion": "76001 CARRERA 11B 23 47, SANTIAGO DE CALI, CALI, VALLE DEL CAUCA", "sitio": "VIA PUBLICA", "x": -76.519638061519998, "y": 3.4489719867700002, "anio": 2024, "mes": "septiembre", "dia": 23, "dia_semana": 2, "hora_hecho": "11:30", "barrio": "BARRIO OBRERO", "estrato": 2, "geom": "0101000020E6100000000000C0412153C0000000A07E970B40", "fecha_hech": "2024-09-23 00:00:00", "Id": 0, "area": 136572.15568900001 }, "geometry": { "type": "Point", "coordinates": [ -76.519638061519998, 3.44897198677 ] } },
{ "type": "Feature", "properties": { "dinamica": "HURTO", "titulo": "DELITOS CONTRA EL PATRIMONIO ECONOMICO", "capitulo": "DEL HURTO", "articulo": "HURTO CALIFICADO. ART. 240 C.P.", "grado_deli": "NINGUNO", "tipo_notic": "DENUNCIA", "caracteriz": "HURTO DE MOTOCICLETAS", "modalidad": "ATRACO", "modo": "ARMA DE FUEGO", "motivo": null, "pais": "COLOMBIA", "dane_dep": 76, "departamen": "VALLE DEL CAUCA", "dane_mpio": 76001, "municipio": "CALI", "cod_comuna": 9.0, "comuna": "Comuna 9", "cod_barrio": 910.0, "nom_barrio": "Barrio Obrero", "direccion": "76001 Carrera 8 con Calle 23, San Nicolas, Cali, Valle del Cauca, COL,SAN NICOLÁS", "sitio": "SIN INFORMACION", "x": -76.520835876459998, "y": 3.4524369239800001, "anio": 2024, "mes": "septiembre", "dia": 23, "dia_semana": 2, "hora_hecho": "20:30", "barrio": "SAN NICOLÁS", "estrato": 2, "geom": "0101000020E610000000000060552153C000000040979E0B40", "fecha_hech": "2024-09-23 00:00:00", "Id": 0, "area": 136572.15568900001 }, "geometry": { "type": "Point", "coordinates": [ -76.520835876459998, 3.45243692398 ] } },
{ "type": "Feature", "properties": { "dinamica": "HURTO", "titulo": "DELITOS CONTRA EL PATRIMONIO ECONOMICO", "capitulo": "DEL HURTO", "articulo": "HURTO CALIFICADO. ART. 240 C.P.", "grado_deli": "NINGUNO", "tipo_notic": "DENUNCIA", "caracteriz": "HURTO A PERSONAS", "modalidad": "RAPONAZO", "modo": null, "motivo": null, "pais": "COLOMBIA", "dane_dep": 76, "departamen": "VALLE DEL CAUCA", "dane_mpio": 76001, "municipio": "CALI", "cod_comuna": 9.0, "comuna": "Comuna 9", "cod_barrio": 910.0, "nom_barrio": "Barrio Obrero", "direccion": "76001 CARRERA 10 23 99", "sitio": "VIA PUBLICA", "x": -76.519454956049998, "y": 3.4500570297199999, "anio": 2024, "mes": "septiembre", "dia": 24, "dia_semana": 3, "hora_hecho": "15:30", "barrio": "BARRIO OBRERO", "estrato": 2, "geom": "0101000020E6100000000000C03E2153C000000080B7990B40", "fecha_hech": "2024-09-24 00:00:00", "Id": 0, "area": 136572.15568900001 }, "geometry": { "type": "Point", "coordinates": [ -76.519454956049998, 3.45005702972 ] } },
{ "type": "Feature", "properties": { "dinamica": "HURTO", "titulo": "DELITOS CONTRA EL PATRIMONIO ECONOMICO", "capitulo": "DEL HURTO", "articulo": "HURTO CALIFICADO. ART. 240 C.P.", "grado_deli": "AGRAVADO", "tipo_notic": "DENUNCIA", "caracteriz": "HURTO A PERSONAS", "modalidad": "ATRACO", "modo": "ARMA BLANCA", "motivo": null, "pais": "COLOMBIA", "dane_dep": 76, "departamen": "VALLE DEL CAUCA", "dane_mpio": 76001, "municipio": "CALI", "cod_comuna": 9.0, "comuna": "Comuna 9", "cod_barrio": 910.0, "nom_barrio": "Barrio Obrero", "direccion": "76001 BARRIO/LOCALIDAD/COMUNA:BARRIO OBRERO/COMUNA 9,CALI/VALLE DEL CAUCA,BARRIO OBRERO", "sitio": "SIN INFORMACION", "x": -76.52043914795, "y": 3.4486579895, "anio": 2024, "mes": "septiembre", "dia": 28, "dia_semana": 7, "hora_hecho": "05:59", "barrio": "BARRIO OBRERO", "estrato": 2, "geom": "0101000020E6100000000000E04E2153C000000000DA960B40", "fecha_hech": "2024-09-28 00:00:00", "Id": 0, "area": 136572.15568900001 }, "geometry": { "type": "Point", "coordinates": [ -76.52043914795, 3.4486579895 ] } },
{ "type": "Feature", "properties": { "dinamica": "HURTO", "titulo": "DELITOS CONTRA EL PATRIMONIO ECONOMICO", "capitulo": "DEL HURTO", "articulo": "HURTO. ART. 239 C.P.", "grado_deli": "AGRAVADO", "tipo_notic": "DENUNCIA", "caracteriz": "HURTO A CELULARES", "modalidad": "FACTOR DE OPORTUNIDAD", "modo": null, "motivo": null, "pais": "COLOMBIA", "dane_dep": 76, "departamen": "VALLE DEL CAUCA", "dane_mpio": 76001, "municipio": "CALI", "cod_comuna": 9.0, "comuna": "Comuna 9", "cod_barrio": 910.0, "nom_barrio": "Barrio Obrero", "direccion": "76001 Calle 22a 12 30, Santiago De Cali, Cali, Valle Del Cauca, COL,BARRIO OBRERO", "sitio": "SIN INFORMACION", "x": -76.520462036129999, "y": 3.4460709095, "anio": 2024, "mes": "septiembre", "dia": 28, "dia_semana": 7, "hora_hecho": "13:28", "barrio": "BARRIO OBRERO", "estrato": 2, "geom": "0101000020E6100000000000404F2153C0000000A08D910B40", "fecha_hech": "2024-09-28 00:00:00", "Id": 0, "area": 136572.15568900001 }, "geometry": { "type": "Point", "coordinates": [ -76.520462036129999, 3.4460709095 ] } },
{ "type": "Feature", "properties": { "dinamica": "HURTO", "titulo": "DELITOS CONTRA EL PATRIMONIO ECONOMICO", "capitulo": "DEL HURTO", "articulo": "HURTO. ART. 239 C.P.", "grado_deli": "AGRAVADO", "tipo_notic": "DENUNCIA", "caracteriz": "HURTO A CELULARES", "modalidad": "COSQUILLEO", "modo": null, "motivo": null, "pais": "COLOMBIA", "dane_dep": 76, "departamen": "VALLE DEL CAUCA", "dane_mpio": 76001, "municipio": "CALI", "cod_comuna": 9.0, "comuna": "Comuna 9", "cod_barrio": 910.0, "nom_barrio": "Barrio Obrero", "direccion": "76001 CARRERA 8, SAN NICOLAS, CALI, VALLE DEL CAUCA", "sitio": "TRANSPORTE MASIVO", "x": -76.52075958252, "y": 3.4524528980300002, "anio": 2024, "mes": "octubre", "dia": 1, "dia_semana": 3, "hora_hecho": "08:30", "barrio": "SAN NICOLÁS", "estrato": 2, "geom": "0101000020E610000000000020542153C0000000A09F9E0B40", "fecha_hech": "2024-10-01 00:00:00", "Id": 0, "area": 136572.15568900001 }, "geometry": { "type": "Point", "coordinates": [ -76.52075958252, 3.45245289803 ] } },
{ "type": "Feature", "properties": { "dinamica": "HURTO", "titulo": "DELITOS CONTRA EL PATRIMONIO ECONOMICO", "capitulo": "DEL HURTO", "articulo": "HURTO. ART. 239 C.P.", "grado_deli": "AGRAVADO", "tipo_notic": "DENUNCIA", "caracteriz": "HURTO A CELULARES", "modalidad": "COSQUILLEO", "modo": null, "motivo": null, "pais": "COLOMBIA", "dane_dep": 76, "departamen": "VALLE DEL CAUCA", "dane_mpio": 76001, "municipio": "CALI", "cod_comuna": 9.0, "comuna": "Comuna 9", "cod_barrio": 910.0, "nom_barrio": "Barrio Obrero", "direccion": "76001 CARRERA 10 23, BARRIO OBRERO, CALI, VALLE DEL CAUCA", "sitio": "TRANSPORTE MASIVO", "x": -76.520149230960001, "y": 3.4497981071499999, "anio": 2024, "mes": "octubre", "dia": 1, "dia_semana": 3, "hora_hecho": "08:30", "barrio": "BARRIO OBRERO", "estrato": 2, "geom": "0101000020E6100000000000204A2153C0000000C02F990B40", "fecha_hech": "2024-10-01 00:00:00", "Id": 0, "area": 136572.15568900001 }, "geometry": { "type": "Point", "coordinates": [ -76.520149230960001, 3.44979810715 ] } },
{ "type": "Feature", "properties": { "dinamica": "HURTO", "titulo": "DELITOS CONTRA EL PATRIMONIO ECONOMICO", "capitulo": "DEL HURTO", "articulo": "HURTO. ART. 239 C.P.", "grado_deli": "NINGUNO", "tipo_notic": "DENUNCIA", "caracteriz": "HURTO A CELULARES", "modalidad": "COSQUILLEO", "modo": null, "motivo": null, "pais": "COLOMBIA", "dane_dep": 76, "departamen": "VALLE DEL CAUCA", "dane_mpio": 76001, "municipio": "CALI", "cod_comuna": 9.0, "comuna": "Comuna 9", "cod_barrio": 910.0, "nom_barrio": "Barrio Obrero", "direccion": "76001 CALLE 23 CON CARRERA 8, SAN NICOLAS, CALI, VALLE DEL CAUCA", "sitio": "TRANSPORTE MASIVO", "x": -76.520835876459998, "y": 3.4524369239800001, "anio": 2024, "mes": "octubre", "dia": 1, "dia_semana": 3, "hora_hecho": "09:00", "barrio": "SAN NICOLÁS", "estrato": 2, "geom": "0101000020E610000000000060552153C000000040979E0B40", "fecha_hech": "2024-10-01 00:00:00", "Id": 0, "area": 136572.15568900001 }, "geometry": { "type": "Point", "coordinates": [ -76.520835876459998, 3.45243692398 ] } },
{ "type": "Feature", "properties": { "dinamica": "HURTO", "titulo": "DELITOS CONTRA EL PATRIMONIO ECONOMICO", "capitulo": "DEL HURTO", "articulo": "HURTO CALIFICADO. ART. 240 C.P.", "grado_deli": "NINGUNO", "tipo_notic": "DENUNCIA", "caracteriz": "HURTO A PERSONAS", "modalidad": "ATRACO", "modo": "ARMA DE FUEGO", "motivo": null, "pais": "COLOMBIA", "dane_dep": 76, "departamen": "VALLE DEL CAUCA", "dane_mpio": 76001, "municipio": "CALI", "cod_comuna": 9.0, "comuna": "Comuna 9", "cod_barrio": 910.0, "nom_barrio": "Barrio Obrero", "direccion": "76001 CARRERA 10 CON CALLE 22, BARRIO OBRERO, CALI, VALLE DEL CAUCA", "sitio": "VIA PUBLICA", "x": -76.521926879879999, "y": 3.4495599269900001, "anio": 2024, "mes": "octubre", "dia": 7, "dia_semana": 2, "hora_hecho": "13:30", "barrio": "BARRIO OBRERO", "estrato": 2, "geom": "0101000020E610000000000040672153C0000000E0B2980B40", "fecha_hech": "2024-10-07 00:00:00", "Id": 0, "area": 136572.15568900001 }, "geometry": { "type": "Point", "coordinates": [ -76.521926879879999, 3.44955992699 ] } },
{ "type": "Feature", "properties": { "dinamica": "HURTO", "titulo": "DELITOS CONTRA EL PATRIMONIO ECONOMICO", "capitulo": "DEL HURTO", "articulo": "HURTO CALIFICADO. ART. 240 C.P.", "grado_deli": "NINGUNO", "tipo_notic": "DENUNCIA", "caracteriz": "HURTO DE AUTOPARTES", "modalidad": "FACTOR DE OPORTUNIDAD", "modo": null, "motivo": null, "pais": "COLOMBIA", "dane_dep": 76, "departamen": "VALLE DEL CAUCA", "dane_mpio": 76001, "municipio": "CALI", "cod_comuna": 9.0, "comuna": "Comuna 9", "cod_barrio": 910.0, "nom_barrio": "Barrio Obrero", "direccion": "76001 CARRERA 8 22A 99", "sitio": "VIA PUBLICA", "x": -76.520881652829999, "y": 3.45243501663, "anio": 2024, "mes": "octubre", "dia": 9, "dia_semana": 4, "hora_hecho": "01:00", "barrio": "SAN NICOLÁS", "estrato": 2, "geom": "0101000020E610000000000020562153C000000040969E0B40", "fecha_hech": "2024-10-09 00:00:00", "Id": 0, "area": 136572.15568900001 }, "geometry": { "type": "Point", "coordinates": [ -76.520881652829999, 3.45243501663 ] } },
{ "type": "Feature", "properties": { "dinamica": "HURTO", "titulo": "DELITOS CONTRA EL PATRIMONIO ECONOMICO", "capitulo": "DEL HURTO", "articulo": "HURTO CALIFICADO. ART. 240 C.P.", "grado_deli": "AGRAVADO", "tipo_notic": "DENUNCIA", "caracteriz": "HURTO DE MOTOCICLETAS", "modalidad": "HALADO", "modo": null, "motivo": null, "pais": "COLOMBIA", "dane_dep": 76, "departamen": "VALLE DEL CAUCA", "dane_mpio": 76001, "municipio": "CALI", "cod_comuna": 9.0, "comuna": "Comuna 9", "cod_barrio": 910.0, "nom_barrio": "Barrio Obrero", "direccion": "76001 Calle 24 11b 18, Santiago De Cali, Cali, Valle Del Cauca, COL,BARRIO OBRERO", "sitio": "SIN INFORMACION", "x": -76.51912689209, "y": 3.4482519626600001, "anio": 2024, "mes": "octubre", "dia": 9, "dia_semana": 4, "hora_hecho": "13:30", "barrio": "BARRIO OBRERO", "estrato": 2, "geom": "0101000020E610000000000060392153C00000002005960B40", "fecha_hech": "2024-10-09 00:00:00", "Id": 0, "area": 136572.15568900001 }, "geometry": { "type": "Point", "coordinates": [ -76.51912689209, 3.44825196266 ] } },
{ "type": "Feature", "properties": { "dinamica": "HURTO", "titulo": "DELITOS CONTRA EL PATRIMONIO ECONOMICO", "capitulo": "DEL HURTO", "articulo": "HURTO CALIFICADO. ART. 240 C.P.", "grado_deli": "NINGUNO", "tipo_notic": "DENUNCIA", "caracteriz": "HURTO DE MOTOCICLETAS", "modalidad": "HALADO", "modo": null, "motivo": null, "pais": "COLOMBIA", "dane_dep": 76, "departamen": "VALLE DEL CAUCA", "dane_mpio": 76001, "municipio": "CALI", "cod_comuna": 9.0, "comuna": "Comuna 9", "cod_barrio": 910.0, "nom_barrio": "Barrio Obrero", "direccion": "76001 CARRERA 9 22 3", "sitio": "VIA PUBLICA", "x": -76.522003173830001, "y": 3.4504659175899999, "anio": 2024, "mes": "octubre", "dia": 13, "dia_semana": 1, "hora_hecho": "13:45", "barrio": "BARRIO OBRERO", "estrato": 2, "geom": "0101000020E610000000000080682153C0000000E08D9A0B40", "fecha_hech": "2024-10-13 00:00:00", "Id": 0, "area": 136572.15568900001 }, "geometry": { "type": "Point", "coordinates": [ -76.522003173830001, 3.45046591759 ] } },
{ "type": "Feature", "properties": { "dinamica": "HURTO", "titulo": "DELITOS CONTRA EL PATRIMONIO ECONOMICO", "capitulo": "DEL HURTO", "articulo": "HURTO CALIFICADO. ART. 240 C.P.", "grado_deli": "AGRAVADO", "tipo_notic": "DENUNCIA", "caracteriz": "HURTO DE MOTOCICLETAS", "modalidad": "ATRACO", "modo": "ARMA DE FUEGO", "motivo": null, "pais": "COLOMBIA", "dane_dep": 76, "departamen": "VALLE DEL CAUCA", "dane_mpio": 76001, "municipio": "CALI", "cod_comuna": 9.0, "comuna": "Comuna 9", "cod_barrio": 910.0, "nom_barrio": "Barrio Obrero", "direccion": "76001 CALLE 24 8A 43", "sitio": "VIA PUBLICA", "x": -76.519676208500002, "y": 3.4514091014899999, "anio": 2024, "mes": "octubre", "dia": 14, "dia_semana": 2, "hora_hecho": "03:30", "barrio": "BARRIO OBRERO", "estrato": 2, "geom": "0101000020E610000000000060422153C0000000607C9C0B40", "fecha_hech": "2024-10-14 00:00:00", "Id": 0, "area": 136572.15568900001 }, "geometry": { "type": "Point", "coordinates": [ -76.519676208500002, 3.45140910149 ] } },
{ "type": "Feature", "properties": { "dinamica": "HURTO", "titulo": "DELITOS CONTRA EL PATRIMONIO ECONOMICO", "capitulo": "DEL HURTO", "articulo": "HURTO CALIFICADO. ART. 240 C.P.", "grado_deli": "AGRAVADO", "tipo_notic": "DENUNCIA", "caracteriz": "HURTO DE MOTOCICLETAS", "modalidad": "ATRACO", "modo": "ARMA DE FUEGO", "motivo": null, "pais": "COLOMBIA", "dane_dep": 76, "departamen": "VALLE DEL CAUCA", "dane_mpio": 76001, "municipio": "CALI", "cod_comuna": 9.0, "comuna": "Comuna 9", "cod_barrio": 910.0, "nom_barrio": "Barrio Obrero", "direccion": "76001 CARRERA 15 15, BARRIO OBRERO, CALI, VALLE DEL CAUCA", "sitio": "VIA PUBLICA", "x": -76.519561767580001, "y": 3.4446709156000002, "anio": 2024, "mes": "octubre", "dia": 14, "dia_semana": 2, "hora_hecho": "04:30", "barrio": "BARRIO OBRERO", "estrato": 2, "geom": "0101000020E610000000000080402153C0000000A0AF8E0B40", "fecha_hech": "2024-10-14 00:00:00", "Id": 0, "area": 136572.15568900001 }, "geometry": { "type": "Point", "coordinates": [ -76.519561767580001, 3.4446709156 ] } },
{ "type": "Feature", "properties": { "dinamica": "HURTO", "titulo": "DELITOS CONTRA EL PATRIMONIO ECONOMICO", "capitulo": "DEL HURTO", "articulo": "HURTO CALIFICADO. ART. 240 C.P.", "grado_deli": "AGRAVADO", "tipo_notic": "DENUNCIA", "caracteriz": "HURTO A PERSONAS", "modalidad": "ATRACO", "modo": "SIN ARMA", "motivo": null, "pais": "COLOMBIA", "dane_dep": 76, "departamen": "VALLE DEL CAUCA", "dane_mpio": 76001, "municipio": "CALI", "cod_comuna": 9.0, "comuna": "Comuna 9", "cod_barrio": 910.0, "nom_barrio": "Barrio Obrero", "direccion": "76001 Obrero, Cali, El Valle, COL,BARRIO OBRERO", "sitio": "SIN INFORMACION", "x": -76.520362853999998, "y": 3.44901990891, "anio": 2024, "mes": "octubre", "dia": 14, "dia_semana": 2, "hora_hecho": "11:30", "barrio": "BARRIO OBRERO", "estrato": 2, "geom": "0101000020E6100000000000A04D2153C0000000C097970B40", "fecha_hech": "2024-10-14 00:00:00", "Id": 0, "area": 136572.15568900001 }, "geometry": { "type": "Point", "coordinates": [ -76.520362854, 3.44901990891 ] } },
{ "type": "Feature", "properties": { "dinamica": "HURTO", "titulo": "DELITOS CONTRA EL PATRIMONIO ECONOMICO", "capitulo": "DEL HURTO", "articulo": "HURTO. ART. 239 C.P.", "grado_deli": "AGRAVADO", "tipo_notic": "DENUNCIA", "caracteriz": "HURTO A PERSONAS", "modalidad": "FACTOR DE OPORTUNIDAD", "modo": null, "motivo": null, "pais": "COLOMBIA", "dane_dep": 76, "departamen": "VALLE DEL CAUCA", "dane_mpio": 76001, "municipio": "CALI", "cod_comuna": 9.0, "comuna": "Comuna 9", "cod_barrio": 910.0, "nom_barrio": "Barrio Obrero", "direccion": "76001 CARRERA 13 CON CALLE 23, BARRIO OBRERO, CALI, VALLE DEL CAUCA", "sitio": "VIA PUBLICA", "x": -76.519355773930002, "y": 3.4457240104700002, "anio": 2024, "mes": "octubre", "dia": 15, "dia_semana": 3, "hora_hecho": "01:00", "barrio": "BARRIO OBRERO", "estrato": 2, "geom": "0101000020E6100000000000203D2153C0000000C0D7900B40", "fecha_hech": "2024-10-15 00:00:00", "Id": 0, "area": 136572.15568900001 }, "geometry": { "type": "Point", "coordinates": [ -76.519355773930002, 3.44572401047 ] } },
{ "type": "Feature", "properties": { "dinamica": "HURTO", "titulo": "DELITOS CONTRA EL PATRIMONIO ECONOMICO", "capitulo": "DEL HURTO", "articulo": "HURTO. ART. 239 C.P.", "grado_deli": "AGRAVADO", "tipo_notic": "DENUNCIA", "caracteriz": "HURTO A PERSONAS", "modalidad": "COSQUILLEO", "modo": null, "motivo": null, "pais": "COLOMBIA", "dane_dep": 76, "departamen": "VALLE DEL CAUCA", "dane_mpio": 76001, "municipio": "CALI", "cod_comuna": 9.0, "comuna": "Comuna 9", "cod_barrio": 910.0, "nom_barrio": "Barrio Obrero", "direccion": "76001 CARRERA 12 22A 83", "sitio": "TRANSPORTE MASIVO", "x": -76.519760131840002, "y": 3.4466938972499999, "anio": 2024, "mes": "octubre", "dia": 15, "dia_semana": 3, "hora_hecho": "06:30", "barrio": "BARRIO OBRERO", "estrato": 2, "geom": "0101000020E6100000000000C0432153C000000040D4920B40", "fecha_hech": "2024-10-15 00:00:00", "Id": 0, "area": 136572.15568900001 }, "geometry": { "type": "Point", "coordinates": [ -76.519760131840002, 3.44669389725 ] } },
{ "type": "Feature", "properties": { "dinamica": "HURTO", "titulo": "DELITOS CONTRA EL PATRIMONIO ECONOMICO", "capitulo": "DEL HURTO", "articulo": "HURTO CALIFICADO. ART. 240 C.P.", "grado_deli": "NINGUNO", "tipo_notic": "DENUNCIA", "caracteriz": "HURTO A PERSONAS", "modalidad": "ATRACO", "modo": "SIN ARMA", "motivo": null, "pais": "COLOMBIA", "dane_dep": 76, "departamen": "VALLE DEL CAUCA", "dane_mpio": 76001, "municipio": "CALI", "cod_comuna": 9.0, "comuna": "Comuna 9", "cod_barrio": 910.0, "nom_barrio": "Barrio Obrero", "direccion": "76001", "sitio": "SIN INFORMACION", "x": -76.51976776123, "y": 3.45203399658, "anio": 2024, "mes": "octubre", "dia": 15, "dia_semana": 3, "hora_hecho": "23:00", "barrio": null, "estrato": 2, "geom": "0101000020E6100000000000E0432153C000000000C49D0B40", "fecha_hech": "2024-10-15 00:00:00", "Id": 0, "area": 136572.15568900001 }, "geometry": { "type": "Point", "coordinates": [ -76.51976776123, 3.45203399658 ] } },
{ "type": "Feature", "properties": { "dinamica": "HURTO", "titulo": "DELITOS CONTRA EL PATRIMONIO ECONOMICO", "capitulo": "DEL HURTO", "articulo": "HURTO CALIFICADO. ART. 240 C.P.", "grado_deli": "NINGUNO", "tipo_notic": "DENUNCIA", "caracteriz": "HURTO A PERSONAS", "modalidad": "RAPONAZO", "modo": null, "motivo": null, "pais": "COLOMBIA", "dane_dep": 76, "departamen": "VALLE DEL CAUCA", "dane_mpio": 76001, "municipio": "CALI", "cod_comuna": 9.0, "comuna": "Comuna 9", "cod_barrio": 910.0, "nom_barrio": "Barrio Obrero", "direccion": "76001 CALLE 22A CON CARRERA 9, BARRIO OBRERO, CALI, VALLE DEL CAUCA", "sitio": "VIA PUBLICA", "x": -76.521286010739999, "y": 3.4505589008299999, "anio": 2024, "mes": "octubre", "dia": 16, "dia_semana": 4, "hora_hecho": "13:00", "barrio": "BARRIO OBRERO", "estrato": 2, "geom": "0101000020E6100000000000C05C2153C0000000A0BE9A0B40", "fecha_hech": "2024-10-16 00:00:00", "Id": 0, "area": 136572.15568900001 }, "geometry": { "type": "Point", "coordinates": [ -76.521286010739999, 3.45055890083 ] } },
{ "type": "Feature", "properties": { "dinamica": "HURTO", "titulo": "DELITOS CONTRA EL PATRIMONIO ECONOMICO", "capitulo": "DEL HURTO", "articulo": "HURTO CALIFICADO. ART. 240 C.P.", "grado_deli": "AGRAVADO", "tipo_notic": "DENUNCIA", "caracteriz": "HURTO A PERSONAS", "modalidad": "ATRACO", "modo": "SIN ARMA", "motivo": null, "pais": "COLOMBIA", "dane_dep": 76, "departamen": "VALLE DEL CAUCA", "dane_mpio": 76001, "municipio": "CALI", "cod_comuna": 9.0, "comuna": "Comuna 9", "cod_barrio": 910.0, "nom_barrio": "Barrio Obrero", "direccion": "76001 CALLE 21 9 121", "sitio": "VIA PUBLICA", "x": -76.522674560550001, "y": 3.4494380950900001, "anio": 2024, "mes": "octubre", "dia": 17, "dia_semana": 5, "hora_hecho": "19:00", "barrio": "BARRIO OBRERO", "estrato": 2, "geom": "0101000020E610000000000080732153C00000000073980B40", "fecha_hech": "2024-10-17 00:00:00", "Id": 0, "area": 136572.15568900001 }, "geometry": { "type": "Point", "coordinates": [ -76.522674560550001, 3.44943809509 ] } },
{ "type": "Feature", "properties": { "dinamica": "HURTO", "titulo": "DELITOS CONTRA EL PATRIMONIO ECONOMICO", "capitulo": "DEL HURTO", "articulo": "HURTO CALIFICADO. ART. 240 C.P.", "grado_deli": "AGRAVADO", "tipo_notic": "DENUNCIA", "caracteriz": "HURTO DE MOTOCICLETAS", "modalidad": "HALADO", "modo": null, "motivo": null, "pais": "COLOMBIA", "dane_dep": 76, "departamen": "VALLE DEL CAUCA", "dane_mpio": 76001, "municipio": "CALI", "cod_comuna": 9.0, "comuna": "Comuna 9", "cod_barrio": 910.0, "nom_barrio": "Barrio Obrero", "direccion": "76001 CALLE 22A 9A 98", "sitio": "VIA PUBLICA", "x": -76.521118164059999, "y": 3.44974899292, "anio": 2024, "mes": "octubre", "dia": 20, "dia_semana": 1, "hora_hecho": "03:32", "barrio": "BARRIO OBRERO", "estrato": 2, "geom": "0101000020E6100000000000005A2153C00000000016990B40", "fecha_hech": "2024-10-20 00:00:00", "Id": 0, "area": 136572.15568900001 }, "geometry": { "type": "Point", "coordinates": [ -76.521118164059999, 3.44974899292 ] } },
{ "type": "Feature", "properties": { "dinamica": "HURTO", "titulo": "DELITOS CONTRA EL PATRIMONIO ECONOMICO", "capitulo": "DEL HURTO", "articulo": "HURTO. ART. 239 C.P.", "grado_deli": "NINGUNO", "tipo_notic": "DENUNCIA", "caracteriz": "HURTO A PERSONAS", "modalidad": "FACTOR DE OPORTUNIDAD", "modo": null, "motivo": null, "pais": "COLOMBIA", "dane_dep": 76, "departamen": "VALLE DEL CAUCA", "dane_mpio": 76001, "municipio": "CALI", "cod_comuna": 9.0, "comuna": "Comuna 9", "cod_barrio": 910.0, "nom_barrio": "Barrio Obrero", "direccion": "76001 CARRERA 11B 22A 67, SANTIAGO DE CALI, CALI, VALLE DEL CAUCA, COL,BARRIO OBRERO", "sitio": "OTRO", "x": -76.520095825200002, "y": 3.4483850002300001, "anio": 2024, "mes": "octubre", "dia": 20, "dia_semana": 1, "hora_hecho": "10:00", "barrio": "BARRIO OBRERO", "estrato": 2, "geom": "0101000020E610000000000040492153C0000000E04A960B40", "fecha_hech": "2024-10-20 00:00:00", "Id": 0, "area": 136572.15568900001 }, "geometry": { "type": "Point", "coordinates": [ -76.520095825200002, 3.44838500023 ] } },
{ "type": "Feature", "properties": { "dinamica": "HURTO", "titulo": "DELITOS CONTRA EL PATRIMONIO ECONOMICO", "capitulo": "DEL HURTO", "articulo": "HURTO. ART. 239 C.P.", "grado_deli": "NINGUNO", "tipo_notic": "DENUNCIA", "caracteriz": "HURTO A PERSONAS", "modalidad": "FACTOR DE OPORTUNIDAD", "modo": null, "motivo": null, "pais": "COLOMBIA", "dane_dep": 76, "departamen": "VALLE DEL CAUCA", "dane_mpio": 76001, "municipio": "CALI", "cod_comuna": 9.0, "comuna": "Comuna 9", "cod_barrio": 910.0, "nom_barrio": "Barrio Obrero", "direccion": "76001 BARRIO/LOCALIDAD/COMUNA:BARRIO OBRERO/COMUNA 9,CALI/VALLE DEL CAUCA,BARRIO OBRERO", "sitio": "SIN INFORMACION", "x": -76.5209274292, "y": 3.44955801964, "anio": 2024, "mes": "octubre", "dia": 26, "dia_semana": 7, "hora_hecho": "06:18", "barrio": "BARRIO OBRERO", "estrato": 2, "geom": "0101000020E6100000000000E0562153C0000000E0B1980B40", "fecha_hech": "2024-10-26 00:00:00", "Id": 0, "area": 136572.15568900001 }, "geometry": { "type": "Point", "coordinates": [ -76.5209274292, 3.44955801964 ] } },
{ "type": "Feature", "properties": { "dinamica": "HURTO", "titulo": "DELITOS CONTRA EL PATRIMONIO ECONOMICO", "capitulo": "DEL HURTO", "articulo": "HURTO CALIFICADO. ART. 240 C.P.", "grado_deli": "AGRAVADO", "tipo_notic": "DENUNCIA", "caracteriz": "HURTO A PERSONAS", "modalidad": "ATRACO", "modo": "ARMA DE FUEGO", "motivo": null, "pais": "COLOMBIA", "dane_dep": 76, "departamen": "VALLE DEL CAUCA", "dane_mpio": 76001, "municipio": "CALI", "cod_comuna": 9.0, "comuna": "Comuna 9", "cod_barrio": 910.0, "nom_barrio": "Barrio Obrero", "direccion": "76001 CARRERA 11 CON CALLE 22A, BARRIO OBRERO, CALI, VALLE DEL CAUCA", "sitio": "VIA PUBLICA", "x": -76.520904541020002, "y": 3.4488821029699999, "anio": 2024, "mes": "noviembre", "dia": 1, "dia_semana": 6, "hora_hecho": "13:00", "barrio": "BARRIO OBRERO", "estrato": 2, "geom": "0101000020E610000000000080562153C0000000804F970B40", "fecha_hech": "2024-11-01 00:00:00", "Id": 0, "area": 136572.15568900001 }, "geometry": { "type": "Point", "coordinates": [ -76.520904541020002, 3.44888210297 ] } },
{ "type": "Feature", "properties": { "dinamica": "HURTO", "titulo": "DELITOS CONTRA EL PATRIMONIO ECONOMICO", "capitulo": "DEL HURTO", "articulo": "HURTO CALIFICADO. ART. 240 C.P.", "grado_deli": "NINGUNO", "tipo_notic": "DENUNCIA", "caracteriz": "HURTO DE AUTOPARTES", "modalidad": "RAPONAZO", "modo": null, "motivo": null, "pais": "COLOMBIA", "dane_dep": 76, "departamen": "VALLE DEL CAUCA", "dane_mpio": 76001, "municipio": "CALI", "cod_comuna": 9.0, "comuna": "Comuna 9", "cod_barrio": 910.0, "nom_barrio": "Barrio Obrero", "direccion": "76001 CARRERA 11 22 23", "sitio": "VIA PUBLICA", "x": -76.521484375, "y": 3.4487791061399999, "anio": 2024, "mes": "noviembre", "dia": 4, "dia_semana": 2, "hora_hecho": "12:30", "barrio": "BARRIO OBRERO", "estrato": 2, "geom": "0101000020E610000000000000602153C00000008019970B40", "fecha_hech": "2024-11-04 00:00:00", "Id": 0, "area": 136572.15568900001 }, "geometry": { "type": "Point", "coordinates": [ -76.521484375, 3.44877910614 ] } },
{ "type": "Feature", "properties": { "dinamica": "HURTO", "titulo": "DELITOS CONTRA EL PATRIMONIO ECONOMICO", "capitulo": "DEL HURTO", "articulo": "HURTO. ART. 239 C.P.", "grado_deli": "NINGUNO", "tipo_notic": "DENUNCIA", "caracteriz": "HURTO A PERSONAS", "modalidad": "FACTOR DE OPORTUNIDAD", "modo": null, "motivo": null, "pais": "COLOMBIA", "dane_dep": 76, "departamen": "VALLE DEL CAUCA", "dane_mpio": 76001, "municipio": "CALI", "cod_comuna": 9.0, "comuna": "Comuna 9", "cod_barrio": 910.0, "nom_barrio": "Barrio Obrero", "direccion": "76001 CARRERA 15 CON CALLE 22A, BARRIO OBRERO, CALI, VALLE DEL CAUCA", "sitio": "VIA PUBLICA", "x": -76.520042419429998, "y": 3.4446930885299998, "anio": 2024, "mes": "noviembre", "dia": 7, "dia_semana": 5, "hora_hecho": "17:04", "barrio": "BARRIO OBRERO", "estrato": 2, "geom": "0101000020E610000000000060482153C000000040BB8E0B40", "fecha_hech": "2024-11-07 00:00:00", "Id": 0, "area": 136572.15568900001 }, "geometry": { "type": "Point", "coordinates": [ -76.520042419429998, 3.44469308853 ] } },
{ "type": "Feature", "properties": { "dinamica": "HURTO", "titulo": "DELITOS CONTRA EL PATRIMONIO ECONOMICO", "capitulo": "DEL HURTO", "articulo": "HURTO CALIFICADO. ART. 240 C.P.", "grado_deli": "NINGUNO", "tipo_notic": "DENUNCIA", "caracteriz": "HURTO DE MOTOCICLETAS", "modalidad": "HALADO", "modo": null, "motivo": null, "pais": "COLOMBIA", "dane_dep": 76, "departamen": "VALLE DEL CAUCA", "dane_mpio": 76001, "municipio": "CALI", "cod_comuna": 9.0, "comuna": "Comuna 9", "cod_barrio": 910.0, "nom_barrio": "Barrio Obrero", "direccion": "76001 KR 8 A CL 22-33 KR 8 A 22 33", "sitio": "VIA PUBLICA", "x": -76.5219039917, "y": 3.4514989852900002, "anio": 2024, "mes": "noviembre", "dia": 8, "dia_semana": 6, "hora_hecho": "15:30", "barrio": null, "estrato": 2, "geom": "0101000020E6100000000000E0662153C000000080AB9C0B40", "fecha_hech": "2024-11-08 00:00:00", "Id": 0, "area": 136572.15568900001 }, "geometry": { "type": "Point", "coordinates": [ -76.5219039917, 3.45149898529 ] } },
{ "type": "Feature", "properties": { "dinamica": "HURTO", "titulo": "DELITOS CONTRA EL PATRIMONIO ECONOMICO", "capitulo": "DEL HURTO", "articulo": "HURTO CALIFICADO. ART. 240 C.P.", "grado_deli": "NINGUNO", "tipo_notic": "DENUNCIA", "caracteriz": "HURTO A PERSONAS", "modalidad": "ATRACO", "modo": "SIN ARMA", "motivo": null, "pais": "COLOMBIA", "dane_dep": 76, "departamen": "VALLE DEL CAUCA", "dane_mpio": 76001, "municipio": "CALI", "cod_comuna": 9.0, "comuna": "Comuna 9", "cod_barrio": 910.0, "nom_barrio": "Barrio Obrero", "direccion": "76001 CARRERA 10 CON CALLE 23, BARRIO OBRERO, CALI, VALLE DEL CAUCA", "sitio": "VIA PUBLICA", "x": -76.52027130127, "y": 3.4499089717899998, "anio": 2024, "mes": "noviembre", "dia": 9, "dia_semana": 7, "hora_hecho": "07:00", "barrio": "BARRIO OBRERO", "estrato": 2, "geom": "0101000020E6100000000000204C2153C0000000E069990B40", "fecha_hech": "2024-11-09 00:00:00", "Id": 0, "area": 136572.15568900001 }, "geometry": { "type": "Point", "coordinates": [ -76.52027130127, 3.44990897179 ] } },
{ "type": "Feature", "properties": { "dinamica": "HURTO", "titulo": "DELITOS CONTRA EL PATRIMONIO ECONOMICO", "capitulo": "DEL HURTO", "articulo": "HURTO. ART. 239 C.P.", "grado_deli": "AGRAVADO", "tipo_notic": "DENUNCIA", "caracteriz": "HURTO A ESTABLECIMIENTOS", "modalidad": "FACTOR DE OPORTUNIDAD", "modo": null, "motivo": null, "pais": "COLOMBIA", "dane_dep": 76, "departamen": "VALLE DEL CAUCA", "dane_mpio": 76001, "municipio": "CALI", "cod_comuna": 9.0, "comuna": "Comuna 9", "cod_barrio": 910.0, "nom_barrio": "Barrio Obrero", "direccion": "76001 BARRIO/LOCALIDAD/COMUNA:BARRIO OBRERO/COMUNA 9,CALI/VALLE DEL CAUCA,BARRIO OBRERO", "sitio": "SIN INFORMACION", "x": -76.52091217041, "y": 3.4487690925600001, "anio": 2024, "mes": "noviembre", "dia": 12, "dia_semana": 3, "hora_hecho": "10:30", "barrio": "BARRIO OBRERO", "estrato": 2, "geom": "0101000020E6100000000000A0562153C00000004014970B40", "fecha_hech": "2024-11-12 00:00:00", "Id": 0, "area": 136572.15568900001 }, "geometry": { "type": "Point", "coordinates": [ -76.52091217041, 3.44876909256 ] } },
{ "type": "Feature", "properties": { "dinamica": "HURTO", "titulo": "DELITOS CONTRA EL PATRIMONIO ECONOMICO", "capitulo": "DEL HURTO", "articulo": "HURTO CALIFICADO. ART. 240 C.P.", "grado_deli": "NINGUNO", "tipo_notic": "DENUNCIA", "caracteriz": "HURTO A ESTABLECIMIENTOS", "modalidad": "FACTOR DE OPORTUNIDAD", "modo": null, "motivo": null, "pais": "COLOMBIA", "dane_dep": 76, "departamen": "VALLE DEL CAUCA", "dane_mpio": 76001, "municipio": "CALI", "cod_comuna": 9.0, "comuna": "Comuna 9", "cod_barrio": 910.0, "nom_barrio": "Barrio Obrero", "direccion": "76001 Calle 23 11B-47, Barrio Obrero, Cali, Valle del Cauca, COL,BARRIO OBRERO", "sitio": "SIN INFORMACION", "x": -76.51985168457, "y": 3.4477779865299998, "anio": 2024, "mes": "noviembre", "dia": 12, "dia_semana": 3, "hora_hecho": "15:59", "barrio": "BARRIO OBRERO", "estrato": 2, "geom": "0101000020E610000000000040452153C0000000A00C950B40", "fecha_hech": "2024-11-12 00:00:00", "Id": 0, "area": 136572.15568900001 }, "geometry": { "type": "Point", "coordinates": [ -76.51985168457, 3.44777798653 ] } },
{ "type": "Feature", "properties": { "dinamica": "HURTO", "titulo": "DELITOS CONTRA EL PATRIMONIO ECONOMICO", "capitulo": "DEL HURTO", "articulo": "HURTO CALIFICADO. ART. 240 C.P.", "grado_deli": "AGRAVADO", "tipo_notic": "DENUNCIA", "caracteriz": "HURTO A PERSONAS", "modalidad": "VIOLACION DE CERRADURA", "modo": null, "motivo": null, "pais": "COLOMBIA", "dane_dep": 76, "departamen": "VALLE DEL CAUCA", "dane_mpio": 76001, "municipio": "CALI", "cod_comuna": 9.0, "comuna": "Comuna 9", "cod_barrio": 910.0, "nom_barrio": "Barrio Obrero", "direccion": "76001 Calle 23 30-2, Barrio Obrero, Cali, Valle del Cauca, COL,BARRIO OBRERO", "sitio": "SIN INFORMACION", "x": -76.519508361820002, "y": 3.4465880394, "anio": 2024, "mes": "noviembre", "dia": 14, "dia_semana": 5, "hora_hecho": "21:15", "barrio": "BARRIO OBRERO", "estrato": 2, "geom": "0101000020E6100000000000A03F2153C0000000C09C920B40", "fecha_hech": "2024-11-14 00:00:00", "Id": 0, "area": 136572.15568900001 }, "geometry": { "type": "Point", "coordinates": [ -76.519508361820002, 3.4465880394 ] } },
{ "type": "Feature", "properties": { "dinamica": "HURTO", "titulo": "DELITOS CONTRA EL PATRIMONIO ECONOMICO", "capitulo": "DEL HURTO", "articulo": "HURTO CALIFICADO. ART. 240 C.P.", "grado_deli": "AGRAVADO", "tipo_notic": "ACTOS URGENTES", "caracteriz": "HURTO A CELULARES", "modalidad": "RAPONAZO", "modo": null, "motivo": "SIN DETERMINAR", "pais": "COLOMBIA", "dane_dep": 76, "departamen": "VALLE DEL CAUCA", "dane_mpio": 76001, "municipio": "CALI", "cod_comuna": 9.0, "comuna": "Comuna 9", "cod_barrio": 910.0, "nom_barrio": "Barrio Obrero", "direccion": "76001 CARRERA 15 13A, BARRIO OBRERO, CALI, VALLE DEL CAUCA", "sitio": "ESTACION TRANSPORTE MASIVO", "x": -76.519584655759999, "y": 3.4446609020199999, "anio": 2024, "mes": "noviembre", "dia": 15, "dia_semana": 6, "hora_hecho": "13:55", "barrio": "BARRIO OBRERO", "estrato": 2, "geom": "0101000020E6100000000000E0402153C000000060AA8E0B40", "fecha_hech": "2024-11-15 00:00:00", "Id": 0, "area": 136572.15568900001 }, "geometry": { "type": "Point", "coordinates": [ -76.519584655759999, 3.44466090202 ] } },
{ "type": "Feature", "properties": { "dinamica": "HURTO", "titulo": "DELITOS CONTRA EL PATRIMONIO ECONOMICO", "capitulo": "DEL HURTO", "articulo": "HURTO. ART. 239 C.P.", "grado_deli": "NINGUNO", "tipo_notic": "DENUNCIA", "caracteriz": "HURTO A CELULARES", "modalidad": "COSQUILLEO", "modo": null, "motivo": null, "pais": "COLOMBIA", "dane_dep": 76, "departamen": "VALLE DEL CAUCA", "dane_mpio": 76001, "municipio": "CALI", "cod_comuna": 9.0, "comuna": "Comuna 9", "cod_barrio": 910.0, "nom_barrio": "Barrio Obrero", "direccion": "76001 CARRERA 15 15, BARRIO OBRERO, CALI, VALLE DEL CAUCA", "sitio": "VIA PUBLICA", "x": -76.519561767580001, "y": 3.4446709156000002, "anio": 2024, "mes": "noviembre", "dia": 16, "dia_semana": 7, "hora_hecho": "10:00", "barrio": "BARRIO OBRERO", "estrato": 2, "geom": "0101000020E610000000000080402153C0000000A0AF8E0B40", "fecha_hech": "2024-11-16 00:00:00", "Id": 0, "area": 136572.15568900001 }, "geometry": { "type": "Point", "coordinates": [ -76.519561767580001, 3.4446709156 ] } },
{ "type": "Feature", "properties": { "dinamica": "HURTO", "titulo": "DELITOS CONTRA EL PATRIMONIO ECONOMICO", "capitulo": "DEL HURTO", "articulo": "HURTO CALIFICADO. ART. 240 C.P.", "grado_deli": "AGRAVADO", "tipo_notic": "DENUNCIA", "caracteriz": "HURTO A PERSONAS", "modalidad": "ATRACO", "modo": "ARMA BLANCA", "motivo": null, "pais": "COLOMBIA", "dane_dep": 76, "departamen": "VALLE DEL CAUCA", "dane_mpio": 76001, "municipio": "CALI", "cod_comuna": 9.0, "comuna": "Comuna 9", "cod_barrio": 910.0, "nom_barrio": "Barrio Obrero", "direccion": "76001 CALLE 22A 11 77", "sitio": "VIA PUBLICA", "x": -76.520706176760001, "y": 3.44827103615, "anio": 2024, "mes": "noviembre", "dia": 17, "dia_semana": 1, "hora_hecho": "04:00", "barrio": "BARRIO OBRERO", "estrato": 2, "geom": "0101000020E610000000000040532153C0000000200F960B40", "fecha_hech": "2024-11-17 00:00:00", "Id": 0, "area": 136572.15568900001 }, "geometry": { "type": "Point", "coordinates": [ -76.520706176760001, 3.44827103615 ] } },
{ "type": "Feature", "properties": { "dinamica": "HURTO", "titulo": "DELITOS CONTRA EL PATRIMONIO ECONOMICO", "capitulo": "DEL HURTO", "articulo": "HURTO CALIFICADO. ART. 240 C.P.", "grado_deli": "NINGUNO", "tipo_notic": "DENUNCIA", "caracteriz": "HURTO A PERSONAS", "modalidad": "VIOLACION DE CERRADURA", "modo": null, "motivo": null, "pais": "COLOMBIA", "dane_dep": 76, "departamen": "VALLE DEL CAUCA", "dane_mpio": 76001, "municipio": "CALI", "cod_comuna": 9.0, "comuna": "Comuna 9", "cod_barrio": 910.0, "nom_barrio": "Barrio Obrero", "direccion": "76001 CARRERA 10, BARRIO OBRERO, CALI, VALLE DEL CAUCA", "sitio": "VIA PUBLICA", "x": -76.5210647583, "y": 3.4496190547899999, "anio": 2024, "mes": "noviembre", "dia": 17, "dia_semana": 1, "hora_hecho": "14:30", "barrio": "BARRIO OBRERO", "estrato": 2, "geom": "0101000020E610000000000020592153C0000000E0D1980B40", "fecha_hech": "2024-11-17 00:00:00", "Id": 0, "area": 136572.15568900001 }, "geometry": { "type": "Point", "coordinates": [ -76.5210647583, 3.44961905479 ] } },
{ "type": "Feature", "properties": { "dinamica": "HURTO", "titulo": "DELITOS CONTRA EL PATRIMONIO ECONOMICO", "capitulo": "DEL HURTO", "articulo": "HURTO CALIFICADO. ART. 240 C.P.", "grado_deli": "AGRAVADO", "tipo_notic": "DENUNCIA", "caracteriz": "HURTO A ESTABLECIMIENTOS", "modalidad": "VIOLACION DE CERRADURA", "modo": null, "motivo": null, "pais": "COLOMBIA", "dane_dep": 76, "departamen": "VALLE DEL CAUCA", "dane_mpio": 76001, "municipio": "CALI", "cod_comuna": 9.0, "comuna": "Comuna 9", "cod_barrio": 910.0, "nom_barrio": "Barrio Obrero", "direccion": "76001 Calle 25 6-50, Barrio Obrero, Cali, Valle del Cauca, COL,BARRIO OBRERO", "sitio": "SIN INFORMACION", "x": -76.518363952640001, "y": 3.4476220607800001, "anio": 2024, "mes": "noviembre", "dia": 20, "dia_semana": 4, "hora_hecho": "09:53", "barrio": "BARRIO OBRERO", "estrato": 2, "geom": "0101000020E6100000000000E02C2153C0000000E0BA940B40", "fecha_hech": "2024-11-20 00:00:00", "Id": 0, "area": 136572.15568900001 }, "geometry": { "type": "Point", "coordinates": [ -76.518363952640001, 3.44762206078 ] } },
{ "type": "Feature", "properties": { "dinamica": "HURTO", "titulo": "DELITOS CONTRA EL PATRIMONIO ECONOMICO", "capitulo": "DEL HURTO", "articulo": "HURTO CALIFICADO. ART. 240 C.P.", "grado_deli": "NINGUNO", "tipo_notic": "DENUNCIA", "caracteriz": "HURTO A PERSONAS", "modalidad": "ATRACO", "modo": "ARMA DE FUEGO", "motivo": null, "pais": "COLOMBIA", "dane_dep": 76, "departamen": "VALLE DEL CAUCA", "dane_mpio": 76001, "municipio": "CALI", "cod_comuna": 9.0, "comuna": "Comuna 9", "cod_barrio": 910.0, "nom_barrio": "Barrio Obrero", "direccion": "76001 CARRERA 8A 21 2", "sitio": "OTRO", "x": -76.523063659670001, "y": 3.4510669708299999, "anio": 2024, "mes": "noviembre", "dia": 21, "dia_semana": 5, "hora_hecho": "15:30", "barrio": "BARRIO OBRERO", "estrato": 2, "geom": "0101000020E6100000000000E0792153C000000000C99B0B40", "fecha_hech": "2024-11-21 00:00:00", "Id": 0, "area": 136572.15568900001 }, "geometry": { "type": "Point", "coordinates": [ -76.523063659670001, 3.45106697083 ] } },
{ "type": "Feature", "properties": { "dinamica": "HURTO", "titulo": "DELITOS CONTRA EL PATRIMONIO ECONOMICO", "capitulo": "DEL HURTO", "articulo": "HURTO CALIFICADO. ART. 240 C.P.", "grado_deli": "NINGUNO", "tipo_notic": "DENUNCIA", "caracteriz": "HURTO A PERSONAS", "modalidad": "ENGAÑO", "modo": null, "motivo": null, "pais": "COLOMBIA", "dane_dep": 76, "departamen": "VALLE DEL CAUCA", "dane_mpio": 76001, "municipio": "CALI", "cod_comuna": 9.0, "comuna": "Comuna 9", "cod_barrio": 910.0, "nom_barrio": "Barrio Obrero", "direccion": "76001 CARRERA 8 24 40", "sitio": "HOTEL / HOSTAL", "x": -76.519561767580001, "y": 3.4527189731600001, "anio": 2024, "mes": "noviembre", "dia": 21, "dia_semana": 5, "hora_hecho": "23:50", "barrio": "BARRIO OBRERO", "estrato": 2, "geom": "0101000020E610000000000080402153C0000000202B9F0B40", "fecha_hech": "2024-11-21 00:00:00", "Id": 0, "area": 136572.15568900001 }, "geometry": { "type": "Point", "coordinates": [ -76.519561767580001, 3.45271897316 ] } },
{ "type": "Feature", "properties": { "dinamica": "HURTO", "titulo": "DELITOS CONTRA EL PATRIMONIO ECONOMICO", "capitulo": "DEL HURTO", "articulo": "HURTO. ART. 239 C.P.", "grado_deli": "NINGUNO", "tipo_notic": "DENUNCIA", "caracteriz": "HURTO A ESTABLECIMIENTOS", "modalidad": "FACTOR DE OPORTUNIDAD", "modo": null, "motivo": null, "pais": "COLOMBIA", "dane_dep": 76, "departamen": "VALLE DEL CAUCA", "dane_mpio": 76001, "municipio": "CALI", "cod_comuna": 9.0, "comuna": "Comuna 9", "cod_barrio": 910.0, "nom_barrio": "Barrio Obrero", "direccion": "76001 Calle 22A 10-100-10-2, Barrio Obrero, Cali, Valle del Cauca, COL,BARRIO OBRERO", "sitio": "SIN INFORMACION", "x": -76.521003723139998, "y": 3.4494450092300002, "anio": 2024, "mes": "noviembre", "dia": 23, "dia_semana": 7, "hora_hecho": "04:43", "barrio": "BARRIO OBRERO", "estrato": 2, "geom": "0101000020E610000000000020582153C0000000A076980B40", "fecha_hech": "2024-11-23 00:00:00", "Id": 0, "area": 136572.15568900001 }, "geometry": { "type": "Point", "coordinates": [ -76.521003723139998, 3.44944500923 ] } },
{ "type": "Feature", "properties": { "dinamica": "HURTO", "titulo": "DELITOS CONTRA EL PATRIMONIO ECONOMICO", "capitulo": "DEL HURTO", "articulo": "HURTO CALIFICADO. ART. 240 C.P.", "grado_deli": "NINGUNO", "tipo_notic": "DENUNCIA", "caracteriz": "HURTO DE VEHICULOS", "modalidad": "HALADO", "modo": null, "motivo": null, "pais": "COLOMBIA", "dane_dep": 76, "departamen": "VALLE DEL CAUCA", "dane_mpio": 76001, "municipio": "CALI", "cod_comuna": 9.0, "comuna": "Comuna 9", "cod_barrio": 910.0, "nom_barrio": "Barrio Obrero", "direccion": "76001", "sitio": "SIN INFORMACION", "x": -76.52018737793, "y": 3.4457950592, "anio": 2024, "mes": "noviembre", "dia": 30, "dia_semana": 7, "hora_hecho": "12:45", "barrio": null, "estrato": 2, "geom": "0101000020E6100000000000C04A2153C000000000FD900B40", "fecha_hech": "2024-11-30 00:00:00", "Id": 0, "area": 136572.15568900001 }, "geometry": { "type": "Point", "coordinates": [ -76.52018737793, 3.4457950592 ] } },
{ "type": "Feature", "properties": { "dinamica": "HURTO", "titulo": "DELITOS CONTRA EL PATRIMONIO ECONOMICO", "capitulo": "DEL HURTO", "articulo": "HURTO CALIFICADO. ART. 240 C.P.", "grado_deli": "AGRAVADO", "tipo_notic": "DENUNCIA", "caracteriz": "HURTO A PERSONAS", "modalidad": "ATRACO", "modo": "ARMA DE FUEGO", "motivo": null, "pais": "COLOMBIA", "dane_dep": 76, "departamen": "VALLE DEL CAUCA", "dane_mpio": 76001, "municipio": "CALI", "cod_comuna": 9.0, "comuna": "Comuna 9", "cod_barrio": 910.0, "nom_barrio": "Barrio Obrero", "direccion": "76001 CARRERA 9, BARRIO OBRERO, CALI, VALLE DEL CAUCA", "sitio": "VIA PUBLICA", "x": -76.52114868164, "y": 3.4505898952499998, "anio": 2024, "mes": "diciembre", "dia": 2, "dia_semana": 2, "hora_hecho": "14:00", "barrio": "BARRIO OBRERO", "estrato": 2, "geom": "0101000020E6100000000000805A2153C0000000E0CE9A0B40", "fecha_hech": "2024-12-02 00:00:00", "Id": 0, "area": 136572.15568900001 }, "geometry": { "type": "Point", "coordinates": [ -76.52114868164, 3.45058989525 ] } },
{ "type": "Feature", "properties": { "dinamica": "HURTO", "titulo": "DELITOS CONTRA EL PATRIMONIO ECONOMICO", "capitulo": "DEL HURTO", "articulo": "HURTO CALIFICADO. ART. 240 C.P.", "grado_deli": "NINGUNO", "tipo_notic": "DENUNCIA", "caracteriz": "HURTO A PERSONAS", "modalidad": "ATRACO", "modo": "SUSTANCIA TÓXICA", "motivo": null, "pais": "COLOMBIA", "dane_dep": 76, "departamen": "VALLE DEL CAUCA", "dane_mpio": 76001, "municipio": "CALI", "cod_comuna": 9.0, "comuna": "Comuna 9", "cod_barrio": 910.0, "nom_barrio": "Barrio Obrero", "direccion": "76001 CARRERA 10 22A 23, SANTIAGO DE CALI, CALI, VALLE DEL CAUCA", "sitio": "VIA PUBLICA", "x": -76.520515441889998, "y": 3.4493660926800001, "anio": 2024, "mes": "diciembre", "dia": 3, "dia_semana": 3, "hora_hecho": "03:38", "barrio": "BARRIO OBRERO", "estrato": 2, "geom": "0101000020E610000000000020502153C0000000404D980B40", "fecha_hech": "2024-12-03 00:00:00", "Id": 0, "area": 136572.15568900001 }, "geometry": { "type": "Point", "coordinates": [ -76.520515441889998, 3.44936609268 ] } },
{ "type": "Feature", "properties": { "dinamica": "HURTO", "titulo": "DELITOS CONTRA EL PATRIMONIO ECONOMICO", "capitulo": "DEL HURTO", "articulo": "HURTO CALIFICADO. ART. 240 C.P.", "grado_deli": "NINGUNO", "tipo_notic": "DENUNCIA", "caracteriz": "HURTO A PERSONAS", "modalidad": "ATRACO", "modo": "SIN ARMA", "motivo": null, "pais": "COLOMBIA", "dane_dep": 76, "departamen": "VALLE DEL CAUCA", "dane_mpio": 76001, "municipio": "CALI", "cod_comuna": 9.0, "comuna": "Comuna 9", "cod_barrio": 910.0, "nom_barrio": "Barrio Obrero", "direccion": "76001 CARRERA 8 24-13, SAN NICOLAS, CALI, VALLE DEL CAUCA", "sitio": "VIA PUBLICA", "x": -76.519233703609999, "y": 3.45272898674, "anio": 2024, "mes": "diciembre", "dia": 3, "dia_semana": 3, "hora_hecho": "10:45", "barrio": "BARRIO OBRERO", "estrato": 2, "geom": "0101000020E6100000000000203B2153C000000060309F0B40", "fecha_hech": "2024-12-03 00:00:00", "Id": 0, "area": 136572.15568900001 }, "geometry": { "type": "Point", "coordinates": [ -76.519233703609999, 3.45272898674 ] } },
{ "type": "Feature", "properties": { "dinamica": "HURTO", "titulo": "DELITOS CONTRA EL PATRIMONIO ECONOMICO", "capitulo": "DEL HURTO", "articulo": "HURTO CALIFICADO. ART. 240 C.P.", "grado_deli": "NINGUNO", "tipo_notic": "DENUNCIA", "caracteriz": "HURTO A PERSONAS", "modalidad": "ATRACO", "modo": "ARMA BLANCA", "motivo": null, "pais": "COLOMBIA", "dane_dep": 76, "departamen": "VALLE DEL CAUCA", "dane_mpio": 76001, "municipio": "CALI", "cod_comuna": 9.0, "comuna": "Comuna 9", "cod_barrio": 910.0, "nom_barrio": "Barrio Obrero", "direccion": "76001 CALLE 25 CON CARRERA 8, SAN NICOLAS, CALI, VALLE DEL CAUCA", "sitio": "VIA PUBLICA", "x": -76.519096374509999, "y": 3.4528179168699999, "anio": 2024, "mes": "diciembre", "dia": 5, "dia_semana": 5, "hora_hecho": "11:12", "barrio": "BARRIO OBRERO", "estrato": 2, "geom": "0101000020E6100000000000E0382153C0000000005F9F0B40", "fecha_hech": "2024-12-05 00:00:00", "Id": 0, "area": 136572.15568900001 }, "geometry": { "type": "Point", "coordinates": [ -76.519096374509999, 3.45281791687 ] } },
{ "type": "Feature", "properties": { "dinamica": "HURTO", "titulo": "DELITOS CONTRA EL PATRIMONIO ECONOMICO", "capitulo": "DEL HURTO", "articulo": "HURTO CALIFICADO. ART. 240 C.P.", "grado_deli": "NINGUNO", "tipo_notic": "DENUNCIA", "caracteriz": "HURTO DE AUTOPARTES", "modalidad": "FACTOR DE OPORTUNIDAD", "modo": null, "motivo": null, "pais": "COLOMBIA", "dane_dep": 76, "departamen": "VALLE DEL CAUCA", "dane_mpio": 76001, "municipio": "CALI", "cod_comuna": 9.0, "comuna": "Comuna 9", "cod_barrio": 910.0, "nom_barrio": "Barrio Obrero", "direccion": "76001 CALLE 22 1-17, BARRIO OBRERO, CALI, VALLE DEL CAUCA", "sitio": "OTRO", "x": -76.521209716800001, "y": 3.4458029270199999, "anio": 2024, "mes": "diciembre", "dia": 6, "dia_semana": 6, "hora_hecho": "07:45", "barrio": "BARRIO OBRERO", "estrato": 2, "geom": "0101000020E6100000000000805B2153C00000002001910B40", "fecha_hech": "2024-12-06 00:00:00", "Id": 0, "area": 136572.15568900001 }, "geometry": { "type": "Point", "coordinates": [ -76.521209716800001, 3.44580292702 ] } },
{ "type": "Feature", "properties": { "dinamica": "HURTO", "titulo": "DELITOS CONTRA EL PATRIMONIO ECONOMICO", "capitulo": "DEL HURTO", "articulo": "HURTO CALIFICADO. ART. 240 C.P.", "grado_deli": "NINGUNO", "tipo_notic": "DENUNCIA", "caracteriz": "HURTO A ESTABLECIMIENTOS", "modalidad": "DESCUELGUE DE MERCANCIA", "modo": null, "motivo": null, "pais": "COLOMBIA", "dane_dep": 76, "departamen": "VALLE DEL CAUCA", "dane_mpio": 76001, "municipio": "CALI", "cod_comuna": 9.0, "comuna": "Comuna 9", "cod_barrio": 910.0, "nom_barrio": "Barrio Obrero", "direccion": "76001 Carrera 8a 24 22, Santiago De Cali, Cali, Valle Del Cauca, COL,BARRIO OBRERO", "sitio": "SIN INFORMACION", "x": -76.51943206787, "y": 3.4517710208899999, "anio": 2024, "mes": "diciembre", "dia": 7, "dia_semana": 7, "hora_hecho": "05:23", "barrio": "BARRIO OBRERO", "estrato": 2, "geom": "0101000020E6100000000000603E2153C0000000203A9D0B40", "fecha_hech": "2024-12-07 00:00:00", "Id": 0, "area": 136572.15568900001 }, "geometry": { "type": "Point", "coordinates": [ -76.51943206787, 3.45177102089 ] } },
{ "type": "Feature", "properties": { "dinamica": "HURTO", "titulo": "DELITOS CONTRA EL PATRIMONIO ECONOMICO", "capitulo": "DEL HURTO", "articulo": "HURTO. ART. 239 C.P.", "grado_deli": "AGRAVADO", "tipo_notic": "DENUNCIA", "caracteriz": "HURTO A ESTABLECIMIENTOS", "modalidad": "FACTOR DE OPORTUNIDAD", "modo": null, "motivo": null, "pais": "COLOMBIA", "dane_dep": 76, "departamen": "VALLE DEL CAUCA", "dane_mpio": 76001, "municipio": "CALI", "cod_comuna": 9.0, "comuna": "Comuna 9", "cod_barrio": 910.0, "nom_barrio": "Barrio Obrero", "direccion": "76001 Industria Colombiana De Cáfe SA, Calle 23 10 25, Barrio Obrero, Cali, Valle del Cauca, COL,BARRIO OBRERO", "sitio": "SIN INFORMACION", "x": -76.520401000980002, "y": 3.4492030143700001, "anio": 2024, "mes": "diciembre", "dia": 7, "dia_semana": 7, "hora_hecho": "11:33", "barrio": "BARRIO OBRERO", "estrato": 2, "geom": "0101000020E6100000000000404E2153C0000000C0F7970B40", "fecha_hech": "2024-12-07 00:00:00", "Id": 0, "area": 136572.15568900001 }, "geometry": { "type": "Point", "coordinates": [ -76.520401000980002, 3.44920301437 ] } },
{ "type": "Feature", "properties": { "dinamica": "HURTO", "titulo": "DELITOS CONTRA EL PATRIMONIO ECONOMICO", "capitulo": "DEL HURTO", "articulo": "HURTO. ART. 239 C.P.", "grado_deli": "NINGUNO", "tipo_notic": "DENUNCIA", "caracteriz": "HURTO A PERSONAS", "modalidad": "COSQUILLEO", "modo": null, "motivo": null, "pais": "COLOMBIA", "dane_dep": 76, "departamen": "VALLE DEL CAUCA", "dane_mpio": 76001, "municipio": "CALI", "cod_comuna": 9.0, "comuna": "Comuna 9", "cod_barrio": 910.0, "nom_barrio": "Barrio Obrero", "direccion": "76001 CARRERA 8A 23 35, SANTIAGO DE CALI, CALI, VALLE DEL CAUCA", "sitio": "TRANSPORTE MASIVO", "x": -76.520278930659998, "y": 3.4519460201299998, "anio": 2024, "mes": "diciembre", "dia": 8, "dia_semana": 1, "hora_hecho": "20:00", "barrio": "BARRIO OBRERO", "estrato": 2, "geom": "0101000020E6100000000000404C2153C0000000E0959D0B40", "fecha_hech": "2024-12-08 00:00:00", "Id": 0, "area": 136572.15568900001 }, "geometry": { "type": "Point", "coordinates": [ -76.520278930659998, 3.45194602013 ] } },
{ "type": "Feature", "properties": { "dinamica": "HURTO", "titulo": "DELITOS CONTRA EL PATRIMONIO ECONOMICO", "capitulo": "DEL HURTO", "articulo": "HURTO CALIFICADO. ART. 240 C.P.", "grado_deli": "NINGUNO", "tipo_notic": "DENUNCIA", "caracteriz": "HURTO A PERSONAS", "modalidad": "ATRACO", "modo": "SIN ARMA", "motivo": null, "pais": "COLOMBIA", "dane_dep": 76, "departamen": "VALLE DEL CAUCA", "dane_mpio": 76001, "municipio": "CALI", "cod_comuna": 9.0, "comuna": "Comuna 9", "cod_barrio": 910.0, "nom_barrio": "Barrio Obrero", "direccion": "76001 CALLE 23 10 10, BARRIO OBRERO, CALI, VALLE DEL CAUCA", "sitio": "VIA PUBLICA", "x": -76.520057678219999, "y": 3.4491789341, "anio": 2024, "mes": "diciembre", "dia": 9, "dia_semana": 2, "hora_hecho": "02:00", "barrio": "BARRIO OBRERO", "estrato": 2, "geom": "0101000020E6100000000000A0482153C000000020EB970B40", "fecha_hech": "2024-12-09 00:00:00", "Id": 0, "area": 136572.15568900001 }, "geometry": { "type": "Point", "coordinates": [ -76.520057678219999, 3.4491789341 ] } },
{ "type": "Feature", "properties": { "dinamica": "HURTO", "titulo": "DELITOS CONTRA EL PATRIMONIO ECONOMICO", "capitulo": "DEL HURTO", "articulo": "HURTO. ART. 239 C.P.", "grado_deli": "AGRAVADO", "tipo_notic": "DENUNCIA", "caracteriz": "HURTO A PERSONAS", "modalidad": "FACTOR DE OPORTUNIDAD", "modo": null, "motivo": null, "pais": "COLOMBIA", "dane_dep": 76, "departamen": "VALLE DEL CAUCA", "dane_mpio": 76001, "municipio": "CALI", "cod_comuna": 9.0, "comuna": "Comuna 9", "cod_barrio": 910.0, "nom_barrio": "Barrio Obrero", "direccion": "76001 CARRERA 11 21 39", "sitio": "VIA PUBLICA", "x": -76.522155761720001, "y": 3.4485878944400001, "anio": 2024, "mes": "diciembre", "dia": 9, "dia_semana": 2, "hora_hecho": "03:26", "barrio": "BARRIO OBRERO", "estrato": 2, "geom": "0101000020E6100000000000006B2153C000000040B5960B40", "fecha_hech": "2024-12-09 00:00:00", "Id": 0, "area": 136572.15568900001 }, "geometry": { "type": "Point", "coordinates": [ -76.522155761720001, 3.44858789444 ] } },
{ "type": "Feature", "properties": { "dinamica": "HURTO", "titulo": "DELITOS CONTRA EL PATRIMONIO ECONOMICO", "capitulo": "DEL HURTO", "articulo": "HURTO CALIFICADO. ART. 240 C.P.", "grado_deli": "NINGUNO", "tipo_notic": "DENUNCIA", "caracteriz": "HURTO DE AUTOPARTES", "modalidad": "FACTOR DE OPORTUNIDAD", "modo": null, "motivo": null, "pais": "COLOMBIA", "dane_dep": 76, "departamen": "VALLE DEL CAUCA", "dane_mpio": 76001, "municipio": "CALI", "cod_comuna": 9.0, "comuna": "Comuna 9", "cod_barrio": 910.0, "nom_barrio": "Barrio Obrero", "direccion": "76001 CARRERA 9 22A 52", "sitio": "VIA PUBLICA", "x": -76.52075958252, "y": 3.4502630233799998, "anio": 2024, "mes": "diciembre", "dia": 9, "dia_semana": 2, "hora_hecho": "08:09", "barrio": "BARRIO OBRERO", "estrato": 2, "geom": "0101000020E610000000000020542153C000000080239A0B40", "fecha_hech": "2024-12-09 00:00:00", "Id": 0, "area": 136572.15568900001 }, "geometry": { "type": "Point", "coordinates": [ -76.52075958252, 3.45026302338 ] } },
{ "type": "Feature", "properties": { "dinamica": "HURTO", "titulo": "DELITOS CONTRA EL PATRIMONIO ECONOMICO", "capitulo": "DEL HURTO", "articulo": "HURTO CALIFICADO. ART. 240 C.P.", "grado_deli": "NINGUNO", "tipo_notic": "DENUNCIA", "caracteriz": "HURTO DE AUTOPARTES", "modalidad": "ATRACO", "modo": "ARMA DE FUEGO", "motivo": null, "pais": "COLOMBIA", "dane_dep": 76, "departamen": "VALLE DEL CAUCA", "dane_mpio": 76001, "municipio": "CALI", "cod_comuna": 9.0, "comuna": "Comuna 9", "cod_barrio": 910.0, "nom_barrio": "Barrio Obrero", "direccion": "76001 CARRERA 10 CON CALLE 25, BARRIO OBRERO, CALI, VALLE DEL CAUCA", "sitio": "VIA PUBLICA", "x": -76.518577575679998, "y": 3.45025992393, "anio": 2024, "mes": "diciembre", "dia": 10, "dia_semana": 3, "hora_hecho": "06:30", "barrio": "BARRIO OBRERO", "estrato": 2, "geom": "0101000020E610000000000060302153C0000000E0219A0B40", "fecha_hech": "2024-12-10 00:00:00", "Id": 0, "area": 136572.15568900001 }, "geometry": { "type": "Point", "coordinates": [ -76.518577575679998, 3.45025992393 ] } },
{ "type": "Feature", "properties": { "dinamica": "HURTO", "titulo": "DELITOS CONTRA EL PATRIMONIO ECONOMICO", "capitulo": "DEL HURTO", "articulo": "HURTO CALIFICADO. ART. 240 C.P.", "grado_deli": "NINGUNO", "tipo_notic": "DENUNCIA", "caracteriz": "HURTO A PERSONAS", "modalidad": "ATRACO", "modo": "ARMA BLANCA", "motivo": null, "pais": "COLOMBIA", "dane_dep": 76, "departamen": "VALLE DEL CAUCA", "dane_mpio": 76001, "municipio": "CALI", "cod_comuna": 9.0, "comuna": "Comuna 9", "cod_barrio": 910.0, "nom_barrio": "Barrio Obrero", "direccion": "76001 CARRERA 11 24 31, SANTIAGO DE CALI, CALI, VALLE DEL CAUCA", "sitio": "VIA PUBLICA", "x": -76.518936157230002, "y": 3.4494199752800001, "anio": 2024, "mes": "diciembre", "dia": 10, "dia_semana": 3, "hora_hecho": "09:40", "barrio": "BARRIO OBRERO", "estrato": 2, "geom": "0101000020E610000000000040362153C00000008069980B40", "fecha_hech": "2024-12-10 00:00:00", "Id": 0, "area": 136572.15568900001 }, "geometry": { "type": "Point", "coordinates": [ -76.518936157230002, 3.44941997528 ] } },
{ "type": "Feature", "properties": { "dinamica": "HURTO", "titulo": "DELITOS CONTRA EL PATRIMONIO ECONOMICO", "capitulo": "DEL HURTO", "articulo": "HURTO CALIFICADO. ART. 240 C.P.", "grado_deli": "NINGUNO", "tipo_notic": "DENUNCIA", "caracteriz": "HURTO A PERSONAS", "modalidad": "FACTOR DE OPORTUNIDAD", "modo": null, "motivo": null, "pais": "COLOMBIA", "dane_dep": 76, "departamen": "VALLE DEL CAUCA", "dane_mpio": 76001, "municipio": "CALI", "cod_comuna": 9.0, "comuna": "Comuna 9", "cod_barrio": 910.0, "nom_barrio": "Barrio Obrero", "direccion": "76001 CARRERA 8A 21 76, SANTIAGO DE CALI, CALI, VALLE DEL CAUCA", "sitio": "VIA PUBLICA", "x": -76.522354125980002, "y": 3.45104503632, "anio": 2024, "mes": "diciembre", "dia": 12, "dia_semana": 5, "hora_hecho": "01:31", "barrio": "BARRIO OBRERO", "estrato": 2, "geom": "0101000020E6100000000000406E2153C000000080BD9B0B40", "fecha_hech": "2024-12-12 00:00:00", "Id": 0, "area": 136572.15568900001 }, "geometry": { "type": "Point", "coordinates": [ -76.522354125980002, 3.45104503632 ] } },
{ "type": "Feature", "properties": { "dinamica": "HURTO", "titulo": "DELITOS CONTRA EL PATRIMONIO ECONOMICO", "capitulo": "DEL HURTO", "articulo": "HURTO. ART. 239 C.P.", "grado_deli": "NINGUNO", "tipo_notic": "DENUNCIA", "caracteriz": "HURTO A PERSONAS", "modalidad": "COSQUILLEO", "modo": null, "motivo": null, "pais": "COLOMBIA", "dane_dep": 76, "departamen": "VALLE DEL CAUCA", "dane_mpio": 76001, "municipio": "CALI", "cod_comuna": 9.0, "comuna": "Comuna 9", "cod_barrio": 910.0, "nom_barrio": "Barrio Obrero", "direccion": "76001 CALLE 21 9 1", "sitio": "VIA PUBLICA", "x": -76.522872924799998, "y": 3.4501769542699998, "anio": 2024, "mes": "diciembre", "dia": 13, "dia_semana": 6, "hora_hecho": "23:30", "barrio": "BARRIO OBRERO", "estrato": 2, "geom": "0101000020E6100000000000C0762153C000000060F6990B40", "fecha_hech": "2024-12-13 00:00:00", "Id": 0, "area": 136572.15568900001 }, "geometry": { "type": "Point", "coordinates": [ -76.522872924799998, 3.45017695427 ] } },
{ "type": "Feature", "properties": { "dinamica": "HURTO", "titulo": "DELITOS CONTRA EL PATRIMONIO ECONOMICO", "capitulo": "DEL HURTO", "articulo": "HURTO CALIFICADO. ART. 240 C.P.", "grado_deli": "NINGUNO", "tipo_notic": "DENUNCIA", "caracteriz": "HURTO A PERSONAS", "modalidad": "ATRACO", "modo": "SIN ARMA", "motivo": null, "pais": "COLOMBIA", "dane_dep": 76, "departamen": "VALLE DEL CAUCA", "dane_mpio": 76001, "municipio": "CALI", "cod_comuna": 9.0, "comuna": "Comuna 9", "cod_barrio": 910.0, "nom_barrio": "Barrio Obrero", "direccion": "76001 CARRERA 8 CON CALLE 23, SAN NICOLAS, CALI, VALLE DEL CAUCA, COL,SAN NICOLÁS", "sitio": "VIA PUBLICA", "x": -76.520835876459998, "y": 3.4524369239800001, "anio": 2024, "mes": "diciembre", "dia": 14, "dia_semana": 7, "hora_hecho": "00:00", "barrio": "SAN NICOLÁS", "estrato": 2, "geom": "0101000020E610000000000060552153C000000040979E0B40", "fecha_hech": "2024-12-14 00:00:00", "Id": 0, "area": 136572.15568900001 }, "geometry": { "type": "Point", "coordinates": [ -76.520835876459998, 3.45243692398 ] } },
{ "type": "Feature", "properties": { "dinamica": "HURTO", "titulo": "DELITOS CONTRA EL PATRIMONIO ECONOMICO", "capitulo": "DEL HURTO", "articulo": "HURTO CALIFICADO. ART. 240 C.P.", "grado_deli": "AGRAVADO", "tipo_notic": "DENUNCIA", "caracteriz": "HURTO A PERSONAS", "modalidad": "ATRACO", "modo": "ARMA DE FUEGO", "motivo": null, "pais": "COLOMBIA", "dane_dep": 76, "departamen": "VALLE DEL CAUCA", "dane_mpio": 76001, "municipio": "CALI", "cod_comuna": 9.0, "comuna": "Comuna 9", "cod_barrio": 910.0, "nom_barrio": "Barrio Obrero", "direccion": "76001 CARRERA 8 CON CALLE 25, SAN NICOLAS, CALI, VALLE DEL CAUCA", "sitio": "VIA PUBLICA", "x": -76.519096374509999, "y": 3.4528179168699999, "anio": 2024, "mes": "diciembre", "dia": 14, "dia_semana": 7, "hora_hecho": "11:58", "barrio": "BARRIO OBRERO", "estrato": 2, "geom": "0101000020E6100000000000E0382153C0000000005F9F0B40", "fecha_hech": "2024-12-14 00:00:00", "Id": 0, "area": 136572.15568900001 }, "geometry": { "type": "Point", "coordinates": [ -76.519096374509999, 3.45281791687 ] } },
{ "type": "Feature", "properties": { "dinamica": "HURTO", "titulo": "DELITOS CONTRA EL PATRIMONIO ECONOMICO", "capitulo": "DEL HURTO", "articulo": "HURTO CALIFICADO. ART. 240 C.P.", "grado_deli": "NINGUNO", "tipo_notic": "DENUNCIA", "caracteriz": "HURTO A CELULARES", "modalidad": "ATRACO", "modo": "ARMA BLANCA", "motivo": "SIN DETERMINAR", "pais": "COLOMBIA", "dane_dep": 76, "departamen": "VALLE DEL CAUCA", "dane_mpio": 76001, "municipio": "CALI", "cod_comuna": 9.0, "comuna": "Comuna 9", "cod_barrio": 910.0, "nom_barrio": "Barrio Obrero", "direccion": "76001 CARRERA 12, BARRIO OBRERO, CALI, VALLE DEL CAUCA", "sitio": "VIA PUBLICA", "x": -76.521324157709998, "y": 3.4457828998600002, "anio": 2024, "mes": "diciembre", "dia": 16, "dia_semana": 2, "hora_hecho": "22:30", "barrio": "BARRIO OBRERO", "estrato": 2, "geom": "0101000020E6100000000000605D2153C0000000A0F6900B40", "fecha_hech": "2024-12-16 00:00:00", "Id": 0, "area": 136572.15568900001 }, "geometry": { "type": "Point", "coordinates": [ -76.521324157709998, 3.44578289986 ] } },
{ "type": "Feature", "properties": { "dinamica": "HURTO", "titulo": "DELITOS CONTRA EL PATRIMONIO ECONOMICO", "capitulo": "DEL HURTO", "articulo": "HURTO CALIFICADO. ART. 240 C.P.", "grado_deli": "NINGUNO", "tipo_notic": "DENUNCIA", "caracteriz": "HURTO A CELULARES", "modalidad": "ATRACO", "modo": "ARMA DE FUEGO", "motivo": "SIN DETERMINAR", "pais": "COLOMBIA", "dane_dep": 76, "departamen": "VALLE DEL CAUCA", "dane_mpio": 76001, "municipio": "CALI", "cod_comuna": 9.0, "comuna": "Comuna 9", "cod_barrio": 910.0, "nom_barrio": "Barrio Obrero", "direccion": "76001 CARRERA 10 CON CALLE 25, BARRIO OBRERO, CALI, VALLE DEL CAUCA", "sitio": "VIA PUBLICA", "x": -76.518577575679998, "y": 3.45025992393, "anio": 2024, "mes": "diciembre", "dia": 17, "dia_semana": 3, "hora_hecho": "00:20", "barrio": "BARRIO OBRERO", "estrato": 2, "geom": "0101000020E610000000000060302153C0000000E0219A0B40", "fecha_hech": "2024-12-17 00:00:00", "Id": 0, "area": 136572.15568900001 }, "geometry": { "type": "Point", "coordinates": [ -76.518577575679998, 3.45025992393 ] } },
{ "type": "Feature", "properties": { "dinamica": "HURTO", "titulo": "DELITOS CONTRA EL PATRIMONIO ECONOMICO", "capitulo": "DEL HURTO", "articulo": "HURTO CALIFICADO. ART. 240 C.P.", "grado_deli": "AGRAVADO", "tipo_notic": "DENUNCIA", "caracteriz": "HURTO A PERSONAS", "modalidad": "ATRACO", "modo": "ARMA DE FUEGO", "motivo": null, "pais": "COLOMBIA", "dane_dep": 76, "departamen": "VALLE DEL CAUCA", "dane_mpio": 76001, "municipio": "CALI", "cod_comuna": 9.0, "comuna": "Comuna 9", "cod_barrio": 910.0, "nom_barrio": "Barrio Obrero", "direccion": "76001 CARRERA 11D, BARRIO OBRERO, CALI, VALLE DEL CAUCA", "sitio": "ESTABLECIMIENTO DE COMERCIO", "x": -76.520080566410002, "y": 3.4473330974600001, "anio": 2024, "mes": "diciembre", "dia": 18, "dia_semana": 4, "hora_hecho": "20:00", "barrio": "BARRIO OBRERO", "estrato": 2, "geom": "0101000020E610000000000000492153C00000006023940B40", "fecha_hech": "2024-12-18 00:00:00", "Id": 0, "area": 136572.15568900001 }, "geometry": { "type": "Point", "coordinates": [ -76.520080566410002, 3.44733309746 ] } },
{ "type": "Feature", "properties": { "dinamica": "HURTO", "titulo": "DELITOS CONTRA EL PATRIMONIO ECONOMICO", "capitulo": "DEL HURTO", "articulo": "HURTO CALIFICADO. ART. 240 C.P.", "grado_deli": "AGRAVADO", "tipo_notic": "DENUNCIA", "caracteriz": "HURTO A PERSONAS", "modalidad": "ATRACO", "modo": "ARMA BLANCA", "motivo": null, "pais": "COLOMBIA", "dane_dep": 76, "departamen": "VALLE DEL CAUCA", "dane_mpio": 76001, "municipio": "CALI", "cod_comuna": 9.0, "comuna": "Comuna 9", "cod_barrio": 910.0, "nom_barrio": "Barrio Obrero", "direccion": "76001 CARRERA 11 22A 67", "sitio": "VIA PUBLICA", "x": -76.520378112789999, "y": 3.4490239620200001, "anio": 2024, "mes": "diciembre", "dia": 20, "dia_semana": 6, "hora_hecho": "19:00", "barrio": "BARRIO OBRERO", "estrato": 2, "geom": "0101000020E6100000000000E04D2153C0000000E099970B40", "fecha_hech": "2024-12-20 00:00:00", "Id": 0, "area": 136572.15568900001 }, "geometry": { "type": "Point", "coordinates": [ -76.520378112789999, 3.44902396202 ] } },
{ "type": "Feature", "properties": { "dinamica": "HURTO", "titulo": "DELITOS CONTRA EL PATRIMONIO ECONOMICO", "capitulo": "DEL HURTO", "articulo": "HURTO CALIFICADO. ART. 240 C.P.", "grado_deli": "NINGUNO", "tipo_notic": "DENUNCIA", "caracteriz": "HURTO DE VEHICULOS", "modalidad": "HALADO", "modo": null, "motivo": null, "pais": "COLOMBIA", "dane_dep": 76, "departamen": "VALLE DEL CAUCA", "dane_mpio": 76001, "municipio": "CALI", "cod_comuna": 9.0, "comuna": "Comuna 9", "cod_barrio": 910.0, "nom_barrio": "Barrio Obrero", "direccion": "76001 CARRERA 11B 23 36, SANTIAGO DE CALI, CALI, VALLE DEL CAUCA", "sitio": "DOMICILIO", "x": -76.51944732666, "y": 3.4481210708600001, "anio": 2024, "mes": "diciembre", "dia": 29, "dia_semana": 1, "hora_hecho": "15:00", "barrio": "BARRIO OBRERO", "estrato": 2, "geom": "0101000020E6100000000000A03E2153C000000080C0950B40", "fecha_hech": "2024-12-29 00:00:00", "Id": 0, "area": 136572.15568900001 }, "geometry": { "type": "Point", "coordinates": [ -76.51944732666, 3.44812107086 ] } },
{ "type": "Feature", "properties": { "dinamica": "HURTO", "titulo": "DELITOS CONTRA EL PATRIMONIO ECONOMICO", "capitulo": "DEL HURTO", "articulo": "HURTO CALIFICADO. ART. 240 C.P.", "grado_deli": "AGRAVADO", "tipo_notic": "DENUNCIA", "caracteriz": "HURTO A PERSONAS", "modalidad": "ATRACO", "modo": "SIN ARMA", "motivo": null, "pais": "COLOMBIA", "dane_dep": 76, "departamen": "VALLE DEL CAUCA", "dane_mpio": 76001, "municipio": "CALI", "cod_comuna": 9.0, "comuna": "Comuna 9", "cod_barrio": 910.0, "nom_barrio": "Barrio Obrero", "direccion": "76001 Carrera 10 23 44, Santiago De Cali, Cali, Valle Del Cauca, COL,BARRIO OBRERO", "sitio": "SIN INFORMACION", "x": -76.519714355470001, "y": 3.4496750831599998, "anio": 2024, "mes": "diciembre", "dia": 29, "dia_semana": 1, "hora_hecho": "23:33", "barrio": "BARRIO OBRERO", "estrato": 2, "geom": "0101000020E610000000000000432153C000000040EF980B40", "fecha_hech": "2024-12-29 00:00:00", "Id": 0, "area": 136572.15568900001 }, "geometry": { "type": "Point", "coordinates": [ -76.519714355470001, 3.44967508316 ] } },
{ "type": "Feature", "properties": { "dinamica": "HURTO", "titulo": "DELITOS CONTRA EL PATRIMONIO ECONOMICO", "capitulo": "DEL HURTO", "articulo": "HURTO CALIFICADO. ART. 240 C.P.", "grado_deli": "AGRAVADO", "tipo_notic": "DENUNCIA", "caracteriz": "HURTO A PERSONAS", "modalidad": "ATRACO", "modo": "ARMA BLANCA", "motivo": null, "pais": "COLOMBIA", "dane_dep": 76, "departamen": "VALLE DEL CAUCA", "dane_mpio": 76001, "municipio": "CALI", "cod_comuna": 9.0, "comuna": "Comuna 9", "cod_barrio": 910.0, "nom_barrio": "Barrio Obrero", "direccion": "76001 CARRERA 10 CON CALLE 25, BARRIO OBRERO, CALI, VALLE DEL CAUCA, COL,BARRIO OBRERO", "sitio": "VIA PUBLICA", "x": -76.518577575679998, "y": 3.45025992393, "anio": 2024, "mes": "diciembre", "dia": 30, "dia_semana": 2, "hora_hecho": "07:30", "barrio": "BARRIO OBRERO", "estrato": 2, "geom": "0101000020E610000000000060302153C0000000E0219A0B40", "fecha_hech": "2024-12-30 00:00:00", "Id": 0, "area": 136572.15568900001 }, "geometry": { "type": "Point", "coordinates": [ -76.518577575679998, 3.45025992393 ] } },
{ "type": "Feature", "properties": { "dinamica": "HURTO", "titulo": "DELITOS CONTRA EL PATRIMONIO ECONOMICO", "capitulo": "DEL HURTO", "articulo": "HURTO. ART. 239 C.P.", "grado_deli": "NINGUNO", "tipo_notic": "DENUNCIA", "caracteriz": "HURTO A PERSONAS", "modalidad": "RAPONAZO", "modo": null, "motivo": null, "pais": "COLOMBIA", "dane_dep": 76, "departamen": "VALLE DEL CAUCA", "dane_mpio": 76001, "municipio": "CALI", "cod_comuna": 9.0, "comuna": "Comuna 9", "cod_barrio": 910.0, "nom_barrio": "Barrio Obrero", "direccion": "76001 CARRERA 11 22A 78, BARRIO OBRERO, CALI, VALLE DEL CAUCA", "sitio": "LUGAR DE RECREACION / PARQUE", "x": -76.520286560060001, "y": 3.4489579200699998, "anio": 2024, "mes": "diciembre", "dia": 31, "dia_semana": 3, "hora_hecho": "01:13", "barrio": "BARRIO OBRERO", "estrato": 2, "geom": "0101000020E6100000000000604C2153C00000004077970B40", "fecha_hech": "2024-12-31 00:00:00", "Id": 0, "area": 136572.15568900001 }, "geometry": { "type": "Point", "coordinates": [ -76.520286560060001, 3.44895792007 ] } },
{ "type": "Feature", "properties": { "dinamica": "HURTO", "titulo": "DELITOS CONTRA EL PATRIMONIO ECONOMICO", "capitulo": "DEL HURTO", "articulo": "HURTO CALIFICADO. ART. 240 C.P.", "grado_deli": "NINGUNO", "tipo_notic": "DENUNCIA", "caracteriz": "HURTO A PERSONAS", "modalidad": "ATRACO", "modo": "ARMA DE FUEGO", "motivo": null, "pais": "COLOMBIA", "dane_dep": 76, "departamen": "VALLE DEL CAUCA", "dane_mpio": 76001, "municipio": "CALI", "cod_comuna": 9.0, "comuna": "Comuna 9", "cod_barrio": 910.0, "nom_barrio": "Barrio Obrero", "direccion": "76001 CALLE 25 8 32, SANTIAGO DE CALI, CALI, VALLE DEL CAUCA", "sitio": "VIA PUBLICA", "x": -76.519081115719999, "y": 3.4521460533099999, "anio": 2025, "mes": "enero", "dia": 1, "dia_semana": 4, "hora_hecho": "09:00", "barrio": "BARRIO OBRERO", "estrato": 2, "geom": "0101000020E6100000000000A0382153C0000000C0FE9D0B40", "fecha_hech": "2025-01-01 00:00:00", "Id": 0, "area": 136572.15568900001 }, "geometry": { "type": "Point", "coordinates": [ -76.519081115719999, 3.45214605331 ] } },
{ "type": "Feature", "properties": { "dinamica": "HURTO", "titulo": "DELITOS CONTRA EL PATRIMONIO ECONOMICO", "capitulo": "DEL HURTO", "articulo": "HURTO CALIFICADO. ART. 240 C.P.", "grado_deli": "NINGUNO", "tipo_notic": "DENUNCIA", "caracteriz": "HURTO A PERSONAS", "modalidad": "ATRACO", "modo": "ARMA DE FUEGO", "motivo": null, "pais": "COLOMBIA", "dane_dep": 76, "departamen": "VALLE DEL CAUCA", "dane_mpio": 76001, "municipio": "CALI", "cod_comuna": 9.0, "comuna": "Comuna 9", "cod_barrio": 910.0, "nom_barrio": "Barrio Obrero", "direccion": "76001 CALLE 25 CON CARRERA 8, SAN NICOLAS, CALI, VALLE DEL CAUCA", "sitio": "VIA PUBLICA", "x": -76.519096374509999, "y": 3.4528179168699999, "anio": 2025, "mes": "enero", "dia": 2, "dia_semana": 5, "hora_hecho": "11:30", "barrio": "BARRIO OBRERO", "estrato": 2, "geom": "0101000020E6100000000000E0382153C0000000005F9F0B40", "fecha_hech": "2025-01-02 00:00:00", "Id": 0, "area": 136572.15568900001 }, "geometry": { "type": "Point", "coordinates": [ -76.519096374509999, 3.45281791687 ] } },
{ "type": "Feature", "properties": { "dinamica": "HURTO", "titulo": "DELITOS CONTRA EL PATRIMONIO ECONOMICO", "capitulo": "DEL HURTO", "articulo": "HURTO CALIFICADO. ART. 240 C.P.", "grado_deli": "AGRAVADO", "tipo_notic": "DENUNCIA", "caracteriz": "HURTO A PERSONAS", "modalidad": "ATRACO", "modo": "ARMA DE FUEGO", "motivo": null, "pais": "COLOMBIA", "dane_dep": 76, "departamen": "VALLE DEL CAUCA", "dane_mpio": 76001, "municipio": "CALI", "cod_comuna": 9.0, "comuna": "Comuna 9", "cod_barrio": 910.0, "nom_barrio": "Barrio Obrero", "direccion": "76001 BARRIO/LOCALIDAD/COMUNA:BARRIO OBRERO/COMUNA 9,CALI/VALLE DEL CAUCA,BARRIO OBRERO", "sitio": "SIN INFORMACION", "x": -76.520553588870001, "y": 3.4475049972499998, "anio": 2025, "mes": "enero", "dia": 3, "dia_semana": 6, "hora_hecho": "06:45", "barrio": "BARRIO OBRERO", "estrato": 2, "geom": "0101000020E6100000000000C0502153C0000000807D940B40", "fecha_hech": "2025-01-03 00:00:00", "Id": 0, "area": 136572.15568900001 }, "geometry": { "type": "Point", "coordinates": [ -76.520553588870001, 3.44750499725 ] } },
{ "type": "Feature", "properties": { "dinamica": "HURTO", "titulo": "DELITOS CONTRA EL PATRIMONIO ECONOMICO", "capitulo": "DEL HURTO", "articulo": "HURTO. ART. 239 C.P.", "grado_deli": "AGRAVADO", "tipo_notic": "DENUNCIA", "caracteriz": "HURTO A CELULARES", "modalidad": "FACTOR DE OPORTUNIDAD", "modo": null, "motivo": null, "pais": "COLOMBIA", "dane_dep": 76, "departamen": "VALLE DEL CAUCA", "dane_mpio": 76001, "municipio": "CALI", "cod_comuna": 9.0, "comuna": "Comuna 9", "cod_barrio": 910.0, "nom_barrio": "Barrio Obrero", "direccion": "76001 Carrera 11 22a 30, Santiago De Cali, Cali, Valle Del Cauca, COL,BARRIO OBRERO", "sitio": "SIN INFORMACION", "x": -76.520301818850001, "y": 3.4487578868900002, "anio": 2025, "mes": "enero", "dia": 4, "dia_semana": 7, "hora_hecho": "11:00", "barrio": "BARRIO OBRERO", "estrato": 2, "geom": "0101000020E6100000000000A04C2153C0000000600E970B40", "fecha_hech": "2025-01-04 00:00:00", "Id": 0, "area": 136572.15568900001 }, "geometry": { "type": "Point", "coordinates": [ -76.520301818850001, 3.44875788689 ] } },
{ "type": "Feature", "properties": { "dinamica": "HURTO", "titulo": "DELITOS CONTRA EL PATRIMONIO ECONOMICO", "capitulo": "DEL HURTO", "articulo": "HURTO. ART. 239 C.P.", "grado_deli": "NINGUNO", "tipo_notic": "QUERELLA", "caracteriz": "HURTO A PERSONAS", "modalidad": "FACTOR DE OPORTUNIDAD", "modo": null, "motivo": null, "pais": "COLOMBIA", "dane_dep": 76, "departamen": "VALLE DEL CAUCA", "dane_mpio": 76001, "municipio": "CALI", "cod_comuna": 9.0, "comuna": "Comuna 9", "cod_barrio": 910.0, "nom_barrio": "Barrio Obrero", "direccion": "76001 OBRERO, CALI, EL VALLE, COL,BARRIO OBRERO", "sitio": "VIA PUBLICA", "x": -76.520362853999998, "y": 3.44901990891, "anio": 2025, "mes": "enero", "dia": 13, "dia_semana": 2, "hora_hecho": "05:00", "barrio": "BARRIO OBRERO", "estrato": 2, "geom": "0101000020E6100000000000A04D2153C0000000C097970B40", "fecha_hech": "2025-01-13 00:00:00", "Id": 0, "area": 136572.15568900001 }, "geometry": { "type": "Point", "coordinates": [ -76.520362854, 3.44901990891 ] } },
{ "type": "Feature", "properties": { "dinamica": "HURTO", "titulo": "DELITOS CONTRA EL PATRIMONIO ECONOMICO", "capitulo": "DEL HURTO", "articulo": "HURTO CALIFICADO. ART. 240 C.P.", "grado_deli": "NINGUNO", "tipo_notic": "DENUNCIA", "caracteriz": "HURTO DE MOTOCICLETAS", "modalidad": "HALADO", "modo": null, "motivo": null, "pais": "COLOMBIA", "dane_dep": 76, "departamen": "VALLE DEL CAUCA", "dane_mpio": 76001, "municipio": "CALI", "cod_comuna": 9.0, "comuna": "Comuna 9", "cod_barrio": 910.0, "nom_barrio": "Barrio Obrero", "direccion": "76001 CALLE 23 13A 55, SANTIAGO DE CALI, CALI, VALLE DEL CAUCA", "sitio": "VIA PUBLICA", "x": -76.519012451169999, "y": 3.44517707825, "anio": 2025, "mes": "enero", "dia": 14, "dia_semana": 3, "hora_hecho": "00:40", "barrio": "BARRIO OBRERO", "estrato": 2, "geom": "0101000020E610000000000080372153C000000000B98F0B40", "fecha_hech": "2025-01-14 00:00:00", "Id": 0, "area": 136572.15568900001 }, "geometry": { "type": "Point", "coordinates": [ -76.519012451169999, 3.44517707825 ] } },
{ "type": "Feature", "properties": { "dinamica": "HURTO", "titulo": "DELITOS CONTRA EL PATRIMONIO ECONOMICO", "capitulo": "DEL HURTO", "articulo": "HURTO CALIFICADO. ART. 240 C.P.", "grado_deli": "NINGUNO", "tipo_notic": "DENUNCIA", "caracteriz": "HURTO A PERSONAS", "modalidad": "ATRACO", "modo": "ARMA DE FUEGO", "motivo": null, "pais": "COLOMBIA", "dane_dep": 76, "departamen": "VALLE DEL CAUCA", "dane_mpio": 76001, "municipio": "CALI", "cod_comuna": 9.0, "comuna": "Comuna 9", "cod_barrio": 910.0, "nom_barrio": "Barrio Obrero", "direccion": "76001 CARRERA 14, BARRIO OBRERO, CALI, VALLE DEL CAUCA", "sitio": "VIA PUBLICA", "x": -76.520133972170001, "y": 3.4450900554700001, "anio": 2025, "mes": "enero", "dia": 15, "dia_semana": 4, "hora_hecho": "00:30", "barrio": "BARRIO OBRERO", "estrato": 2, "geom": "0101000020E6100000000000E0492153C0000000608B8F0B40", "fecha_hech": "2025-01-15 00:00:00", "Id": 0, "area": 136572.15568900001 }, "geometry": { "type": "Point", "coordinates": [ -76.520133972170001, 3.44509005547 ] } },
{ "type": "Feature", "properties": { "dinamica": "HURTO", "titulo": "DELITOS CONTRA EL PATRIMONIO ECONOMICO", "capitulo": "DEL HURTO", "articulo": "HURTO. ART. 239 C.P.", "grado_deli": "NINGUNO", "tipo_notic": "DENUNCIA", "caracteriz": "HURTO A CELULARES", "modalidad": "COSQUILLEO", "modo": null, "motivo": null, "pais": "COLOMBIA", "dane_dep": 76, "departamen": "VALLE DEL CAUCA", "dane_mpio": 76001, "municipio": "CALI", "cod_comuna": 9.0, "comuna": "Comuna 9", "cod_barrio": 910.0, "nom_barrio": "Barrio Obrero", "direccion": "76001 CALLE 23, BARRIO OBRERO, CALI, VALLE DEL CAUCA", "sitio": "VIA PUBLICA", "x": -76.51993560791, "y": 3.4484190940900001, "anio": 2025, "mes": "enero", "dia": 15, "dia_semana": 4, "hora_hecho": "05:30", "barrio": "BARRIO OBRERO", "estrato": 2, "geom": "0101000020E6100000000000A0462153C0000000C05C960B40", "fecha_hech": "2025-01-15 00:00:00", "Id": 0, "area": 136572.15568900001 }, "geometry": { "type": "Point", "coordinates": [ -76.51993560791, 3.44841909409 ] } },
{ "type": "Feature", "properties": { "dinamica": "HURTO", "titulo": "DELITOS CONTRA EL PATRIMONIO ECONOMICO", "capitulo": "DEL HURTO", "articulo": "HURTO. ART. 239 C.P.", "grado_deli": "NINGUNO", "tipo_notic": "DENUNCIA", "caracteriz": "HURTO A PERSONAS", "modalidad": "RAPONAZO", "modo": null, "motivo": null, "pais": "COLOMBIA", "dane_dep": 76, "departamen": "VALLE DEL CAUCA", "dane_mpio": 76001, "municipio": "CALI", "cod_comuna": 9.0, "comuna": "Comuna 9", "cod_barrio": 910.0, "nom_barrio": "Barrio Obrero", "direccion": "76001 CALLE 23 CON CARRERA 10, BARRIO OBRERO, CALI, VALLE DEL CAUCA", "sitio": "VIA PUBLICA", "x": -76.52027130127, "y": 3.4499089717899998, "anio": 2025, "mes": "enero", "dia": 20, "dia_semana": 2, "hora_hecho": "03:59", "barrio": "BARRIO OBRERO", "estrato": 2, "geom": "0101000020E6100000000000204C2153C0000000E069990B40", "fecha_hech": "2025-01-20 00:00:00", "Id": 0, "area": 136572.15568900001 }, "geometry": { "type": "Point", "coordinates": [ -76.52027130127, 3.44990897179 ] } },
{ "type": "Feature", "properties": { "dinamica": "HURTO", "titulo": "DELITOS CONTRA EL PATRIMONIO ECONOMICO", "capitulo": "DEL HURTO", "articulo": "HURTO CALIFICADO. ART. 240 C.P.", "grado_deli": "NINGUNO", "tipo_notic": "DENUNCIA", "caracteriz": "HURTO A RESIDENCIA", "modalidad": "ATRACO", "modo": "ARMA DE FUEGO", "motivo": null, "pais": "COLOMBIA", "dane_dep": 76, "departamen": "VALLE DEL CAUCA", "dane_mpio": 76001, "municipio": "CALI", "cod_comuna": 9.0, "comuna": "Comuna 9", "cod_barrio": 910.0, "nom_barrio": "Barrio Obrero", "direccion": "76001 CARRERA 14, BARRIO OBRERO, CALI, VALLE DEL CAUCA", "sitio": "VIA PUBLICA", "x": -76.520133972170001, "y": 3.4450900554700001, "anio": 2025, "mes": "enero", "dia": 21, "dia_semana": 3, "hora_hecho": "07:58", "barrio": "BARRIO OBRERO", "estrato": 2, "geom": "0101000020E6100000000000E0492153C0000000608B8F0B40", "fecha_hech": "2025-01-21 00:00:00", "Id": 0, "area": 136572.15568900001 }, "geometry": { "type": "Point", "coordinates": [ -76.520133972170001, 3.44509005547 ] } },
{ "type": "Feature", "properties": { "dinamica": "HURTO", "titulo": "DELITOS CONTRA EL PATRIMONIO ECONOMICO", "capitulo": "DEL HURTO", "articulo": "HURTO CALIFICADO. ART. 240 C.P.", "grado_deli": "AGRAVADO", "tipo_notic": "ACTOS URGENTES", "caracteriz": "HURTO A PERSONAS", "modalidad": "ATRACO", "modo": "ARMA BLANCA", "motivo": null, "pais": "COLOMBIA", "dane_dep": 76, "departamen": "VALLE DEL CAUCA", "dane_mpio": 76001, "municipio": "CALI", "cod_comuna": 9.0, "comuna": "Comuna 9", "cod_barrio": 910.0, "nom_barrio": "Barrio Obrero", "direccion": "76001 CALLE 22A 14 1", "sitio": "VIA PUBLICA", "x": -76.519958496089998, "y": 3.4444899559, "anio": 2025, "mes": "enero", "dia": 21, "dia_semana": 3, "hora_hecho": "19:15", "barrio": "BARRIO OBRERO", "estrato": 2, "geom": "0101000020E610000000000000472153C0000000C0508E0B40", "fecha_hech": "2025-01-21 00:00:00", "Id": 0, "area": 136572.15568900001 }, "geometry": { "type": "Point", "coordinates": [ -76.519958496089998, 3.4444899559 ] } },
{ "type": "Feature", "properties": { "dinamica": "HURTO", "titulo": "DELITOS CONTRA EL PATRIMONIO ECONOMICO", "capitulo": "DEL HURTO", "articulo": "HURTO. ART. 239 C.P.", "grado_deli": "NINGUNO", "tipo_notic": "DENUNCIA", "caracteriz": "HURTO A CELULARES", "modalidad": "FACTOR DE OPORTUNIDAD", "modo": null, "motivo": null, "pais": "COLOMBIA", "dane_dep": 76, "departamen": "VALLE DEL CAUCA", "dane_mpio": 76001, "municipio": "CALI", "cod_comuna": 9.0, "comuna": "Comuna 9", "cod_barrio": 910.0, "nom_barrio": "Barrio Obrero", "direccion": "76001 CARRERA 14, BARRIO OBRERO, CALI, VALLE DEL CAUCA", "sitio": "VIA PUBLICA", "x": -76.520133972170001, "y": 3.4450900554700001, "anio": 2025, "mes": "enero", "dia": 24, "dia_semana": 6, "hora_hecho": "04:24", "barrio": "BARRIO OBRERO", "estrato": 2, "geom": "0101000020E6100000000000E0492153C0000000608B8F0B40", "fecha_hech": "2025-01-24 00:00:00", "Id": 0, "area": 136572.15568900001 }, "geometry": { "type": "Point", "coordinates": [ -76.520133972170001, 3.44509005547 ] } },
{ "type": "Feature", "properties": { "dinamica": "HURTO", "titulo": "DELITOS CONTRA EL PATRIMONIO ECONOMICO", "capitulo": "DEL HURTO", "articulo": "HURTO CALIFICADO. ART. 240 C.P.", "grado_deli": "NINGUNO", "tipo_notic": "DENUNCIA", "caracteriz": "HURTO A PERSONAS", "modalidad": "ATRACO", "modo": "ARMA BLANCA", "motivo": null, "pais": "COLOMBIA", "dane_dep": 76, "departamen": "VALLE DEL CAUCA", "dane_mpio": 76001, "municipio": "CALI", "cod_comuna": 9.0, "comuna": "Comuna 9", "cod_barrio": 910.0, "nom_barrio": "Barrio Obrero", "direccion": "76001 CARRERA 10 CON CALLE 22, BARRIO OBRERO, CALI, VALLE DEL CAUCA", "sitio": "VIA PUBLICA", "x": -76.521926879879999, "y": 3.4495599269900001, "anio": 2025, "mes": "enero", "dia": 24, "dia_semana": 6, "hora_hecho": "06:22", "barrio": "BARRIO OBRERO", "estrato": 2, "geom": "0101000020E610000000000040672153C0000000E0B2980B40", "fecha_hech": "2025-01-24 00:00:00", "Id": 0, "area": 136572.15568900001 }, "geometry": { "type": "Point", "coordinates": [ -76.521926879879999, 3.44955992699 ] } },
{ "type": "Feature", "properties": { "dinamica": "HURTO", "titulo": "DELITOS CONTRA EL PATRIMONIO ECONOMICO", "capitulo": "DEL HURTO", "articulo": "HURTO CALIFICADO. ART. 240 C.P.", "grado_deli": "NINGUNO", "tipo_notic": "DENUNCIA", "caracteriz": "HURTO DE MOTOCICLETAS", "modalidad": "ATRACO", "modo": "SIN ARMA", "motivo": null, "pais": "COLOMBIA", "dane_dep": 76, "departamen": "VALLE DEL CAUCA", "dane_mpio": 76001, "municipio": "CALI", "cod_comuna": 9.0, "comuna": "Comuna 9", "cod_barrio": 910.0, "nom_barrio": "Barrio Obrero", "direccion": "76001 CALLE 23 13A 13, BARRIO OBRERO, CALI, VALLE DEL CAUCA", "sitio": "VIA PUBLICA", "x": -76.519393920900001, "y": 3.4456050396000002, "anio": 2025, "mes": "enero", "dia": 24, "dia_semana": 6, "hora_hecho": "11:00", "barrio": "BARRIO OBRERO", "estrato": 2, "geom": "0101000020E6100000000000C03D2153C00000006099900B40", "fecha_hech": "2025-01-24 00:00:00", "Id": 0, "area": 136572.15568900001 }, "geometry": { "type": "Point", "coordinates": [ -76.519393920900001, 3.4456050396 ] } },
{ "type": "Feature", "properties": { "dinamica": "HURTO", "titulo": "DELITOS CONTRA EL PATRIMONIO ECONOMICO", "capitulo": "DEL HURTO", "articulo": "HURTO CALIFICADO. ART. 240 C.P.", "grado_deli": "NINGUNO", "tipo_notic": "DENUNCIA", "caracteriz": "HURTO A PERSONAS", "modalidad": "ATRACO", "modo": "ARMA DE FUEGO", "motivo": null, "pais": "COLOMBIA", "dane_dep": 76, "departamen": "VALLE DEL CAUCA", "dane_mpio": 76001, "municipio": "CALI", "cod_comuna": 9.0, "comuna": "Comuna 9", "cod_barrio": 910.0, "nom_barrio": "Barrio Obrero", "direccion": "76001 CARRERA 10 CON CALLE 25, BARRIO OBRERO, CALI, VALLE DEL CAUCA", "sitio": "VIA PUBLICA", "x": -76.518577575679998, "y": 3.45025992393, "anio": 2025, "mes": "enero", "dia": 24, "dia_semana": 6, "hora_hecho": "23:30", "barrio": "BARRIO OBRERO", "estrato": 2, "geom": "0101000020E610000000000060302153C0000000E0219A0B40", "fecha_hech": "2025-01-24 00:00:00", "Id": 0, "area": 136572.15568900001 }, "geometry": { "type": "Point", "coordinates": [ -76.518577575679998, 3.45025992393 ] } },
{ "type": "Feature", "properties": { "dinamica": "HURTO", "titulo": "DELITOS CONTRA EL PATRIMONIO ECONOMICO", "capitulo": "DEL HURTO", "articulo": "HURTO. ART. 239 C.P.", "grado_deli": "NINGUNO", "tipo_notic": "DENUNCIA", "caracteriz": "HURTO A PERSONAS", "modalidad": "COSQUILLEO", "modo": null, "motivo": null, "pais": "COLOMBIA", "dane_dep": 76, "departamen": "VALLE DEL CAUCA", "dane_mpio": 76001, "municipio": "CALI", "cod_comuna": 9.0, "comuna": "Comuna 9", "cod_barrio": 910.0, "nom_barrio": "Barrio Obrero", "direccion": "76001 CALLE 23 13A 87, BARRIO OBRERO, CALI, VALLE DEL CAUCA", "sitio": "VIA PUBLICA", "x": -76.519401550289999, "y": 3.4456520080600002, "anio": 2025, "mes": "enero", "dia": 25, "dia_semana": 7, "hora_hecho": "00:00", "barrio": "BARRIO OBRERO", "estrato": 2, "geom": "0101000020E6100000000000E03D2153C000000000B2900B40", "fecha_hech": "2025-01-25 00:00:00", "Id": 0, "area": 136572.15568900001 }, "geometry": { "type": "Point", "coordinates": [ -76.519401550289999, 3.44565200806 ] } },
{ "type": "Feature", "properties": { "dinamica": "HURTO", "titulo": "DELITOS CONTRA EL PATRIMONIO ECONOMICO", "capitulo": "DEL HURTO", "articulo": "HURTO CALIFICADO. ART. 240 C.P.", "grado_deli": "NINGUNO", "tipo_notic": "DENUNCIA", "caracteriz": "HURTO DE MOTOCICLETAS", "modalidad": "ATRACO", "modo": "ARMA BLANCA", "motivo": null, "pais": "COLOMBIA", "dane_dep": 76, "departamen": "VALLE DEL CAUCA", "dane_mpio": 76001, "municipio": "CALI", "cod_comuna": 9.0, "comuna": "Comuna 9", "cod_barrio": 910.0, "nom_barrio": "Barrio Obrero", "direccion": "76001 CARRERA 8 CON CALLE 25 7A, SAN NICOLAS, CALI, VALLE DEL CAUCA", "sitio": "DOMICILIO", "x": -76.519096374509999, "y": 3.4528179168699999, "anio": 2025, "mes": "enero", "dia": 27, "dia_semana": 2, "hora_hecho": "00:00", "barrio": "BARRIO OBRERO", "estrato": 2, "geom": "0101000020E6100000000000E0382153C0000000005F9F0B40", "fecha_hech": "2025-01-27 00:00:00", "Id": 0, "area": 136572.15568900001 }, "geometry": { "type": "Point", "coordinates": [ -76.519096374509999, 3.45281791687 ] } },
{ "type": "Feature", "properties": { "dinamica": "HURTO", "titulo": "DELITOS CONTRA EL PATRIMONIO ECONOMICO", "capitulo": "DEL HURTO", "articulo": "HURTO CALIFICADO. ART. 240 C.P.", "grado_deli": "AGRAVADO", "tipo_notic": "DENUNCIA", "caracteriz": "HURTO A PERSONAS", "modalidad": "RAPONAZO", "modo": null, "motivo": null, "pais": "COLOMBIA", "dane_dep": 76, "departamen": "VALLE DEL CAUCA", "dane_mpio": 76001, "municipio": "CALI", "cod_comuna": 9.0, "comuna": "Comuna 9", "cod_barrio": 910.0, "nom_barrio": "Barrio Obrero", "direccion": "76001 Laboratorio Barba Larg, Calle 24 10 61, Barrio Obrero, Cali, Valle del Cauca, COL,BARRIO OBRERO", "sitio": "SIN INFORMACION", "x": -76.51936340332, "y": 3.4496080875400001, "anio": 2025, "mes": "enero", "dia": 27, "dia_semana": 2, "hora_hecho": "05:28", "barrio": "BARRIO OBRERO", "estrato": 2, "geom": "0101000020E6100000000000403D2153C000000020CC980B40", "fecha_hech": "2025-01-27 00:00:00", "Id": 0, "area": 136572.15568900001 }, "geometry": { "type": "Point", "coordinates": [ -76.51936340332, 3.44960808754 ] } },
{ "type": "Feature", "properties": { "dinamica": "HURTO", "titulo": "DELITOS CONTRA EL PATRIMONIO ECONOMICO", "capitulo": "DEL HURTO", "articulo": "HURTO CALIFICADO. ART. 240 C.P.", "grado_deli": "AGRAVADO", "tipo_notic": "DENUNCIA", "caracteriz": "HURTO A PERSONAS", "modalidad": "FACTOR DE OPORTUNIDAD", "modo": null, "motivo": null, "pais": "COLOMBIA", "dane_dep": 76, "departamen": "VALLE DEL CAUCA", "dane_mpio": 76001, "municipio": "CALI", "cod_comuna": 9.0, "comuna": "Comuna 9", "cod_barrio": 910.0, "nom_barrio": "Barrio Obrero", "direccion": "76001 Carrera 8 24 26, Santiago De Cali, Cali, Valle Del Cauca, COL,BARRIO OBRERO", "sitio": "SIN INFORMACION", "x": -76.521194458010001, "y": 3.4517369270299998, "anio": 2025, "mes": "enero", "dia": 30, "dia_semana": 5, "hora_hecho": "02:00", "barrio": "BARRIO OBRERO", "estrato": 2, "geom": "0101000020E6100000000000405B2153C000000040289D0B40", "fecha_hech": "2025-01-30 00:00:00", "Id": 0, "area": 136572.15568900001 }, "geometry": { "type": "Point", "coordinates": [ -76.521194458010001, 3.45173692703 ] } },
{ "type": "Feature", "properties": { "dinamica": "HURTO", "titulo": "DELITOS CONTRA EL PATRIMONIO ECONOMICO", "capitulo": "DEL HURTO", "articulo": "HURTO. ART. 239 C.P.", "grado_deli": "AGRAVADO", "tipo_notic": "DENUNCIA", "caracteriz": "HURTO A PERSONAS", "modalidad": "COSQUILLEO", "modo": null, "motivo": null, "pais": "COLOMBIA", "dane_dep": 76, "departamen": "VALLE DEL CAUCA", "dane_mpio": 76001, "municipio": "CALI", "cod_comuna": 9.0, "comuna": "Comuna 9", "cod_barrio": 910.0, "nom_barrio": "Barrio Obrero", "direccion": "76001 CALLE 23 8 1", "sitio": "VIA PUBLICA", "x": -76.520790100100001, "y": 3.4524080753300002, "anio": 2025, "mes": "enero", "dia": 30, "dia_semana": 5, "hora_hecho": "12:00", "barrio": "BARRIO OBRERO", "estrato": 2, "geom": "0101000020E6100000000000A0542153C000000020889E0B40", "fecha_hech": "2025-01-30 00:00:00", "Id": 0, "area": 136572.15568900001 }, "geometry": { "type": "Point", "coordinates": [ -76.520790100100001, 3.45240807533 ] } },
{ "type": "Feature", "properties": { "dinamica": "HURTO", "titulo": "DELITOS CONTRA EL PATRIMONIO ECONOMICO", "capitulo": "DEL HURTO", "articulo": "HURTO CALIFICADO. ART. 240 C.P.", "grado_deli": "AGRAVADO", "tipo_notic": "DENUNCIA", "caracteriz": "HURTO A PERSONAS", "modalidad": "VIOLACION DE CERRADURA", "modo": null, "motivo": null, "pais": "COLOMBIA", "dane_dep": 76, "departamen": "VALLE DEL CAUCA", "dane_mpio": 76001, "municipio": "CALI", "cod_comuna": 9.0, "comuna": "Comuna 9", "cod_barrio": 910.0, "nom_barrio": "Barrio Obrero", "direccion": "76001 Calle 24 8A 67, Barrio Obrero, Cali, Valle del Cauca, COL,BARRIO OBRERO", "sitio": "SIN INFORMACION", "x": -76.519760131840002, "y": 3.4514660835300002, "anio": 2025, "mes": "febrero", "dia": 2, "dia_semana": 1, "hora_hecho": "10:02", "barrio": "BARRIO OBRERO", "estrato": 2, "geom": "0101000020E6100000000000C0432153C0000000409A9C0B40", "fecha_hech": "2025-02-02 00:00:00", "Id": 0, "area": 136572.15568900001 }, "geometry": { "type": "Point", "coordinates": [ -76.519760131840002, 3.45146608353 ] } },
{ "type": "Feature", "properties": { "dinamica": "HURTO", "titulo": "DELITOS CONTRA EL PATRIMONIO ECONOMICO", "capitulo": "DEL HURTO", "articulo": "HURTO. ART. 239 C.P.", "grado_deli": "AGRAVADO", "tipo_notic": "DENUNCIA", "caracteriz": "HURTO A PERSONAS", "modalidad": "COSQUILLEO", "modo": null, "motivo": null, "pais": "COLOMBIA", "dane_dep": 76, "departamen": "VALLE DEL CAUCA", "dane_mpio": 76001, "municipio": "CALI", "cod_comuna": 9.0, "comuna": "Comuna 9", "cod_barrio": 910.0, "nom_barrio": "Barrio Obrero", "direccion": "76001 BARRIO/LOCALIDAD/COMUNA:BARRIO OBRERO/COMUNA 9,CALI/VALLE DEL CAUCA,BARRIO OBRERO", "sitio": "SIN INFORMACION", "x": -76.520561218259999, "y": 3.4487369060500002, "anio": 2025, "mes": "febrero", "dia": 3, "dia_semana": 2, "hora_hecho": "21:01", "barrio": "BARRIO OBRERO", "estrato": 2, "geom": "0101000020E6100000000000E0502153C00000006003970B40", "fecha_hech": "2025-02-03 00:00:00", "Id": 0, "area": 136572.15568900001 }, "geometry": { "type": "Point", "coordinates": [ -76.520561218259999, 3.44873690605 ] } },
{ "type": "Feature", "properties": { "dinamica": "HURTO", "titulo": "DELITOS CONTRA EL PATRIMONIO ECONOMICO", "capitulo": "DEL HURTO", "articulo": "HURTO CALIFICADO. ART. 240 C.P.", "grado_deli": "NINGUNO", "tipo_notic": "DENUNCIA", "caracteriz": "HURTO A CELULARES", "modalidad": "ATRACO", "modo": "ARMA DE FUEGO", "motivo": "SIN DETERMINAR", "pais": "COLOMBIA", "dane_dep": 76, "departamen": "VALLE DEL CAUCA", "dane_mpio": 76001, "municipio": "CALI", "cod_comuna": 9.0, "comuna": "Comuna 9", "cod_barrio": 910.0, "nom_barrio": "Barrio Obrero", "direccion": "76001 CALLE 25 CON CARRERA 8, SAN NICOLAS, CALI, VALLE DEL CAUCA", "sitio": "VIA PUBLICA", "x": -76.519096374509999, "y": 3.4528179168699999, "anio": 2025, "mes": "febrero", "dia": 6, "dia_semana": 5, "hora_hecho": "00:00", "barrio": "BARRIO OBRERO", "estrato": 2, "geom": "0101000020E6100000000000E0382153C0000000005F9F0B40", "fecha_hech": "2025-02-06 00:00:00", "Id": 0, "area": 136572.15568900001 }, "geometry": { "type": "Point", "coordinates": [ -76.519096374509999, 3.45281791687 ] } },
{ "type": "Feature", "properties": { "dinamica": "HURTO", "titulo": "DELITOS CONTRA EL PATRIMONIO ECONOMICO", "capitulo": "DEL HURTO", "articulo": "HURTO CALIFICADO. ART. 240 C.P.", "grado_deli": "AGRAVADO", "tipo_notic": "DENUNCIA", "caracteriz": "HURTO A PERSONAS", "modalidad": "FACTOR DE OPORTUNIDAD", "modo": null, "motivo": null, "pais": "COLOMBIA", "dane_dep": 76, "departamen": "VALLE DEL CAUCA", "dane_mpio": 76001, "municipio": "CALI", "cod_comuna": 9.0, "comuna": "Comuna 9", "cod_barrio": 910.0, "nom_barrio": "Barrio Obrero", "direccion": "76001 Carrera 13a 22 54, Santiago De Cali, Cali, Valle Del Cauca, COL,BARRIO OBRERO", "sitio": "SIN INFORMACION", "x": -76.520385742190001, "y": 3.44537305832, "anio": 2025, "mes": "febrero", "dia": 8, "dia_semana": 7, "hora_hecho": "21:00", "barrio": "BARRIO OBRERO", "estrato": 2, "geom": "0101000020E6100000000000004E2153C0000000C01F900B40", "fecha_hech": "2025-02-08 00:00:00", "Id": 0, "area": 136572.15568900001 }, "geometry": { "type": "Point", "coordinates": [ -76.520385742190001, 3.44537305832 ] } },
{ "type": "Feature", "properties": { "dinamica": "HURTO", "titulo": "DELITOS CONTRA EL PATRIMONIO ECONOMICO", "capitulo": "DEL HURTO", "articulo": "HURTO CALIFICADO. ART. 240 C.P.", "grado_deli": "NINGUNO", "tipo_notic": "DENUNCIA", "caracteriz": "HURTO DE AUTOPARTES", "modalidad": "RAPONAZO", "modo": null, "motivo": null, "pais": "COLOMBIA", "dane_dep": 76, "departamen": "VALLE DEL CAUCA", "dane_mpio": 76001, "municipio": "CALI", "cod_comuna": 9.0, "comuna": "Comuna 9", "cod_barrio": 910.0, "nom_barrio": "Barrio Obrero", "direccion": "76001 CALLE 23 CON CARRERA 10, BARRIO OBRERO, CALI, VALLE DEL CAUCA", "sitio": "VIA PUBLICA", "x": -76.52027130127, "y": 3.4499089717899998, "anio": 2025, "mes": "febrero", "dia": 9, "dia_semana": 1, "hora_hecho": "16:30", "barrio": "BARRIO OBRERO", "estrato": 2, "geom": "0101000020E6100000000000204C2153C0000000E069990B40", "fecha_hech": "2025-02-09 00:00:00", "Id": 0, "area": 136572.15568900001 }, "geometry": { "type": "Point", "coordinates": [ -76.52027130127, 3.44990897179 ] } },
{ "type": "Feature", "properties": { "dinamica": "HURTO", "titulo": "DELITOS CONTRA EL PATRIMONIO ECONOMICO", "capitulo": "DEL HURTO", "articulo": "HURTO CALIFICADO. ART. 240 C.P.", "grado_deli": "NINGUNO", "tipo_notic": "DENUNCIA", "caracteriz": "HURTO A CELULARES", "modalidad": "ATRACO", "modo": "ARMA DE FUEGO", "motivo": "SIN DETERMINAR", "pais": "COLOMBIA", "dane_dep": 76, "departamen": "VALLE DEL CAUCA", "dane_mpio": 76001, "municipio": "CALI", "cod_comuna": 9.0, "comuna": "Comuna 9", "cod_barrio": 910.0, "nom_barrio": "Barrio Obrero", "direccion": "76001 CALLE 23, BARRIO OBRERO, CALI, VALLE DEL CAUCA", "sitio": "VIA PUBLICA", "x": -76.518630981450002, "y": 3.4454989433300001, "anio": 2025, "mes": "febrero", "dia": 11, "dia_semana": 3, "hora_hecho": "08:13", "barrio": "BARRIO OBRERO", "estrato": 2, "geom": "0101000020E610000000000040312153C0000000C061900B40", "fecha_hech": "2025-02-11 00:00:00", "Id": 0, "area": 136572.15568900001 }, "geometry": { "type": "Point", "coordinates": [ -76.518630981450002, 3.44549894333 ] } },
{ "type": "Feature", "properties": { "dinamica": "HURTO", "titulo": "DELITOS CONTRA EL PATRIMONIO ECONOMICO", "capitulo": "DEL HURTO", "articulo": "HURTO CALIFICADO. ART. 240 C.P.", "grado_deli": "AGRAVADO", "tipo_notic": "DENUNCIA", "caracteriz": "HURTO A PERSONAS", "modalidad": "ATRACO", "modo": "ARMA DE FUEGO", "motivo": null, "pais": "COLOMBIA", "dane_dep": 76, "departamen": "VALLE DEL CAUCA", "dane_mpio": 76001, "municipio": "CALI", "cod_comuna": 9.0, "comuna": "Comuna 9", "cod_barrio": 910.0, "nom_barrio": "Barrio Obrero", "direccion": "76001 CARRERA 11D 22A 57", "sitio": "VIA PUBLICA", "x": -76.520080566410002, "y": 3.4473628997799999, "anio": 2025, "mes": "febrero", "dia": 11, "dia_semana": 3, "hora_hecho": "09:30", "barrio": "BARRIO OBRERO", "estrato": 2, "geom": "0101000020E610000000000000492153C00000000033940B40", "fecha_hech": "2025-02-11 00:00:00", "Id": 0, "area": 136572.15568900001 }, "geometry": { "type": "Point", "coordinates": [ -76.520080566410002, 3.44736289978 ] } },
{ "type": "Feature", "properties": { "dinamica": "HURTO", "titulo": "DELITOS CONTRA EL PATRIMONIO ECONOMICO", "capitulo": "DEL HURTO", "articulo": "HURTO CALIFICADO. ART. 240 C.P.", "grado_deli": "AGRAVADO", "tipo_notic": "DENUNCIA", "caracteriz": "HURTO A PERSONAS", "modalidad": "ATRACO", "modo": "ARMA DE FUEGO", "motivo": null, "pais": "COLOMBIA", "dane_dep": 76, "departamen": "VALLE DEL CAUCA", "dane_mpio": 76001, "municipio": "CALI", "cod_comuna": 9.0, "comuna": "Comuna 9", "cod_barrio": 910.0, "nom_barrio": "Barrio Obrero", "direccion": "76001 CARRERA 14, BARRIO OBRERO, CALI, VALLE DEL CAUCA", "sitio": "VIA PUBLICA", "x": -76.520133972170001, "y": 3.4450900554700001, "anio": 2025, "mes": "febrero", "dia": 11, "dia_semana": 3, "hora_hecho": "22:30", "barrio": "BARRIO OBRERO", "estrato": 2, "geom": "0101000020E6100000000000E0492153C0000000608B8F0B40", "fecha_hech": "2025-02-11 00:00:00", "Id": 0, "area": 136572.15568900001 }, "geometry": { "type": "Point", "coordinates": [ -76.520133972170001, 3.44509005547 ] } },
{ "type": "Feature", "properties": { "dinamica": "HURTO", "titulo": "DELITOS CONTRA EL PATRIMONIO ECONOMICO", "capitulo": "DEL HURTO", "articulo": "HURTO CALIFICADO. ART. 240 C.P.", "grado_deli": "AGRAVADO", "tipo_notic": "DENUNCIA", "caracteriz": "HURTO A PERSONAS", "modalidad": "FLETEO", "modo": null, "motivo": null, "pais": "COLOMBIA", "dane_dep": 76, "departamen": "VALLE DEL CAUCA", "dane_mpio": 76001, "municipio": "CALI", "cod_comuna": 9.0, "comuna": "Comuna 9", "cod_barrio": 910.0, "nom_barrio": "Barrio Obrero", "direccion": "76001 CARRERA 8 CON CALLE 23, SAN NICOLAS, CALI, VALLE DEL CAUCA, COL,SAN NICOLÁS", "sitio": "VIA PUBLICA", "x": -76.520835876459998, "y": 3.4524369239800001, "anio": 2025, "mes": "febrero", "dia": 12, "dia_semana": 4, "hora_hecho": "05:50", "barrio": "SAN NICOLÁS", "estrato": 2, "geom": "0101000020E610000000000060552153C000000040979E0B40", "fecha_hech": "2025-02-12 00:00:00", "Id": 0, "area": 136572.15568900001 }, "geometry": { "type": "Point", "coordinates": [ -76.520835876459998, 3.45243692398 ] } },
{ "type": "Feature", "properties": { "dinamica": "HURTO", "titulo": "DELITOS CONTRA EL PATRIMONIO ECONOMICO", "capitulo": "DEL HURTO", "articulo": "HURTO CALIFICADO. ART. 240 C.P.", "grado_deli": "NINGUNO", "tipo_notic": "DENUNCIA", "caracteriz": "HURTO DE MOTOCICLETAS", "modalidad": "FACTOR DE OPORTUNIDAD", "modo": null, "motivo": null, "pais": "COLOMBIA", "dane_dep": 76, "departamen": "VALLE DEL CAUCA", "dane_mpio": 76001, "municipio": "CALI", "cod_comuna": 9.0, "comuna": "Comuna 9", "cod_barrio": 910.0, "nom_barrio": "Barrio Obrero", "direccion": "76001 CARRERA 10 22 22, SANTIAGO DE CALI, CALI, VALLE DEL CAUCA", "sitio": "VIA PUBLICA", "x": -76.521156311040002, "y": 3.4492330551100001, "anio": 2025, "mes": "febrero", "dia": 13, "dia_semana": 5, "hora_hecho": "23:50", "barrio": "BARRIO OBRERO", "estrato": 2, "geom": "0101000020E6100000000000A05A2153C00000008007980B40", "fecha_hech": "2025-02-13 00:00:00", "Id": 0, "area": 136572.15568900001 }, "geometry": { "type": "Point", "coordinates": [ -76.521156311040002, 3.44923305511 ] } },
{ "type": "Feature", "properties": { "dinamica": "HURTO", "titulo": "DELITOS CONTRA EL PATRIMONIO ECONOMICO", "capitulo": "DEL HURTO", "articulo": "HURTO. ART. 239 C.P.", "grado_deli": "NINGUNO", "tipo_notic": "DENUNCIA", "caracteriz": "HURTO A PERSONAS", "modalidad": "FACTOR DE OPORTUNIDAD", "modo": null, "motivo": null, "pais": "COLOMBIA", "dane_dep": 76, "departamen": "VALLE DEL CAUCA", "dane_mpio": 76001, "municipio": "CALI", "cod_comuna": 9.0, "comuna": "Comuna 9", "cod_barrio": 910.0, "nom_barrio": "Barrio Obrero", "direccion": "76001 CARRERA 10 CON CALLE 22, BARRIO OBRERO, CALI, VALLE DEL CAUCA", "sitio": "VIA PUBLICA", "x": -76.521926879879999, "y": 3.4495599269900001, "anio": 2025, "mes": "febrero", "dia": 15, "dia_semana": 7, "hora_hecho": "03:48", "barrio": "BARRIO OBRERO", "estrato": 2, "geom": "0101000020E610000000000040672153C0000000E0B2980B40", "fecha_hech": "2025-02-15 00:00:00", "Id": 0, "area": 136572.15568900001 }, "geometry": { "type": "Point", "coordinates": [ -76.521926879879999, 3.44955992699 ] } },
{ "type": "Feature", "properties": { "dinamica": "HURTO", "titulo": "DELITOS CONTRA EL PATRIMONIO ECONOMICO", "capitulo": "DEL HURTO", "articulo": "HURTO CALIFICADO. ART. 240 C.P.", "grado_deli": "AGRAVADO", "tipo_notic": "DENUNCIA", "caracteriz": "HURTO A CELULARES", "modalidad": "ATRACO", "modo": "ARMA DE FUEGO", "motivo": "SIN DETERMINAR", "pais": "COLOMBIA", "dane_dep": 76, "departamen": "VALLE DEL CAUCA", "dane_mpio": 76001, "municipio": "CALI", "cod_comuna": 9.0, "comuna": "Comuna 9", "cod_barrio": 910.0, "nom_barrio": "Barrio Obrero", "direccion": "76001 Carrera 11D 23, Barrio Obrero, Cali, Valle del Cauca, COL,BARRIO OBRERO", "sitio": "SIN INFORMACION", "x": -76.519264221189999, "y": 3.44749903679, "anio": 2025, "mes": "febrero", "dia": 15, "dia_semana": 7, "hora_hecho": "18:30", "barrio": "BARRIO OBRERO", "estrato": 2, "geom": "0101000020E6100000000000A03B2153C0000000607A940B40", "fecha_hech": "2025-02-15 00:00:00", "Id": 0, "area": 136572.15568900001 }, "geometry": { "type": "Point", "coordinates": [ -76.519264221189999, 3.44749903679 ] } },
{ "type": "Feature", "properties": { "dinamica": "HURTO", "titulo": "DELITOS CONTRA EL PATRIMONIO ECONOMICO", "capitulo": "DEL HURTO", "articulo": "HURTO CALIFICADO. ART. 240 C.P.", "grado_deli": "NINGUNO", "tipo_notic": "DENUNCIA", "caracteriz": "HURTO DE AUTOPARTES", "modalidad": "RAPONAZO", "modo": null, "motivo": null, "pais": "COLOMBIA", "dane_dep": 76, "departamen": "VALLE DEL CAUCA", "dane_mpio": 76001, "municipio": "CALI", "cod_comuna": 9.0, "comuna": "Comuna 9", "cod_barrio": 910.0, "nom_barrio": "Barrio Obrero", "direccion": "76001 CALLE 23 10 98", "sitio": "VIA PUBLICA", "x": -76.520217895510001, "y": 3.4498550891900002, "anio": 2025, "mes": "febrero", "dia": 19, "dia_semana": 4, "hora_hecho": "05:30", "barrio": "BARRIO OBRERO", "estrato": 2, "geom": "0101000020E6100000000000404B2153C0000000A04D990B40", "fecha_hech": "2025-02-19 00:00:00", "Id": 0, "area": 136572.15568900001 }, "geometry": { "type": "Point", "coordinates": [ -76.520217895510001, 3.44985508919 ] } },
{ "type": "Feature", "properties": { "dinamica": "HURTO", "titulo": "DELITOS CONTRA EL PATRIMONIO ECONOMICO", "capitulo": "DEL HURTO", "articulo": "HURTO CALIFICADO. ART. 240 C.P.", "grado_deli": "AGRAVADO", "tipo_notic": "DENUNCIA", "caracteriz": "HURTO DE MOTOCICLETAS", "modalidad": "ATRACO", "modo": "ARMA DE FUEGO", "motivo": null, "pais": "COLOMBIA", "dane_dep": 76, "departamen": "VALLE DEL CAUCA", "dane_mpio": 76001, "municipio": "CALI", "cod_comuna": 9.0, "comuna": "Comuna 9", "cod_barrio": 910.0, "nom_barrio": "Barrio Obrero", "direccion": "76001 AVENIDA MIGUEL LÓPEZ MUÑOZ 8A 16", "sitio": "VIA PUBLICA", "x": -76.518913269039999, "y": 3.4517920017199999, "anio": 2025, "mes": "febrero", "dia": 20, "dia_semana": 5, "hora_hecho": "21:30", "barrio": "BARRIO OBRERO", "estrato": 2, "geom": "0101000020E6100000000000E0352153C000000020459D0B40", "fecha_hech": "2025-02-20 00:00:00", "Id": 0, "area": 136572.15568900001 }, "geometry": { "type": "Point", "coordinates": [ -76.518913269039999, 3.45179200172 ] } },
{ "type": "Feature", "properties": { "dinamica": "HURTO", "titulo": "DELITOS CONTRA EL PATRIMONIO ECONOMICO", "capitulo": "DEL HURTO", "articulo": "HURTO CALIFICADO. ART. 240 C.P.", "grado_deli": "NINGUNO", "tipo_notic": "DENUNCIA", "caracteriz": "HURTO A PERSONAS", "modalidad": "ATRACO", "modo": "ARMA BLANCA", "motivo": null, "pais": "COLOMBIA", "dane_dep": 76, "departamen": "VALLE DEL CAUCA", "dane_mpio": 76001, "municipio": "CALI", "cod_comuna": 9.0, "comuna": "Comuna 9", "cod_barrio": 910.0, "nom_barrio": "Barrio Obrero", "direccion": "76001 CARRERA 10 CON CALLE 22, BARRIO OBRERO, CALI, VALLE DEL CAUCA", "sitio": "VIA PUBLICA", "x": -76.521926879879999, "y": 3.4495599269900001, "anio": 2025, "mes": "febrero", "dia": 25, "dia_semana": 3, "hora_hecho": "14:30", "barrio": "BARRIO OBRERO", "estrato": 2, "geom": "0101000020E610000000000040672153C0000000E0B2980B40", "fecha_hech": "2025-02-25 00:00:00", "Id": 0, "area": 136572.15568900001 }, "geometry": { "type": "Point", "coordinates": [ -76.521926879879999, 3.44955992699 ] } },
{ "type": "Feature", "properties": { "dinamica": "HURTO", "titulo": "DELITOS CONTRA EL PATRIMONIO ECONOMICO", "capitulo": "DEL HURTO", "articulo": "HURTO CALIFICADO. ART. 240 C.P.", "grado_deli": "NINGUNO", "tipo_notic": "DENUNCIA", "caracteriz": "HURTO A PERSONAS", "modalidad": "ATRACO", "modo": "ARMA DE FUEGO", "motivo": null, "pais": "COLOMBIA", "dane_dep": 76, "departamen": "VALLE DEL CAUCA", "dane_mpio": 76001, "municipio": "CALI", "cod_comuna": 9.0, "comuna": "Comuna 9", "cod_barrio": 910.0, "nom_barrio": "Barrio Obrero", "direccion": "76001 CARRERA 11 22A 38, SANTIAGO DE CALI, CALI, VALLE DEL CAUCA", "sitio": "VIA PUBLICA", "x": -76.520217895510001, "y": 3.4478290080999998, "anio": 2025, "mes": "febrero", "dia": 25, "dia_semana": 3, "hora_hecho": "22:30", "barrio": "BARRIO OBRERO", "estrato": 2, "geom": "0101000020E6100000000000404B2153C00000006027950B40", "fecha_hech": "2025-02-25 00:00:00", "Id": 0, "area": 136572.15568900001 }, "geometry": { "type": "Point", "coordinates": [ -76.520217895510001, 3.4478290081 ] } },
{ "type": "Feature", "properties": { "dinamica": "HURTO", "titulo": "DELITOS CONTRA EL PATRIMONIO ECONOMICO", "capitulo": "DEL HURTO", "articulo": "HURTO. ART. 239 C.P.", "grado_deli": "AGRAVADO", "tipo_notic": "DENUNCIA", "caracteriz": "HURTO A PERSONAS", "modalidad": "FACTOR DE OPORTUNIDAD", "modo": null, "motivo": null, "pais": "COLOMBIA", "dane_dep": 76, "departamen": "VALLE DEL CAUCA", "dane_mpio": 76001, "municipio": "CALI", "cod_comuna": 9.0, "comuna": "Comuna 9", "cod_barrio": 910.0, "nom_barrio": "Barrio Obrero", "direccion": "76001 CARRERA 11 22A 71", "sitio": "ESTABLECIMIENTO DE COMERCIO", "x": -76.520347595209998, "y": 3.4490389823899998, "anio": 2025, "mes": "febrero", "dia": 26, "dia_semana": 4, "hora_hecho": "18:00", "barrio": "BARRIO OBRERO", "estrato": 2, "geom": "0101000020E6100000000000604D2153C0000000C0A1970B40", "fecha_hech": "2025-02-26 00:00:00", "Id": 0, "area": 136572.15568900001 }, "geometry": { "type": "Point", "coordinates": [ -76.520347595209998, 3.44903898239 ] } },
{ "type": "Feature", "properties": { "dinamica": "HURTO", "titulo": "DELITOS CONTRA EL PATRIMONIO ECONOMICO", "capitulo": "DEL HURTO", "articulo": "HURTO CALIFICADO. ART. 240 C.P.", "grado_deli": "NINGUNO", "tipo_notic": "DENUNCIA", "caracteriz": "HURTO A PERSONAS", "modalidad": "ATRACO", "modo": "ARMA BLANCA", "motivo": null, "pais": "COLOMBIA", "dane_dep": 76, "departamen": "VALLE DEL CAUCA", "dane_mpio": 76001, "municipio": "CALI", "cod_comuna": 9.0, "comuna": "Comuna 9", "cod_barrio": 910.0, "nom_barrio": "Barrio Obrero", "direccion": "76001 CARRERA 15, BARRIO OBRERO, CALI, VALLE DEL CAUCA", "sitio": "VIA PUBLICA", "x": -76.518730163569998, "y": 3.4450991153700001, "anio": 2025, "mes": "febrero", "dia": 28, "dia_semana": 6, "hora_hecho": "01:22", "barrio": "BARRIO OBRERO", "estrato": 2, "geom": "0101000020E6100000000000E0322153C000000020908F0B40", "fecha_hech": "2025-02-28 00:00:00", "Id": 0, "area": 136572.15568900001 }, "geometry": { "type": "Point", "coordinates": [ -76.518730163569998, 3.44509911537 ] } },
{ "type": "Feature", "properties": { "dinamica": "HURTO", "titulo": "DELITOS CONTRA EL PATRIMONIO ECONOMICO", "capitulo": "DEL HURTO", "articulo": "HURTO CALIFICADO. ART. 240 C.P.", "grado_deli": "NINGUNO", "tipo_notic": "DENUNCIA", "caracteriz": "HURTO A PERSONAS", "modalidad": "ATRACO", "modo": "ARMA DE FUEGO", "motivo": null, "pais": "COLOMBIA", "dane_dep": 76, "departamen": "VALLE DEL CAUCA", "dane_mpio": 76001, "municipio": "CALI", "cod_comuna": 9.0, "comuna": "Comuna 9", "cod_barrio": 910.0, "nom_barrio": "Barrio Obrero", "direccion": "76001 CALLE 23, SAN NICOLAS, CALI, VALLE DEL CAUCA", "sitio": "VIA PUBLICA", "x": -76.520835876459998, "y": 3.4524369239800001, "anio": 2025, "mes": "marzo", "dia": 1, "dia_semana": 7, "hora_hecho": "08:22", "barrio": "SAN NICOLÁS", "estrato": 2, "geom": "0101000020E610000000000060552153C000000040979E0B40", "fecha_hech": "2025-03-01 00:00:00", "Id": 0, "area": 136572.15568900001 }, "geometry": { "type": "Point", "coordinates": [ -76.520835876459998, 3.45243692398 ] } },
{ "type": "Feature", "properties": { "dinamica": "HURTO", "titulo": "DELITOS CONTRA EL PATRIMONIO ECONOMICO", "capitulo": "DEL HURTO", "articulo": "HURTO CALIFICADO. ART. 240 C.P.", "grado_deli": "NINGUNO", "tipo_notic": "DENUNCIA", "caracteriz": "HURTO A PERSONAS", "modalidad": "VIOLACION DE CERRADURA", "modo": null, "motivo": null, "pais": "COLOMBIA", "dane_dep": 76, "departamen": "VALLE DEL CAUCA", "dane_mpio": 76001, "municipio": "CALI", "cod_comuna": 9.0, "comuna": "Comuna 9", "cod_barrio": 910.0, "nom_barrio": "Barrio Obrero", "direccion": "76001 Calle 23 11 61, Santiago De Cali, Cali, Valle Del Cauca, COL,BARRIO OBRERO", "sitio": "SIN INFORMACION", "x": -76.519744873050001, "y": 3.4484820365900002, "anio": 2025, "mes": "marzo", "dia": 1, "dia_semana": 7, "hora_hecho": "22:00", "barrio": "BARRIO OBRERO", "estrato": 2, "geom": "0101000020E610000000000080432153C0000000C07D960B40", "fecha_hech": "2025-03-01 00:00:00", "Id": 0, "area": 136572.15568900001 }, "geometry": { "type": "Point", "coordinates": [ -76.519744873050001, 3.44848203659 ] } },
{ "type": "Feature", "properties": { "dinamica": "HURTO", "titulo": "DELITOS CONTRA EL PATRIMONIO ECONOMICO", "capitulo": "DEL HURTO", "articulo": "HURTO CALIFICADO. ART. 240 C.P.", "grado_deli": "NINGUNO", "tipo_notic": "DENUNCIA", "caracteriz": "HURTO A RESIDENCIA", "modalidad": "FACTOR DE OPORTUNIDAD", "modo": null, "motivo": null, "pais": "COLOMBIA", "dane_dep": 76, "departamen": "VALLE DEL CAUCA", "dane_mpio": 76001, "municipio": "CALI", "cod_comuna": 9.0, "comuna": "Comuna 9", "cod_barrio": 910.0, "nom_barrio": "Barrio Obrero", "direccion": "76001 CARRERA 11D 22 31, SANTIAGO DE CALI, CALI, VALLE DEL CAUCA", "sitio": "VIA PUBLICA", "x": -76.521087646479998, "y": 3.4473259449000002, "anio": 2025, "mes": "marzo", "dia": 3, "dia_semana": 2, "hora_hecho": "02:45", "barrio": "BARRIO OBRERO", "estrato": 2, "geom": "0101000020E610000000000080592153C0000000A01F940B40", "fecha_hech": "2025-03-03 00:00:00", "Id": 0, "area": 136572.15568900001 }, "geometry": { "type": "Point", "coordinates": [ -76.521087646479998, 3.4473259449 ] } },
{ "type": "Feature", "properties": { "dinamica": "HURTO", "titulo": "DELITOS CONTRA EL PATRIMONIO ECONOMICO", "capitulo": "DEL HURTO", "articulo": "HURTO CALIFICADO. ART. 240 C.P.", "grado_deli": "AGRAVADO", "tipo_notic": "DENUNCIA", "caracteriz": "HURTO A PERSONAS", "modalidad": "ENGAÑO", "modo": null, "motivo": null, "pais": "COLOMBIA", "dane_dep": 76, "departamen": "VALLE DEL CAUCA", "dane_mpio": 76001, "municipio": "CALI", "cod_comuna": 9.0, "comuna": "Comuna 9", "cod_barrio": 910.0, "nom_barrio": "Barrio Obrero", "direccion": "76001 Calle 23 12 11, Barrio Obrero, Cali, Valle del Cauca, COL,BARRIO OBRERO", "sitio": "SIN INFORMACION", "x": -76.519439697270002, "y": 3.4458351135299998, "anio": 2025, "mes": "marzo", "dia": 5, "dia_semana": 4, "hora_hecho": "01:00", "barrio": "BARRIO OBRERO", "estrato": 2, "geom": "0101000020E6100000000000803E2153C00000000012910B40", "fecha_hech": "2025-03-05 00:00:00", "Id": 0, "area": 136572.15568900001 }, "geometry": { "type": "Point", "coordinates": [ -76.519439697270002, 3.44583511353 ] } },
{ "type": "Feature", "properties": { "dinamica": "HURTO", "titulo": "DELITOS CONTRA EL PATRIMONIO ECONOMICO", "capitulo": "DEL HURTO", "articulo": "HURTO CALIFICADO. ART. 240 C.P.", "grado_deli": "AGRAVADO", "tipo_notic": "DENUNCIA", "caracteriz": "HURTO A PERSONAS", "modalidad": "ATRACO", "modo": "ARMA BLANCA", "motivo": null, "pais": "COLOMBIA", "dane_dep": 76, "departamen": "VALLE DEL CAUCA", "dane_mpio": 76001, "municipio": "CALI", "cod_comuna": 9.0, "comuna": "Comuna 9", "cod_barrio": 910.0, "nom_barrio": "Barrio Obrero", "direccion": "76001 CARRERA 11 22A 51", "sitio": "VIA PUBLICA", "x": -76.520553588870001, "y": 3.4493520259900001, "anio": 2025, "mes": "marzo", "dia": 5, "dia_semana": 4, "hora_hecho": "06:26", "barrio": "BARRIO OBRERO", "estrato": 2, "geom": "0101000020E6100000000000C0502153C0000000E045980B40", "fecha_hech": "2025-03-05 00:00:00", "Id": 0, "area": 136572.15568900001 }, "geometry": { "type": "Point", "coordinates": [ -76.520553588870001, 3.44935202599 ] } },
{ "type": "Feature", "properties": { "dinamica": "HURTO", "titulo": "DELITOS CONTRA EL PATRIMONIO ECONOMICO", "capitulo": "DEL HURTO", "articulo": "HURTO. ART. 239 C.P.", "grado_deli": "NINGUNO", "tipo_notic": "QUERELLA", "caracteriz": "HURTO A PERSONAS", "modalidad": "COSQUILLEO", "modo": null, "motivo": null, "pais": "COLOMBIA", "dane_dep": 76, "departamen": "VALLE DEL CAUCA", "dane_mpio": 76001, "municipio": "CALI", "cod_comuna": 9.0, "comuna": "Comuna 9", "cod_barrio": 910.0, "nom_barrio": "Barrio Obrero", "direccion": "76001 CALLE 25 9, BARRIO OBRERO, CALI, VALLE DEL CAUCA", "sitio": "VIA PUBLICA", "x": -76.518760681149999, "y": 3.45110106468, "anio": 2025, "mes": "marzo", "dia": 8, "dia_semana": 7, "hora_hecho": "02:00", "barrio": "BARRIO OBRERO", "estrato": 2, "geom": "0101000020E610000000000060332153C0000000E0DA9B0B40", "fecha_hech": "2025-03-08 00:00:00", "Id": 0, "area": 136572.15568900001 }, "geometry": { "type": "Point", "coordinates": [ -76.518760681149999, 3.45110106468 ] } },
{ "type": "Feature", "properties": { "dinamica": "HURTO", "titulo": "DELITOS CONTRA EL PATRIMONIO ECONOMICO", "capitulo": "DEL HURTO", "articulo": "HURTO CALIFICADO. ART. 240 C.P.", "grado_deli": "AGRAVADO", "tipo_notic": "DENUNCIA", "caracteriz": "HURTO A PERSONAS", "modalidad": "ATRACO", "modo": "SIN ARMA", "motivo": null, "pais": "COLOMBIA", "dane_dep": 76, "departamen": "VALLE DEL CAUCA", "dane_mpio": 76001, "municipio": "CALI", "cod_comuna": 9.0, "comuna": "Comuna 9", "cod_barrio": 910.0, "nom_barrio": "Barrio Obrero", "direccion": "76001 CALLE 23, SAN NICOLAS, CALI, VALLE DEL CAUCA", "sitio": "VIA PUBLICA", "x": -76.520835876459998, "y": 3.4524369239800001, "anio": 2025, "mes": "marzo", "dia": 11, "dia_semana": 3, "hora_hecho": "04:25", "barrio": "SAN NICOLÁS", "estrato": 2, "geom": "0101000020E610000000000060552153C000000040979E0B40", "fecha_hech": "2025-03-11 00:00:00", "Id": 0, "area": 136572.15568900001 }, "geometry": { "type": "Point", "coordinates": [ -76.520835876459998, 3.45243692398 ] } },
{ "type": "Feature", "properties": { "dinamica": "HURTO", "titulo": "DELITOS CONTRA EL PATRIMONIO ECONOMICO", "capitulo": "DEL HURTO", "articulo": "HURTO CALIFICADO. ART. 240 C.P.", "grado_deli": "AGRAVADO", "tipo_notic": "DENUNCIA", "caracteriz": "HURTO A ESTABLECIMIENTOS", "modalidad": "VIOLACION DE CERRADURA", "modo": null, "motivo": null, "pais": "COLOMBIA", "dane_dep": 76, "departamen": "VALLE DEL CAUCA", "dane_mpio": 76001, "municipio": "CALI", "cod_comuna": 9.0, "comuna": "Comuna 9", "cod_barrio": 910.0, "nom_barrio": "Barrio Obrero", "direccion": "76001 CALLE 25 11 54, SANTIAGO DE CALI, CALI, VALLE DEL CAUCA", "sitio": "LUGAR DE TRABAJO", "x": -76.51848602295, "y": 3.4488871097599998, "anio": 2025, "mes": "marzo", "dia": 11, "dia_semana": 3, "hora_hecho": "07:00", "barrio": "BARRIO OBRERO", "estrato": 2, "geom": "0101000020E6100000000000E02E2153C00000002052970B40", "fecha_hech": "2025-03-11 00:00:00", "Id": 0, "area": 136572.15568900001 }, "geometry": { "type": "Point", "coordinates": [ -76.51848602295, 3.44888710976 ] } },
{ "type": "Feature", "properties": { "dinamica": "HURTO", "titulo": "DELITOS CONTRA EL PATRIMONIO ECONOMICO", "capitulo": "DEL HURTO", "articulo": "HURTO CALIFICADO. ART. 240 C.P.", "grado_deli": "AGRAVADO", "tipo_notic": "DENUNCIA", "caracteriz": "HURTO A PERSONAS", "modalidad": "ATRACO", "modo": "ARMA BLANCA", "motivo": null, "pais": "COLOMBIA", "dane_dep": 76, "departamen": "VALLE DEL CAUCA", "dane_mpio": 76001, "municipio": "CALI", "cod_comuna": 9.0, "comuna": "Comuna 9", "cod_barrio": 910.0, "nom_barrio": "Barrio Obrero", "direccion": "76001 Carrera 10 21, Barrio Obrero, Cali, Valle del Cauca, COL,BARRIO OBRERO", "sitio": "SIN INFORMACION", "x": -76.522270202640001, "y": 3.4493589401200002, "anio": 2025, "mes": "marzo", "dia": 11, "dia_semana": 3, "hora_hecho": "18:00", "barrio": "BARRIO OBRERO", "estrato": 2, "geom": "0101000020E6100000000000E06C2153C00000008049980B40", "fecha_hech": "2025-03-11 00:00:00", "Id": 0, "area": 136572.15568900001 }, "geometry": { "type": "Point", "coordinates": [ -76.522270202640001, 3.44935894012 ] } },
{ "type": "Feature", "properties": { "dinamica": "HURTO", "titulo": "DELITOS CONTRA EL PATRIMONIO ECONOMICO", "capitulo": "DEL HURTO", "articulo": "HURTO. ART. 239 C.P.", "grado_deli": "AGRAVADO", "tipo_notic": "DENUNCIA", "caracteriz": "HURTO A PERSONAS", "modalidad": "COSQUILLEO", "modo": null, "motivo": null, "pais": "COLOMBIA", "dane_dep": 76, "departamen": "VALLE DEL CAUCA", "dane_mpio": 76001, "municipio": "CALI", "cod_comuna": 9.0, "comuna": "Comuna 9", "cod_barrio": 910.0, "nom_barrio": "Barrio Obrero", "direccion": "76001 CARRERA 8 23 108", "sitio": "VIA PUBLICA", "x": -76.520324707029999, "y": 3.45251607895, "anio": 2025, "mes": "marzo", "dia": 14, "dia_semana": 6, "hora_hecho": "12:00", "barrio": "BARRIO OBRERO", "estrato": 2, "geom": "0101000020E6100000000000004D2153C0000000C0C09E0B40", "fecha_hech": "2025-03-14 00:00:00", "Id": 0, "area": 136572.15568900001 }, "geometry": { "type": "Point", "coordinates": [ -76.520324707029999, 3.45251607895 ] } },
{ "type": "Feature", "properties": { "dinamica": "HURTO", "titulo": "DELITOS CONTRA EL PATRIMONIO ECONOMICO", "capitulo": "DEL HURTO", "articulo": "HURTO CALIFICADO. ART. 240 C.P.", "grado_deli": "NINGUNO", "tipo_notic": "DENUNCIA", "caracteriz": "HURTO A PERSONAS", "modalidad": "ATRACO", "modo": "ARMA BLANCA", "motivo": null, "pais": "COLOMBIA", "dane_dep": 76, "departamen": "VALLE DEL CAUCA", "dane_mpio": 76001, "municipio": "CALI", "cod_comuna": 9.0, "comuna": "Comuna 9", "cod_barrio": 910.0, "nom_barrio": "Barrio Obrero", "direccion": "76001 CARRERA 11 CON CALLE 22 10, BARRIO OBRERO, CALI, VALLE DEL CAUCA", "sitio": "VIA PUBLICA", "x": -76.521728515619998, "y": 3.4487209320100001, "anio": 2025, "mes": "marzo", "dia": 15, "dia_semana": 7, "hora_hecho": "03:39", "barrio": "BARRIO OBRERO", "estrato": 2, "geom": "0101000020E610000000000000642153C000000000FB960B40", "fecha_hech": "2025-03-15 00:00:00", "Id": 0, "area": 136572.15568900001 }, "geometry": { "type": "Point", "coordinates": [ -76.521728515619998, 3.44872093201 ] } },
{ "type": "Feature", "properties": { "dinamica": "HURTO", "titulo": "DELITOS CONTRA EL PATRIMONIO ECONOMICO", "capitulo": "DEL HURTO", "articulo": "HURTO CALIFICADO. ART. 240 C.P.", "grado_deli": "AGRAVADO", "tipo_notic": "DENUNCIA", "caracteriz": "HURTO A PERSONAS", "modalidad": "ATRACO", "modo": "ARMA DE FUEGO", "motivo": null, "pais": "COLOMBIA", "dane_dep": 76, "departamen": "VALLE DEL CAUCA", "dane_mpio": 76001, "municipio": "CALI", "cod_comuna": 9.0, "comuna": "Comuna 9", "cod_barrio": 910.0, "nom_barrio": "Barrio Obrero", "direccion": "76001 CALLE 22A 13A 24, BARRIO OBRERO, CALI, VALLE DEL CAUCA", "sitio": "VIA PUBLICA", "x": -76.520217895510001, "y": 3.4451959133100001, "anio": 2025, "mes": "marzo", "dia": 16, "dia_semana": 1, "hora_hecho": "04:37", "barrio": "BARRIO OBRERO", "estrato": 2, "geom": "0101000020E6100000000000404B2153C0000000E0C28F0B40", "fecha_hech": "2025-03-16 00:00:00", "Id": 0, "area": 136572.15568900001 }, "geometry": { "type": "Point", "coordinates": [ -76.520217895510001, 3.44519591331 ] } },
{ "type": "Feature", "properties": { "dinamica": "HURTO", "titulo": "DELITOS CONTRA EL PATRIMONIO ECONOMICO", "capitulo": "DEL HURTO", "articulo": "HURTO CALIFICADO. ART. 240 C.P.", "grado_deli": "NINGUNO", "tipo_notic": "DENUNCIA", "caracteriz": "HURTO DE VEHICULOS", "modalidad": "ATRACO", "modo": "ARMA DE FUEGO", "motivo": null, "pais": "COLOMBIA", "dane_dep": 76, "departamen": "VALLE DEL CAUCA", "dane_mpio": 76001, "municipio": "CALI", "cod_comuna": 9.0, "comuna": "Comuna 9", "cod_barrio": 910.0, "nom_barrio": "Barrio Obrero", "direccion": "76001 Calle 25 con Carrera 13, Barrio Obrero, Cali, Valle del Cauca, COL,BARRIO OBRERO", "sitio": "SIN INFORMACION", "x": -76.518630981450002, "y": 3.4454989433300001, "anio": 2025, "mes": "marzo", "dia": 16, "dia_semana": 1, "hora_hecho": "06:20", "barrio": "BARRIO OBRERO", "estrato": 2, "geom": "0101000020E610000000000040312153C0000000C061900B40", "fecha_hech": "2025-03-16 00:00:00", "Id": 0, "area": 136572.15568900001 }, "geometry": { "type": "Point", "coordinates": [ -76.518630981450002, 3.44549894333 ] } },
{ "type": "Feature", "properties": { "dinamica": "HURTO", "titulo": "DELITOS CONTRA EL PATRIMONIO ECONOMICO", "capitulo": "DEL HURTO", "articulo": "HURTO CALIFICADO. ART. 240 C.P.", "grado_deli": "NINGUNO", "tipo_notic": "DENUNCIA", "caracteriz": "HURTO DE MOTOCICLETAS", "modalidad": "ATRACO", "modo": "ARMA DE FUEGO", "motivo": null, "pais": "COLOMBIA", "dane_dep": 76, "departamen": "VALLE DEL CAUCA", "dane_mpio": 76001, "municipio": "CALI", "cod_comuna": 9.0, "comuna": "Comuna 9", "cod_barrio": 910.0, "nom_barrio": "Barrio Obrero", "direccion": "76001 CARRERA 13A 23 85", "sitio": "VIA PUBLICA", "x": -76.5189743042, "y": 3.4458010196700002, "anio": 2025, "mes": "marzo", "dia": 17, "dia_semana": 2, "hora_hecho": "21:30", "barrio": "BARRIO OBRERO", "estrato": 2, "geom": "0101000020E6100000000000E0362153C00000002000910B40", "fecha_hech": "2025-03-17 00:00:00", "Id": 0, "area": 136572.15568900001 }, "geometry": { "type": "Point", "coordinates": [ -76.5189743042, 3.44580101967 ] } },
{ "type": "Feature", "properties": { "dinamica": "HURTO", "titulo": "DELITOS CONTRA EL PATRIMONIO ECONOMICO", "capitulo": "DEL HURTO", "articulo": "HURTO CALIFICADO. ART. 240 C.P.", "grado_deli": "AGRAVADO", "tipo_notic": "DENUNCIA", "caracteriz": "HURTO A PERSONAS", "modalidad": "ATRACO", "modo": "ARMA CONTUNDENTE", "motivo": null, "pais": "COLOMBIA", "dane_dep": 76, "departamen": "VALLE DEL CAUCA", "dane_mpio": 76001, "municipio": "CALI", "cod_comuna": 9.0, "comuna": "Comuna 9", "cod_barrio": 910.0, "nom_barrio": "Barrio Obrero", "direccion": "76001 CARRERA 10 CON CALLE 22, BARRIO OBRERO, CALI, VALLE DEL CAUCA", "sitio": "VIA PUBLICA", "x": -76.521926879879999, "y": 3.4495599269900001, "anio": 2025, "mes": "marzo", "dia": 18, "dia_semana": 3, "hora_hecho": "14:00", "barrio": "BARRIO OBRERO", "estrato": 2, "geom": "0101000020E610000000000040672153C0000000E0B2980B40", "fecha_hech": "2025-03-18 00:00:00", "Id": 0, "area": 136572.15568900001 }, "geometry": { "type": "Point", "coordinates": [ -76.521926879879999, 3.44955992699 ] } },
{ "type": "Feature", "properties": { "dinamica": "HURTO", "titulo": "DELITOS CONTRA EL PATRIMONIO ECONOMICO", "capitulo": "DEL HURTO", "articulo": "HURTO. ART. 239 C.P.", "grado_deli": "NINGUNO", "tipo_notic": "DENUNCIA", "caracteriz": "HURTO A PERSONAS", "modalidad": "FACTOR DE OPORTUNIDAD", "modo": null, "motivo": null, "pais": "COLOMBIA", "dane_dep": 76, "departamen": "VALLE DEL CAUCA", "dane_mpio": 76001, "municipio": "CALI", "cod_comuna": 9.0, "comuna": "Comuna 9", "cod_barrio": 910.0, "nom_barrio": "Barrio Obrero", "direccion": "76001 CALLE 23 10 75, BARRIO OBRERO, CALI, VALLE DEL CAUCA", "sitio": "VIA PUBLICA", "x": -76.52025604248, "y": 3.44956207275, "anio": 2025, "mes": "marzo", "dia": 19, "dia_semana": 4, "hora_hecho": "00:40", "barrio": "BARRIO OBRERO", "estrato": 2, "geom": "0101000020E6100000000000E04B2153C000000000B4980B40", "fecha_hech": "2025-03-19 00:00:00", "Id": 0, "area": 136572.15568900001 }, "geometry": { "type": "Point", "coordinates": [ -76.52025604248, 3.44956207275 ] } },
{ "type": "Feature", "properties": { "dinamica": "HURTO", "titulo": "DELITOS CONTRA EL PATRIMONIO ECONOMICO", "capitulo": "DEL HURTO", "articulo": "HURTO CALIFICADO. ART. 240 C.P.", "grado_deli": "AGRAVADO", "tipo_notic": "DENUNCIA", "caracteriz": "HURTO A PERSONAS", "modalidad": "RAPONAZO", "modo": null, "motivo": null, "pais": "COLOMBIA", "dane_dep": 76, "departamen": "VALLE DEL CAUCA", "dane_mpio": 76001, "municipio": "CALI", "cod_comuna": 9.0, "comuna": "Comuna 9", "cod_barrio": 910.0, "nom_barrio": "Barrio Obrero", "direccion": "76001 CALLE 25 8 2", "sitio": "OTRO", "x": -76.519104003910002, "y": 3.4528369903599998, "anio": 2025, "mes": "marzo", "dia": 19, "dia_semana": 4, "hora_hecho": "06:30", "barrio": "BARRIO OBRERO", "estrato": 2, "geom": "0101000020E610000000000000392153C000000000699F0B40", "fecha_hech": "2025-03-19 00:00:00", "Id": 0, "area": 136572.15568900001 }, "geometry": { "type": "Point", "coordinates": [ -76.519104003910002, 3.45283699036 ] } },
{ "type": "Feature", "properties": { "dinamica": "HURTO", "titulo": "DELITOS CONTRA EL PATRIMONIO ECONOMICO", "capitulo": "DEL HURTO", "articulo": "HURTO CALIFICADO. ART. 240 C.P.", "grado_deli": "AGRAVADO", "tipo_notic": "DENUNCIA", "caracteriz": "HURTO A PERSONAS", "modalidad": "ATRACO", "modo": "ARMA DE FUEGO", "motivo": null, "pais": "COLOMBIA", "dane_dep": 76, "departamen": "VALLE DEL CAUCA", "dane_mpio": 76001, "municipio": "CALI", "cod_comuna": 9.0, "comuna": "Comuna 9", "cod_barrio": 910.0, "nom_barrio": "Barrio Obrero", "direccion": "76001 CALLE 22 11 3, BARRIO OBRERO, CALI, VALLE DEL CAUCA", "sitio": "VIA PUBLICA", "x": -76.52163696289, "y": 3.4479160308800001, "anio": 2025, "mes": "marzo", "dia": 20, "dia_semana": 5, "hora_hecho": "01:00", "barrio": "BARRIO OBRERO", "estrato": 2, "geom": "0101000020E610000000000080622153C00000000055950B40", "fecha_hech": "2025-03-20 00:00:00", "Id": 0, "area": 136572.15568900001 }, "geometry": { "type": "Point", "coordinates": [ -76.52163696289, 3.44791603088 ] } },
{ "type": "Feature", "properties": { "dinamica": "HURTO", "titulo": "DELITOS CONTRA EL PATRIMONIO ECONOMICO", "capitulo": "DEL HURTO", "articulo": "HURTO. ART. 239 C.P.", "grado_deli": "AGRAVADO", "tipo_notic": "DENUNCIA", "caracteriz": "HURTO A PERSONAS", "modalidad": "FACTOR DE OPORTUNIDAD", "modo": null, "motivo": null, "pais": "COLOMBIA", "dane_dep": 76, "departamen": "VALLE DEL CAUCA", "dane_mpio": 76001, "municipio": "CALI", "cod_comuna": 9.0, "comuna": "Comuna 9", "cod_barrio": 910.0, "nom_barrio": "Barrio Obrero", "direccion": "76001 Arias Ocampo Gabriela Rocio, Calle 22A 11 43, Barrio Obrero, Cali, Valle del Cauca, COL,BARRIO OBRERO", "sitio": "SIN INFORMACION", "x": -76.520973205570002, "y": 3.4502680301700002, "anio": 2025, "mes": "marzo", "dia": 20, "dia_semana": 5, "hora_hecho": "03:45", "barrio": "BARRIO OBRERO", "estrato": 2, "geom": "0101000020E6100000000000A0572153C000000020269A0B40", "fecha_hech": "2025-03-20 00:00:00", "Id": 0, "area": 136572.15568900001 }, "geometry": { "type": "Point", "coordinates": [ -76.520973205570002, 3.45026803017 ] } },
{ "type": "Feature", "properties": { "dinamica": "HURTO", "titulo": "DELITOS CONTRA EL PATRIMONIO ECONOMICO", "capitulo": "DEL HURTO", "articulo": "HURTO. ART. 239 C.P.", "grado_deli": "AGRAVADO", "tipo_notic": "DENUNCIA", "caracteriz": "HURTO A CELULARES", "modalidad": "RAPONAZO", "modo": null, "motivo": "SIN DETERMINAR", "pais": "COLOMBIA", "dane_dep": 76, "departamen": "VALLE DEL CAUCA", "dane_mpio": 76001, "municipio": "CALI", "cod_comuna": 9.0, "comuna": "Comuna 9", "cod_barrio": 910.0, "nom_barrio": "Barrio Obrero", "direccion": "76001 CALLE 21 14 95", "sitio": "VIA PUBLICA", "x": -76.52133178711, "y": 3.4441430568700002, "anio": 2025, "mes": "marzo", "dia": 21, "dia_semana": 6, "hora_hecho": "03:30", "barrio": "BARRIO OBRERO", "estrato": 2, "geom": "0101000020E6100000000000805D2153C0000000E09A8D0B40", "fecha_hech": "2025-03-21 00:00:00", "Id": 0, "area": 136572.15568900001 }, "geometry": { "type": "Point", "coordinates": [ -76.52133178711, 3.44414305687 ] } },
{ "type": "Feature", "properties": { "dinamica": "HURTO", "titulo": "DELITOS CONTRA EL PATRIMONIO ECONOMICO", "capitulo": "DEL HURTO", "articulo": "HURTO CALIFICADO. ART. 240 C.P.", "grado_deli": "AGRAVADO", "tipo_notic": "DENUNCIA", "caracteriz": "HURTO A PERSONAS", "modalidad": "ATRACO", "modo": "ARMA BLANCA", "motivo": null, "pais": "COLOMBIA", "dane_dep": 76, "departamen": "VALLE DEL CAUCA", "dane_mpio": 76001, "municipio": "CALI", "cod_comuna": 9.0, "comuna": "Comuna 9", "cod_barrio": 910.0, "nom_barrio": "Barrio Obrero", "direccion": "76001 Carrera 10 22, Barrio Obrero, Cali, Valle del Cauca, COL,BARRIO OBRERO", "sitio": "SIN INFORMACION", "x": -76.521453857419999, "y": 3.4495389461500001, "anio": 2025, "mes": "marzo", "dia": 22, "dia_semana": 7, "hora_hecho": "23:00", "barrio": "BARRIO OBRERO", "estrato": 2, "geom": "0101000020E6100000000000805F2153C0000000E0A7980B40", "fecha_hech": "2025-03-22 00:00:00", "Id": 0, "area": 136572.15568900001 }, "geometry": { "type": "Point", "coordinates": [ -76.521453857419999, 3.44953894615 ] } },
{ "type": "Feature", "properties": { "dinamica": "HURTO", "titulo": "DELITOS CONTRA EL PATRIMONIO ECONOMICO", "capitulo": "DEL HURTO", "articulo": "HURTO. ART. 239 C.P.", "grado_deli": "AGRAVADO", "tipo_notic": "QUERELLA", "caracteriz": "HURTO A ESTABLECIMIENTOS", "modalidad": "FACTOR DE OPORTUNIDAD", "modo": null, "motivo": null, "pais": "COLOMBIA", "dane_dep": 76, "departamen": "VALLE DEL CAUCA", "dane_mpio": 76001, "municipio": "CALI", "cod_comuna": 9.0, "comuna": "Comuna 9", "cod_barrio": 910.0, "nom_barrio": "Barrio Obrero", "direccion": "76001 CARRERA 11 24 50", "sitio": "ESTABLECIMIENTO DE COMERCIO", "x": -76.518699646000002, "y": 3.4489829540299999, "anio": 2025, "mes": "marzo", "dia": 27, "dia_semana": 5, "hora_hecho": "01:20", "barrio": "BARRIO OBRERO", "estrato": 2, "geom": "0101000020E610000000000060322153C00000006084970B40", "fecha_hech": "2025-03-27 00:00:00", "Id": 0, "area": 136572.15568900001 }, "geometry": { "type": "Point", "coordinates": [ -76.518699646, 3.44898295403 ] } },
{ "type": "Feature", "properties": { "dinamica": "HURTO", "titulo": "DELITOS CONTRA EL PATRIMONIO ECONOMICO", "capitulo": "DEL HURTO", "articulo": "HURTO CALIFICADO. ART. 240 C.P.", "grado_deli": "NINGUNO", "tipo_notic": "DENUNCIA", "caracteriz": "HURTO DE MOTOCICLETAS", "modalidad": "HALADO", "modo": null, "motivo": null, "pais": "COLOMBIA", "dane_dep": 76, "departamen": "VALLE DEL CAUCA", "dane_mpio": 76001, "municipio": "CALI", "cod_comuna": 9.0, "comuna": "Comuna 9", "cod_barrio": 910.0, "nom_barrio": "Barrio Obrero", "direccion": "76001 CALLE 23 11B 2", "sitio": "VIA PUBLICA", "x": -76.519882202150001, "y": 3.44818496704, "anio": 2025, "mes": "marzo", "dia": 28, "dia_semana": 6, "hora_hecho": "10:00", "barrio": "BARRIO OBRERO", "estrato": 2, "geom": "0101000020E6100000000000C0452153C000000000E2950B40", "fecha_hech": "2025-03-28 00:00:00", "Id": 0, "area": 136572.15568900001 }, "geometry": { "type": "Point", "coordinates": [ -76.519882202150001, 3.44818496704 ] } },
{ "type": "Feature", "properties": { "dinamica": "HURTO", "titulo": "DELITOS CONTRA EL PATRIMONIO ECONOMICO", "capitulo": "DEL HURTO", "articulo": "HURTO CALIFICADO. ART. 240 C.P.", "grado_deli": "NINGUNO", "tipo_notic": "DENUNCIA", "caracteriz": "HURTO A PERSONAS", "modalidad": "ATRACO", "modo": "ARMA DE FUEGO", "motivo": null, "pais": "COLOMBIA", "dane_dep": 76, "departamen": "VALLE DEL CAUCA", "dane_mpio": 76001, "municipio": "CALI", "cod_comuna": 9.0, "comuna": "Comuna 9", "cod_barrio": 910.0, "nom_barrio": "Barrio Obrero", "direccion": "76001 CALLE 22 CON CARRERA 11, BARRIO OBRERO, CALI, VALLE DEL CAUCA", "sitio": "VIA PUBLICA", "x": -76.521728515619998, "y": 3.4487209320100001, "anio": 2025, "mes": "marzo", "dia": 30, "dia_semana": 1, "hora_hecho": "23:00", "barrio": "BARRIO OBRERO", "estrato": 2, "geom": "0101000020E610000000000000642153C000000000FB960B40", "fecha_hech": "2025-03-30 00:00:00", "Id": 0, "area": 136572.15568900001 }, "geometry": { "type": "Point", "coordinates": [ -76.521728515619998, 3.44872093201 ] } },
{ "type": "Feature", "properties": { "dinamica": "HURTO", "titulo": "DELITOS CONTRA EL PATRIMONIO ECONOMICO", "capitulo": "DEL HURTO", "articulo": "HURTO CALIFICADO. ART. 240 C.P.", "grado_deli": "NINGUNO", "tipo_notic": "DENUNCIA", "caracteriz": "HURTO DE MOTOCICLETAS", "modalidad": "HALADO", "modo": null, "motivo": null, "pais": "COLOMBIA", "dane_dep": 76, "departamen": "VALLE DEL CAUCA", "dane_mpio": 76001, "municipio": "CALI", "cod_comuna": 9.0, "comuna": "Comuna 9", "cod_barrio": 910.0, "nom_barrio": "Barrio Obrero", "direccion": "76001 CARRERA 10 22A 17", "sitio": "VIA PUBLICA", "x": -76.520881652829999, "y": 3.4497380256699999, "anio": 2025, "mes": "marzo", "dia": 30, "dia_semana": 1, "hora_hecho": "23:30", "barrio": "BARRIO OBRERO", "estrato": 2, "geom": "0101000020E610000000000020562153C00000004010990B40", "fecha_hech": "2025-03-30 00:00:00", "Id": 0, "area": 136572.15568900001 }, "geometry": { "type": "Point", "coordinates": [ -76.520881652829999, 3.44973802567 ] } },
{ "type": "Feature", "properties": { "dinamica": "HURTO", "titulo": "DELITOS CONTRA EL PATRIMONIO ECONOMICO", "capitulo": "DEL HURTO", "articulo": "HURTO CALIFICADO. ART. 240 C.P.", "grado_deli": "AGRAVADO", "tipo_notic": "DENUNCIA", "caracteriz": "HURTO A PERSONAS", "modalidad": "ATRACO", "modo": "SIN ARMA", "motivo": null, "pais": "COLOMBIA", "dane_dep": 76, "departamen": "VALLE DEL CAUCA", "dane_mpio": 76001, "municipio": "CALI", "cod_comuna": 9.0, "comuna": "Comuna 9", "cod_barrio": 910.0, "nom_barrio": "Barrio Obrero", "direccion": "76001 CARRERA 11B 22A 85", "sitio": "VIA PUBLICA", "x": -76.520080566410002, "y": 3.44827103615, "anio": 2025, "mes": "abril", "dia": 3, "dia_semana": 5, "hora_hecho": "11:20", "barrio": "BARRIO OBRERO", "estrato": 2, "geom": "0101000020E610000000000000492153C0000000200F960B40", "fecha_hech": "2025-04-03 00:00:00", "Id": 0, "area": 136572.15568900001 }, "geometry": { "type": "Point", "coordinates": [ -76.520080566410002, 3.44827103615 ] } },
{ "type": "Feature", "properties": { "dinamica": "HURTO", "titulo": "DELITOS CONTRA EL PATRIMONIO ECONOMICO", "capitulo": "DEL HURTO", "articulo": "HURTO. ART. 239 C.P.", "grado_deli": "AGRAVADO", "tipo_notic": "DENUNCIA", "caracteriz": "HURTO A PERSONAS", "modalidad": "ENGAÑO", "modo": null, "motivo": null, "pais": "COLOMBIA", "dane_dep": 76, "departamen": "VALLE DEL CAUCA", "dane_mpio": 76001, "municipio": "CALI", "cod_comuna": 9.0, "comuna": "Comuna 9", "cod_barrio": 910.0, "nom_barrio": "Barrio Obrero", "direccion": "76001 Hincapie Posada Herney, Calle 22A 12 32, Barrio Obrero, Cali, Valle del Cauca, COL,BARRIO OBRERO", "sitio": "SIN INFORMACION", "x": -76.521713256840002, "y": 3.4519441127800001, "anio": 2025, "mes": "abril", "dia": 4, "dia_semana": 6, "hora_hecho": "11:07", "barrio": "BARRIO OBRERO", "estrato": 2, "geom": "0101000020E6100000000000C0632153C0000000E0949D0B40", "fecha_hech": "2025-04-04 00:00:00", "Id": 0, "area": 136572.15568900001 }, "geometry": { "type": "Point", "coordinates": [ -76.521713256840002, 3.45194411278 ] } },
{ "type": "Feature", "properties": { "dinamica": "HURTO", "titulo": "DELITOS CONTRA EL PATRIMONIO ECONOMICO", "capitulo": "DEL HURTO", "articulo": "HURTO CALIFICADO. ART. 240 C.P.", "grado_deli": "NINGUNO", "tipo_notic": "DENUNCIA", "caracteriz": "HURTO DE MOTOCICLETAS", "modalidad": "HALADO", "modo": null, "motivo": null, "pais": "COLOMBIA", "dane_dep": 76, "departamen": "VALLE DEL CAUCA", "dane_mpio": 76001, "municipio": "CALI", "cod_comuna": 9.0, "comuna": "Comuna 9", "cod_barrio": 910.0, "nom_barrio": "Barrio Obrero", "direccion": "76001 CARRERA 12 23 21, BARRIO OBRERO, CALI, VALLE DEL CAUCA", "sitio": "VIA PUBLICA", "x": -76.518867492680002, "y": 3.4466059207900002, "anio": 2025, "mes": "abril", "dia": 12, "dia_semana": 7, "hora_hecho": "00:00", "barrio": "BARRIO OBRERO", "estrato": 2, "geom": "0101000020E610000000000020352153C000000020A6920B40", "fecha_hech": "2025-04-12 00:00:00", "Id": 0, "area": 136572.15568900001 }, "geometry": { "type": "Point", "coordinates": [ -76.518867492680002, 3.44660592079 ] } },
{ "type": "Feature", "properties": { "dinamica": "HURTO", "titulo": "DELITOS CONTRA EL PATRIMONIO ECONOMICO", "capitulo": "DEL HURTO", "articulo": "HURTO CALIFICADO. ART. 240 C.P.", "grado_deli": "NINGUNO", "tipo_notic": "DENUNCIA", "caracteriz": "HURTO DE MOTOCICLETAS", "modalidad": "HALADO", "modo": null, "motivo": null, "pais": "COLOMBIA", "dane_dep": 76, "departamen": "VALLE DEL CAUCA", "dane_mpio": 76001, "municipio": "CALI", "cod_comuna": 9.0, "comuna": "Comuna 9", "cod_barrio": 910.0, "nom_barrio": "Barrio Obrero", "direccion": "76001 CALLE 22 9 27, BARRIO OBRERO, CALI, VALLE DEL CAUCA", "sitio": "VIA PUBLICA", "x": -76.521919250490001, "y": 3.4501419067399999, "anio": 2025, "mes": "abril", "dia": 12, "dia_semana": 7, "hora_hecho": "18:37", "barrio": "BARRIO OBRERO", "estrato": 2, "geom": "0101000020E610000000000020672153C000000000E4990B40", "fecha_hech": "2025-04-12 00:00:00", "Id": 0, "area": 136572.15568900001 }, "geometry": { "type": "Point", "coordinates": [ -76.521919250490001, 3.45014190674 ] } },
{ "type": "Feature", "properties": { "dinamica": "HURTO", "titulo": "DELITOS CONTRA EL PATRIMONIO ECONOMICO", "capitulo": "DEL HURTO", "articulo": "HURTO CALIFICADO. ART. 240 C.P.", "grado_deli": "NINGUNO", "tipo_notic": "DENUNCIA", "caracteriz": "HURTO DE MOTOCICLETAS", "modalidad": "ATRACO", "modo": "ARMA DE FUEGO", "motivo": null, "pais": "COLOMBIA", "dane_dep": 76, "departamen": "VALLE DEL CAUCA", "dane_mpio": 76001, "municipio": "CALI", "cod_comuna": 9.0, "comuna": "Comuna 9", "cod_barrio": 910.0, "nom_barrio": "Barrio Obrero", "direccion": "76001 CALLE 25 CON CARRERA 10, BARRIO OBRERO, CALI, VALLE DEL CAUCA", "sitio": "VIA PUBLICA", "x": -76.518577575679998, "y": 3.45025992393, "anio": 2025, "mes": "abril", "dia": 12, "dia_semana": 7, "hora_hecho": "23:40", "barrio": "BARRIO OBRERO", "estrato": 2, "geom": "0101000020E610000000000060302153C0000000E0219A0B40", "fecha_hech": "2025-04-12 00:00:00", "Id": 0, "area": 136572.15568900001 }, "geometry": { "type": "Point", "coordinates": [ -76.518577575679998, 3.45025992393 ] } },
{ "type": "Feature", "properties": { "dinamica": "HURTO", "titulo": "DELITOS CONTRA EL PATRIMONIO ECONOMICO", "capitulo": "DEL HURTO", "articulo": "HURTO CALIFICADO. ART. 240 C.P.", "grado_deli": "NINGUNO", "tipo_notic": "DENUNCIA", "caracteriz": "HURTO A PERSONAS", "modalidad": "ATRACO", "modo": "ARMA DE FUEGO", "motivo": null, "pais": "COLOMBIA", "dane_dep": 76, "departamen": "VALLE DEL CAUCA", "dane_mpio": 76001, "municipio": "CALI", "cod_comuna": 9.0, "comuna": "Comuna 9", "cod_barrio": 910.0, "nom_barrio": "Barrio Obrero", "direccion": "76001 CARRERA 10 CON CALLE 23, BARRIO OBRERO, CALI, VALLE DEL CAUCA", "sitio": "VIA PUBLICA", "x": -76.52027130127, "y": 3.4499089717899998, "anio": 2025, "mes": "abril", "dia": 15, "dia_semana": 3, "hora_hecho": "11:00", "barrio": "BARRIO OBRERO", "estrato": 2, "geom": "0101000020E6100000000000204C2153C0000000E069990B40", "fecha_hech": "2025-04-15 00:00:00", "Id": 0, "area": 136572.15568900001 }, "geometry": { "type": "Point", "coordinates": [ -76.52027130127, 3.44990897179 ] } },
{ "type": "Feature", "properties": { "dinamica": "HURTO", "titulo": "DELITOS CONTRA EL PATRIMONIO ECONOMICO", "capitulo": "DEL HURTO", "articulo": "HURTO CALIFICADO. ART. 240 C.P.", "grado_deli": "NINGUNO", "tipo_notic": "DENUNCIA", "caracteriz": "HURTO A PERSONAS", "modalidad": "ATRACO", "modo": "ARMA DE FUEGO", "motivo": null, "pais": "COLOMBIA", "dane_dep": 76, "departamen": "VALLE DEL CAUCA", "dane_mpio": 76001, "municipio": "CALI", "cod_comuna": 9.0, "comuna": "Comuna 9", "cod_barrio": 910.0, "nom_barrio": "Barrio Obrero", "direccion": "76001 Calle 23, Barrio Obrero, Cali, Valle del Cauca, COL,BARRIO OBRERO", "sitio": "SIN INFORMACION", "x": -76.51993560791, "y": 3.4484190940900001, "anio": 2025, "mes": "abril", "dia": 15, "dia_semana": 3, "hora_hecho": "23:30", "barrio": "BARRIO OBRERO", "estrato": 2, "geom": "0101000020E6100000000000A0462153C0000000C05C960B40", "fecha_hech": "2025-04-15 00:00:00", "Id": 0, "area": 136572.15568900001 }, "geometry": { "type": "Point", "coordinates": [ -76.51993560791, 3.44841909409 ] } },
{ "type": "Feature", "properties": { "dinamica": "HURTO", "titulo": "DELITOS CONTRA EL PATRIMONIO ECONOMICO", "capitulo": "DEL HURTO", "articulo": "HURTO CALIFICADO. ART. 240 C.P.", "grado_deli": "NINGUNO", "tipo_notic": "DENUNCIA", "caracteriz": "HURTO A PERSONAS", "modalidad": "VIOLACION DE CERRADURA", "modo": null, "motivo": null, "pais": "COLOMBIA", "dane_dep": 76, "departamen": "VALLE DEL CAUCA", "dane_mpio": 76001, "municipio": "CALI", "cod_comuna": 9.0, "comuna": "Comuna 9", "cod_barrio": 910.0, "nom_barrio": "Barrio Obrero", "direccion": "76001 Obrero, Cali, El Valle, COL,BARRIO OBRERO", "sitio": "SIN INFORMACION", "x": -76.520362853999998, "y": 3.44901990891, "anio": 2025, "mes": "abril", "dia": 16, "dia_semana": 4, "hora_hecho": "16:10", "barrio": "BARRIO OBRERO", "estrato": 2, "geom": "0101000020E6100000000000A04D2153C0000000C097970B40", "fecha_hech": "2025-04-16 00:00:00", "Id": 0, "area": 136572.15568900001 }, "geometry": { "type": "Point", "coordinates": [ -76.520362854, 3.44901990891 ] } },
{ "type": "Feature", "properties": { "dinamica": "HURTO", "titulo": "DELITOS CONTRA EL PATRIMONIO ECONOMICO", "capitulo": "DEL HURTO", "articulo": "HURTO CALIFICADO. ART. 240 C.P.", "grado_deli": "NINGUNO", "tipo_notic": "DENUNCIA", "caracteriz": "HURTO A CELULARES", "modalidad": "RAPONAZO", "modo": null, "motivo": "SIN DETERMINAR", "pais": "COLOMBIA", "dane_dep": 76, "departamen": "VALLE DEL CAUCA", "dane_mpio": 76001, "municipio": "CALI", "cod_comuna": 9.0, "comuna": "Comuna 9", "cod_barrio": 910.0, "nom_barrio": "Barrio Obrero", "direccion": "76001 CL 25 CON CON KR 9", "sitio": "SIN INFORMACION", "x": -76.518859863279999, "y": 3.4510979652399998, "anio": 2025, "mes": "abril", "dia": 22, "dia_semana": 3, "hora_hecho": "11:30", "barrio": null, "estrato": 2, "geom": "0101000020E610000000000000352153C000000040D99B0B40", "fecha_hech": "2025-04-22 00:00:00", "Id": 0, "area": 136572.15568900001 }, "geometry": { "type": "Point", "coordinates": [ -76.518859863279999, 3.45109796524 ] } },
{ "type": "Feature", "properties": { "dinamica": "HURTO", "titulo": "DELITOS CONTRA EL PATRIMONIO ECONOMICO", "capitulo": "DEL HURTO", "articulo": "HURTO CALIFICADO. ART. 240 C.P.", "grado_deli": "AGRAVADO", "tipo_notic": "DENUNCIA", "caracteriz": "HURTO A PERSONAS", "modalidad": "ATRACO", "modo": "ARMA BLANCA", "motivo": null, "pais": "COLOMBIA", "dane_dep": 76, "departamen": "VALLE DEL CAUCA", "dane_mpio": 76001, "municipio": "CALI", "cod_comuna": 9.0, "comuna": "Comuna 9", "cod_barrio": 910.0, "nom_barrio": "Barrio Obrero", "direccion": "76001 CALLE 25 CON CARRERA 10, BARRIO OBRERO, CALI, VALLE DEL CAUCA", "sitio": "VIA PUBLICA", "x": -76.518577575679998, "y": 3.45025992393, "anio": 2025, "mes": "abril", "dia": 25, "dia_semana": 6, "hora_hecho": "02:30", "barrio": "BARRIO OBRERO", "estrato": 2, "geom": "0101000020E610000000000060302153C0000000E0219A0B40", "fecha_hech": "2025-04-25 00:00:00", "Id": 0, "area": 136572.15568900001 }, "geometry": { "type": "Point", "coordinates": [ -76.518577575679998, 3.45025992393 ] } },
{ "type": "Feature", "properties": { "dinamica": "HURTO", "titulo": "DELITOS CONTRA EL PATRIMONIO ECONOMICO", "capitulo": "DEL HURTO", "articulo": "HURTO CALIFICADO. ART. 240 C.P.", "grado_deli": "NINGUNO", "tipo_notic": "DENUNCIA", "caracteriz": "HURTO DE MOTOCICLETAS", "modalidad": "ATRACO", "modo": "SUSTANCIA TÓXICA", "motivo": null, "pais": "COLOMBIA", "dane_dep": 76, "departamen": "VALLE DEL CAUCA", "dane_mpio": 76001, "municipio": "CALI", "cod_comuna": 9.0, "comuna": "Comuna 9", "cod_barrio": 910.0, "nom_barrio": "Barrio Obrero", "direccion": "76001 CARRERA 8 CON CALLE 22, SAN NICOLAS, CALI, VALLE DEL CAUCA", "sitio": "DOMICILIO", "x": -76.522491455080001, "y": 3.4520161151900002, "anio": 2025, "mes": "mayo", "dia": 5, "dia_semana": 2, "hora_hecho": "00:00", "barrio": "SAN NICOLÁS", "estrato": 2, "geom": "0101000020E610000000000080702153C0000000A0BA9D0B40", "fecha_hech": "2025-05-05 00:00:00", "Id": 0, "area": 136572.15568900001 }, "geometry": { "type": "Point", "coordinates": [ -76.522491455080001, 3.45201611519 ] } },
{ "type": "Feature", "properties": { "dinamica": "HURTO", "titulo": "DELITOS CONTRA EL PATRIMONIO ECONOMICO", "capitulo": "DEL HURTO", "articulo": "HURTO CALIFICADO. ART. 240 C.P.", "grado_deli": "NINGUNO", "tipo_notic": "DENUNCIA", "caracteriz": "HURTO A PERSONAS", "modalidad": "VIOLACION DE CERRADURA", "modo": null, "motivo": null, "pais": "COLOMBIA", "dane_dep": 76, "departamen": "VALLE DEL CAUCA", "dane_mpio": 76001, "municipio": "CALI", "cod_comuna": 9.0, "comuna": "Comuna 9", "cod_barrio": 910.0, "nom_barrio": "Barrio Obrero", "direccion": "76001 CARRERA 8A 23 15, BARRIO OBRERO, CALI, VALLE DEL CAUCA", "sitio": "PARQUEADERO", "x": -76.520416259770002, "y": 3.4518640041399999, "anio": 2025, "mes": "mayo", "dia": 6, "dia_semana": 3, "hora_hecho": "12:00", "barrio": "BARRIO OBRERO", "estrato": 2, "geom": "0101000020E6100000000000804E2153C0000000E06A9D0B40", "fecha_hech": "2025-05-06 00:00:00", "Id": 0, "area": 136572.15568900001 }, "geometry": { "type": "Point", "coordinates": [ -76.520416259770002, 3.45186400414 ] } },
{ "type": "Feature", "properties": { "dinamica": "HURTO", "titulo": "DELITOS CONTRA EL PATRIMONIO ECONOMICO", "capitulo": "DEL HURTO", "articulo": "HURTO CALIFICADO. ART. 240 C.P.", "grado_deli": "NINGUNO", "tipo_notic": "DENUNCIA", "caracteriz": "HURTO A PERSONAS", "modalidad": "VIOLACION DE CERRADURA", "modo": null, "motivo": null, "pais": "COLOMBIA", "dane_dep": 76, "departamen": "VALLE DEL CAUCA", "dane_mpio": 76001, "municipio": "CALI", "cod_comuna": 9.0, "comuna": "Comuna 9", "cod_barrio": 910.0, "nom_barrio": "Barrio Obrero", "direccion": "76001 CALLE 22 8 57, BARRIO OBRERO, CALI, VALLE DEL CAUCA", "sitio": "VIA PUBLICA", "x": -76.52222442627, "y": 3.4515199661299998, "anio": 2025, "mes": "mayo", "dia": 6, "dia_semana": 3, "hora_hecho": "13:20", "barrio": "BARRIO OBRERO", "estrato": 2, "geom": "0101000020E6100000000000206C2153C000000080B69C0B40", "fecha_hech": "2025-05-06 00:00:00", "Id": 0, "area": 136572.15568900001 }, "geometry": { "type": "Point", "coordinates": [ -76.52222442627, 3.45151996613 ] } },
{ "type": "Feature", "properties": { "dinamica": "HURTO", "titulo": "DELITOS CONTRA EL PATRIMONIO ECONOMICO", "capitulo": "DEL HURTO", "articulo": "HURTO CALIFICADO. ART. 240 C.P.", "grado_deli": "NINGUNO", "tipo_notic": "DENUNCIA", "caracteriz": "HURTO A PERSONAS", "modalidad": "ATRACO", "modo": "ARMA DE FUEGO", "motivo": null, "pais": "COLOMBIA", "dane_dep": 76, "departamen": "VALLE DEL CAUCA", "dane_mpio": 76001, "municipio": "CALI", "cod_comuna": 9.0, "comuna": "Comuna 9", "cod_barrio": 910.0, "nom_barrio": "Barrio Obrero", "direccion": "76001 CARRERA 10 21, BARRIO OBRERO, CALI, VALLE DEL CAUCA", "sitio": "VIA PUBLICA", "x": -76.52261352539, "y": 3.4492781162299999, "anio": 2025, "mes": "mayo", "dia": 7, "dia_semana": 4, "hora_hecho": "16:30", "barrio": "BARRIO OBRERO", "estrato": 2, "geom": "0101000020E610000000000080722153C0000000201F980B40", "fecha_hech": "2025-05-07 00:00:00", "Id": 0, "area": 136572.15568900001 }, "geometry": { "type": "Point", "coordinates": [ -76.52261352539, 3.44927811623 ] } },
{ "type": "Feature", "properties": { "dinamica": "HURTO", "titulo": "DELITOS CONTRA EL PATRIMONIO ECONOMICO", "capitulo": "DEL HURTO", "articulo": "HURTO CALIFICADO. ART. 240 C.P.", "grado_deli": "NINGUNO", "tipo_notic": "DENUNCIA", "caracteriz": "HURTO DE MOTOCICLETAS", "modalidad": "ATRACO", "modo": "ARMA DE FUEGO", "motivo": null, "pais": "COLOMBIA", "dane_dep": 76, "departamen": "VALLE DEL CAUCA", "dane_mpio": 76001, "municipio": "CALI", "cod_comuna": 9.0, "comuna": "Comuna 9", "cod_barrio": 910.0, "nom_barrio": "Barrio Obrero", "direccion": "76001 CALLE 22 8A 94", "sitio": "VIA PUBLICA", "x": -76.522163391109999, "y": 3.4505140781399999, "anio": 2025, "mes": "mayo", "dia": 7, "dia_semana": 4, "hora_hecho": "23:40", "barrio": "BARRIO OBRERO", "estrato": 2, "geom": "0101000020E6100000000000206B2153C000000020A79A0B40", "fecha_hech": "2025-05-07 00:00:00", "Id": 0, "area": 136572.15568900001 }, "geometry": { "type": "Point", "coordinates": [ -76.522163391109999, 3.45051407814 ] } },
{ "type": "Feature", "properties": { "dinamica": "HURTO", "titulo": "DELITOS CONTRA EL PATRIMONIO ECONOMICO", "capitulo": "DEL HURTO", "articulo": "HURTO CALIFICADO. ART. 240 C.P.", "grado_deli": "NINGUNO", "tipo_notic": "DENUNCIA", "caracteriz": "HURTO A PERSONAS", "modalidad": "ATRACO", "modo": "ARMA BLANCA", "motivo": null, "pais": "COLOMBIA", "dane_dep": 76, "departamen": "VALLE DEL CAUCA", "dane_mpio": 76001, "municipio": "CALI", "cod_comuna": 9.0, "comuna": "Comuna 9", "cod_barrio": 910.0, "nom_barrio": "Barrio Obrero", "direccion": "76001 KR 10 CON CL 13 CARRERA 10 CALLE 13", "sitio": "SIN INFORMACION", "x": -76.518585205080001, "y": 3.4503910541499998, "anio": 2025, "mes": "mayo", "dia": 8, "dia_semana": 5, "hora_hecho": "07:30", "barrio": null, "estrato": 2, "geom": "0101000020E610000000000080302153C0000000A0669A0B40", "fecha_hech": "2025-05-08 00:00:00", "Id": 0, "area": 136572.15568900001 }, "geometry": { "type": "Point", "coordinates": [ -76.518585205080001, 3.45039105415 ] } },
{ "type": "Feature", "properties": { "dinamica": "HURTO", "titulo": "DELITOS CONTRA EL PATRIMONIO ECONOMICO", "capitulo": "DEL HURTO", "articulo": "HURTO. ART. 239 C.P.", "grado_deli": "AGRAVADO", "tipo_notic": "DENUNCIA", "caracteriz": "HURTO A PERSONAS", "modalidad": "COSQUILLEO", "modo": null, "motivo": null, "pais": "COLOMBIA", "dane_dep": 76, "departamen": "VALLE DEL CAUCA", "dane_mpio": 76001, "municipio": "CALI", "cod_comuna": 9.0, "comuna": "Comuna 9", "cod_barrio": 910.0, "nom_barrio": "Barrio Obrero", "direccion": "76001 CARRERA 11 22A 67", "sitio": "VIA PUBLICA", "x": -76.520362853999998, "y": 3.44899892807, "anio": 2025, "mes": "mayo", "dia": 8, "dia_semana": 5, "hora_hecho": "13:00", "barrio": "BARRIO OBRERO", "estrato": 2, "geom": "0101000020E6100000000000A04D2153C0000000C08C970B40", "fecha_hech": "2025-05-08 00:00:00", "Id": 0, "area": 136572.15568900001 }, "geometry": { "type": "Point", "coordinates": [ -76.520362854, 3.44899892807 ] } },
{ "type": "Feature", "properties": { "dinamica": "HURTO", "titulo": "DELITOS CONTRA EL PATRIMONIO ECONOMICO", "capitulo": "DEL HURTO", "articulo": "HURTO CALIFICADO. ART. 240 C.P.", "grado_deli": "NINGUNO", "tipo_notic": "DENUNCIA", "caracteriz": "HURTO A PERSONAS", "modalidad": "ATRACO", "modo": "ARMA DE FUEGO", "motivo": null, "pais": "COLOMBIA", "dane_dep": 76, "departamen": "VALLE DEL CAUCA", "dane_mpio": 76001, "municipio": "CALI", "cod_comuna": 9.0, "comuna": "Comuna 9", "cod_barrio": 910.0, "nom_barrio": "Barrio Obrero", "direccion": "76001 Carrera 12 21, Barrio Obrero, Cali, Valle del Cauca, COL,BARRIO OBRERO", "sitio": "SIN INFORMACION", "x": -76.521369934079999, "y": 3.44579005241, "anio": 2025, "mes": "mayo", "dia": 9, "dia_semana": 6, "hora_hecho": "00:50", "barrio": "BARRIO OBRERO", "estrato": 2, "geom": "0101000020E6100000000000205E2153C000000060FA900B40", "fecha_hech": "2025-05-09 00:00:00", "Id": 0, "area": 136572.15568900001 }, "geometry": { "type": "Point", "coordinates": [ -76.521369934079999, 3.44579005241 ] } },
{ "type": "Feature", "properties": { "dinamica": "HURTO", "titulo": "DELITOS CONTRA EL PATRIMONIO ECONOMICO", "capitulo": "DEL HURTO", "articulo": "HURTO CALIFICADO. ART. 240 C.P.", "grado_deli": "NINGUNO", "tipo_notic": "DENUNCIA", "caracteriz": "HURTO A PERSONAS", "modalidad": "ATRACO", "modo": "ARMA DE FUEGO", "motivo": null, "pais": "COLOMBIA", "dane_dep": 76, "departamen": "VALLE DEL CAUCA", "dane_mpio": 76001, "municipio": "CALI", "cod_comuna": 9.0, "comuna": "Comuna 9", "cod_barrio": 910.0, "nom_barrio": "Barrio Obrero", "direccion": "76001 CARRERA 10 21 50", "sitio": "VIA PUBLICA", "x": -76.522277832029999, "y": 3.4493720531499998, "anio": 2025, "mes": "mayo", "dia": 10, "dia_semana": 7, "hora_hecho": "13:00", "barrio": "BARRIO OBRERO", "estrato": 2, "geom": "0101000020E6100000000000006D2153C00000006050980B40", "fecha_hech": "2025-05-10 00:00:00", "Id": 0, "area": 136572.15568900001 }, "geometry": { "type": "Point", "coordinates": [ -76.522277832029999, 3.44937205315 ] } },
{ "type": "Feature", "properties": { "dinamica": "HURTO", "titulo": "DELITOS CONTRA EL PATRIMONIO ECONOMICO", "capitulo": "DEL HURTO", "articulo": "HURTO CALIFICADO. ART. 240 C.P.", "grado_deli": "NINGUNO", "tipo_notic": "DENUNCIA", "caracteriz": "HURTO A PERSONAS", "modalidad": "ATRACO", "modo": "ARMA DE FUEGO", "motivo": null, "pais": "COLOMBIA", "dane_dep": 76, "departamen": "VALLE DEL CAUCA", "dane_mpio": 76001, "municipio": "CALI", "cod_comuna": 9.0, "comuna": "Comuna 9", "cod_barrio": 910.0, "nom_barrio": "Barrio Obrero", "direccion": "76001 CALLE 22A 10 99", "sitio": "VIA PUBLICA", "x": -76.521049499509999, "y": 3.449655056, "anio": 2025, "mes": "mayo", "dia": 12, "dia_semana": 2, "hora_hecho": "08:30", "barrio": "BARRIO OBRERO", "estrato": 2, "geom": "0101000020E6100000000000E0582153C0000000C0E4980B40", "fecha_hech": "2025-05-12 00:00:00", "Id": 0, "area": 136572.15568900001 }, "geometry": { "type": "Point", "coordinates": [ -76.521049499509999, 3.449655056 ] } },
{ "type": "Feature", "properties": { "dinamica": "HURTO", "titulo": "DELITOS CONTRA EL PATRIMONIO ECONOMICO", "capitulo": "DEL HURTO", "articulo": "HURTO. ART. 239 C.P.", "grado_deli": "AGRAVADO", "tipo_notic": "DENUNCIA", "caracteriz": "HURTO A PERSONAS", "modalidad": "FACTOR DE OPORTUNIDAD", "modo": null, "motivo": null, "pais": "COLOMBIA", "dane_dep": 76, "departamen": "VALLE DEL CAUCA", "dane_mpio": 76001, "municipio": "CALI", "cod_comuna": 9.0, "comuna": "Comuna 9", "cod_barrio": 910.0, "nom_barrio": "Barrio Obrero", "direccion": "76001 Obrero, Cali, El Valle, COL,BARRIO OBRERO", "sitio": "SIN INFORMACION", "x": -76.520362853999998, "y": 3.44901990891, "anio": 2025, "mes": "mayo", "dia": 19, "dia_semana": 2, "hora_hecho": "18:00", "barrio": "BARRIO OBRERO", "estrato": 2, "geom": "0101000020E6100000000000A04D2153C0000000C097970B40", "fecha_hech": "2025-05-19 00:00:00", "Id": 0, "area": 136572.15568900001 }, "geometry": { "type": "Point", "coordinates": [ -76.520362854, 3.44901990891 ] } },
{ "type": "Feature", "properties": { "dinamica": "HURTO", "titulo": "DELITOS CONTRA EL PATRIMONIO ECONOMICO", "capitulo": "DEL HURTO", "articulo": "HURTO CALIFICADO. ART. 240 C.P.", "grado_deli": "NINGUNO", "tipo_notic": "DENUNCIA", "caracteriz": "HURTO DE MOTOCICLETAS", "modalidad": "ATRACO", "modo": "ARMA DE FUEGO", "motivo": null, "pais": "COLOMBIA", "dane_dep": 76, "departamen": "VALLE DEL CAUCA", "dane_mpio": 76001, "municipio": "CALI", "cod_comuna": 9.0, "comuna": "Comuna 9", "cod_barrio": 910.0, "nom_barrio": "Barrio Obrero", "direccion": "76001 CALLE 22A 11 2", "sitio": "VIA PUBLICA", "x": -76.520874023440001, "y": 3.44885110855, "anio": 2025, "mes": "mayo", "dia": 20, "dia_semana": 3, "hora_hecho": "15:00", "barrio": "BARRIO OBRERO", "estrato": 2, "geom": "0101000020E610000000000000562153C0000000403F970B40", "fecha_hech": "2025-05-20 00:00:00", "Id": 0, "area": 136572.15568900001 }, "geometry": { "type": "Point", "coordinates": [ -76.520874023440001, 3.44885110855 ] } },
{ "type": "Feature", "properties": { "dinamica": "HURTO", "titulo": "DELITOS CONTRA EL PATRIMONIO ECONOMICO", "capitulo": "DEL HURTO", "articulo": "HURTO CALIFICADO. ART. 240 C.P.", "grado_deli": "AGRAVADO", "tipo_notic": "DENUNCIA", "caracteriz": "HURTO A PERSONAS", "modalidad": "ATRACO", "modo": "ARMA DE FUEGO", "motivo": null, "pais": "COLOMBIA", "dane_dep": 76, "departamen": "VALLE DEL CAUCA", "dane_mpio": 76001, "municipio": "CALI", "cod_comuna": 9.0, "comuna": "Comuna 9", "cod_barrio": 910.0, "nom_barrio": "Barrio Obrero", "direccion": "76001 KR 10 CON CL 25 CARRERA 10 CALLE 25", "sitio": "SIN INFORMACION", "x": -76.518608093259999, "y": 3.4503359794600001, "anio": 2025, "mes": "mayo", "dia": 20, "dia_semana": 3, "hora_hecho": "19:30", "barrio": null, "estrato": 2, "geom": "0101000020E6100000000000E0302153C0000000C0499A0B40", "fecha_hech": "2025-05-20 00:00:00", "Id": 0, "area": 136572.15568900001 }, "geometry": { "type": "Point", "coordinates": [ -76.518608093259999, 3.45033597946 ] } },
{ "type": "Feature", "properties": { "dinamica": "HURTO", "titulo": "DELITOS CONTRA EL PATRIMONIO ECONOMICO", "capitulo": "DEL HURTO", "articulo": "HURTO. ART. 239 C.P.", "grado_deli": "AGRAVADO", "tipo_notic": "DENUNCIA", "caracteriz": "HURTO A ESTABLECIMIENTOS", "modalidad": "ENGAÑO", "modo": null, "motivo": null, "pais": "COLOMBIA", "dane_dep": 76, "departamen": "VALLE DEL CAUCA", "dane_mpio": 76001, "municipio": "CALI", "cod_comuna": 9.0, "comuna": "Comuna 9", "cod_barrio": 910.0, "nom_barrio": "Barrio Obrero", "direccion": "76001 AVENIDA MIGUEL LÓPEZ MUÑOZ 1", "sitio": "ESTABLECIMIENTO DE COMERCIO", "x": -76.5185546875, "y": 3.4502511024500002, "anio": 2025, "mes": "mayo", "dia": 22, "dia_semana": 5, "hora_hecho": "22:44", "barrio": "BARRIO OBRERO", "estrato": 2, "geom": "0101000020E610000000000000302153C0000000401D9A0B40", "fecha_hech": "2025-05-22 00:00:00", "Id": 0, "area": 136572.15568900001 }, "geometry": { "type": "Point", "coordinates": [ -76.5185546875, 3.45025110245 ] } },
{ "type": "Feature", "properties": { "dinamica": "HURTO", "titulo": "DELITOS CONTRA EL PATRIMONIO ECONOMICO", "capitulo": "DEL HURTO", "articulo": "HURTO CALIFICADO. ART. 240 C.P.", "grado_deli": "NINGUNO", "tipo_notic": "DENUNCIA", "caracteriz": "HURTO A CELULARES", "modalidad": "ATRACO", "modo": "ARMA BLANCA", "motivo": "SIN DETERMINAR", "pais": "COLOMBIA", "dane_dep": 76, "departamen": "VALLE DEL CAUCA", "dane_mpio": 76001, "municipio": "CALI", "cod_comuna": 9.0, "comuna": "Comuna 9", "cod_barrio": 910.0, "nom_barrio": "Barrio Obrero", "direccion": "76001 Calle 25 9 70, Barrio Obrero, Cali, Valle del Cauca, COL,BARRIO OBRERO", "sitio": "SIN INFORMACION", "x": -76.518699646000002, "y": 3.4505269527400002, "anio": 2025, "mes": "mayo", "dia": 23, "dia_semana": 6, "hora_hecho": "16:49", "barrio": "BARRIO OBRERO", "estrato": 2, "geom": "0101000020E610000000000060322153C0000000E0AD9A0B40", "fecha_hech": "2025-05-23 00:00:00", "Id": 0, "area": 136572.15568900001 }, "geometry": { "type": "Point", "coordinates": [ -76.518699646, 3.45052695274 ] } },
{ "type": "Feature", "properties": { "dinamica": "HURTO", "titulo": "DELITOS CONTRA EL PATRIMONIO ECONOMICO", "capitulo": "DEL HURTO", "articulo": "HURTO CALIFICADO. ART. 240 C.P.", "grado_deli": "AGRAVADO", "tipo_notic": "DENUNCIA", "caracteriz": "HURTO A PERSONAS", "modalidad": "RAPONAZO", "modo": null, "motivo": null, "pais": "COLOMBIA", "dane_dep": 76, "departamen": "VALLE DEL CAUCA", "dane_mpio": 76001, "municipio": "CALI", "cod_comuna": 9.0, "comuna": "Comuna 9", "cod_barrio": 910.0, "nom_barrio": "Barrio Obrero", "direccion": "76001 AVENIDA MIGUEL LÓPEZ MUÑOZ 65", "sitio": "VIA PUBLICA", "x": -76.519035339360002, "y": 3.4526720047000001, "anio": 2025, "mes": "mayo", "dia": 26, "dia_semana": 2, "hora_hecho": "11:40", "barrio": "BARRIO OBRERO", "estrato": 2, "geom": "0101000020E6100000000000E0372153C000000080129F0B40", "fecha_hech": "2025-05-26 00:00:00", "Id": 0, "area": 136572.15568900001 }, "geometry": { "type": "Point", "coordinates": [ -76.519035339360002, 3.4526720047 ] } },
{ "type": "Feature", "properties": { "dinamica": "HURTO", "titulo": "DELITOS CONTRA EL PATRIMONIO ECONOMICO", "capitulo": "DEL HURTO", "articulo": "HURTO. ART. 239 C.P.", "grado_deli": "NINGUNO", "tipo_notic": "QUERELLA", "caracteriz": "HURTO A PERSONAS", "modalidad": "RAPONAZO", "modo": null, "motivo": null, "pais": "COLOMBIA", "dane_dep": 76, "departamen": "VALLE DEL CAUCA", "dane_mpio": 76001, "municipio": "CALI", "cod_comuna": 9.0, "comuna": "Comuna 9", "cod_barrio": 910.0, "nom_barrio": "Barrio Obrero", "direccion": "76001 CARRERA 8 22 148", "sitio": "VIA PUBLICA", "x": -76.52165222168, "y": 3.4522240161900002, "anio": 2025, "mes": "mayo", "dia": 26, "dia_semana": 2, "hora_hecho": "13:00", "barrio": "BARRIO OBRERO", "estrato": 2, "geom": "0101000020E6100000000000C0622153C0000000A0279E0B40", "fecha_hech": "2025-05-26 00:00:00", "Id": 0, "area": 136572.15568900001 }, "geometry": { "type": "Point", "coordinates": [ -76.52165222168, 3.45222401619 ] } },
{ "type": "Feature", "properties": { "dinamica": "HURTO", "titulo": "DELITOS CONTRA EL PATRIMONIO ECONOMICO", "capitulo": "DEL HURTO", "articulo": "HURTO CALIFICADO. ART. 240 C.P.", "grado_deli": "AGRAVADO", "tipo_notic": "DENUNCIA", "caracteriz": "HURTO A ESTABLECIMIENTOS", "modalidad": "VIOLACION DE CERRADURA", "modo": null, "motivo": null, "pais": "COLOMBIA", "dane_dep": 76, "departamen": "VALLE DEL CAUCA", "dane_mpio": 76001, "municipio": "CALI", "cod_comuna": 9.0, "comuna": "Comuna 9", "cod_barrio": 910.0, "nom_barrio": "Barrio Obrero", "direccion": "76001 BARRIO/LOCALIDAD/COMUNA:BARRIO OBRERO/COMUNA 9,CALI/VALLE DEL CAUCA,BARRIO OBRERO", "sitio": "SIN INFORMACION", "x": -76.520568847660002, "y": 3.4487309455899999, "anio": 2025, "mes": "mayo", "dia": 26, "dia_semana": 2, "hora_hecho": "15:00", "barrio": "BARRIO OBRERO", "estrato": 2, "geom": "0101000020E610000000000000512153C00000004000970B40", "fecha_hech": "2025-05-26 00:00:00", "Id": 0, "area": 136572.15568900001 }, "geometry": { "type": "Point", "coordinates": [ -76.520568847660002, 3.44873094559 ] } },
{ "type": "Feature", "properties": { "dinamica": "HURTO", "titulo": "DELITOS CONTRA EL PATRIMONIO ECONOMICO", "capitulo": "DEL HURTO", "articulo": "HURTO CALIFICADO. ART. 240 C.P.", "grado_deli": "NINGUNO", "tipo_notic": "DENUNCIA", "caracteriz": "HURTO DE AUTOPARTES", "modalidad": "ATRACO", "modo": "SIN ARMA", "motivo": null, "pais": "COLOMBIA", "dane_dep": 76, "departamen": "VALLE DEL CAUCA", "dane_mpio": 76001, "municipio": "CALI", "cod_comuna": 9.0, "comuna": "Comuna 9", "cod_barrio": 910.0, "nom_barrio": "Barrio Obrero", "direccion": "76001 CARRERA 11 CON CALLE 25, BARRIO OBRERO, CALI, VALLE DEL CAUCA", "sitio": "VIA PUBLICA", "x": -76.518432617190001, "y": 3.4494180679299999, "anio": 2025, "mes": "mayo", "dia": 27, "dia_semana": 3, "hora_hecho": "00:18", "barrio": "BARRIO OBRERO", "estrato": 2, "geom": "0101000020E6100000000000002E2153C00000008068980B40", "fecha_hech": "2025-05-27 00:00:00", "Id": 0, "area": 136572.15568900001 }, "geometry": { "type": "Point", "coordinates": [ -76.518432617190001, 3.44941806793 ] } },
{ "type": "Feature", "properties": { "dinamica": "HURTO", "titulo": "DELITOS CONTRA EL PATRIMONIO ECONOMICO", "capitulo": "DEL HURTO", "articulo": "HURTO CALIFICADO. ART. 240 C.P.", "grado_deli": "AGRAVADO", "tipo_notic": "DENUNCIA", "caracteriz": "HURTO A PERSONAS", "modalidad": "ATRACO", "modo": "ARMA DE FUEGO", "motivo": null, "pais": "COLOMBIA", "dane_dep": 76, "departamen": "VALLE DEL CAUCA", "dane_mpio": 76001, "municipio": "CALI", "cod_comuna": 9.0, "comuna": "Comuna 9", "cod_barrio": 910.0, "nom_barrio": "Barrio Obrero", "direccion": "76001 Obrero, Cali, El Valle, COL,BARRIO OBRERO", "sitio": "SIN INFORMACION", "x": -76.520362853999998, "y": 3.44901990891, "anio": 2025, "mes": "mayo", "dia": 27, "dia_semana": 3, "hora_hecho": "10:20", "barrio": "BARRIO OBRERO", "estrato": 2, "geom": "0101000020E6100000000000A04D2153C0000000C097970B40", "fecha_hech": "2025-05-27 00:00:00", "Id": 0, "area": 136572.15568900001 }, "geometry": { "type": "Point", "coordinates": [ -76.520362854, 3.44901990891 ] } },
{ "type": "Feature", "properties": { "dinamica": "HURTO", "titulo": "DELITOS CONTRA EL PATRIMONIO ECONOMICO", "capitulo": "DEL HURTO", "articulo": "HURTO CALIFICADO. ART. 240 C.P.", "grado_deli": "AGRAVADO", "tipo_notic": "DENUNCIA", "caracteriz": "HURTO DE MOTOCICLETAS", "modalidad": "ATRACO", "modo": "ARMA DE FUEGO", "motivo": null, "pais": "COLOMBIA", "dane_dep": 76, "departamen": "VALLE DEL CAUCA", "dane_mpio": 76001, "municipio": "CALI", "cod_comuna": 9.0, "comuna": "Comuna 9", "cod_barrio": 910.0, "nom_barrio": "Barrio Obrero", "direccion": "76001 CARRERA 10 CON CALLE 25, BARRIO OBRERO, CALI, VALLE DEL CAUCA", "sitio": "VIA PUBLICA", "x": -76.518577575679998, "y": 3.45025992393, "anio": 2025, "mes": "mayo", "dia": 29, "dia_semana": 5, "hora_hecho": "21:30", "barrio": "BARRIO OBRERO", "estrato": 2, "geom": "0101000020E610000000000060302153C0000000E0219A0B40", "fecha_hech": "2025-05-29 00:00:00", "Id": 0, "area": 136572.15568900001 }, "geometry": { "type": "Point", "coordinates": [ -76.518577575679998, 3.45025992393 ] } },
{ "type": "Feature", "properties": { "dinamica": "HURTO", "titulo": "DELITOS CONTRA EL PATRIMONIO ECONOMICO", "capitulo": "DEL HURTO", "articulo": "HURTO CALIFICADO. ART. 240 C.P.", "grado_deli": "NINGUNO", "tipo_notic": "DENUNCIA", "caracteriz": "HURTO A PERSONAS", "modalidad": "VIOLACION DE CERRADURA", "modo": null, "motivo": null, "pais": "COLOMBIA", "dane_dep": 76, "departamen": "VALLE DEL CAUCA", "dane_mpio": 76001, "municipio": "CALI", "cod_comuna": 9.0, "comuna": "Comuna 9", "cod_barrio": 910.0, "nom_barrio": "Barrio Obrero", "direccion": "76001 Carrera 8a 22A 16, Barrio Obrero, Cali, Valle del Cauca, COL,BARRIO OBRERO", "sitio": "SIN INFORMACION", "x": -76.521194458010001, "y": 3.4512839317299999, "anio": 2025, "mes": "junio", "dia": 4, "dia_semana": 4, "hora_hecho": "14:30", "barrio": "BARRIO OBRERO", "estrato": 2, "geom": "0101000020E6100000000000405B2153C0000000C03A9C0B40", "fecha_hech": "2025-06-04 00:00:00", "Id": 0, "area": 136572.15568900001 }, "geometry": { "type": "Point", "coordinates": [ -76.521194458010001, 3.45128393173 ] } },
{ "type": "Feature", "properties": { "dinamica": "HURTO", "titulo": "DELITOS CONTRA EL PATRIMONIO ECONOMICO", "capitulo": "DEL HURTO", "articulo": "HURTO CALIFICADO. ART. 240 C.P.", "grado_deli": "NINGUNO", "tipo_notic": "DENUNCIA", "caracteriz": "HURTO DE MOTOCICLETAS", "modalidad": "FACTOR DE OPORTUNIDAD", "modo": null, "motivo": null, "pais": "COLOMBIA", "dane_dep": 76, "departamen": "VALLE DEL CAUCA", "dane_mpio": 76001, "municipio": "CALI", "cod_comuna": 9.0, "comuna": "Comuna 9", "cod_barrio": 910.0, "nom_barrio": "Barrio Obrero", "direccion": "76001 CARRERA 10 23, BARRIO OBRERO, CALI, VALLE DEL CAUCA", "sitio": "VIA PUBLICA", "x": -76.519821166989999, "y": 3.449862957, "anio": 2025, "mes": "junio", "dia": 8, "dia_semana": 1, "hora_hecho": "05:00", "barrio": "BARRIO OBRERO", "estrato": 2, "geom": "0101000020E6100000000000C0442153C0000000C051990B40", "fecha_hech": "2025-06-08 00:00:00", "Id": 0, "area": 136572.15568900001 }, "geometry": { "type": "Point", "coordinates": [ -76.519821166989999, 3.449862957 ] } },
{ "type": "Feature", "properties": { "dinamica": "HURTO", "titulo": "DELITOS CONTRA EL PATRIMONIO ECONOMICO", "capitulo": "DEL HURTO", "articulo": "HURTO. ART. 239 C.P.", "grado_deli": "AGRAVADO", "tipo_notic": "DENUNCIA", "caracteriz": "HURTO A PERSONAS", "modalidad": "ATRACO", "modo": "SIN ARMA", "motivo": null, "pais": "COLOMBIA", "dane_dep": 76, "departamen": "VALLE DEL CAUCA", "dane_mpio": 76001, "municipio": "CALI", "cod_comuna": 9.0, "comuna": "Comuna 9", "cod_barrio": 910.0, "nom_barrio": "Barrio Obrero", "direccion": "76001 BARRIO/LOCALIDAD/COMUNA:BARRIO OBRERO/COMUNA 9,CALI/VALLE DEL CAUCA,BARRIO OBRERO", "sitio": "SIN INFORMACION", "x": -76.521728515619998, "y": 3.4483211040500001, "anio": 2025, "mes": "junio", "dia": 11, "dia_semana": 4, "hora_hecho": "08:26", "barrio": "BARRIO OBRERO", "estrato": 2, "geom": "0101000020E610000000000000642153C00000006029960B40", "fecha_hech": "2025-06-11 00:00:00", "Id": 0, "area": 136572.15568900001 }, "geometry": { "type": "Point", "coordinates": [ -76.521728515619998, 3.44832110405 ] } },
{ "type": "Feature", "properties": { "dinamica": "HURTO", "titulo": "DELITOS CONTRA EL PATRIMONIO ECONOMICO", "capitulo": "DEL HURTO", "articulo": "HURTO. ART. 239 C.P.", "grado_deli": "AGRAVADO", "tipo_notic": "DENUNCIA", "caracteriz": "HURTO A PERSONAS", "modalidad": "FACTOR DE OPORTUNIDAD", "modo": null, "motivo": null, "pais": "COLOMBIA", "dane_dep": 76, "departamen": "VALLE DEL CAUCA", "dane_mpio": 76001, "municipio": "CALI", "cod_comuna": 9.0, "comuna": "Comuna 9", "cod_barrio": 910.0, "nom_barrio": "Barrio Obrero", "direccion": "76001 CARRERA 8 24 98", "sitio": "VIA PUBLICA", "x": -76.519165039059999, "y": 3.45283889771, "anio": 2025, "mes": "junio", "dia": 12, "dia_semana": 5, "hora_hecho": "19:30", "barrio": "BARRIO OBRERO", "estrato": 2, "geom": "0101000020E6100000000000003A2153C0000000006A9F0B40", "fecha_hech": "2025-06-12 00:00:00", "Id": 0, "area": 136572.15568900001 }, "geometry": { "type": "Point", "coordinates": [ -76.519165039059999, 3.45283889771 ] } },
{ "type": "Feature", "properties": { "dinamica": "HURTO", "titulo": "DELITOS CONTRA EL PATRIMONIO ECONOMICO", "capitulo": "DEL HURTO", "articulo": "HURTO CALIFICADO. ART. 240 C.P.", "grado_deli": "NINGUNO", "tipo_notic": "DENUNCIA", "caracteriz": "HURTO DE MOTOCICLETAS", "modalidad": "FACTOR DE OPORTUNIDAD", "modo": null, "motivo": null, "pais": "COLOMBIA", "dane_dep": 76, "departamen": "VALLE DEL CAUCA", "dane_mpio": 76001, "municipio": "CALI", "cod_comuna": 9.0, "comuna": "Comuna 9", "cod_barrio": 910.0, "nom_barrio": "Barrio Obrero", "direccion": "76001 Carrera 10 22A, Barrio Obrero, Cali, Valle del Cauca, COL,BARRIO OBRERO", "sitio": "SIN INFORMACION", "x": -76.520690917970001, "y": 3.4498279094700002, "anio": 2025, "mes": "junio", "dia": 16, "dia_semana": 2, "hora_hecho": "02:00", "barrio": "BARRIO OBRERO", "estrato": 2, "geom": "0101000020E610000000000000532153C0000000603F990B40", "fecha_hech": "2025-06-16 00:00:00", "Id": 0, "area": 136572.15568900001 }, "geometry": { "type": "Point", "coordinates": [ -76.520690917970001, 3.44982790947 ] } },
{ "type": "Feature", "properties": { "dinamica": "HURTO", "titulo": "DELITOS CONTRA EL PATRIMONIO ECONOMICO", "capitulo": "DEL HURTO", "articulo": "HURTO CALIFICADO. ART. 240 C.P.", "grado_deli": "NINGUNO", "tipo_notic": "DENUNCIA", "caracteriz": "HURTO DE MOTOCICLETAS", "modalidad": "ATRACO", "modo": "ARMA CONTUNDENTE", "motivo": null, "pais": "COLOMBIA", "dane_dep": 76, "departamen": "VALLE DEL CAUCA", "dane_mpio": 76001, "municipio": "CALI", "cod_comuna": 9.0, "comuna": "Comuna 9", "cod_barrio": 910.0, "nom_barrio": "Barrio Obrero", "direccion": "76001 KR 10 CL 22 A-23", "sitio": "SIN INFORMACION", "x": -76.520889282230002, "y": 3.4499859809900002, "anio": 2025, "mes": "junio", "dia": 16, "dia_semana": 2, "hora_hecho": "02:00", "barrio": null, "estrato": 2, "geom": "0101000020E610000000000040562153C00000004092990B40", "fecha_hech": "2025-06-16 00:00:00", "Id": 0, "area": 136572.15568900001 }, "geometry": { "type": "Point", "coordinates": [ -76.520889282230002, 3.44998598099 ] } },
{ "type": "Feature", "properties": { "dinamica": "HURTO", "titulo": "DELITOS CONTRA EL PATRIMONIO ECONOMICO", "capitulo": "DEL HURTO", "articulo": "HURTO CALIFICADO. ART. 240 C.P.", "grado_deli": "NINGUNO", "tipo_notic": "DENUNCIA", "caracteriz": "HURTO A PERSONAS", "modalidad": "ATRACO", "modo": "ARMA DE FUEGO", "motivo": null, "pais": "COLOMBIA", "dane_dep": 76, "departamen": "VALLE DEL CAUCA", "dane_mpio": 76001, "municipio": "CALI", "cod_comuna": 9.0, "comuna": "Comuna 9", "cod_barrio": 910.0, "nom_barrio": "Barrio Obrero", "direccion": "76001 CALLE 25 8 99", "sitio": "VIA PUBLICA", "x": -76.519073486330001, "y": 3.4528551101699998, "anio": 2025, "mes": "junio", "dia": 16, "dia_semana": 2, "hora_hecho": "22:00", "barrio": "INDUSTRIAL", "estrato": 2, "geom": "0101000020E610000000000080382153C000000080729F0B40", "fecha_hech": "2025-06-16 00:00:00", "Id": 0, "area": 136572.15568900001 }, "geometry": { "type": "Point", "coordinates": [ -76.519073486330001, 3.45285511017 ] } },
{ "type": "Feature", "properties": { "dinamica": "HURTO", "titulo": "DELITOS CONTRA EL PATRIMONIO ECONOMICO", "capitulo": "DEL HURTO", "articulo": "HURTO. ART. 239 C.P.", "grado_deli": "NINGUNO", "tipo_notic": "QUERELLA", "caracteriz": "HURTO A PERSONAS", "modalidad": "FACTOR DE OPORTUNIDAD", "modo": null, "motivo": null, "pais": "COLOMBIA", "dane_dep": 76, "departamen": "VALLE DEL CAUCA", "dane_mpio": 76001, "municipio": "CALI", "cod_comuna": 9.0, "comuna": "Comuna 9", "cod_barrio": 910.0, "nom_barrio": "Barrio Obrero", "direccion": "76001 Obrero, Cali, El Valle, COL,BARRIO OBRERO", "sitio": "SIN INFORMACION", "x": -76.520362853999998, "y": 3.44901990891, "anio": 2025, "mes": "junio", "dia": 17, "dia_semana": 3, "hora_hecho": "11:30", "barrio": "BARRIO OBRERO", "estrato": 2, "geom": "0101000020E6100000000000A04D2153C0000000C097970B40", "fecha_hech": "2025-06-17 00:00:00", "Id": 0, "area": 136572.15568900001 }, "geometry": { "type": "Point", "coordinates": [ -76.520362854, 3.44901990891 ] } },
{ "type": "Feature", "properties": { "dinamica": "HURTO", "titulo": "DELITOS CONTRA EL PATRIMONIO ECONOMICO", "capitulo": "DEL HURTO", "articulo": "HURTO CALIFICADO. ART. 240 C.P.", "grado_deli": "AGRAVADO", "tipo_notic": "DENUNCIA", "caracteriz": "HURTO A PERSONAS", "modalidad": "ATRACO", "modo": "ARMA DE FUEGO", "motivo": null, "pais": "COLOMBIA", "dane_dep": 76, "departamen": "VALLE DEL CAUCA", "dane_mpio": 76001, "municipio": "CALI", "cod_comuna": 9.0, "comuna": "Comuna 9", "cod_barrio": 910.0, "nom_barrio": "Barrio Obrero", "direccion": "76001 BARRIO/LOCALIDAD/COMUNA:BARRIO OBRERO/COMUNA 9,CALI/VALLE DEL CAUCA,BARRIO OBRERO", "sitio": "SIN INFORMACION", "x": -76.52057647705, "y": 3.44982600212, "anio": 2025, "mes": "junio", "dia": 20, "dia_semana": 6, "hora_hecho": "13:14", "barrio": "BARRIO OBRERO", "estrato": 2, "geom": "0101000020E610000000000020512153C0000000603E990B40", "fecha_hech": "2025-06-20 00:00:00", "Id": 0, "area": 136572.15568900001 }, "geometry": { "type": "Point", "coordinates": [ -76.52057647705, 3.44982600212 ] } },
{ "type": "Feature", "properties": { "dinamica": "HURTO", "titulo": "DELITOS CONTRA EL PATRIMONIO ECONOMICO", "capitulo": "DEL HURTO", "articulo": "HURTO CALIFICADO. ART. 240 C.P.", "grado_deli": "AGRAVADO", "tipo_notic": "DENUNCIA", "caracteriz": "HURTO A PERSONAS", "modalidad": "ATRACO", "modo": "ARMA BLANCA", "motivo": null, "pais": "COLOMBIA", "dane_dep": 76, "departamen": "VALLE DEL CAUCA", "dane_mpio": 76001, "municipio": "CALI", "cod_comuna": 9.0, "comuna": "Comuna 9", "cod_barrio": 910.0, "nom_barrio": "Barrio Obrero", "direccion": "76001 Calle 24 11 1-99, Barrio Obrero, Cali, Valle del Cauca, COL,BARRIO OBRERO", "sitio": "SIN INFORMACION", "x": -76.51921081543, "y": 3.4492239952100001, "anio": 2025, "mes": "junio", "dia": 20, "dia_semana": 6, "hora_hecho": "13:26", "barrio": "BARRIO OBRERO", "estrato": 2, "geom": "0101000020E6100000000000C03A2153C0000000C002980B40", "fecha_hech": "2025-06-20 00:00:00", "Id": 0, "area": 136572.15568900001 }, "geometry": { "type": "Point", "coordinates": [ -76.51921081543, 3.44922399521 ] } },
{ "type": "Feature", "properties": { "dinamica": "HURTO", "titulo": "DELITOS CONTRA EL PATRIMONIO ECONOMICO", "capitulo": "DEL HURTO", "articulo": "HURTO. ART. 239 C.P.", "grado_deli": "NINGUNO", "tipo_notic": "DENUNCIA", "caracteriz": "HURTO A PERSONAS", "modalidad": "COSQUILLEO", "modo": null, "motivo": null, "pais": "COLOMBIA", "dane_dep": 76, "departamen": "VALLE DEL CAUCA", "dane_mpio": 76001, "municipio": "CALI", "cod_comuna": 9.0, "comuna": "Comuna 9", "cod_barrio": 910.0, "nom_barrio": "Barrio Obrero", "direccion": "76001 CARRERA 11 22A 69", "sitio": "LUGAR DE RECREACION / PARQUE", "x": -76.52035522461, "y": 3.4490220546699999, "anio": 2025, "mes": "junio", "dia": 21, "dia_semana": 7, "hora_hecho": "18:10", "barrio": "BARRIO OBRERO", "estrato": 2, "geom": "0101000020E6100000000000804D2153C0000000E098970B40", "fecha_hech": "2025-06-21 00:00:00", "Id": 0, "area": 136572.15568900001 }, "geometry": { "type": "Point", "coordinates": [ -76.52035522461, 3.44902205467 ] } },
{ "type": "Feature", "properties": { "dinamica": "HURTO", "titulo": "DELITOS CONTRA EL PATRIMONIO ECONOMICO", "capitulo": "DEL HURTO", "articulo": "HURTO. ART. 239 C.P.", "grado_deli": "AGRAVADO", "tipo_notic": "DENUNCIA", "caracteriz": "HURTO A PERSONAS", "modalidad": "COSQUILLEO", "modo": null, "motivo": null, "pais": "COLOMBIA", "dane_dep": 76, "departamen": "VALLE DEL CAUCA", "dane_mpio": 76001, "municipio": "CALI", "cod_comuna": 9.0, "comuna": "Comuna 9", "cod_barrio": 910.0, "nom_barrio": "Barrio Obrero", "direccion": "76001 CL 23 CON KR 10-25 CALLE 23 CARRERA 10 25", "sitio": "SIN INFORMACION", "x": -76.520149230960001, "y": 3.4490940570799999, "anio": 2025, "mes": "junio", "dia": 22, "dia_semana": 1, "hora_hecho": "02:00", "barrio": null, "estrato": 2, "geom": "0101000020E6100000000000204A2153C0000000A0BE970B40", "fecha_hech": "2025-06-22 00:00:00", "Id": 0, "area": 136572.15568900001 }, "geometry": { "type": "Point", "coordinates": [ -76.520149230960001, 3.44909405708 ] } },
{ "type": "Feature", "properties": { "dinamica": "HURTO", "titulo": "DELITOS CONTRA EL PATRIMONIO ECONOMICO", "capitulo": "DEL HURTO", "articulo": "HURTO. ART. 239 C.P.", "grado_deli": "AGRAVADO", "tipo_notic": "DENUNCIA", "caracteriz": "HURTO A PERSONAS", "modalidad": "FACTOR DE OPORTUNIDAD", "modo": null, "motivo": null, "pais": "COLOMBIA", "dane_dep": 76, "departamen": "VALLE DEL CAUCA", "dane_mpio": 76001, "municipio": "CALI", "cod_comuna": 9.0, "comuna": "Comuna 9", "cod_barrio": 910.0, "nom_barrio": "Barrio Obrero", "direccion": "76001 CALLE 22A 11B 78, BARRIO OBRERO, CALI, VALLE DEL CAUCA", "sitio": "VIA PUBLICA", "x": -76.52067565918, "y": 3.4474449157699998, "anio": 2025, "mes": "junio", "dia": 25, "dia_semana": 4, "hora_hecho": "12:06", "barrio": "BARRIO OBRERO", "estrato": 2, "geom": "0101000020E6100000000000C0522153C0000000005E940B40", "fecha_hech": "2025-06-25 00:00:00", "Id": 0, "area": 136572.15568900001 }, "geometry": { "type": "Point", "coordinates": [ -76.52067565918, 3.44744491577 ] } },
{ "type": "Feature", "properties": { "dinamica": "HURTO", "titulo": "DELITOS CONTRA EL PATRIMONIO ECONOMICO", "capitulo": "DEL HURTO", "articulo": "HURTO. ART. 239 C.P.", "grado_deli": "AGRAVADO", "tipo_notic": "DENUNCIA", "caracteriz": "HURTO A ESTABLECIMIENTOS", "modalidad": "FACTOR DE OPORTUNIDAD", "modo": null, "motivo": null, "pais": "COLOMBIA", "dane_dep": 76, "departamen": "VALLE DEL CAUCA", "dane_mpio": 76001, "municipio": "CALI", "cod_comuna": 9.0, "comuna": "Comuna 9", "cod_barrio": 910.0, "nom_barrio": "Barrio Obrero", "direccion": "76001 CARRERA 11 22A 68", "sitio": "VIA PUBLICA", "x": -76.52035522461, "y": 3.4489901065800002, "anio": 2025, "mes": "junio", "dia": 26, "dia_semana": 5, "hora_hecho": "08:30", "barrio": "BARRIO OBRERO", "estrato": 2, "geom": "0101000020E6100000000000804D2153C00000002088970B40", "fecha_hech": "2025-06-26 00:00:00", "Id": 0, "area": 136572.15568900001 }, "geometry": { "type": "Point", "coordinates": [ -76.52035522461, 3.44899010658 ] } },
{ "type": "Feature", "properties": { "dinamica": "HURTO", "titulo": "DELITOS CONTRA EL PATRIMONIO ECONOMICO", "capitulo": "DEL HURTO", "articulo": "HURTO. ART. 239 C.P.", "grado_deli": "NINGUNO", "tipo_notic": "QUERELLA", "caracteriz": "HURTO A PERSONAS", "modalidad": "ENGAÑO", "modo": null, "motivo": null, "pais": "COLOMBIA", "dane_dep": 76, "departamen": "VALLE DEL CAUCA", "dane_mpio": 76001, "municipio": "CALI", "cod_comuna": 9.0, "comuna": "Comuna 9", "cod_barrio": 910.0, "nom_barrio": "Barrio Obrero", "direccion": "76001 Carrera 11 22 25, Barrio Obrero, Cali, Valle del Cauca, COL,BARRIO OBRERO", "sitio": "SIN INFORMACION", "x": -76.521476745610002, "y": 3.4489829540299999, "anio": 2025, "mes": "junio", "dia": 26, "dia_semana": 5, "hora_hecho": "20:16", "barrio": "BARRIO OBRERO", "estrato": 2, "geom": "0101000020E6100000000000E05F2153C00000006084970B40", "fecha_hech": "2025-06-26 00:00:00", "Id": 0, "area": 136572.15568900001 }, "geometry": { "type": "Point", "coordinates": [ -76.521476745610002, 3.44898295403 ] } },
{ "type": "Feature", "properties": { "dinamica": "HURTO", "titulo": "DELITOS CONTRA EL PATRIMONIO ECONOMICO", "capitulo": "DEL HURTO", "articulo": "HURTO CALIFICADO. ART. 240 C.P.", "grado_deli": "AGRAVADO", "tipo_notic": "DENUNCIA", "caracteriz": "HURTO A PERSONAS", "modalidad": "ATRACO", "modo": "ARMA DE FUEGO", "motivo": null, "pais": "COLOMBIA", "dane_dep": 76, "departamen": "VALLE DEL CAUCA", "dane_mpio": 76001, "municipio": "CALI", "cod_comuna": 9.0, "comuna": "Comuna 9", "cod_barrio": 910.0, "nom_barrio": "Barrio Obrero", "direccion": "76001 CALLE 25 CON CARRERA 11, BARRIO OBRERO, CALI, VALLE DEL CAUCA", "sitio": "VIA PUBLICA", "x": -76.518432617190001, "y": 3.4494180679299999, "anio": 2025, "mes": "julio", "dia": 1, "dia_semana": 3, "hora_hecho": "14:30", "barrio": "BARRIO OBRERO", "estrato": 2, "geom": "0101000020E6100000000000002E2153C00000008068980B40", "fecha_hech": "2025-07-01 00:00:00", "Id": 0, "area": 136572.15568900001 }, "geometry": { "type": "Point", "coordinates": [ -76.518432617190001, 3.44941806793 ] } },
{ "type": "Feature", "properties": { "dinamica": "HURTO", "titulo": "DELITOS CONTRA EL PATRIMONIO ECONOMICO", "capitulo": "DEL HURTO", "articulo": "HURTO. ART. 239 C.P.", "grado_deli": "AGRAVADO", "tipo_notic": "DENUNCIA", "caracteriz": "HURTO A PERSONAS", "modalidad": "COSQUILLEO", "modo": null, "motivo": null, "pais": "COLOMBIA", "dane_dep": 76, "departamen": "VALLE DEL CAUCA", "dane_mpio": 76001, "municipio": "CALI", "cod_comuna": 9.0, "comuna": "Comuna 9", "cod_barrio": 910.0, "nom_barrio": "Barrio Obrero", "direccion": "76001 CARRERA 8 23 94", "sitio": "VIA PUBLICA", "x": -76.520385742190001, "y": 3.45252394676, "anio": 2025, "mes": "julio", "dia": 3, "dia_semana": 5, "hora_hecho": "23:10", "barrio": "BARRIO OBRERO", "estrato": 2, "geom": "0101000020E6100000000000004E2153C0000000E0C49E0B40", "fecha_hech": "2025-07-03 00:00:00", "Id": 0, "area": 136572.15568900001 }, "geometry": { "type": "Point", "coordinates": [ -76.520385742190001, 3.45252394676 ] } },
{ "type": "Feature", "properties": { "dinamica": "HURTO", "titulo": "DELITOS CONTRA EL PATRIMONIO ECONOMICO", "capitulo": "DEL HURTO", "articulo": "HURTO CALIFICADO. ART. 240 C.P.", "grado_deli": "NINGUNO", "tipo_notic": "DENUNCIA", "caracteriz": "HURTO A PERSONAS", "modalidad": "VIOLACION DE CERRADURA", "modo": null, "motivo": null, "pais": "COLOMBIA", "dane_dep": 76, "departamen": "VALLE DEL CAUCA", "dane_mpio": 76001, "municipio": "CALI", "cod_comuna": 9.0, "comuna": "Comuna 9", "cod_barrio": 910.0, "nom_barrio": "Barrio Obrero", "direccion": "76001 CARRERA 8 23 175", "sitio": "VIA PUBLICA", "x": -76.520095825200002, "y": 3.45261693001, "anio": 2025, "mes": "julio", "dia": 4, "dia_semana": 6, "hora_hecho": "15:40", "barrio": "SAN NICOLÁS", "estrato": 2, "geom": "0101000020E610000000000040492153C0000000A0F59E0B40", "fecha_hech": "2025-07-04 00:00:00", "Id": 0, "area": 136572.15568900001 }, "geometry": { "type": "Point", "coordinates": [ -76.520095825200002, 3.45261693001 ] } },
{ "type": "Feature", "properties": { "dinamica": "HURTO", "titulo": "DELITOS CONTRA EL PATRIMONIO ECONOMICO", "capitulo": "DEL HURTO", "articulo": "HURTO CALIFICADO. ART. 240 C.P.", "grado_deli": "NINGUNO", "tipo_notic": "DENUNCIA", "caracteriz": "HURTO A PERSONAS", "modalidad": "BATALEO", "modo": null, "motivo": null, "pais": "COLOMBIA", "dane_dep": 76, "departamen": "VALLE DEL CAUCA", "dane_mpio": 76001, "municipio": "CALI", "cod_comuna": 9.0, "comuna": "Comuna 9", "cod_barrio": 910.0, "nom_barrio": "Barrio Obrero", "direccion": "76001 CALLE 23 13A, BARRIO OBRERO, CALI, VALLE DEL CAUCA", "sitio": "VIA PUBLICA", "x": -76.519340515140001, "y": 3.4456369876899999, "anio": 2025, "mes": "julio", "dia": 4, "dia_semana": 6, "hora_hecho": "15:45", "barrio": "BARRIO OBRERO", "estrato": 2, "geom": "0101000020E6100000000000E03C2153C000000020AA900B40", "fecha_hech": "2025-07-04 00:00:00", "Id": 0, "area": 136572.15568900001 }, "geometry": { "type": "Point", "coordinates": [ -76.519340515140001, 3.44563698769 ] } },
{ "type": "Feature", "properties": { "dinamica": "HURTO", "titulo": "DELITOS CONTRA EL PATRIMONIO ECONOMICO", "capitulo": "DEL HURTO", "articulo": "HURTO CALIFICADO. ART. 240 C.P.", "grado_deli": "NINGUNO", "tipo_notic": "DENUNCIA", "caracteriz": "HURTO A CELULARES", "modalidad": "ATRACO", "modo": "ARMA DE FUEGO", "motivo": "SIN DETERMINAR", "pais": "COLOMBIA", "dane_dep": 76, "departamen": "VALLE DEL CAUCA", "dane_mpio": 76001, "municipio": "CALI", "cod_comuna": 9.0, "comuna": "Comuna 9", "cod_barrio": 910.0, "nom_barrio": "Barrio Obrero", "direccion": "76001 KR 9 CARRERA 9 21 35 NORTE", "sitio": "SIN INFORMACION", "x": -76.522659301760001, "y": 3.4505269527400002, "anio": 2025, "mes": "julio", "dia": 7, "dia_semana": 2, "hora_hecho": "11:30", "barrio": null, "estrato": 2, "geom": "0101000020E610000000000040732153C0000000E0AD9A0B40", "fecha_hech": "2025-07-07 00:00:00", "Id": 0, "area": 136572.15568900001 }, "geometry": { "type": "Point", "coordinates": [ -76.522659301760001, 3.45052695274 ] } },
{ "type": "Feature", "properties": { "dinamica": "HURTO", "titulo": "DELITOS CONTRA EL PATRIMONIO ECONOMICO", "capitulo": "DEL HURTO", "articulo": "HURTO CALIFICADO. ART. 240 C.P.", "grado_deli": "NINGUNO", "tipo_notic": "ACTOS URGENTES", "caracteriz": "HURTO A PERSONAS", "modalidad": "ATRACO", "modo": "ARMA BLANCA", "motivo": null, "pais": "COLOMBIA", "dane_dep": 76, "departamen": "VALLE DEL CAUCA", "dane_mpio": 76001, "municipio": "CALI", "cod_comuna": 9.0, "comuna": "Comuna 9", "cod_barrio": 910.0, "nom_barrio": "Barrio Obrero", "direccion": "76001 CARRERA 8A 21 46, BARRIO OBRERO, CALI, VALLE DEL CAUCA", "sitio": "VIA PUBLICA", "x": -76.522674560550001, "y": 3.45103192329, "anio": 2025, "mes": "julio", "dia": 7, "dia_semana": 2, "hora_hecho": "23:18", "barrio": "BARRIO OBRERO", "estrato": 2, "geom": "0101000020E610000000000080732153C0000000A0B69B0B40", "fecha_hech": "2025-07-07 00:00:00", "Id": 0, "area": 136572.15568900001 }, "geometry": { "type": "Point", "coordinates": [ -76.522674560550001, 3.45103192329 ] } },
{ "type": "Feature", "properties": { "dinamica": "HURTO", "titulo": "DELITOS CONTRA EL PATRIMONIO ECONOMICO", "capitulo": "DEL HURTO", "articulo": "HURTO. ART. 239 C.P.", "grado_deli": "NINGUNO", "tipo_notic": "QUERELLA", "caracteriz": "HURTO A CELULARES", "modalidad": "RAPONAZO", "modo": null, "motivo": "SIN DETERMINAR", "pais": "COLOMBIA", "dane_dep": 76, "departamen": "VALLE DEL CAUCA", "dane_mpio": 76001, "municipio": "CALI", "cod_comuna": 9.0, "comuna": "Comuna 9", "cod_barrio": 910.0, "nom_barrio": "Barrio Obrero", "direccion": "76001 Carrera 10 24 77, Barrio Obrero, Cali, Valle del Cauca, COL,BARRIO OBRERO", "sitio": "SIN INFORMACION", "x": -76.51880645752, "y": 3.4502758979800001, "anio": 2025, "mes": "julio", "dia": 7, "dia_semana": 2, "hora_hecho": "23:30", "barrio": "BARRIO OBRERO", "estrato": 2, "geom": "0101000020E610000000000020342153C0000000402A9A0B40", "fecha_hech": "2025-07-07 00:00:00", "Id": 0, "area": 136572.15568900001 }, "geometry": { "type": "Point", "coordinates": [ -76.51880645752, 3.45027589798 ] } },
{ "type": "Feature", "properties": { "dinamica": "HURTO", "titulo": "DELITOS CONTRA EL PATRIMONIO ECONOMICO", "capitulo": "DEL HURTO", "articulo": "HURTO CALIFICADO. ART. 240 C.P.", "grado_deli": "NINGUNO", "tipo_notic": "DENUNCIA", "caracteriz": "HURTO DE AUTOPARTES", "modalidad": "FACTOR DE OPORTUNIDAD", "modo": null, "motivo": null, "pais": "COLOMBIA", "dane_dep": 76, "departamen": "VALLE DEL CAUCA", "dane_mpio": 76001, "municipio": "CALI", "cod_comuna": 9.0, "comuna": "Comuna 9", "cod_barrio": 910.0, "nom_barrio": "Barrio Obrero", "direccion": "76001 Calle 25 con Carrera 10, Barrio Obrero, Cali, Valle del Cauca, COL,BARRIO OBRERO", "sitio": "SIN INFORMACION", "x": -76.518577575679998, "y": 3.45025992393, "anio": 2025, "mes": "julio", "dia": 8, "dia_semana": 3, "hora_hecho": "00:40", "barrio": "BARRIO OBRERO", "estrato": 2, "geom": "0101000020E610000000000060302153C0000000E0219A0B40", "fecha_hech": "2025-07-08 00:00:00", "Id": 0, "area": 136572.15568900001 }, "geometry": { "type": "Point", "coordinates": [ -76.518577575679998, 3.45025992393 ] } },
{ "type": "Feature", "properties": { "dinamica": "HURTO", "titulo": "DELITOS CONTRA EL PATRIMONIO ECONOMICO", "capitulo": "DEL HURTO", "articulo": "HURTO CALIFICADO. ART. 240 C.P.", "grado_deli": "AGRAVADO", "tipo_notic": "DENUNCIA", "caracteriz": "HURTO A PERSONAS", "modalidad": "ATRACO", "modo": "ARMA DE FUEGO", "motivo": null, "pais": "COLOMBIA", "dane_dep": 76, "departamen": "VALLE DEL CAUCA", "dane_mpio": 76001, "municipio": "CALI", "cod_comuna": 9.0, "comuna": "Comuna 9", "cod_barrio": 910.0, "nom_barrio": "Barrio Obrero", "direccion": "76001", "sitio": "SIN INFORMACION", "x": -76.518577575679998, "y": 3.45025992393, "anio": 2025, "mes": "julio", "dia": 8, "dia_semana": 3, "hora_hecho": "23:27", "barrio": null, "estrato": 2, "geom": "0101000020E610000000000060302153C0000000E0219A0B40", "fecha_hech": "2025-07-08 00:00:00", "Id": 0, "area": 136572.15568900001 }, "geometry": { "type": "Point", "coordinates": [ -76.518577575679998, 3.45025992393 ] } },
{ "type": "Feature", "properties": { "dinamica": "HURTO", "titulo": "DELITOS CONTRA EL PATRIMONIO ECONOMICO", "capitulo": "DEL HURTO", "articulo": "HURTO CALIFICADO. ART. 240 C.P.", "grado_deli": "AGRAVADO", "tipo_notic": "DENUNCIA", "caracteriz": "HURTO A PERSONAS", "modalidad": "ATRACO", "modo": "ARMA BLANCA", "motivo": null, "pais": "COLOMBIA", "dane_dep": 76, "departamen": "VALLE DEL CAUCA", "dane_mpio": 76001, "municipio": "CALI", "cod_comuna": 9.0, "comuna": "Comuna 9", "cod_barrio": 910.0, "nom_barrio": "Barrio Obrero", "direccion": "76001 CL 22 C  CALLE 22 C 10 02", "sitio": "SIN INFORMACION", "x": -76.52197265625, "y": 3.4493079185500002, "anio": 2025, "mes": "julio", "dia": 10, "dia_semana": 5, "hora_hecho": "02:00", "barrio": null, "estrato": 2, "geom": "0101000020E610000000000000682153C0000000C02E980B40", "fecha_hech": "2025-07-10 00:00:00", "Id": 0, "area": 136572.15568900001 }, "geometry": { "type": "Point", "coordinates": [ -76.52197265625, 3.44930791855 ] } },
{ "type": "Feature", "properties": { "dinamica": "HURTO", "titulo": "DELITOS CONTRA EL PATRIMONIO ECONOMICO", "capitulo": "DEL HURTO", "articulo": "HURTO CALIFICADO. ART. 240 C.P.", "grado_deli": "AGRAVADO", "tipo_notic": "DENUNCIA", "caracteriz": "HURTO A PERSONAS", "modalidad": "ATRACO", "modo": "ARMA DE FUEGO", "motivo": null, "pais": "COLOMBIA", "dane_dep": 76, "departamen": "VALLE DEL CAUCA", "dane_mpio": 76001, "municipio": "CALI", "cod_comuna": 9.0, "comuna": "Comuna 9", "cod_barrio": 910.0, "nom_barrio": "Barrio Obrero", "direccion": "76001 CALLE 22A 11 99", "sitio": "VIA PUBLICA", "x": -76.520698547359999, "y": 3.4480481147800002, "anio": 2025, "mes": "julio", "dia": 10, "dia_semana": 5, "hora_hecho": "02:00", "barrio": "BARRIO OBRERO", "estrato": 2, "geom": "0101000020E610000000000020532153C0000000409A950B40", "fecha_hech": "2025-07-10 00:00:00", "Id": 0, "area": 136572.15568900001 }, "geometry": { "type": "Point", "coordinates": [ -76.520698547359999, 3.44804811478 ] } },
{ "type": "Feature", "properties": { "dinamica": "HURTO", "titulo": "DELITOS CONTRA EL PATRIMONIO ECONOMICO", "capitulo": "DEL HURTO", "articulo": "HURTO CALIFICADO. ART. 240 C.P.", "grado_deli": "AGRAVADO", "tipo_notic": "DENUNCIA", "caracteriz": "HURTO A PERSONAS", "modalidad": "ATRACO", "modo": "ARMA DE FUEGO", "motivo": null, "pais": "COLOMBIA", "dane_dep": 76, "departamen": "VALLE DEL CAUCA", "dane_mpio": 76001, "municipio": "CALI", "cod_comuna": 9.0, "comuna": "Comuna 9", "cod_barrio": 910.0, "nom_barrio": "Barrio Obrero", "direccion": "76001 CARRERA 11D 22A 98", "sitio": "VIA PUBLICA", "x": -76.519737243649999, "y": 3.4473888874099998, "anio": 2025, "mes": "julio", "dia": 13, "dia_semana": 1, "hora_hecho": "19:00", "barrio": "BARRIO OBRERO", "estrato": 2, "geom": "0101000020E610000000000060432153C0000000A040940B40", "fecha_hech": "2025-07-13 00:00:00", "Id": 0, "area": 136572.15568900001 }, "geometry": { "type": "Point", "coordinates": [ -76.519737243649999, 3.44738888741 ] } },
{ "type": "Feature", "properties": { "dinamica": "HURTO", "titulo": "DELITOS CONTRA EL PATRIMONIO ECONOMICO", "capitulo": "DEL HURTO", "articulo": "HURTO CALIFICADO. ART. 240 C.P.", "grado_deli": "NINGUNO", "tipo_notic": "DENUNCIA", "caracteriz": "HURTO A CELULARES", "modalidad": "ATRACO", "modo": "ARMA DE FUEGO", "motivo": "SIN DETERMINAR", "pais": "COLOMBIA", "dane_dep": 76, "departamen": "VALLE DEL CAUCA", "dane_mpio": 76001, "municipio": "CALI", "cod_comuna": 9.0, "comuna": "Comuna 9", "cod_barrio": 910.0, "nom_barrio": "Barrio Obrero", "direccion": "76001 CARRERA 10 24 99, BARRIO OBRERO, CALI, VALLE DEL CAUCA", "sitio": "VIA PUBLICA", "x": -76.518646240229998, "y": 3.4503049850499998, "anio": 2025, "mes": "julio", "dia": 16, "dia_semana": 4, "hora_hecho": "05:08", "barrio": "BARRIO OBRERO", "estrato": 2, "geom": "0101000020E610000000000080312153C000000080399A0B40", "fecha_hech": "2025-07-16 00:00:00", "Id": 0, "area": 136572.15568900001 }, "geometry": { "type": "Point", "coordinates": [ -76.518646240229998, 3.45030498505 ] } },
{ "type": "Feature", "properties": { "dinamica": "HURTO", "titulo": "DELITOS CONTRA EL PATRIMONIO ECONOMICO", "capitulo": "DEL HURTO", "articulo": "HURTO CALIFICADO. ART. 240 C.P.", "grado_deli": "AGRAVADO", "tipo_notic": "DENUNCIA", "caracteriz": "HURTO A PERSONAS", "modalidad": "ATRACO", "modo": "ARMA BLANCA", "motivo": null, "pais": "COLOMBIA", "dane_dep": 76, "departamen": "VALLE DEL CAUCA", "dane_mpio": 76001, "municipio": "CALI", "cod_comuna": 9.0, "comuna": "Comuna 9", "cod_barrio": 910.0, "nom_barrio": "Barrio Obrero", "direccion": "76001 Carrera 8A 22 48, Barrio Obrero, Cali, Valle del Cauca, COL,BARRIO OBRERO", "sitio": "SIN INFORMACION", "x": -76.521667480470001, "y": 3.4510250091599999, "anio": 2025, "mes": "julio", "dia": 16, "dia_semana": 4, "hora_hecho": "13:40", "barrio": "BARRIO OBRERO", "estrato": 2, "geom": "0101000020E610000000000000632153C000000000B39B0B40", "fecha_hech": "2025-07-16 00:00:00", "Id": 0, "area": 136572.15568900001 }, "geometry": { "type": "Point", "coordinates": [ -76.521667480470001, 3.45102500916 ] } },
{ "type": "Feature", "properties": { "dinamica": "HURTO", "titulo": "DELITOS CONTRA EL PATRIMONIO ECONOMICO", "capitulo": "DEL HURTO", "articulo": "HURTO CALIFICADO. ART. 240 C.P.", "grado_deli": "NINGUNO", "tipo_notic": "DENUNCIA", "caracteriz": "HURTO A PERSONAS", "modalidad": "ROMPIMIENTO DE VIDRIO", "modo": null, "motivo": null, "pais": "COLOMBIA", "dane_dep": 76, "departamen": "VALLE DEL CAUCA", "dane_mpio": 76001, "municipio": "CALI", "cod_comuna": 9.0, "comuna": "Comuna 9", "cod_barrio": 910.0, "nom_barrio": "Barrio Obrero", "direccion": "76001 Calle 23, Barrio Obrero, Cali, Valle del Cauca, COL,BARRIO OBRERO", "sitio": "SIN INFORMACION", "x": -76.51993560791, "y": 3.4484190940900001, "anio": 2025, "mes": "julio", "dia": 18, "dia_semana": 6, "hora_hecho": "05:30", "barrio": "BARRIO OBRERO", "estrato": 2, "geom": "0101000020E6100000000000A0462153C0000000C05C960B40", "fecha_hech": "2025-07-18 00:00:00", "Id": 0, "area": 136572.15568900001 }, "geometry": { "type": "Point", "coordinates": [ -76.51993560791, 3.44841909409 ] } },
{ "type": "Feature", "properties": { "dinamica": "HURTO", "titulo": "DELITOS CONTRA EL PATRIMONIO ECONOMICO", "capitulo": "DEL HURTO", "articulo": "HURTO. ART. 239 C.P.", "grado_deli": "NINGUNO", "tipo_notic": "DENUNCIA", "caracteriz": "HURTO A PERSONAS", "modalidad": "FACTOR DE OPORTUNIDAD", "modo": null, "motivo": null, "pais": "COLOMBIA", "dane_dep": 76, "departamen": "VALLE DEL CAUCA", "dane_mpio": 76001, "municipio": "CALI", "cod_comuna": 9.0, "comuna": "Comuna 9", "cod_barrio": 910.0, "nom_barrio": "Barrio Obrero", "direccion": "76001 CARRERA 11D 22A 46, BARRIO OBRERO, CALI, VALLE DEL CAUCA", "sitio": "VIA PUBLICA", "x": -76.52000427246, "y": 3.4471480846400002, "anio": 2025, "mes": "julio", "dia": 18, "dia_semana": 6, "hora_hecho": "14:38", "barrio": "BARRIO OBRERO", "estrato": 2, "geom": "0101000020E6100000000000C0472153C000000060C2930B40", "fecha_hech": "2025-07-18 00:00:00", "Id": 0, "area": 136572.15568900001 }, "geometry": { "type": "Point", "coordinates": [ -76.52000427246, 3.44714808464 ] } },
{ "type": "Feature", "properties": { "dinamica": "HURTO", "titulo": "DELITOS CONTRA EL PATRIMONIO ECONOMICO", "capitulo": "DEL HURTO", "articulo": "HURTO. ART. 239 C.P.", "grado_deli": "NINGUNO", "tipo_notic": "QUERELLA", "caracteriz": "HURTO A PERSONAS", "modalidad": "FACTOR DE OPORTUNIDAD", "modo": null, "motivo": null, "pais": "COLOMBIA", "dane_dep": 76, "departamen": "VALLE DEL CAUCA", "dane_mpio": 76001, "municipio": "CALI", "cod_comuna": 9.0, "comuna": "Comuna 9", "cod_barrio": 910.0, "nom_barrio": "Barrio Obrero", "direccion": "76001 CARRERA 10 22 94", "sitio": "DOMICILIO", "x": -76.521179199220001, "y": 3.4495871067000001, "anio": 2025, "mes": "julio", "dia": 23, "dia_semana": 4, "hora_hecho": "16:30", "barrio": "BARRIO OBRERO", "estrato": 2, "geom": "0101000020E6100000000000005B2153C000000020C1980B40", "fecha_hech": "2025-07-23 00:00:00", "Id": 0, "area": 136572.15568900001 }, "geometry": { "type": "Point", "coordinates": [ -76.521179199220001, 3.4495871067 ] } },
{ "type": "Feature", "properties": { "dinamica": "HURTO", "titulo": "DELITOS CONTRA EL PATRIMONIO ECONOMICO", "capitulo": "DEL HURTO", "articulo": "HURTO CALIFICADO. ART. 240 C.P.", "grado_deli": "NINGUNO", "tipo_notic": "DENUNCIA", "caracteriz": "HURTO DE MOTOCICLETAS", "modalidad": "ATRACO", "modo": "ARMA DE FUEGO", "motivo": null, "pais": "COLOMBIA", "dane_dep": 76, "departamen": "VALLE DEL CAUCA", "dane_mpio": 76001, "municipio": "CALI", "cod_comuna": 9.0, "comuna": "Comuna 9", "cod_barrio": 910.0, "nom_barrio": "Barrio Obrero", "direccion": "76001 CARRERA 8A 23 41, BARRIO OBRERO, CALI, VALLE DEL CAUCA", "sitio": "VIA PUBLICA", "x": -76.520225524899999, "y": 3.45199203491, "anio": 2025, "mes": "julio", "dia": 24, "dia_semana": 5, "hora_hecho": "12:00", "barrio": "BARRIO OBRERO", "estrato": 2, "geom": "0101000020E6100000000000604B2153C000000000AE9D0B40", "fecha_hech": "2025-07-24 00:00:00", "Id": 0, "area": 136572.15568900001 }, "geometry": { "type": "Point", "coordinates": [ -76.520225524899999, 3.45199203491 ] } },
{ "type": "Feature", "properties": { "dinamica": "HURTO", "titulo": "DELITOS CONTRA EL PATRIMONIO ECONOMICO", "capitulo": "DEL HURTO", "articulo": "HURTO CALIFICADO. ART. 240 C.P.", "grado_deli": "NINGUNO", "tipo_notic": "DENUNCIA", "caracteriz": "HURTO A PERSONAS", "modalidad": "ATRACO", "modo": "ARMA BLANCA", "motivo": null, "pais": "COLOMBIA", "dane_dep": 76, "departamen": "VALLE DEL CAUCA", "dane_mpio": 76001, "municipio": "CALI", "cod_comuna": 9.0, "comuna": "Comuna 9", "cod_barrio": 910.0, "nom_barrio": "Barrio Obrero", "direccion": "76001 CL 22 A CON CON KR 15 CALLE 22 A  CARRERA 15", "sitio": "SIN INFORMACION", "x": -76.519958496089998, "y": 3.44487404823, "anio": 2025, "mes": "julio", "dia": 25, "dia_semana": 6, "hora_hecho": "06:00", "barrio": null, "estrato": 2, "geom": "0101000020E610000000000000472153C0000000201A8F0B40", "fecha_hech": "2025-07-25 00:00:00", "Id": 0, "area": 136572.15568900001 }, "geometry": { "type": "Point", "coordinates": [ -76.519958496089998, 3.44487404823 ] } },
{ "type": "Feature", "properties": { "dinamica": "HURTO", "titulo": "DELITOS CONTRA EL PATRIMONIO ECONOMICO", "capitulo": "DEL HURTO", "articulo": "HURTO. ART. 239 C.P.", "grado_deli": "AGRAVADO", "tipo_notic": "DENUNCIA", "caracteriz": "HURTO A PERSONAS", "modalidad": "COSQUILLEO", "modo": null, "motivo": null, "pais": "COLOMBIA", "dane_dep": 76, "departamen": "VALLE DEL CAUCA", "dane_mpio": 76001, "municipio": "CALI", "cod_comuna": 9.0, "comuna": "Comuna 9", "cod_barrio": 910.0, "nom_barrio": "Barrio Obrero", "direccion": "76001 CL 22 CON CON KR 15 CALLE 22 CARRERA 15", "sitio": "SIN INFORMACION", "x": -76.52066040039, "y": 3.4445099830600001, "anio": 2025, "mes": "julio", "dia": 25, "dia_semana": 6, "hora_hecho": "09:30", "barrio": null, "estrato": 2, "geom": "0101000020E610000000000080522153C0000000405B8E0B40", "fecha_hech": "2025-07-25 00:00:00", "Id": 0, "area": 136572.15568900001 }, "geometry": { "type": "Point", "coordinates": [ -76.52066040039, 3.44450998306 ] } },
{ "type": "Feature", "properties": { "dinamica": "HURTO", "titulo": "DELITOS CONTRA EL PATRIMONIO ECONOMICO", "capitulo": "DEL HURTO", "articulo": "HURTO CALIFICADO. ART. 240 C.P.", "grado_deli": "AGRAVADO", "tipo_notic": "DENUNCIA", "caracteriz": "HURTO A PERSONAS", "modalidad": "ATRACO", "modo": "ARMA DE FUEGO", "motivo": null, "pais": "COLOMBIA", "dane_dep": 76, "departamen": "VALLE DEL CAUCA", "dane_mpio": 76001, "municipio": "CALI", "cod_comuna": 9.0, "comuna": "Comuna 9", "cod_barrio": 910.0, "nom_barrio": "Barrio Obrero", "direccion": "76001 CARRERA 8, SAN NICOLAS, CALI, VALLE DEL CAUCA", "sitio": "VIA PUBLICA", "x": -76.519096374509999, "y": 3.4528179168699999, "anio": 2025, "mes": "julio", "dia": 25, "dia_semana": 6, "hora_hecho": "23:00", "barrio": "BARRIO OBRERO", "estrato": 2, "geom": "0101000020E6100000000000E0382153C0000000005F9F0B40", "fecha_hech": "2025-07-25 00:00:00", "Id": 0, "area": 136572.15568900001 }, "geometry": { "type": "Point", "coordinates": [ -76.519096374509999, 3.45281791687 ] } },
{ "type": "Feature", "properties": { "dinamica": "HURTO", "titulo": "DELITOS CONTRA EL PATRIMONIO ECONOMICO", "capitulo": "DEL HURTO", "articulo": "HURTO. ART. 239 C.P.", "grado_deli": "NINGUNO", "tipo_notic": "DENUNCIA", "caracteriz": "HURTO A PERSONAS", "modalidad": "FACTOR DE OPORTUNIDAD", "modo": null, "motivo": null, "pais": "COLOMBIA", "dane_dep": 76, "departamen": "VALLE DEL CAUCA", "dane_mpio": 76001, "municipio": "CALI", "cod_comuna": 9.0, "comuna": "Comuna 9", "cod_barrio": 910.0, "nom_barrio": "Barrio Obrero", "direccion": "76001 CARRERA 10 23 100, BARRIO OBRERO, CALI, VALLE DEL CAUCA", "sitio": "VIA PUBLICA", "x": -76.520233154300001, "y": 3.4499781131699998, "anio": 2025, "mes": "julio", "dia": 27, "dia_semana": 1, "hora_hecho": "03:00", "barrio": "BARRIO OBRERO", "estrato": 2, "geom": "0101000020E6100000000000804B2153C0000000208E990B40", "fecha_hech": "2025-07-27 00:00:00", "Id": 0, "area": 136572.15568900001 }, "geometry": { "type": "Point", "coordinates": [ -76.520233154300001, 3.44997811317 ] } },
{ "type": "Feature", "properties": { "dinamica": "HURTO", "titulo": "DELITOS CONTRA EL PATRIMONIO ECONOMICO", "capitulo": "DEL HURTO", "articulo": "HURTO CALIFICADO. ART. 240 C.P.", "grado_deli": "AGRAVADO", "tipo_notic": "DENUNCIA", "caracteriz": "HURTO A PERSONAS", "modalidad": "ATRACO", "modo": "SIN ARMA", "motivo": null, "pais": "COLOMBIA", "dane_dep": 76, "departamen": "VALLE DEL CAUCA", "dane_mpio": 76001, "municipio": "CALI", "cod_comuna": 9.0, "comuna": "Comuna 9", "cod_barrio": 910.0, "nom_barrio": "Barrio Obrero", "direccion": "76001 CARRERA 13A 23 6", "sitio": "VIA PUBLICA", "x": -76.51880645752, "y": 3.4457149505600002, "anio": 2025, "mes": "julio", "dia": 28, "dia_semana": 2, "hora_hecho": "21:30", "barrio": "BARRIO OBRERO", "estrato": 2, "geom": "0101000020E610000000000020342153C000000000D3900B40", "fecha_hech": "2025-07-28 00:00:00", "Id": 0, "area": 136572.15568900001 }, "geometry": { "type": "Point", "coordinates": [ -76.51880645752, 3.44571495056 ] } },
{ "type": "Feature", "properties": { "dinamica": "HURTO", "titulo": "DELITOS CONTRA EL PATRIMONIO ECONOMICO", "capitulo": "DEL HURTO", "articulo": "HURTO CALIFICADO. ART. 240 C.P.", "grado_deli": "AGRAVADO", "tipo_notic": "DENUNCIA", "caracteriz": "HURTO A PERSONAS", "modalidad": "ATRACO", "modo": "ARMA DE FUEGO", "motivo": null, "pais": "COLOMBIA", "dane_dep": 76, "departamen": "VALLE DEL CAUCA", "dane_mpio": 76001, "municipio": "CALI", "cod_comuna": 9.0, "comuna": "Comuna 9", "cod_barrio": 910.0, "nom_barrio": "Barrio Obrero", "direccion": "76001 CALLE 21 14 21, SUCRE, CALI, VALLE DEL CAUCA", "sitio": "VIA PUBLICA", "x": -76.521408081049998, "y": 3.4445099830600001, "anio": 2025, "mes": "julio", "dia": 29, "dia_semana": 3, "hora_hecho": "09:30", "barrio": "BARRIO OBRERO", "estrato": 2, "geom": "0101000020E6100000000000C05E2153C0000000405B8E0B40", "fecha_hech": "2025-07-29 00:00:00", "Id": 0, "area": 136572.15568900001 }, "geometry": { "type": "Point", "coordinates": [ -76.521408081049998, 3.44450998306 ] } },
{ "type": "Feature", "properties": { "dinamica": "HURTO", "titulo": "DELITOS CONTRA EL PATRIMONIO ECONOMICO", "capitulo": "DEL HURTO", "articulo": "HURTO CALIFICADO. ART. 240 C.P.", "grado_deli": "AGRAVADO", "tipo_notic": "DENUNCIA", "caracteriz": "HURTO A PERSONAS", "modalidad": "ATRACO", "modo": "ARMA DE FUEGO", "motivo": null, "pais": "COLOMBIA", "dane_dep": 76, "departamen": "VALLE DEL CAUCA", "dane_mpio": 76001, "municipio": "CALI", "cod_comuna": 9.0, "comuna": "Comuna 9", "cod_barrio": 910.0, "nom_barrio": "Barrio Obrero", "direccion": "76001 CALLE 23, BARRIO OBRERO, CALI, VALLE DEL CAUCA, COL,BARRIO OBRERO", "sitio": "VIA PUBLICA", "x": -76.51993560791, "y": 3.4484190940900001, "anio": 2025, "mes": "julio", "dia": 29, "dia_semana": 3, "hora_hecho": "15:10", "barrio": "BARRIO OBRERO", "estrato": 2, "geom": "0101000020E6100000000000A0462153C0000000C05C960B40", "fecha_hech": "2025-07-29 00:00:00", "Id": 0, "area": 136572.15568900001 }, "geometry": { "type": "Point", "coordinates": [ -76.51993560791, 3.44841909409 ] } },
{ "type": "Feature", "properties": { "dinamica": "HURTO", "titulo": "DELITOS CONTRA EL PATRIMONIO ECONOMICO", "capitulo": "DEL HURTO", "articulo": "HURTO CALIFICADO. ART. 240 C.P.", "grado_deli": "NINGUNO", "tipo_notic": "DENUNCIA", "caracteriz": "HURTO DE AUTOPARTES", "modalidad": "RAPONAZO", "modo": null, "motivo": null, "pais": "COLOMBIA", "dane_dep": 76, "departamen": "VALLE DEL CAUCA", "dane_mpio": 76001, "municipio": "CALI", "cod_comuna": 9.0, "comuna": "Comuna 9", "cod_barrio": 910.0, "nom_barrio": "Barrio Obrero", "direccion": "76001 Calle 24 8 23, Barrio Obrero, Cali, Valle del Cauca, COL,BARRIO OBRERO", "sitio": "SIN INFORMACION", "x": -76.519622802729998, "y": 3.45236706734, "anio": 2025, "mes": "julio", "dia": 29, "dia_semana": 3, "hora_hecho": "20:40", "barrio": "BARRIO OBRERO", "estrato": 2, "geom": "0101000020E610000000000080412153C0000000A0729E0B40", "fecha_hech": "2025-07-29 00:00:00", "Id": 0, "area": 136572.15568900001 }, "geometry": { "type": "Point", "coordinates": [ -76.519622802729998, 3.45236706734 ] } },
{ "type": "Feature", "properties": { "dinamica": "HURTO", "titulo": "DELITOS CONTRA EL PATRIMONIO ECONOMICO", "capitulo": "DEL HURTO", "articulo": "HURTO CALIFICADO. ART. 240 C.P.", "grado_deli": "NINGUNO", "tipo_notic": "DENUNCIA", "caracteriz": "HURTO DE MOTOCICLETAS", "modalidad": "HALADO", "modo": null, "motivo": null, "pais": "COLOMBIA", "dane_dep": 76, "departamen": "VALLE DEL CAUCA", "dane_mpio": 76001, "municipio": "CALI", "cod_comuna": 9.0, "comuna": "Comuna 9", "cod_barrio": 910.0, "nom_barrio": "Barrio Obrero", "direccion": "76001 CARRERA 11 22, BARRIO OBRERO, CALI, VALLE DEL CAUCA", "sitio": "VEHICULO TAXI", "x": -76.521728515619998, "y": 3.4487209320100001, "anio": 2025, "mes": "agosto", "dia": 3, "dia_semana": 1, "hora_hecho": "16:00", "barrio": "BARRIO OBRERO", "estrato": 2, "geom": "0101000020E610000000000000642153C000000000FB960B40", "fecha_hech": "2025-08-03 00:00:00", "Id": 0, "area": 136572.15568900001 }, "geometry": { "type": "Point", "coordinates": [ -76.521728515619998, 3.44872093201 ] } },
{ "type": "Feature", "properties": { "dinamica": "HURTO", "titulo": "DELITOS CONTRA EL PATRIMONIO ECONOMICO", "capitulo": "DEL HURTO", "articulo": "HURTO CALIFICADO. ART. 240 C.P.", "grado_deli": "NINGUNO", "tipo_notic": "DENUNCIA", "caracteriz": "HURTO A PERSONAS", "modalidad": "ATRACO", "modo": "ARMA BLANCA", "motivo": null, "pais": "COLOMBIA", "dane_dep": 76, "departamen": "VALLE DEL CAUCA", "dane_mpio": 76001, "municipio": "CALI", "cod_comuna": 9.0, "comuna": "Comuna 9", "cod_barrio": 910.0, "nom_barrio": "Barrio Obrero", "direccion": "76001 Carrera 10 22, Barrio Obrero, Cali, Valle del Cauca, COL,BARRIO OBRERO", "sitio": "SIN INFORMACION", "x": -76.521453857419999, "y": 3.4495389461500001, "anio": 2025, "mes": "agosto", "dia": 8, "dia_semana": 6, "hora_hecho": "04:00", "barrio": "BARRIO OBRERO", "estrato": 2, "geom": "0101000020E6100000000000805F2153C0000000E0A7980B40", "fecha_hech": "2025-08-08 00:00:00", "Id": 0, "area": 136572.15568900001 }, "geometry": { "type": "Point", "coordinates": [ -76.521453857419999, 3.44953894615 ] } },
{ "type": "Feature", "properties": { "dinamica": "HURTO", "titulo": "DELITOS CONTRA EL PATRIMONIO ECONOMICO", "capitulo": "DEL HURTO", "articulo": "HURTO. ART. 239 C.P.", "grado_deli": "AGRAVADO", "tipo_notic": "DENUNCIA", "caracteriz": "HURTO A PERSONAS", "modalidad": "COSQUILLEO", "modo": null, "motivo": null, "pais": "COLOMBIA", "dane_dep": 76, "departamen": "VALLE DEL CAUCA", "dane_mpio": 76001, "municipio": "CALI", "cod_comuna": 9.0, "comuna": "Comuna 9", "cod_barrio": 910.0, "nom_barrio": "Barrio Obrero", "direccion": "76001 CARRERA 8 24, SAN NICOLAS, CALI, VALLE DEL CAUCA, COL,BARRIO OBRERO", "sitio": "OTRO", "x": -76.51953125, "y": 3.4527189731600001, "anio": 2025, "mes": "agosto", "dia": 9, "dia_semana": 7, "hora_hecho": "12:30", "barrio": "BARRIO OBRERO", "estrato": 2, "geom": "0101000020E610000000000000402153C0000000202B9F0B40", "fecha_hech": "2025-08-09 00:00:00", "Id": 0, "area": 136572.15568900001 }, "geometry": { "type": "Point", "coordinates": [ -76.51953125, 3.45271897316 ] } },
{ "type": "Feature", "properties": { "dinamica": "HURTO", "titulo": "DELITOS CONTRA EL PATRIMONIO ECONOMICO", "capitulo": "DEL HURTO", "articulo": "HURTO CALIFICADO. ART. 240 C.P.", "grado_deli": "NINGUNO", "tipo_notic": "DENUNCIA", "caracteriz": "HURTO A PERSONAS", "modalidad": "ATRACO", "modo": "ARMA BLANCA", "motivo": null, "pais": "COLOMBIA", "dane_dep": 76, "departamen": "VALLE DEL CAUCA", "dane_mpio": 76001, "municipio": "CALI", "cod_comuna": 9.0, "comuna": "Comuna 9", "cod_barrio": 910.0, "nom_barrio": "Barrio Obrero", "direccion": "76001 Carrera 10 con Calle 23, Barrio Obrero, Cali, Valle del Cauca, COL,BARRIO OBRERO", "sitio": "SIN INFORMACION", "x": -76.52027130127, "y": 3.4499089717899998, "anio": 2025, "mes": "agosto", "dia": 9, "dia_semana": 7, "hora_hecho": "19:00", "barrio": "BARRIO OBRERO", "estrato": 2, "geom": "0101000020E6100000000000204C2153C0000000E069990B40", "fecha_hech": "2025-08-09 00:00:00", "Id": 0, "area": 136572.15568900001 }, "geometry": { "type": "Point", "coordinates": [ -76.52027130127, 3.44990897179 ] } },
{ "type": "Feature", "properties": { "dinamica": "HURTO", "titulo": "DELITOS CONTRA EL PATRIMONIO ECONOMICO", "capitulo": "DEL HURTO", "articulo": "HURTO CALIFICADO. ART. 240 C.P.", "grado_deli": "AGRAVADO", "tipo_notic": "DENUNCIA", "caracteriz": "HURTO A PERSONAS", "modalidad": "ATRACO", "modo": "ARMA BLANCA", "motivo": null, "pais": "COLOMBIA", "dane_dep": 76, "departamen": "VALLE DEL CAUCA", "dane_mpio": 76001, "municipio": "CALI", "cod_comuna": 9.0, "comuna": "Comuna 9", "cod_barrio": 910.0, "nom_barrio": "Barrio Obrero", "direccion": "76001 CARRERA 11B 22A 59", "sitio": "VIA PUBLICA", "x": -76.520317077640001, "y": 3.44849205017, "anio": 2025, "mes": "agosto", "dia": 13, "dia_semana": 4, "hora_hecho": "20:00", "barrio": "BARRIO OBRERO", "estrato": 2, "geom": "0101000020E6100000000000E04C2153C00000000083960B40", "fecha_hech": "2025-08-13 00:00:00", "Id": 0, "area": 136572.15568900001 }, "geometry": { "type": "Point", "coordinates": [ -76.520317077640001, 3.44849205017 ] } },
{ "type": "Feature", "properties": { "dinamica": "HURTO", "titulo": "DELITOS CONTRA EL PATRIMONIO ECONOMICO", "capitulo": "DEL HURTO", "articulo": "HURTO CALIFICADO. ART. 240 C.P.", "grado_deli": "NINGUNO", "tipo_notic": "DENUNCIA", "caracteriz": "HURTO DE MOTOCICLETAS", "modalidad": "ATRACO", "modo": "ARMA DE FUEGO", "motivo": null, "pais": "COLOMBIA", "dane_dep": 76, "departamen": "VALLE DEL CAUCA", "dane_mpio": 76001, "municipio": "CALI", "cod_comuna": 9.0, "comuna": "Comuna 9", "cod_barrio": 910.0, "nom_barrio": "Barrio Obrero", "direccion": "76001 CALLE 22 10 10, BARRIO OBRERO, CALI, VALLE DEL CAUCA", "sitio": "VIA PUBLICA", "x": -76.521697998050001, "y": 3.4488399028800001, "anio": 2025, "mes": "agosto", "dia": 16, "dia_semana": 7, "hora_hecho": "16:30", "barrio": "BARRIO OBRERO", "estrato": 2, "geom": "0101000020E610000000000080632153C00000006039970B40", "fecha_hech": "2025-08-16 00:00:00", "Id": 0, "area": 136572.15568900001 }, "geometry": { "type": "Point", "coordinates": [ -76.521697998050001, 3.44883990288 ] } },
{ "type": "Feature", "properties": { "dinamica": "HURTO", "titulo": "DELITOS CONTRA EL PATRIMONIO ECONOMICO", "capitulo": "DEL HURTO", "articulo": "HURTO CALIFICADO. ART. 240 C.P.", "grado_deli": "NINGUNO", "tipo_notic": "DENUNCIA", "caracteriz": "HURTO A PERSONAS", "modalidad": "VIOLACION DE CERRADURA", "modo": null, "motivo": null, "pais": "COLOMBIA", "dane_dep": 76, "departamen": "VALLE DEL CAUCA", "dane_mpio": 76001, "municipio": "CALI", "cod_comuna": 9.0, "comuna": "Comuna 9", "cod_barrio": 910.0, "nom_barrio": "Barrio Obrero", "direccion": "76001 CARRERA 8 21, SAN NICOLAS, CALI, VALLE DEL CAUCA", "sitio": "DOMICILIO", "x": -76.522819519039999, "y": 3.4519050121300001, "anio": 2025, "mes": "agosto", "dia": 17, "dia_semana": 1, "hora_hecho": "14:05", "barrio": "SAN NICOLÁS", "estrato": 2, "geom": "0101000020E6100000000000E0752153C000000060809D0B40", "fecha_hech": "2025-08-17 00:00:00", "Id": 0, "area": 136572.15568900001 }, "geometry": { "type": "Point", "coordinates": [ -76.522819519039999, 3.45190501213 ] } },
{ "type": "Feature", "properties": { "dinamica": "HURTO", "titulo": "DELITOS CONTRA EL PATRIMONIO ECONOMICO", "capitulo": "DEL HURTO", "articulo": "HURTO. ART. 239 C.P.", "grado_deli": "NINGUNO", "tipo_notic": "DENUNCIA", "caracteriz": "HURTO A PERSONAS", "modalidad": "FACTOR DE OPORTUNIDAD", "modo": null, "motivo": null, "pais": "COLOMBIA", "dane_dep": 76, "departamen": "VALLE DEL CAUCA", "dane_mpio": 76001, "municipio": "CALI", "cod_comuna": 9.0, "comuna": "Comuna 9", "cod_barrio": 910.0, "nom_barrio": "Barrio Obrero", "direccion": "76001 CARRERA 9 24 71, BARRIO OBRERO, CALI, VALLE DEL CAUCA", "sitio": "OTRO", "x": -76.51894378662, "y": 3.4512948989900001, "anio": 2025, "mes": "agosto", "dia": 22, "dia_semana": 6, "hora_hecho": "15:08", "barrio": "BARRIO OBRERO", "estrato": 2, "geom": "0101000020E610000000000060362153C000000080409C0B40", "fecha_hech": "2025-08-22 00:00:00", "Id": 0, "area": 136572.15568900001 }, "geometry": { "type": "Point", "coordinates": [ -76.51894378662, 3.45129489899 ] } },
{ "type": "Feature", "properties": { "dinamica": "HURTO", "titulo": "DELITOS CONTRA EL PATRIMONIO ECONOMICO", "capitulo": "DEL HURTO", "articulo": "HURTO CALIFICADO. ART. 240 C.P.", "grado_deli": "NINGUNO", "tipo_notic": "DENUNCIA", "caracteriz": "HURTO DE AUTOPARTES", "modalidad": "FACTOR DE OPORTUNIDAD", "modo": null, "motivo": null, "pais": "COLOMBIA", "dane_dep": 76, "departamen": "VALLE DEL CAUCA", "dane_mpio": 76001, "municipio": "CALI", "cod_comuna": 9.0, "comuna": "Comuna 9", "cod_barrio": 910.0, "nom_barrio": "Barrio Obrero", "direccion": "76001", "sitio": "SIN INFORMACION", "x": -76.519966125490001, "y": 3.4526200294499998, "anio": 2025, "mes": "agosto", "dia": 26, "dia_semana": 3, "hora_hecho": "15:30", "barrio": null, "estrato": 2, "geom": "0101000020E610000000000020472153C000000040F79E0B40", "fecha_hech": "2025-08-26 00:00:00", "Id": 0, "area": 136572.15568900001 }, "geometry": { "type": "Point", "coordinates": [ -76.519966125490001, 3.45262002945 ] } },
{ "type": "Feature", "properties": { "dinamica": "HURTO", "titulo": "DELITOS CONTRA EL PATRIMONIO ECONOMICO", "capitulo": "DEL HURTO", "articulo": "HURTO CALIFICADO. ART. 240 C.P.", "grado_deli": "AGRAVADO", "tipo_notic": "DENUNCIA", "caracteriz": "HURTO A PERSONAS", "modalidad": "ATRACO", "modo": "ARMA DE FUEGO", "motivo": null, "pais": "COLOMBIA", "dane_dep": 76, "departamen": "VALLE DEL CAUCA", "dane_mpio": 76001, "municipio": "CALI", "cod_comuna": 9.0, "comuna": "Comuna 9", "cod_barrio": 910.0, "nom_barrio": "Barrio Obrero", "direccion": "76001 CARRERA 11 23 23, BARRIO OBRERO, CALI, VALLE DEL CAUCA", "sitio": "VIA PUBLICA", "x": -76.519874572749998, "y": 3.44916605949, "anio": 2025, "mes": "agosto", "dia": 27, "dia_semana": 4, "hora_hecho": "00:10", "barrio": "BARRIO OBRERO", "estrato": 2, "geom": "0101000020E6100000000000A0452153C000000060E4970B40", "fecha_hech": "2025-08-27 00:00:00", "Id": 0, "area": 136572.15568900001 }, "geometry": { "type": "Point", "coordinates": [ -76.519874572749998, 3.44916605949 ] } },
{ "type": "Feature", "properties": { "dinamica": "HURTO", "titulo": "DELITOS CONTRA EL PATRIMONIO ECONOMICO", "capitulo": "DEL HURTO", "articulo": "HURTO CALIFICADO. ART. 240 C.P.", "grado_deli": "NINGUNO", "tipo_notic": "DENUNCIA", "caracteriz": "HURTO A PERSONAS", "modalidad": "VIOLACION DE CERRADURA", "modo": null, "motivo": null, "pais": "COLOMBIA", "dane_dep": 76, "departamen": "VALLE DEL CAUCA", "dane_mpio": 76001, "municipio": "CALI", "cod_comuna": 9.0, "comuna": "Comuna 9", "cod_barrio": 910.0, "nom_barrio": "Barrio Obrero", "direccion": "76001 CALLE 22A 11D 98", "sitio": "VIA PUBLICA", "x": -76.520401000980002, "y": 3.44639611244, "anio": 2025, "mes": "agosto", "dia": 28, "dia_semana": 5, "hora_hecho": "16:00", "barrio": "BARRIO OBRERO", "estrato": 2, "geom": "0101000020E6100000000000404E2153C00000002038920B40", "fecha_hech": "2025-08-28 00:00:00", "Id": 0, "area": 136572.15568900001 }, "geometry": { "type": "Point", "coordinates": [ -76.520401000980002, 3.44639611244 ] } },
{ "type": "Feature", "properties": { "dinamica": "HURTO", "titulo": "DELITOS CONTRA EL PATRIMONIO ECONOMICO", "capitulo": "DEL HURTO", "articulo": "HURTO CALIFICADO. ART. 240 C.P.", "grado_deli": "AGRAVADO", "tipo_notic": "DENUNCIA", "caracteriz": "HURTO A ESTABLECIMIENTOS", "modalidad": "VANDALISMO/SAQUEO", "modo": null, "motivo": null, "pais": "COLOMBIA", "dane_dep": 76, "departamen": "VALLE DEL CAUCA", "dane_mpio": 76001, "municipio": "CALI", "cod_comuna": 9.0, "comuna": "Comuna 9", "cod_barrio": 910.0, "nom_barrio": "Barrio Obrero", "direccion": "76001 CALLE 23 9 22, BARRIO OBRERO, CALI, VALLE DEL CAUCA", "sitio": "LOCAL COMERCIAL", "x": -76.520263671880002, "y": 3.4501249790199999, "anio": 2025, "mes": "agosto", "dia": 31, "dia_semana": 1, "hora_hecho": "15:31", "barrio": "BARRIO OBRERO", "estrato": 2, "geom": "0101000020E6100000000000004C2153C000000020DB990B40", "fecha_hech": "2025-08-31 00:00:00", "Id": 0, "area": 136572.15568900001 }, "geometry": { "type": "Point", "coordinates": [ -76.520263671880002, 3.45012497902 ] } },
{ "type": "Feature", "properties": { "dinamica": "HURTO", "titulo": "DELITOS CONTRA EL PATRIMONIO ECONOMICO", "capitulo": "DEL HURTO", "articulo": "HURTO CALIFICADO. ART. 240 C.P.", "grado_deli": "NINGUNO", "tipo_notic": "DENUNCIA", "caracteriz": "HURTO DE MOTOCICLETAS", "modalidad": "HALADO", "modo": null, "motivo": null, "pais": "COLOMBIA", "dane_dep": 76, "departamen": "VALLE DEL CAUCA", "dane_mpio": 76001, "municipio": "CALI", "cod_comuna": 9.0, "comuna": "Comuna 9", "cod_barrio": 910.0, "nom_barrio": "Barrio Obrero", "direccion": "76001 CL 22 CON KR 11-47 CALLE 22 No 11 47", "sitio": "SIN INFORMACION", "x": -76.521743774409998, "y": 3.4484300613399999, "anio": 2025, "mes": "septiembre", "dia": 2, "dia_semana": 3, "hora_hecho": "03:30", "barrio": null, "estrato": 2, "geom": "0101000020E610000000000040642153C00000008062960B40", "fecha_hech": "2025-09-02 00:00:00", "Id": 0, "area": 136572.15568900001 }, "geometry": { "type": "Point", "coordinates": [ -76.521743774409998, 3.44843006134 ] } },
{ "type": "Feature", "properties": { "dinamica": "HURTO", "titulo": "DELITOS CONTRA EL PATRIMONIO ECONOMICO", "capitulo": "DEL HURTO", "articulo": "HURTO CALIFICADO. ART. 240 C.P.", "grado_deli": "NINGUNO", "tipo_notic": "DENUNCIA", "caracteriz": "HURTO A PERSONAS", "modalidad": "FACTOR DE OPORTUNIDAD", "modo": null, "motivo": null, "pais": "COLOMBIA", "dane_dep": 76, "departamen": "VALLE DEL CAUCA", "dane_mpio": 76001, "municipio": "CALI", "cod_comuna": 9.0, "comuna": "Comuna 9", "cod_barrio": 910.0, "nom_barrio": "Barrio Obrero", "direccion": "76001 Carrera 10 24, Barrio Obrero, Cali, Valle del Cauca, COL,BARRIO OBRERO", "sitio": "SIN INFORMACION", "x": -76.518997192379999, "y": 3.4501819610600002, "anio": 2025, "mes": "septiembre", "dia": 7, "dia_semana": 1, "hora_hecho": "05:00", "barrio": "BARRIO OBRERO", "estrato": 2, "geom": "0101000020E610000000000040372153C000000000F9990B40", "fecha_hech": "2025-09-07 00:00:00", "Id": 0, "area": 136572.15568900001 }, "geometry": { "type": "Point", "coordinates": [ -76.518997192379999, 3.45018196106 ] } },
{ "type": "Feature", "properties": { "dinamica": "HURTO", "titulo": "DELITOS CONTRA EL PATRIMONIO ECONOMICO", "capitulo": "DEL HURTO", "articulo": "HURTO CALIFICADO. ART. 240 C.P.", "grado_deli": "NINGUNO", "tipo_notic": "DENUNCIA", "caracteriz": "HURTO A PERSONAS", "modalidad": "RAPONAZO", "modo": null, "motivo": null, "pais": "COLOMBIA", "dane_dep": 76, "departamen": "VALLE DEL CAUCA", "dane_mpio": 76001, "municipio": "CALI", "cod_comuna": 9.0, "comuna": "Comuna 9", "cod_barrio": 910.0, "nom_barrio": "Barrio Obrero", "direccion": "76001 CARRERA 15 CON ENTRADA A LA CARRERA 15, BARRIO OBRERO, CALI, VALLE DEL CAUCA", "sitio": "VIA PUBLICA", "x": -76.518730163569998, "y": 3.4450991153700001, "anio": 2025, "mes": "septiembre", "dia": 9, "dia_semana": 3, "hora_hecho": "13:00", "barrio": "BARRIO OBRERO", "estrato": 2, "geom": "0101000020E6100000000000E0322153C000000020908F0B40", "fecha_hech": "2025-09-09 00:00:00", "Id": 0, "area": 136572.15568900001 }, "geometry": { "type": "Point", "coordinates": [ -76.518730163569998, 3.44509911537 ] } },
{ "type": "Feature", "properties": { "dinamica": "HURTO", "titulo": "DELITOS CONTRA EL PATRIMONIO ECONOMICO", "capitulo": "DEL HURTO", "articulo": "HURTO CALIFICADO. ART. 240 C.P.", "grado_deli": "AGRAVADO", "tipo_notic": "DENUNCIA", "caracteriz": "HURTO A CELULARES", "modalidad": "ATRACO", "modo": "ARMA DE FUEGO", "motivo": "SIN DETERMINAR", "pais": "COLOMBIA", "dane_dep": 76, "departamen": "VALLE DEL CAUCA", "dane_mpio": 76001, "municipio": "CALI", "cod_comuna": 9.0, "comuna": "Comuna 9", "cod_barrio": 910.0, "nom_barrio": "Barrio Obrero", "direccion": "76001 CARRERA 15 21, BARRIO OBRERO, CALI, VALLE DEL CAUCA", "sitio": "VIA PUBLICA", "x": -76.521125793460001, "y": 3.4441049099000001, "anio": 2025, "mes": "septiembre", "dia": 11, "dia_semana": 5, "hora_hecho": "13:00", "barrio": "BARRIO OBRERO", "estrato": 2, "geom": "0101000020E6100000000000205A2153C0000000E0868D0B40", "fecha_hech": "2025-09-11 00:00:00", "Id": 0, "area": 136572.15568900001 }, "geometry": { "type": "Point", "coordinates": [ -76.521125793460001, 3.4441049099 ] } },
{ "type": "Feature", "properties": { "dinamica": "HURTO", "titulo": "DELITOS CONTRA EL PATRIMONIO ECONOMICO", "capitulo": "DEL HURTO", "articulo": "HURTO CALIFICADO. ART. 240 C.P.", "grado_deli": "NINGUNO", "tipo_notic": "DENUNCIA", "caracteriz": "HURTO A PERSONAS", "modalidad": "ATRACO", "modo": "ARMA DE FUEGO", "motivo": null, "pais": "COLOMBIA", "dane_dep": 76, "departamen": "VALLE DEL CAUCA", "dane_mpio": 76001, "municipio": "CALI", "cod_comuna": 9.0, "comuna": "Comuna 9", "cod_barrio": 910.0, "nom_barrio": "Barrio Obrero", "direccion": "76001 Calle 25 10 16, Barrio Obrero, Cali, Valle del Cauca, COL,BARRIO OBRERO", "sitio": "SIN INFORMACION", "x": -76.518592834469999, "y": 3.4499819278700001, "anio": 2025, "mes": "septiembre", "dia": 14, "dia_semana": 1, "hora_hecho": "09:00", "barrio": "BARRIO OBRERO", "estrato": 2, "geom": "0101000020E6100000000000A0302153C00000002090990B40", "fecha_hech": "2025-09-14 00:00:00", "Id": 0, "area": 136572.15568900001 }, "geometry": { "type": "Point", "coordinates": [ -76.518592834469999, 3.44998192787 ] } },
{ "type": "Feature", "properties": { "dinamica": "HURTO", "titulo": "DELITOS CONTRA EL PATRIMONIO ECONOMICO", "capitulo": "DEL HURTO", "articulo": "HURTO CALIFICADO. ART. 240 C.P.", "grado_deli": "AGRAVADO", "tipo_notic": "DENUNCIA", "caracteriz": "HURTO A PERSONAS", "modalidad": "ATRACO", "modo": "ARMA DE FUEGO", "motivo": null, "pais": "COLOMBIA", "dane_dep": 76, "departamen": "VALLE DEL CAUCA", "dane_mpio": 76001, "municipio": "CALI", "cod_comuna": 9.0, "comuna": "Comuna 9", "cod_barrio": 910.0, "nom_barrio": "Barrio Obrero", "direccion": "76001 CALLE 21 11 57, BARRIO OBRERO, CALI, VALLE DEL CAUCA", "sitio": "VEHICULO", "x": -76.52207183838, "y": 3.44797992706, "anio": 2025, "mes": "septiembre", "dia": 17, "dia_semana": 4, "hora_hecho": "15:30", "barrio": "BARRIO OBRERO", "estrato": 2, "geom": "0101000020E6100000000000A0692153C00000008076950B40", "fecha_hech": "2025-09-17 00:00:00", "Id": 0, "area": 136572.15568900001 }, "geometry": { "type": "Point", "coordinates": [ -76.52207183838, 3.44797992706 ] } },
{ "type": "Feature", "properties": { "dinamica": "HURTO", "titulo": "DELITOS CONTRA EL PATRIMONIO ECONOMICO", "capitulo": "DEL HURTO", "articulo": "HURTO CALIFICADO. ART. 240 C.P.", "grado_deli": "NINGUNO", "tipo_notic": "DENUNCIA", "caracteriz": "HURTO DE MOTOCICLETAS", "modalidad": "HALADO", "modo": null, "motivo": null, "pais": "COLOMBIA", "dane_dep": 76, "departamen": "VALLE DEL CAUCA", "dane_mpio": 76001, "municipio": "CALI", "cod_comuna": 9.0, "comuna": "Comuna 9", "cod_barrio": 910.0, "nom_barrio": "Barrio Obrero", "direccion": "76001 CARRERA 10 21 9", "sitio": "VIA PUBLICA", "x": -76.52254486084, "y": 3.4493830204, "anio": 2025, "mes": "septiembre", "dia": 21, "dia_semana": 1, "hora_hecho": "03:00", "barrio": "BARRIO OBRERO", "estrato": 2, "geom": "0101000020E610000000000060712153C00000002056980B40", "fecha_hech": "2025-09-21 00:00:00", "Id": 0, "area": 136572.15568900001 }, "geometry": { "type": "Point", "coordinates": [ -76.52254486084, 3.4493830204 ] } },
{ "type": "Feature", "properties": { "dinamica": "HURTO", "titulo": "DELITOS CONTRA EL PATRIMONIO ECONOMICO", "capitulo": "DEL HURTO", "articulo": "HURTO. ART. 239 C.P.", "grado_deli": "AGRAVADO", "tipo_notic": "DENUNCIA", "caracteriz": "HURTO A PERSONAS", "modalidad": "COSQUILLEO", "modo": null, "motivo": null, "pais": "COLOMBIA", "dane_dep": 76, "departamen": "VALLE DEL CAUCA", "dane_mpio": 76001, "municipio": "CALI", "cod_comuna": 9.0, "comuna": "Comuna 9", "cod_barrio": 910.0, "nom_barrio": "Barrio Obrero", "direccion": "76001 KR 10 CON CL 21", "sitio": "ESTABLECIMIENTO PUBLICO", "x": -76.522567749019998, "y": 3.4491529464699999, "anio": 2025, "mes": "septiembre", "dia": 27, "dia_semana": 7, "hora_hecho": "14:30", "barrio": null, "estrato": 2, "geom": "0101000020E6100000000000C0712153C000000080DD970B40", "fecha_hech": "2025-09-27 00:00:00", "Id": 0, "area": 136572.15568900001 }, "geometry": { "type": "Point", "coordinates": [ -76.522567749019998, 3.44915294647 ] } },
{ "type": "Feature", "properties": { "dinamica": "HURTO", "titulo": "DELITOS CONTRA EL PATRIMONIO ECONOMICO", "capitulo": "DEL HURTO", "articulo": "HURTO CALIFICADO. ART. 240 C.P.", "grado_deli": "AGRAVADO", "tipo_notic": "DENUNCIA", "caracteriz": "HURTO A PERSONAS", "modalidad": "ATRACO", "modo": "ARMA DE FUEGO", "motivo": null, "pais": "COLOMBIA", "dane_dep": 76, "departamen": "VALLE DEL CAUCA", "dane_mpio": 76001, "municipio": "CALI", "cod_comuna": 9.0, "comuna": "Comuna 9", "cod_barrio": 910.0, "nom_barrio": "Barrio Obrero", "direccion": "76001 DG 23 CL 11-7 DG 23 11 07", "sitio": "SIN INFORMACION", "x": -76.522895812990001, "y": 3.4502170085900001, "anio": 2025, "mes": "septiembre", "dia": 28, "dia_semana": 1, "hora_hecho": "03:30", "barrio": null, "estrato": 2, "geom": "0101000020E610000000000020772153C0000000600B9A0B40", "fecha_hech": "2025-09-28 00:00:00", "Id": 0, "area": 136572.15568900001 }, "geometry": { "type": "Point", "coordinates": [ -76.522895812990001, 3.45021700859 ] } },
{ "type": "Feature", "properties": { "dinamica": "HURTO", "titulo": "DELITOS CONTRA EL PATRIMONIO ECONOMICO", "capitulo": "DEL HURTO", "articulo": "HURTO CALIFICADO. ART. 240 C.P.", "grado_deli": "AGRAVADO", "tipo_notic": "DENUNCIA", "caracteriz": "HURTO A PERSONAS", "modalidad": "ATRACO", "modo": "SIN ARMA", "motivo": null, "pais": "COLOMBIA", "dane_dep": 76, "departamen": "VALLE DEL CAUCA", "dane_mpio": 76001, "municipio": "CALI", "cod_comuna": 9.0, "comuna": "Comuna 9", "cod_barrio": 910.0, "nom_barrio": "Barrio Obrero", "direccion": "76001 CALLE 25 CON CARRERA 9, BARRIO OBRERO, CALI, VALLE DEL CAUCA", "sitio": "VIA PUBLICA", "x": -76.518760681149999, "y": 3.45110106468, "anio": 2025, "mes": "octubre", "dia": 1, "dia_semana": 4, "hora_hecho": "01:00", "barrio": "BARRIO OBRERO", "estrato": 2, "geom": "0101000020E610000000000060332153C0000000E0DA9B0B40", "fecha_hech": "2025-10-01 00:00:00", "Id": 0, "area": 136572.15568900001 }, "geometry": { "type": "Point", "coordinates": [ -76.518760681149999, 3.45110106468 ] } },
{ "type": "Feature", "properties": { "dinamica": "HURTO", "titulo": "DELITOS CONTRA EL PATRIMONIO ECONOMICO", "capitulo": "DEL HURTO", "articulo": "HURTO. ART. 239 C.P.", "grado_deli": "AGRAVADO", "tipo_notic": "DENUNCIA", "caracteriz": "HURTO A PERSONAS", "modalidad": "ATRACO", "modo": "ARMA BLANCA", "motivo": null, "pais": "COLOMBIA", "dane_dep": 76, "departamen": "VALLE DEL CAUCA", "dane_mpio": 76001, "municipio": "CALI", "cod_comuna": 9.0, "comuna": "Comuna 9", "cod_barrio": 910.0, "nom_barrio": "Barrio Obrero", "direccion": "76001 KR 8 CL 22-15 KR 8 22 15", "sitio": "VIA PUBLICA", "x": -76.521774291989999, "y": 3.4522030353500002, "anio": 2025, "mes": "octubre", "dia": 1, "dia_semana": 4, "hora_hecho": "19:30", "barrio": null, "estrato": 2, "geom": "0101000020E6100000000000C0642153C0000000A01C9E0B40", "fecha_hech": "2025-10-01 00:00:00", "Id": 0, "area": 136572.15568900001 }, "geometry": { "type": "Point", "coordinates": [ -76.521774291989999, 3.45220303535 ] } },
{ "type": "Feature", "properties": { "dinamica": "HURTO", "titulo": "DELITOS CONTRA EL PATRIMONIO ECONOMICO", "capitulo": "DEL HURTO", "articulo": "HURTO. ART. 239 C.P.", "grado_deli": "NINGUNO", "tipo_notic": "QUERELLA", "caracteriz": "HURTO A PERSONAS", "modalidad": "FACTOR DE OPORTUNIDAD", "modo": null, "motivo": null, "pais": "COLOMBIA", "dane_dep": 76, "departamen": "VALLE DEL CAUCA", "dane_mpio": 76001, "municipio": "CALI", "cod_comuna": 9.0, "comuna": "Comuna 9", "cod_barrio": 910.0, "nom_barrio": "Barrio Obrero", "direccion": "76001 Obrero, Cali, El Valle, COL,BARRIO OBRERO", "sitio": "SIN INFORMACION", "x": -76.520362853999998, "y": 3.44901990891, "anio": 2025, "mes": "octubre", "dia": 4, "dia_semana": 7, "hora_hecho": "12:15", "barrio": "BARRIO OBRERO", "estrato": 2, "geom": "0101000020E6100000000000A04D2153C0000000C097970B40", "fecha_hech": "2025-10-04 00:00:00", "Id": 0, "area": 136572.15568900001 }, "geometry": { "type": "Point", "coordinates": [ -76.520362854, 3.44901990891 ] } },
{ "type": "Feature", "properties": { "dinamica": "HURTO", "titulo": "DELITOS CONTRA EL PATRIMONIO ECONOMICO", "capitulo": "DEL HURTO", "articulo": "HURTO. ART. 239 C.P.", "grado_deli": "AGRAVADO", "tipo_notic": "DENUNCIA", "caracteriz": "HURTO A ESTABLECIMIENTOS", "modalidad": "FACTOR DE OPORTUNIDAD", "modo": null, "motivo": null, "pais": "COLOMBIA", "dane_dep": 76, "departamen": "VALLE DEL CAUCA", "dane_mpio": 76001, "municipio": "CALI", "cod_comuna": 9.0, "comuna": "Comuna 9", "cod_barrio": 910.0, "nom_barrio": "Barrio Obrero", "direccion": "76001 Carrera 10 22A 22, Barrio Obrero, Cali, Valle del Cauca, COL,BARRIO OBRERO", "sitio": "SIN INFORMACION", "x": -76.520805358890001, "y": 3.4496130943300001, "anio": 2025, "mes": "octubre", "dia": 6, "dia_semana": 2, "hora_hecho": "05:07", "barrio": "BARRIO OBRERO", "estrato": 2, "geom": "0101000020E6100000000000E0542153C0000000C0CE980B40", "fecha_hech": "2025-10-06 00:00:00", "Id": 0, "area": 136572.15568900001 }, "geometry": { "type": "Point", "coordinates": [ -76.520805358890001, 3.44961309433 ] } },
{ "type": "Feature", "properties": { "dinamica": "HURTO", "titulo": "DELITOS CONTRA EL PATRIMONIO ECONOMICO", "capitulo": "DEL HURTO", "articulo": "HURTO. ART. 239 C.P.", "grado_deli": "AGRAVADO", "tipo_notic": "DENUNCIA", "caracteriz": "HURTO A ESTABLECIMIENTOS", "modalidad": "FACTOR DE OPORTUNIDAD", "modo": null, "motivo": null, "pais": "COLOMBIA", "dane_dep": 76, "departamen": "VALLE DEL CAUCA", "dane_mpio": 76001, "municipio": "CALI", "cod_comuna": 9.0, "comuna": "Comuna 9", "cod_barrio": 910.0, "nom_barrio": "Barrio Obrero", "direccion": "76001 Industria Colombiana De Cáfe SA, Calle 23 10 25, Barrio Obrero, Cali, Valle del Cauca, COL,BARRIO OBRERO", "sitio": "SIN INFORMACION", "x": -76.520210266109999, "y": 3.44910597801, "anio": 2025, "mes": "octubre", "dia": 7, "dia_semana": 3, "hora_hecho": "02:17", "barrio": "BARRIO OBRERO", "estrato": 2, "geom": "0101000020E6100000000000204B2153C0000000E0C4970B40", "fecha_hech": "2025-10-07 00:00:00", "Id": 0, "area": 136572.15568900001 }, "geometry": { "type": "Point", "coordinates": [ -76.520210266109999, 3.44910597801 ] } },
{ "type": "Feature", "properties": { "dinamica": "HURTO", "titulo": "DELITOS CONTRA EL PATRIMONIO ECONOMICO", "capitulo": "DEL HURTO", "articulo": "HURTO. ART. 239 C.P.", "grado_deli": "AGRAVADO", "tipo_notic": "DENUNCIA", "caracteriz": "HURTO A PERSONAS", "modalidad": "FACTOR DE OPORTUNIDAD", "modo": null, "motivo": null, "pais": "COLOMBIA", "dane_dep": 76, "departamen": "VALLE DEL CAUCA", "dane_mpio": 76001, "municipio": "CALI", "cod_comuna": 9.0, "comuna": "Comuna 9", "cod_barrio": 910.0, "nom_barrio": "Barrio Obrero", "direccion": "76001 Calle 23 8 6, Barrio Obrero, Cali, Valle del Cauca, COL,BARRIO OBRERO", "sitio": "SIN INFORMACION", "x": -76.520599365229998, "y": 3.4516899585699998, "anio": 2025, "mes": "octubre", "dia": 7, "dia_semana": 3, "hora_hecho": "13:45", "barrio": "BARRIO OBRERO", "estrato": 2, "geom": "0101000020E610000000000080512153C0000000A00F9D0B40", "fecha_hech": "2025-10-07 00:00:00", "Id": 0, "area": 136572.15568900001 }, "geometry": { "type": "Point", "coordinates": [ -76.520599365229998, 3.45168995857 ] } },
{ "type": "Feature", "properties": { "dinamica": "HURTO", "titulo": "DELITOS CONTRA EL PATRIMONIO ECONOMICO", "capitulo": "DEL HURTO", "articulo": "HURTO CALIFICADO. ART. 240 C.P.", "grado_deli": "AGRAVADO", "tipo_notic": "DENUNCIA", "caracteriz": "HURTO A PERSONAS", "modalidad": "ATRACO", "modo": "ARMA BLANCA", "motivo": null, "pais": "COLOMBIA", "dane_dep": 76, "departamen": "VALLE DEL CAUCA", "dane_mpio": 76001, "municipio": "CALI", "cod_comuna": 9.0, "comuna": "Comuna 9", "cod_barrio": 910.0, "nom_barrio": "Barrio Obrero", "direccion": "76001 CL 25 CON CON KR 8 CALLE 25 CARRERA 8", "sitio": "SIN INFORMACION", "x": -76.519287109380002, "y": 3.4527781009699998, "anio": 2025, "mes": "octubre", "dia": 8, "dia_semana": 4, "hora_hecho": "06:00", "barrio": null, "estrato": 2, "geom": "0101000020E6100000000000003C2153C0000000204A9F0B40", "fecha_hech": "2025-10-08 00:00:00", "Id": 0, "area": 136572.15568900001 }, "geometry": { "type": "Point", "coordinates": [ -76.519287109380002, 3.45277810097 ] } },
{ "type": "Feature", "properties": { "dinamica": "HURTO", "titulo": "DELITOS CONTRA EL PATRIMONIO ECONOMICO", "capitulo": "DEL HURTO", "articulo": "HURTO CALIFICADO. ART. 240 C.P.", "grado_deli": "NINGUNO", "tipo_notic": "DENUNCIA", "caracteriz": "HURTO DE MOTOCICLETAS", "modalidad": "HALADO", "modo": null, "motivo": null, "pais": "COLOMBIA", "dane_dep": 76, "departamen": "VALLE DEL CAUCA", "dane_mpio": 76001, "municipio": "CALI", "cod_comuna": 9.0, "comuna": "Comuna 9", "cod_barrio": 910.0, "nom_barrio": "Barrio Obrero", "direccion": "76001 CARRERA 14 21 42, BARRIO OBRERO, CALI, VALLE DEL CAUCA", "sitio": "VIA PUBLICA", "x": -76.521018981929998, "y": 3.4446699619299999, "anio": 2025, "mes": "octubre", "dia": 11, "dia_semana": 7, "hora_hecho": "18:23", "barrio": "BARRIO OBRERO", "estrato": 2, "geom": "0101000020E610000000000060582153C000000020AF8E0B40", "fecha_hech": "2025-10-11 00:00:00", "Id": 0, "area": 136572.15568900001 }, "geometry": { "type": "Point", "coordinates": [ -76.521018981929998, 3.44466996193 ] } },
{ "type": "Feature", "properties": { "dinamica": "HURTO", "titulo": "DELITOS CONTRA EL PATRIMONIO ECONOMICO", "capitulo": "DEL HURTO", "articulo": "HURTO. ART. 239 C.P.", "grado_deli": "NINGUNO", "tipo_notic": "DENUNCIA", "caracteriz": "HURTO A PERSONAS", "modalidad": "COSQUILLEO", "modo": null, "motivo": null, "pais": "COLOMBIA", "dane_dep": 76, "departamen": "VALLE DEL CAUCA", "dane_mpio": 76001, "municipio": "CALI", "cod_comuna": 9.0, "comuna": "Comuna 9", "cod_barrio": 910.0, "nom_barrio": "Barrio Obrero", "direccion": "76001 BARRIO/LOCALIDAD/COMUNA:BARRIO OBRERO/COMUNA 9,CALI/VALLE DEL CAUCA,BARRIO OBRERO", "sitio": "SIN INFORMACION", "x": -76.520301818850001, "y": 3.4488151073500002, "anio": 2025, "mes": "octubre", "dia": 14, "dia_semana": 3, "hora_hecho": "22:00", "barrio": "BARRIO OBRERO", "estrato": 2, "geom": "0101000020E6100000000000A04C2153C0000000602C970B40", "fecha_hech": "2025-10-14 00:00:00", "Id": 0, "area": 136572.15568900001 }, "geometry": { "type": "Point", "coordinates": [ -76.520301818850001, 3.44881510735 ] } },
{ "type": "Feature", "properties": { "dinamica": "HURTO", "titulo": "DELITOS CONTRA EL PATRIMONIO ECONOMICO", "capitulo": "DEL HURTO", "articulo": "HURTO CALIFICADO. ART. 240 C.P.", "grado_deli": "AGRAVADO", "tipo_notic": "DENUNCIA", "caracteriz": "HURTO A PERSONAS", "modalidad": "ATRACO", "modo": "ARMA BLANCA", "motivo": null, "pais": "COLOMBIA", "dane_dep": 76, "departamen": "VALLE DEL CAUCA", "dane_mpio": 76001, "municipio": "CALI", "cod_comuna": 9.0, "comuna": "Comuna 9", "cod_barrio": 910.0, "nom_barrio": "Barrio Obrero", "direccion": "76001 Barrio Obrero, Cali, Valle del Cauca, COL,BARRIO OBRERO", "sitio": "SIN INFORMACION", "x": -76.520530700679998, "y": 3.4482779502900001, "anio": 2025, "mes": "octubre", "dia": 17, "dia_semana": 6, "hora_hecho": "11:30", "barrio": "BARRIO OBRERO", "estrato": 2, "geom": "0101000020E610000000000060502153C0000000C012960B40", "fecha_hech": "2025-10-17 00:00:00", "Id": 0, "area": 136572.15568900001 }, "geometry": { "type": "Point", "coordinates": [ -76.520530700679998, 3.44827795029 ] } },
{ "type": "Feature", "properties": { "dinamica": "HURTO", "titulo": "DELITOS CONTRA EL PATRIMONIO ECONOMICO", "capitulo": "DEL HURTO", "articulo": "HURTO CALIFICADO. ART. 240 C.P.", "grado_deli": "AGRAVADO", "tipo_notic": "DENUNCIA", "caracteriz": "HURTO A PERSONAS", "modalidad": "RAPONAZO", "modo": null, "motivo": null, "pais": "COLOMBIA", "dane_dep": 76, "departamen": "VALLE DEL CAUCA", "dane_mpio": 76001, "municipio": "CALI", "cod_comuna": 9.0, "comuna": "Comuna 9", "cod_barrio": 910.0, "nom_barrio": "Barrio Obrero", "direccion": "76001 CALLE 22, BARRIO OBRERO, CALI, VALLE DEL CAUCA", "sitio": "VIA PUBLICA", "x": -76.52187347412, "y": 3.4493339061700001, "anio": 2025, "mes": "octubre", "dia": 18, "dia_semana": 7, "hora_hecho": "23:00", "barrio": "BARRIO OBRERO", "estrato": 2, "geom": "0101000020E610000000000060662153C0000000603C980B40", "fecha_hech": "2025-10-18 00:00:00", "Id": 0, "area": 136572.15568900001 }, "geometry": { "type": "Point", "coordinates": [ -76.52187347412, 3.44933390617 ] } },
{ "type": "Feature", "properties": { "dinamica": "HURTO", "titulo": "DELITOS CONTRA EL PATRIMONIO ECONOMICO", "capitulo": "DEL HURTO", "articulo": "HURTO CALIFICADO. ART. 240 C.P.", "grado_deli": "AGRAVADO", "tipo_notic": "DENUNCIA", "caracteriz": "HURTO A PERSONAS", "modalidad": "ATRACO", "modo": "ARMA DE FUEGO", "motivo": null, "pais": "COLOMBIA", "dane_dep": 76, "departamen": "VALLE DEL CAUCA", "dane_mpio": 76001, "municipio": "CALI", "cod_comuna": 9.0, "comuna": "Comuna 9", "cod_barrio": 910.0, "nom_barrio": "Barrio Obrero", "direccion": "76001 CARRERA 11 23 50", "sitio": "VIA PUBLICA", "x": -76.519645690920001, "y": 3.4491550922399998, "anio": 2025, "mes": "octubre", "dia": 20, "dia_semana": 2, "hora_hecho": "05:20", "barrio": "BARRIO OBRERO", "estrato": 2, "geom": "0101000020E6100000000000E0412153C0000000A0DE970B40", "fecha_hech": "2025-10-20 00:00:00", "Id": 0, "area": 136572.15568900001 }, "geometry": { "type": "Point", "coordinates": [ -76.519645690920001, 3.44915509224 ] } },
{ "type": "Feature", "properties": { "dinamica": "HURTO", "titulo": "DELITOS CONTRA EL PATRIMONIO ECONOMICO", "capitulo": "DEL HURTO", "articulo": "HURTO CALIFICADO. ART. 240 C.P.", "grado_deli": "NINGUNO", "tipo_notic": "DENUNCIA", "caracteriz": "HURTO A PERSONAS", "modalidad": "ATRACO", "modo": "ARMA CONTUNDENTE", "motivo": null, "pais": "COLOMBIA", "dane_dep": 76, "departamen": "VALLE DEL CAUCA", "dane_mpio": 76001, "municipio": "CALI", "cod_comuna": 9.0, "comuna": "Comuna 9", "cod_barrio": 910.0, "nom_barrio": "Barrio Obrero", "direccion": "76001 CARRERA 10 CON CALLE 23, BARRIO OBRERO, CALI, VALLE DEL CAUCA", "sitio": "VIA PUBLICA", "x": -76.52027130127, "y": 3.4499089717899998, "anio": 2025, "mes": "octubre", "dia": 20, "dia_semana": 2, "hora_hecho": "12:00", "barrio": "BARRIO OBRERO", "estrato": 2, "geom": "0101000020E6100000000000204C2153C0000000E069990B40", "fecha_hech": "2025-10-20 00:00:00", "Id": 0, "area": 136572.15568900001 }, "geometry": { "type": "Point", "coordinates": [ -76.52027130127, 3.44990897179 ] } },
{ "type": "Feature", "properties": { "dinamica": "HURTO", "titulo": "DELITOS CONTRA EL PATRIMONIO ECONOMICO", "capitulo": "DEL HURTO", "articulo": "HURTO. ART. 239 C.P.", "grado_deli": "AGRAVADO", "tipo_notic": "DENUNCIA", "caracteriz": "HURTO A PERSONAS", "modalidad": "ATRACO", "modo": "ARMA BLANCA", "motivo": null, "pais": "COLOMBIA", "dane_dep": 76, "departamen": "VALLE DEL CAUCA", "dane_mpio": 76001, "municipio": "CALI", "cod_comuna": 9.0, "comuna": "Comuna 9", "cod_barrio": 910.0, "nom_barrio": "Barrio Obrero", "direccion": "76001 CARRERA 10 CON CALLE 23 10, BARRIO OBRERO, CALI, VALLE DEL CAUCA", "sitio": "VIA PUBLICA", "x": -76.520248413090002, "y": 3.44977903366, "anio": 2025, "mes": "octubre", "dia": 25, "dia_semana": 7, "hora_hecho": "03:00", "barrio": "BARRIO OBRERO", "estrato": 2, "geom": "0101000020E6100000000000C04B2153C0000000C025990B40", "fecha_hech": "2025-10-25 00:00:00", "Id": 0, "area": 136572.15568900001 }, "geometry": { "type": "Point", "coordinates": [ -76.520248413090002, 3.44977903366 ] } },
{ "type": "Feature", "properties": { "dinamica": "HURTO", "titulo": "DELITOS CONTRA EL PATRIMONIO ECONOMICO", "capitulo": "DEL HURTO", "articulo": "HURTO CALIFICADO. ART. 240 C.P.", "grado_deli": "NINGUNO", "tipo_notic": "DENUNCIA", "caracteriz": "HURTO DE MOTOCICLETAS", "modalidad": "ATRACO", "modo": "ARMA BLANCA", "motivo": null, "pais": "COLOMBIA", "dane_dep": 76, "departamen": "VALLE DEL CAUCA", "dane_mpio": 76001, "municipio": "CALI", "cod_comuna": 9.0, "comuna": "Comuna 9", "cod_barrio": 910.0, "nom_barrio": "Barrio Obrero", "direccion": "76001 CARRERA 10 CON CALLE 23, BARRIO OBRERO, CALI, VALLE DEL CAUCA", "sitio": "VIA PUBLICA", "x": -76.52027130127, "y": 3.4499089717899998, "anio": 2025, "mes": "octubre", "dia": 26, "dia_semana": 1, "hora_hecho": "05:25", "barrio": "BARRIO OBRERO", "estrato": 2, "geom": "0101000020E6100000000000204C2153C0000000E069990B40", "fecha_hech": "2025-10-26 00:00:00", "Id": 0, "area": 136572.15568900001 }, "geometry": { "type": "Point", "coordinates": [ -76.52027130127, 3.44990897179 ] } },
{ "type": "Feature", "properties": { "dinamica": "HURTO", "titulo": "DELITOS CONTRA EL PATRIMONIO ECONOMICO", "capitulo": "DEL HURTO", "articulo": "HURTO. ART. 239 C.P.", "grado_deli": "AGRAVADO", "tipo_notic": "DENUNCIA", "caracteriz": "HURTO A PERSONAS", "modalidad": "COSQUILLEO", "modo": null, "motivo": null, "pais": "COLOMBIA", "dane_dep": 76, "departamen": "VALLE DEL CAUCA", "dane_mpio": 76001, "municipio": "CALI", "cod_comuna": 9.0, "comuna": "Comuna 9", "cod_barrio": 910.0, "nom_barrio": "Barrio Obrero", "direccion": "76001 CALLE 22 14 16", "sitio": "VIA PUBLICA", "x": -76.520858764650001, "y": 3.4446880817399999, "anio": 2025, "mes": "octubre", "dia": 27, "dia_semana": 2, "hora_hecho": "09:00", "barrio": "BARRIO OBRERO", "estrato": 2, "geom": "0101000020E6100000000000C0552153C0000000A0B88E0B40", "fecha_hech": "2025-10-27 00:00:00", "Id": 0, "area": 136572.15568900001 }, "geometry": { "type": "Point", "coordinates": [ -76.520858764650001, 3.44468808174 ] } },
{ "type": "Feature", "properties": { "dinamica": "HURTO", "titulo": "DELITOS CONTRA EL PATRIMONIO ECONOMICO", "capitulo": "DEL HURTO", "articulo": "HURTO CALIFICADO. ART. 240 C.P.", "grado_deli": "NINGUNO", "tipo_notic": "DENUNCIA", "caracteriz": "HURTO DE AUTOPARTES", "modalidad": "FACTOR DE OPORTUNIDAD", "modo": null, "motivo": null, "pais": "COLOMBIA", "dane_dep": 76, "departamen": "VALLE DEL CAUCA", "dane_mpio": 76001, "municipio": "CALI", "cod_comuna": 9.0, "comuna": "Comuna 9", "cod_barrio": 910.0, "nom_barrio": "Barrio Obrero", "direccion": "76001 CARRERA 8 CON CALLE 25, SAN NICOLAS, CALI, VALLE DEL CAUCA", "sitio": "VIA PUBLICA", "x": -76.519096374509999, "y": 3.4528179168699999, "anio": 2025, "mes": "octubre", "dia": 28, "dia_semana": 3, "hora_hecho": "08:00", "barrio": "BARRIO OBRERO", "estrato": 2, "geom": "0101000020E6100000000000E0382153C0000000005F9F0B40", "fecha_hech": "2025-10-28 00:00:00", "Id": 0, "area": 136572.15568900001 }, "geometry": { "type": "Point", "coordinates": [ -76.519096374509999, 3.45281791687 ] } },
{ "type": "Feature", "properties": { "dinamica": "HURTO", "titulo": "DELITOS CONTRA EL PATRIMONIO ECONOMICO", "capitulo": "DEL HURTO", "articulo": "HURTO CALIFICADO. ART. 240 C.P.", "grado_deli": "AGRAVADO", "tipo_notic": "DENUNCIA", "caracteriz": "HURTO A PERSONAS", "modalidad": "ATRACO", "modo": "ARMA DE FUEGO", "motivo": null, "pais": "COLOMBIA", "dane_dep": 76, "departamen": "VALLE DEL CAUCA", "dane_mpio": 76001, "municipio": "CALI", "cod_comuna": 9.0, "comuna": "Comuna 9", "cod_barrio": 910.0, "nom_barrio": "Barrio Obrero", "direccion": "76001 CARRERA 10 CON CALLE 25, BARRIO OBRERO, CALI, VALLE DEL CAUCA, COL,BARRIO OBRERO", "sitio": "VIA PUBLICA", "x": -76.518577575679998, "y": 3.45025992393, "anio": 2025, "mes": "octubre", "dia": 28, "dia_semana": 3, "hora_hecho": "20:00", "barrio": "BARRIO OBRERO", "estrato": 2, "geom": "0101000020E610000000000060302153C0000000E0219A0B40", "fecha_hech": "2025-10-28 00:00:00", "Id": 0, "area": 136572.15568900001 }, "geometry": { "type": "Point", "coordinates": [ -76.518577575679998, 3.45025992393 ] } },
{ "type": "Feature", "properties": { "dinamica": "HURTO", "titulo": "DELITOS CONTRA EL PATRIMONIO ECONOMICO", "capitulo": "DEL HURTO", "articulo": "HURTO CALIFICADO. ART. 240 C.P.", "grado_deli": "NINGUNO", "tipo_notic": "DENUNCIA", "caracteriz": "HURTO A PERSONAS", "modalidad": "VIOLACION DE CERRADURA", "modo": null, "motivo": null, "pais": "COLOMBIA", "dane_dep": 76, "departamen": "VALLE DEL CAUCA", "dane_mpio": 76001, "municipio": "CALI", "cod_comuna": 9.0, "comuna": "Comuna 9", "cod_barrio": 910.0, "nom_barrio": "Barrio Obrero", "direccion": "76001 CARRERA 11 22A 56", "sitio": "VIA PUBLICA", "x": -76.52042388916, "y": 3.4489409923599998, "anio": 2025, "mes": "octubre", "dia": 29, "dia_semana": 4, "hora_hecho": "14:30", "barrio": "BARRIO OBRERO", "estrato": 2, "geom": "0101000020E6100000000000A04E2153C0000000606E970B40", "fecha_hech": "2025-10-29 00:00:00", "Id": 0, "area": 136572.15568900001 }, "geometry": { "type": "Point", "coordinates": [ -76.52042388916, 3.44894099236 ] } },
{ "type": "Feature", "properties": { "dinamica": "HURTO", "titulo": "DELITOS CONTRA EL PATRIMONIO ECONOMICO", "capitulo": "DEL HURTO", "articulo": "HURTO CALIFICADO. ART. 240 C.P.", "grado_deli": "NINGUNO", "tipo_notic": "DENUNCIA", "caracteriz": "HURTO A PERSONAS", "modalidad": "VIOLACION DE CERRADURA", "modo": null, "motivo": null, "pais": "COLOMBIA", "dane_dep": 76, "departamen": "VALLE DEL CAUCA", "dane_mpio": 76001, "municipio": "CALI", "cod_comuna": 9.0, "comuna": "Comuna 9", "cod_barrio": 910.0, "nom_barrio": "Barrio Obrero", "direccion": "76001 CALLE 21 8 113", "sitio": "VIA PUBLICA", "x": -76.52304840088, "y": 3.4511370658899998, "anio": 2025, "mes": "octubre", "dia": 31, "dia_semana": 6, "hora_hecho": "10:30", "barrio": "BARRIO OBRERO", "estrato": 2, "geom": "0101000020E6100000000000A0792153C0000000C0ED9B0B40", "fecha_hech": "2025-10-31 00:00:00", "Id": 0, "area": 136572.15568900001 }, "geometry": { "type": "Point", "coordinates": [ -76.52304840088, 3.45113706589 ] } },
{ "type": "Feature", "properties": { "dinamica": "HURTO", "titulo": "DELITOS CONTRA EL PATRIMONIO ECONOMICO", "capitulo": "DEL HURTO", "articulo": "HURTO. ART. 239 C.P.", "grado_deli": "AGRAVADO", "tipo_notic": "DENUNCIA", "caracteriz": "HURTO A PERSONAS", "modalidad": "FACTOR DE OPORTUNIDAD", "modo": null, "motivo": null, "pais": "COLOMBIA", "dane_dep": 76, "departamen": "VALLE DEL CAUCA", "dane_mpio": 76001, "municipio": "CALI", "cod_comuna": 9.0, "comuna": "Comuna 9", "cod_barrio": 910.0, "nom_barrio": "Barrio Obrero", "direccion": "76001 CARRERA 11 22A 84", "sitio": "VIA PUBLICA", "x": -76.520233154300001, "y": 3.4489560127300001, "anio": 2025, "mes": "noviembre", "dia": 5, "dia_semana": 4, "hora_hecho": "07:00", "barrio": "BARRIO OBRERO", "estrato": 2, "geom": "0101000020E6100000000000804B2153C00000004076970B40", "fecha_hech": "2025-11-05 00:00:00", "Id": 0, "area": 136572.15568900001 }, "geometry": { "type": "Point", "coordinates": [ -76.520233154300001, 3.44895601273 ] } },
{ "type": "Feature", "properties": { "dinamica": "HURTO", "titulo": "DELITOS CONTRA EL PATRIMONIO ECONOMICO", "capitulo": "DEL HURTO", "articulo": "HURTO CALIFICADO. ART. 240 C.P.", "grado_deli": "NINGUNO", "tipo_notic": "DENUNCIA", "caracteriz": "HURTO DE MOTOCICLETAS", "modalidad": "HALADO", "modo": null, "motivo": null, "pais": "COLOMBIA", "dane_dep": 76, "departamen": "VALLE DEL CAUCA", "dane_mpio": 76001, "municipio": "CALI", "cod_comuna": 9.0, "comuna": "Comuna 9", "cod_barrio": 910.0, "nom_barrio": "Barrio Obrero", "direccion": "76001 CARRERA 11B 21 15, BARRIO OBRERO, CALI, VALLE DEL CAUCA", "sitio": "VIA PUBLICA", "x": -76.522018432620001, "y": 3.4478290080999998, "anio": 2025, "mes": "noviembre", "dia": 12, "dia_semana": 4, "hora_hecho": "22:00", "barrio": "BARRIO OBRERO", "estrato": 2, "geom": "0101000020E6100000000000C0682153C00000006027950B40", "fecha_hech": "2025-11-12 00:00:00", "Id": 0, "area": 136572.15568900001 }, "geometry": { "type": "Point", "coordinates": [ -76.522018432620001, 3.4478290081 ] } },
{ "type": "Feature", "properties": { "dinamica": "HURTO", "titulo": "DELITOS CONTRA EL PATRIMONIO ECONOMICO", "capitulo": "DEL HURTO", "articulo": "HURTO. ART. 239 C.P.", "grado_deli": "NINGUNO", "tipo_notic": "DENUNCIA", "caracteriz": "HURTO A PERSONAS", "modalidad": "FACTOR DE OPORTUNIDAD", "modo": null, "motivo": null, "pais": "COLOMBIA", "dane_dep": 76, "departamen": "VALLE DEL CAUCA", "dane_mpio": 76001, "municipio": "CALI", "cod_comuna": 9.0, "comuna": "Comuna 9", "cod_barrio": 910.0, "nom_barrio": "Barrio Obrero", "direccion": "76001 CARRERA 9 CON CALLE 22A, BARRIO OBRERO, CALI, VALLE DEL CAUCA", "sitio": "VIA PUBLICA", "x": -76.521286010739999, "y": 3.4505589008299999, "anio": 2025, "mes": "noviembre", "dia": 13, "dia_semana": 5, "hora_hecho": "13:11", "barrio": "BARRIO OBRERO", "estrato": 2, "geom": "0101000020E6100000000000C05C2153C0000000A0BE9A0B40", "fecha_hech": "2025-11-13 00:00:00", "Id": 0, "area": 136572.15568900001 }, "geometry": { "type": "Point", "coordinates": [ -76.521286010739999, 3.45055890083 ] } },
{ "type": "Feature", "properties": { "dinamica": "HURTO", "titulo": "DELITOS CONTRA EL PATRIMONIO ECONOMICO", "capitulo": "DEL HURTO", "articulo": "HURTO CALIFICADO. ART. 240 C.P.", "grado_deli": "AGRAVADO", "tipo_notic": "DENUNCIA", "caracteriz": "HURTO A CELULARES", "modalidad": "ATRACO", "modo": "ARMA BLANCA", "motivo": "SIN DETERMINAR", "pais": "COLOMBIA", "dane_dep": 76, "departamen": "VALLE DEL CAUCA", "dane_mpio": 76001, "municipio": "CALI", "cod_comuna": 9.0, "comuna": "Comuna 9", "cod_barrio": 910.0, "nom_barrio": "Barrio Obrero", "direccion": "76001 CARRERA 8 21, SAN NICOLAS, CALI, VALLE DEL CAUCA", "sitio": "VIA PUBLICA", "x": -76.523025512700002, "y": 3.4518349170699998, "anio": 2025, "mes": "noviembre", "dia": 15, "dia_semana": 7, "hora_hecho": "07:30", "barrio": "SAN NICOLÁS", "estrato": 2, "geom": "0101000020E610000000000040792153C0000000A05B9D0B40", "fecha_hech": "2025-11-15 00:00:00", "Id": 0, "area": 136572.15568900001 }, "geometry": { "type": "Point", "coordinates": [ -76.523025512700002, 3.45183491707 ] } },
{ "type": "Feature", "properties": { "dinamica": "HURTO", "titulo": "DELITOS CONTRA EL PATRIMONIO ECONOMICO", "capitulo": "DEL HURTO", "articulo": "HURTO CALIFICADO. ART. 240 C.P.", "grado_deli": "NINGUNO", "tipo_notic": "DENUNCIA", "caracteriz": "HURTO DE MOTOCICLETAS", "modalidad": "ATRACO", "modo": "ARMA DE FUEGO", "motivo": null, "pais": "COLOMBIA", "dane_dep": 76, "departamen": "VALLE DEL CAUCA", "dane_mpio": 76001, "municipio": "CALI", "cod_comuna": 9.0, "comuna": "Comuna 9", "cod_barrio": 910.0, "nom_barrio": "Barrio Obrero", "direccion": "76001 CALLE 23 9 9, BARRIO OBRERO, CALI, VALLE DEL CAUCA", "sitio": "VIA PUBLICA", "x": -76.52035522461, "y": 3.45001292229, "anio": 2025, "mes": "noviembre", "dia": 17, "dia_semana": 2, "hora_hecho": "17:00", "barrio": "BARRIO OBRERO", "estrato": 2, "geom": "0101000020E6100000000000804D2153C000000060A0990B40", "fecha_hech": "2025-11-17 00:00:00", "Id": 0, "area": 136572.15568900001 }, "geometry": { "type": "Point", "coordinates": [ -76.52035522461, 3.45001292229 ] } },
{ "type": "Feature", "properties": { "dinamica": "HURTO", "titulo": "DELITOS CONTRA EL PATRIMONIO ECONOMICO", "capitulo": "DEL HURTO", "articulo": "HURTO CALIFICADO. ART. 240 C.P.", "grado_deli": "NINGUNO", "tipo_notic": "DENUNCIA", "caracteriz": "HURTO A PERSONAS", "modalidad": "ATRACO", "modo": "ARMA DE FUEGO", "motivo": null, "pais": "COLOMBIA", "dane_dep": 76, "departamen": "VALLE DEL CAUCA", "dane_mpio": 76001, "municipio": "CALI", "cod_comuna": 9.0, "comuna": "Comuna 9", "cod_barrio": 910.0, "nom_barrio": "Barrio Obrero", "direccion": "76001 Obrero, Cali, El Valle, COL,BARRIO OBRERO", "sitio": "SIN INFORMACION", "x": -76.520362853999998, "y": 3.44901990891, "anio": 2025, "mes": "noviembre", "dia": 19, "dia_semana": 4, "hora_hecho": "17:00", "barrio": "BARRIO OBRERO", "estrato": 2, "geom": "0101000020E6100000000000A04D2153C0000000C097970B40", "fecha_hech": "2025-11-19 00:00:00", "Id": 0, "area": 136572.15568900001 }, "geometry": { "type": "Point", "coordinates": [ -76.520362854, 3.44901990891 ] } },
{ "type": "Feature", "properties": { "dinamica": "HURTO", "titulo": "DELITOS CONTRA EL PATRIMONIO ECONOMICO", "capitulo": "DEL HURTO", "articulo": "HURTO CALIFICADO. ART. 240 C.P.", "grado_deli": "AGRAVADO", "tipo_notic": "DENUNCIA", "caracteriz": "HURTO A PERSONAS", "modalidad": "ATRACO", "modo": "ARMA BLANCA", "motivo": null, "pais": "COLOMBIA", "dane_dep": 76, "departamen": "VALLE DEL CAUCA", "dane_mpio": 76001, "municipio": "CALI", "cod_comuna": 9.0, "comuna": "Comuna 9", "cod_barrio": 910.0, "nom_barrio": "Barrio Obrero", "direccion": "76001 CL 24 CON CON KR 11 D", "sitio": "SIN INFORMACION", "x": -76.518867492680002, "y": 3.4477159977, "anio": 2025, "mes": "noviembre", "dia": 22, "dia_semana": 7, "hora_hecho": "09:00", "barrio": null, "estrato": 2, "geom": "0101000020E610000000000020352153C000000020EC940B40", "fecha_hech": "2025-11-22 00:00:00", "Id": 0, "area": 136572.15568900001 }, "geometry": { "type": "Point", "coordinates": [ -76.518867492680002, 3.4477159977 ] } },
{ "type": "Feature", "properties": { "dinamica": "HURTO", "titulo": "DELITOS CONTRA EL PATRIMONIO ECONOMICO", "capitulo": "DEL HURTO", "articulo": "HURTO. ART. 239 C.P.", "grado_deli": "NINGUNO", "tipo_notic": "DENUNCIA", "caracteriz": "HURTO A PERSONAS", "modalidad": "COSQUILLEO", "modo": null, "motivo": null, "pais": "COLOMBIA", "dane_dep": 76, "departamen": "VALLE DEL CAUCA", "dane_mpio": 76001, "municipio": "CALI", "cod_comuna": 9.0, "comuna": "Comuna 9", "cod_barrio": 910.0, "nom_barrio": "Barrio Obrero", "direccion": "76001 CARRERA 10 CON CALLE 23, BARRIO OBRERO, CALI, VALLE DEL CAUCA", "sitio": "VIA PUBLICA", "x": -76.52027130127, "y": 3.4499089717899998, "anio": 2025, "mes": "noviembre", "dia": 22, "dia_semana": 7, "hora_hecho": "09:30", "barrio": "BARRIO OBRERO", "estrato": 2, "geom": "0101000020E6100000000000204C2153C0000000E069990B40", "fecha_hech": "2025-11-22 00:00:00", "Id": 0, "area": 136572.15568900001 }, "geometry": { "type": "Point", "coordinates": [ -76.52027130127, 3.44990897179 ] } },
{ "type": "Feature", "properties": { "dinamica": "HURTO", "titulo": "DELITOS CONTRA EL PATRIMONIO ECONOMICO", "capitulo": "DEL HURTO", "articulo": "HURTO CALIFICADO. ART. 240 C.P.", "grado_deli": "NINGUNO", "tipo_notic": "DENUNCIA", "caracteriz": "HURTO A PERSONAS", "modalidad": "ATRACO", "modo": "ARMA BLANCA", "motivo": null, "pais": "COLOMBIA", "dane_dep": 76, "departamen": "VALLE DEL CAUCA", "dane_mpio": 76001, "municipio": "CALI", "cod_comuna": 9.0, "comuna": "Comuna 9", "cod_barrio": 910.0, "nom_barrio": "Barrio Obrero", "direccion": "76001 CL 24 CON CON KR 11 B  CLL 24 CON CRA 11 B", "sitio": "SIN INFORMACION", "x": -76.519035339360002, "y": 3.4484610557600002, "anio": 2025, "mes": "noviembre", "dia": 24, "dia_semana": 2, "hora_hecho": "04:30", "barrio": null, "estrato": 2, "geom": "0101000020E6100000000000E0372153C0000000C072960B40", "fecha_hech": "2025-11-24 00:00:00", "Id": 0, "area": 136572.15568900001 }, "geometry": { "type": "Point", "coordinates": [ -76.519035339360002, 3.44846105576 ] } },
{ "type": "Feature", "properties": { "dinamica": "HURTO", "titulo": "DELITOS CONTRA EL PATRIMONIO ECONOMICO", "capitulo": "DEL HURTO", "articulo": "HURTO CALIFICADO. ART. 240 C.P.", "grado_deli": "NINGUNO", "tipo_notic": "DENUNCIA", "caracteriz": "HURTO DE AUTOPARTES", "modalidad": "ATRACO", "modo": "ARMA BLANCA", "motivo": null, "pais": "COLOMBIA", "dane_dep": 76, "departamen": "VALLE DEL CAUCA", "dane_mpio": 76001, "municipio": "CALI", "cod_comuna": 9.0, "comuna": "Comuna 9", "cod_barrio": 910.0, "nom_barrio": "Barrio Obrero", "direccion": "76001 CALLE 25 CON CARRERA 10, BARRIO OBRERO, CALI, VALLE DEL CAUCA", "sitio": "VIA PUBLICA", "x": -76.518577575679998, "y": 3.45025992393, "anio": 2025, "mes": "noviembre", "dia": 24, "dia_semana": 2, "hora_hecho": "06:00", "barrio": "BARRIO OBRERO", "estrato": 2, "geom": "0101000020E610000000000060302153C0000000E0219A0B40", "fecha_hech": "2025-11-24 00:00:00", "Id": 0, "area": 136572.15568900001 }, "geometry": { "type": "Point", "coordinates": [ -76.518577575679998, 3.45025992393 ] } },
{ "type": "Feature", "properties": { "dinamica": "HURTO", "titulo": "DELITOS CONTRA EL PATRIMONIO ECONOMICO", "capitulo": "DEL HURTO", "articulo": "HURTO. ART. 239 C.P.", "grado_deli": "NINGUNO", "tipo_notic": "DENUNCIA", "caracteriz": "HURTO A PERSONAS", "modalidad": "VIOLACION DE CERRADURA", "modo": null, "motivo": null, "pais": "COLOMBIA", "dane_dep": 76, "departamen": "VALLE DEL CAUCA", "dane_mpio": 76001, "municipio": "CALI", "cod_comuna": 9.0, "comuna": "Comuna 9", "cod_barrio": 910.0, "nom_barrio": "Barrio Obrero", "direccion": "76001 KR 12 CL 23-20", "sitio": "SIN INFORMACION", "x": -76.519256591800001, "y": 3.4464778900100002, "anio": 2025, "mes": "noviembre", "dia": 24, "dia_semana": 2, "hora_hecho": "15:00", "barrio": null, "estrato": 2, "geom": "0101000020E6100000000000803B2153C00000000063920B40", "fecha_hech": "2025-11-24 00:00:00", "Id": 0, "area": 136572.15568900001 }, "geometry": { "type": "Point", "coordinates": [ -76.519256591800001, 3.44647789001 ] } },
{ "type": "Feature", "properties": { "dinamica": "HURTO", "titulo": "DELITOS CONTRA EL PATRIMONIO ECONOMICO", "capitulo": "DEL HURTO", "articulo": "HURTO CALIFICADO. ART. 240 C.P.", "grado_deli": "AGRAVADO", "tipo_notic": "DENUNCIA", "caracteriz": "HURTO A PERSONAS", "modalidad": "ATRACO", "modo": "ARMA DE FUEGO", "motivo": null, "pais": "COLOMBIA", "dane_dep": 76, "departamen": "VALLE DEL CAUCA", "dane_mpio": 76001, "municipio": "CALI", "cod_comuna": 9.0, "comuna": "Comuna 9", "cod_barrio": 910.0, "nom_barrio": "Barrio Obrero", "direccion": "76001 Obrero, Cali, El Valle, COL,BARRIO OBRERO", "sitio": "SIN INFORMACION", "x": -76.520362853999998, "y": 3.44901990891, "anio": 2025, "mes": "noviembre", "dia": 25, "dia_semana": 3, "hora_hecho": "17:00", "barrio": "BARRIO OBRERO", "estrato": 2, "geom": "0101000020E6100000000000A04D2153C0000000C097970B40", "fecha_hech": "2025-11-25 00:00:00", "Id": 0, "area": 136572.15568900001 }, "geometry": { "type": "Point", "coordinates": [ -76.520362854, 3.44901990891 ] } },
{ "type": "Feature", "properties": { "dinamica": "HURTO", "titulo": "DELITOS CONTRA EL PATRIMONIO ECONOMICO", "capitulo": "DEL HURTO", "articulo": "HURTO CALIFICADO. ART. 240 C.P.", "grado_deli": "NINGUNO", "tipo_notic": "DENUNCIA", "caracteriz": "HURTO A ESTABLECIMIENTOS", "modalidad": "VIOLACION DE CERRADURA", "modo": null, "motivo": null, "pais": "COLOMBIA", "dane_dep": 76, "departamen": "VALLE DEL CAUCA", "dane_mpio": 76001, "municipio": "CALI", "cod_comuna": 9.0, "comuna": "Comuna 9", "cod_barrio": 910.0, "nom_barrio": "Barrio Obrero", "direccion": "76001 CARRERA 9, BARRIO OBRERO, CALI, VALLE DEL CAUCA", "sitio": "VIA PUBLICA", "x": -76.518760681149999, "y": 3.45110106468, "anio": 2025, "mes": "noviembre", "dia": 26, "dia_semana": 4, "hora_hecho": "03:06", "barrio": "BARRIO OBRERO", "estrato": 2, "geom": "0101000020E610000000000060332153C0000000E0DA9B0B40", "fecha_hech": "2025-11-26 00:00:00", "Id": 0, "area": 136572.15568900001 }, "geometry": { "type": "Point", "coordinates": [ -76.518760681149999, 3.45110106468 ] } },
{ "type": "Feature", "properties": { "dinamica": "HURTO", "titulo": "DELITOS CONTRA EL PATRIMONIO ECONOMICO", "capitulo": "DEL HURTO", "articulo": "HURTO. ART. 239 C.P.", "grado_deli": "AGRAVADO", "tipo_notic": "DENUNCIA", "caracteriz": "HURTO A CELULARES", "modalidad": "FACTOR DE OPORTUNIDAD", "modo": null, "motivo": null, "pais": "COLOMBIA", "dane_dep": 76, "departamen": "VALLE DEL CAUCA", "dane_mpio": 76001, "municipio": "CALI", "cod_comuna": 9.0, "comuna": "Comuna 9", "cod_barrio": 910.0, "nom_barrio": "Barrio Obrero", "direccion": "76001 KR 8 A CL 23-20", "sitio": "SIN INFORMACION", "x": -76.520217895510001, "y": 3.4516439437900002, "anio": 2025, "mes": "noviembre", "dia": 27, "dia_semana": 5, "hora_hecho": "09:30", "barrio": null, "estrato": 2, "geom": "0101000020E6100000000000404B2153C000000080F79C0B40", "fecha_hech": "2025-11-27 00:00:00", "Id": 0, "area": 136572.15568900001 }, "geometry": { "type": "Point", "coordinates": [ -76.520217895510001, 3.45164394379 ] } },
{ "type": "Feature", "properties": { "dinamica": "HURTO", "titulo": "DELITOS CONTRA EL PATRIMONIO ECONOMICO", "capitulo": "DEL HURTO", "articulo": "HURTO CALIFICADO. ART. 240 C.P.", "grado_deli": "NINGUNO", "tipo_notic": "DENUNCIA", "caracteriz": "HURTO A PERSONAS", "modalidad": "RAPONAZO", "modo": null, "motivo": null, "pais": "COLOMBIA", "dane_dep": 76, "departamen": "VALLE DEL CAUCA", "dane_mpio": 76001, "municipio": "CALI", "cod_comuna": 9.0, "comuna": "Comuna 9", "cod_barrio": 910.0, "nom_barrio": "Barrio Obrero", "direccion": "76001 CARRERA 10 CON CALLE 25, BARRIO OBRERO, CALI, VALLE DEL CAUCA", "sitio": "VEHICULO", "x": -76.518577575679998, "y": 3.45025992393, "anio": 2025, "mes": "diciembre", "dia": 3, "dia_semana": 4, "hora_hecho": "01:30", "barrio": "BARRIO OBRERO", "estrato": 2, "geom": "0101000020E610000000000060302153C0000000E0219A0B40", "fecha_hech": "2025-12-03 00:00:00", "Id": 0, "area": 136572.15568900001 }, "geometry": { "type": "Point", "coordinates": [ -76.518577575679998, 3.45025992393 ] } },
{ "type": "Feature", "properties": { "dinamica": "HURTO", "titulo": "DELITOS CONTRA EL PATRIMONIO ECONOMICO", "capitulo": "DEL HURTO", "articulo": "HURTO CALIFICADO. ART. 240 C.P.", "grado_deli": "NINGUNO", "tipo_notic": "DENUNCIA", "caracteriz": "HURTO A PERSONAS", "modalidad": "FACTOR DE OPORTUNIDAD", "modo": null, "motivo": null, "pais": "COLOMBIA", "dane_dep": 76, "departamen": "VALLE DEL CAUCA", "dane_mpio": 76001, "municipio": "CALI", "cod_comuna": 9.0, "comuna": "Comuna 9", "cod_barrio": 910.0, "nom_barrio": "Barrio Obrero", "direccion": "76001 CALLE 21 13A 13, SUCRE, CALI, VALLE DEL CAUCA", "sitio": "DOMICILIO", "x": -76.52156829834, "y": 3.4450280666399999, "anio": 2025, "mes": "diciembre", "dia": 4, "dia_semana": 5, "hora_hecho": "12:00", "barrio": "BARRIO OBRERO", "estrato": 2, "geom": "0101000020E610000000000060612153C0000000E06A8F0B40", "fecha_hech": "2025-12-04 00:00:00", "Id": 0, "area": 136572.15568900001 }, "geometry": { "type": "Point", "coordinates": [ -76.52156829834, 3.44502806664 ] } },
{ "type": "Feature", "properties": { "dinamica": "HURTO", "titulo": "DELITOS CONTRA EL PATRIMONIO ECONOMICO", "capitulo": "DEL HURTO", "articulo": "HURTO CALIFICADO. ART. 240 C.P.", "grado_deli": "NINGUNO", "tipo_notic": "DENUNCIA", "caracteriz": "HURTO A PERSONAS", "modalidad": "ATRACO", "modo": "ARMA DE FUEGO", "motivo": null, "pais": "COLOMBIA", "dane_dep": 76, "departamen": "VALLE DEL CAUCA", "dane_mpio": 76001, "municipio": "CALI", "cod_comuna": 9.0, "comuna": "Comuna 9", "cod_barrio": 910.0, "nom_barrio": "Barrio Obrero", "direccion": "76001 CARRERA 11B CON CALLE 22, BARRIO OBRERO, CALI, VALLE DEL CAUCA", "sitio": "VIA PUBLICA", "x": -76.521560668950002, "y": 3.4478549957300002, "anio": 2025, "mes": "diciembre", "dia": 6, "dia_semana": 7, "hora_hecho": "09:00", "barrio": "BARRIO OBRERO", "estrato": 2, "geom": "0101000020E610000000000040612153C00000000035950B40", "fecha_hech": "2025-12-06 00:00:00", "Id": 0, "area": 136572.15568900001 }, "geometry": { "type": "Point", "coordinates": [ -76.521560668950002, 3.44785499573 ] } },
{ "type": "Feature", "properties": { "dinamica": "HURTO", "titulo": "DELITOS CONTRA EL PATRIMONIO ECONOMICO", "capitulo": "DEL HURTO", "articulo": "HURTO CALIFICADO. ART. 240 C.P.", "grado_deli": "AGRAVADO", "tipo_notic": "DENUNCIA", "caracteriz": "HURTO A PERSONAS", "modalidad": "ATRACO", "modo": "SIN ARMA", "motivo": null, "pais": "COLOMBIA", "dane_dep": 76, "departamen": "VALLE DEL CAUCA", "dane_mpio": 76001, "municipio": "CALI", "cod_comuna": 9.0, "comuna": "Comuna 9", "cod_barrio": 910.0, "nom_barrio": "Barrio Obrero", "direccion": "76001 CL 23 CON CON KR 10 CALLE 23 CARRERA  10", "sitio": "SIN INFORMACION", "x": -76.52017211914, "y": 3.4494099616999998, "anio": 2025, "mes": "diciembre", "dia": 7, "dia_semana": 1, "hora_hecho": "03:30", "barrio": null, "estrato": 2, "geom": "0101000020E6100000000000804A2153C00000004064980B40", "fecha_hech": "2025-12-07 00:00:00", "Id": 0, "area": 136572.15568900001 }, "geometry": { "type": "Point", "coordinates": [ -76.52017211914, 3.4494099617 ] } },
{ "type": "Feature", "properties": { "dinamica": "HURTO", "titulo": "DELITOS CONTRA EL PATRIMONIO ECONOMICO", "capitulo": "DEL HURTO", "articulo": "HURTO. ART. 239 C.P.", "grado_deli": "NINGUNO", "tipo_notic": "DENUNCIA", "caracteriz": "HURTO A PERSONAS", "modalidad": "RAPONAZO", "modo": null, "motivo": null, "pais": "COLOMBIA", "dane_dep": 76, "departamen": "VALLE DEL CAUCA", "dane_mpio": 76001, "municipio": "CALI", "cod_comuna": 9.0, "comuna": "Comuna 9", "cod_barrio": 910.0, "nom_barrio": "Barrio Obrero", "direccion": "76001 CALLE 24 9 15, BARRIO OBRERO, CALI, VALLE DEL CAUCA", "sitio": "VIA PUBLICA", "x": -76.519355773930002, "y": 3.4508368968999998, "anio": 2025, "mes": "diciembre", "dia": 9, "dia_semana": 3, "hora_hecho": "02:00", "barrio": "BARRIO OBRERO", "estrato": 2, "geom": "0101000020E6100000000000203D2153C000000060509B0B40", "fecha_hech": "2025-12-09 00:00:00", "Id": 0, "area": 136572.15568900001 }, "geometry": { "type": "Point", "coordinates": [ -76.519355773930002, 3.4508368969 ] } },
{ "type": "Feature", "properties": { "dinamica": "HURTO", "titulo": "DELITOS CONTRA EL PATRIMONIO ECONOMICO", "capitulo": "DEL HURTO", "articulo": "HURTO CALIFICADO. ART. 240 C.P.", "grado_deli": "NINGUNO", "tipo_notic": "DENUNCIA", "caracteriz": "HURTO A RESIDENCIA", "modalidad": "VIOLACION DE CERRADURA", "modo": null, "motivo": null, "pais": "COLOMBIA", "dane_dep": 76, "departamen": "VALLE DEL CAUCA", "dane_mpio": 76001, "municipio": "CALI", "cod_comuna": 9.0, "comuna": "Comuna 9", "cod_barrio": 910.0, "nom_barrio": "Barrio Obrero", "direccion": "76001 Obrero, Cali, El Valle, COL,BARRIO OBRERO", "sitio": "SIN INFORMACION", "x": -76.520362853999998, "y": 3.44901990891, "anio": 2025, "mes": "diciembre", "dia": 9, "dia_semana": 3, "hora_hecho": "17:30", "barrio": "BARRIO OBRERO", "estrato": 2, "geom": "0101000020E6100000000000A04D2153C0000000C097970B40", "fecha_hech": "2025-12-09 00:00:00", "Id": 0, "area": 136572.15568900001 }, "geometry": { "type": "Point", "coordinates": [ -76.520362854, 3.44901990891 ] } },
{ "type": "Feature", "properties": { "dinamica": "HURTO", "titulo": "DELITOS CONTRA EL PATRIMONIO ECONOMICO", "capitulo": "DEL HURTO", "articulo": "HURTO. ART. 239 C.P.", "grado_deli": "AGRAVADO", "tipo_notic": "DENUNCIA", "caracteriz": "HURTO A PERSONAS", "modalidad": "COSQUILLEO", "modo": null, "motivo": null, "pais": "COLOMBIA", "dane_dep": 76, "departamen": "VALLE DEL CAUCA", "dane_mpio": 76001, "municipio": "CALI", "cod_comuna": 9.0, "comuna": "Comuna 9", "cod_barrio": 910.0, "nom_barrio": "Barrio Obrero", "direccion": "76001 CARRERA 11 21 84", "sitio": "VIA PUBLICA", "x": -76.521865844730002, "y": 3.4486091136899999, "anio": 2025, "mes": "diciembre", "dia": 12, "dia_semana": 6, "hora_hecho": "23:30", "barrio": "BARRIO OBRERO", "estrato": 2, "geom": "0101000020E610000000000040662153C000000060C0960B40", "fecha_hech": "2025-12-12 00:00:00", "Id": 0, "area": 136572.15568900001 }, "geometry": { "type": "Point", "coordinates": [ -76.521865844730002, 3.44860911369 ] } },
{ "type": "Feature", "properties": { "dinamica": "HURTO", "titulo": "DELITOS CONTRA EL PATRIMONIO ECONOMICO", "capitulo": "DEL HURTO", "articulo": "HURTO. ART. 239 C.P.", "grado_deli": "AGRAVADO", "tipo_notic": "DENUNCIA", "caracteriz": "HURTO A PERSONAS", "modalidad": "COSQUILLEO", "modo": null, "motivo": null, "pais": "COLOMBIA", "dane_dep": 76, "departamen": "VALLE DEL CAUCA", "dane_mpio": 76001, "municipio": "CALI", "cod_comuna": 9.0, "comuna": "Comuna 9", "cod_barrio": 910.0, "nom_barrio": "Barrio Obrero", "direccion": "76001 CALLE 22 13A 1", "sitio": "VIA PUBLICA", "x": -76.520942687990001, "y": 3.4452710151699999, "anio": 2025, "mes": "diciembre", "dia": 13, "dia_semana": 7, "hora_hecho": "00:30", "barrio": "BARRIO OBRERO", "estrato": 2, "geom": "0101000020E610000000000020572153C000000040EA8F0B40", "fecha_hech": "2025-12-13 00:00:00", "Id": 0, "area": 136572.15568900001 }, "geometry": { "type": "Point", "coordinates": [ -76.520942687990001, 3.44527101517 ] } },
{ "type": "Feature", "properties": { "dinamica": "HURTO", "titulo": "DELITOS CONTRA EL PATRIMONIO ECONOMICO", "capitulo": "DEL HURTO", "articulo": "HURTO CALIFICADO. ART. 240 C.P.", "grado_deli": "NINGUNO", "tipo_notic": "DENUNCIA", "caracteriz": "HURTO DE MOTOCICLETAS", "modalidad": "ATRACO", "modo": "ARMA DE FUEGO", "motivo": null, "pais": "COLOMBIA", "dane_dep": 76, "departamen": "VALLE DEL CAUCA", "dane_mpio": 76001, "municipio": "CALI", "cod_comuna": 9.0, "comuna": "Comuna 9", "cod_barrio": 910.0, "nom_barrio": "Barrio Obrero", "direccion": "76001 Calle 22A 11 25, Barrio Obrero, Cali, Valle del Cauca, COL,BARRIO OBRERO", "sitio": "SIN INFORMACION", "x": -76.520706176760001, "y": 3.4486339092299998, "anio": 2025, "mes": "diciembre", "dia": 18, "dia_semana": 5, "hora_hecho": "06:00", "barrio": "BARRIO OBRERO", "estrato": 2, "geom": "0101000020E610000000000040532153C000000060CD960B40", "fecha_hech": "2025-12-18 00:00:00", "Id": 0, "area": 136572.15568900001 }, "geometry": { "type": "Point", "coordinates": [ -76.520706176760001, 3.44863390923 ] } },
{ "type": "Feature", "properties": { "dinamica": "HURTO", "titulo": "DELITOS CONTRA EL PATRIMONIO ECONOMICO", "capitulo": "DEL HURTO", "articulo": "HURTO. ART. 239 C.P.", "grado_deli": "NINGUNO", "tipo_notic": "DENUNCIA", "caracteriz": "HURTO A CELULARES", "modalidad": "COSQUILLEO", "modo": null, "motivo": null, "pais": "COLOMBIA", "dane_dep": 76, "departamen": "VALLE DEL CAUCA", "dane_mpio": 76001, "municipio": "CALI", "cod_comuna": 9.0, "comuna": "Comuna 9", "cod_barrio": 910.0, "nom_barrio": "Barrio Obrero", "direccion": "76001 CARRERA 10 CON CALLE 23, BARRIO OBRERO, CALI, VALLE DEL CAUCA", "sitio": "VIA PUBLICA", "x": -76.52027130127, "y": 3.4499089717899998, "anio": 2025, "mes": "diciembre", "dia": 19, "dia_semana": 6, "hora_hecho": "22:00", "barrio": "BARRIO OBRERO", "estrato": 2, "geom": "0101000020E6100000000000204C2153C0000000E069990B40", "fecha_hech": "2025-12-19 00:00:00", "Id": 0, "area": 136572.15568900001 }, "geometry": { "type": "Point", "coordinates": [ -76.52027130127, 3.44990897179 ] } },
{ "type": "Feature", "properties": { "dinamica": "HURTO", "titulo": "DELITOS CONTRA EL PATRIMONIO ECONOMICO", "capitulo": "DEL HURTO", "articulo": "HURTO CALIFICADO. ART. 240 C.P.", "grado_deli": "NINGUNO", "tipo_notic": "DENUNCIA", "caracteriz": "HURTO A PERSONAS", "modalidad": "ATRACO", "modo": "ARMA BLANCA", "motivo": null, "pais": "COLOMBIA", "dane_dep": 76, "departamen": "VALLE DEL CAUCA", "dane_mpio": 76001, "municipio": "CALI", "cod_comuna": 9.0, "comuna": "Comuna 9", "cod_barrio": 910.0, "nom_barrio": "Barrio Obrero", "direccion": "76001 CALLE 22 CON CARRERA 11B, BARRIO OBRERO, CALI, VALLE DEL CAUCA", "sitio": "VIA PUBLICA", "x": -76.521560668950002, "y": 3.4478549957300002, "anio": 2025, "mes": "diciembre", "dia": 21, "dia_semana": 1, "hora_hecho": "01:30", "barrio": "BARRIO OBRERO", "estrato": 2, "geom": "0101000020E610000000000040612153C00000000035950B40", "fecha_hech": "2025-12-21 00:00:00", "Id": 0, "area": 136572.15568900001 }, "geometry": { "type": "Point", "coordinates": [ -76.521560668950002, 3.44785499573 ] } },
{ "type": "Feature", "properties": { "dinamica": "HURTO", "titulo": "DELITOS CONTRA EL PATRIMONIO ECONOMICO", "capitulo": "DEL HURTO", "articulo": "HURTO. ART. 239 C.P.", "grado_deli": "NINGUNO", "tipo_notic": "DENUNCIA", "caracteriz": "HURTO A PERSONAS", "modalidad": "COSQUILLEO", "modo": null, "motivo": null, "pais": "COLOMBIA", "dane_dep": 76, "departamen": "VALLE DEL CAUCA", "dane_mpio": 76001, "municipio": "CALI", "cod_comuna": 9.0, "comuna": "Comuna 9", "cod_barrio": 910.0, "nom_barrio": "Barrio Obrero", "direccion": "76001 KR 10 CON CL 23", "sitio": "SIN INFORMACION", "x": -76.519905090329999, "y": 3.4494988918299998, "anio": 2025, "mes": "diciembre", "dia": 24, "dia_semana": 4, "hora_hecho": "06:00", "barrio": null, "estrato": 2, "geom": "0101000020E610000000000020462153C0000000E092980B40", "fecha_hech": "2025-12-24 00:00:00", "Id": 0, "area": 136572.15568900001 }, "geometry": { "type": "Point", "coordinates": [ -76.519905090329999, 3.44949889183 ] } },
{ "type": "Feature", "properties": { "dinamica": "HURTO", "titulo": "DELITOS CONTRA EL PATRIMONIO ECONOMICO", "capitulo": "DEL HURTO", "articulo": "HURTO CALIFICADO. ART. 240 C.P.", "grado_deli": "NINGUNO", "tipo_notic": "DENUNCIA", "caracteriz": "HURTO DE MOTOCICLETAS", "modalidad": "ATRACO", "modo": "ARMA DE FUEGO", "motivo": null, "pais": "COLOMBIA", "dane_dep": 76, "departamen": "VALLE DEL CAUCA", "dane_mpio": 76001, "municipio": "CALI", "cod_comuna": 9.0, "comuna": "Comuna 9", "cod_barrio": 910.0, "nom_barrio": "Barrio Obrero", "direccion": "76001", "sitio": "SIN INFORMACION", "x": -76.518730163569998, "y": 3.4450991153700001, "anio": 2025, "mes": "diciembre", "dia": 24, "dia_semana": 4, "hora_hecho": "15:31", "barrio": null, "estrato": 2, "geom": "0101000020E6100000000000E0322153C000000020908F0B40", "fecha_hech": "2025-12-24 00:00:00", "Id": 0, "area": 136572.15568900001 }, "geometry": { "type": "Point", "coordinates": [ -76.518730163569998, 3.44509911537 ] } },
{ "type": "Feature", "properties": { "dinamica": "HURTO", "titulo": "DELITOS CONTRA EL PATRIMONIO ECONOMICO", "capitulo": "DEL HURTO", "articulo": "HURTO. ART. 239 C.P.", "grado_deli": "NINGUNO", "tipo_notic": "DENUNCIA", "caracteriz": "HURTO A PERSONAS", "modalidad": "FACTOR DE OPORTUNIDAD", "modo": null, "motivo": null, "pais": "COLOMBIA", "dane_dep": 76, "departamen": "VALLE DEL CAUCA", "dane_mpio": 76001, "municipio": "CALI", "cod_comuna": 9.0, "comuna": "Comuna 9", "cod_barrio": 910.0, "nom_barrio": "Barrio Obrero", "direccion": "76001 Calle 22A 10 16, Barrio Obrero, Cali, Valle del Cauca, COL,BARRIO OBRERO", "sitio": "SIN INFORMACION", "x": -76.521255493159998, "y": 3.44943904877, "anio": 2025, "mes": "diciembre", "dia": 26, "dia_semana": 6, "hora_hecho": "19:00", "barrio": "BARRIO OBRERO", "estrato": 2, "geom": "0101000020E6100000000000405C2153C00000008073980B40", "fecha_hech": "2025-12-26 00:00:00", "Id": 0, "area": 136572.15568900001 }, "geometry": { "type": "Point", "coordinates": [ -76.521255493159998, 3.44943904877 ] } },
{ "type": "Feature", "properties": { "dinamica": "HURTO", "titulo": "DELITOS CONTRA EL PATRIMONIO ECONOMICO", "capitulo": "DEL HURTO", "articulo": "HURTO. ART. 239 C.P.", "grado_deli": "NINGUNO", "tipo_notic": "DENUNCIA", "caracteriz": "HURTO A PERSONAS", "modalidad": "COSQUILLEO", "modo": null, "motivo": null, "pais": "COLOMBIA", "dane_dep": 76, "departamen": "VALLE DEL CAUCA", "dane_mpio": 76001, "municipio": "CALI", "cod_comuna": 9.0, "comuna": "Comuna 9", "cod_barrio": 910.0, "nom_barrio": "Barrio Obrero", "direccion": "76001 KR 10 CON CL 22 CARERRA 10 CALLE 22", "sitio": "SIN INFORMACION", "x": -76.522247314449999, "y": 3.4498119354200001, "anio": 2025, "mes": "diciembre", "dia": 28, "dia_semana": 1, "hora_hecho": "22:00", "barrio": null, "estrato": 2, "geom": "0101000020E6100000000000806C2153C00000000037990B40", "fecha_hech": "2025-12-28 00:00:00", "Id": 0, "area": 136572.15568900001 }, "geometry": { "type": "Point", "coordinates": [ -76.522247314449999, 3.44981193542 ] } },
{ "type": "Feature", "properties": { "dinamica": "HURTO", "titulo": "DELITOS CONTRA EL PATRIMONIO ECONOMICO", "capitulo": "DEL HURTO", "articulo": "HURTO. ART. 239 C.P.", "grado_deli": "NINGUNO", "tipo_notic": "DENUNCIA", "caracteriz": "HURTO A PERSONAS", "modalidad": "VIOLACION DE CERRADURA", "modo": null, "motivo": null, "pais": "COLOMBIA", "dane_dep": 76, "departamen": "VALLE DEL CAUCA", "dane_mpio": 76001, "municipio": "CALI", "cod_comuna": 9.0, "comuna": "Comuna 9", "cod_barrio": 910.0, "nom_barrio": "Barrio Obrero", "direccion": "76001 Calle 22 con Carrera 8A, Barrio Obrero, Cali, Valle del Cauca, COL,BARRIO OBRERO", "sitio": "SIN INFORMACION", "x": -76.522270202640001, "y": 3.45120191574, "anio": 2025, "mes": "diciembre", "dia": 29, "dia_semana": 2, "hora_hecho": "12:30", "barrio": "BARRIO OBRERO", "estrato": 2, "geom": "0101000020E6100000000000E06C2153C0000000C00F9C0B40", "fecha_hech": "2025-12-29 00:00:00", "Id": 0, "area": 136572.15568900001 }, "geometry": { "type": "Point", "coordinates": [ -76.522270202640001, 3.45120191574 ] } },
{ "type": "Feature", "properties": { "dinamica": "HURTO", "titulo": "DELITOS CONTRA EL PATRIMONIO ECONOMICO", "capitulo": "DEL HURTO", "articulo": "HURTO. ART. 239 C.P.", "grado_deli": "AGRAVADO", "tipo_notic": "DENUNCIA", "caracteriz": "HURTO A PERSONAS", "modalidad": "COSQUILLEO", "modo": null, "motivo": null, "pais": "COLOMBIA", "dane_dep": 76, "departamen": "VALLE DEL CAUCA", "dane_mpio": 76001, "municipio": "CALI", "cod_comuna": 9.0, "comuna": "Comuna 9", "cod_barrio": 910.0, "nom_barrio": "Barrio Obrero", "direccion": "76001 Obrero, Cali, El Valle, COL,BARRIO OBRERO", "sitio": "SIN INFORMACION", "x": -76.520362853999998, "y": 3.44901990891, "anio": 2025, "mes": "diciembre", "dia": 29, "dia_semana": 2, "hora_hecho": "23:20", "barrio": "BARRIO OBRERO", "estrato": 2, "geom": "0101000020E6100000000000A04D2153C0000000C097970B40", "fecha_hech": "2025-12-29 00:00:00", "Id": 0, "area": 136572.15568900001 }, "geometry": { "type": "Point", "coordinates": [ -76.520362854, 3.44901990891 ] } },
{ "type": "Feature", "properties": { "dinamica": "HURTO", "titulo": "DELITOS CONTRA EL PATRIMONIO ECONOMICO", "capitulo": "DEL HURTO", "articulo": "HURTO. ART. 239 C.P.", "grado_deli": "AGRAVADO", "tipo_notic": "DENUNCIA", "caracteriz": "HURTO A PERSONAS", "modalidad": "COSQUILLEO", "modo": null, "motivo": null, "pais": "COLOMBIA", "dane_dep": 76, "departamen": "VALLE DEL CAUCA", "dane_mpio": 76001, "municipio": "CALI", "cod_comuna": 9.0, "comuna": "Comuna 9", "cod_barrio": 910.0, "nom_barrio": "Barrio Obrero", "direccion": "76001 CARRERA 10 22 54", "sitio": "TRANSPORTE MASIVO", "x": -76.521449, "y": 3.449538, "anio": 2026, "mes": "enero", "dia": 2, "dia_semana": 6, "hora_hecho": "11:30", "barrio": "BARRIO OBRERO", "estrato": 2, "geom": "0101000020E61000000B62A06B5F2153C057790261A7980B40", "fecha_hech": "2026-01-02 00:00:00", "Id": 0, "area": 136572.15568900001 }, "geometry": { "type": "Point", "coordinates": [ -76.521449, 3.449538 ] } },
{ "type": "Feature", "properties": { "dinamica": "HURTO", "titulo": "DELITOS CONTRA EL PATRIMONIO ECONOMICO", "capitulo": "DEL HURTO", "articulo": "HURTO CALIFICADO. ART. 240 C.P.", "grado_deli": "NINGUNO", "tipo_notic": "DENUNCIA", "caracteriz": "HURTO A PERSONAS", "modalidad": "FACTOR DE OPORTUNIDAD", "modo": null, "motivo": null, "pais": "COLOMBIA", "dane_dep": 76, "departamen": "VALLE DEL CAUCA", "dane_mpio": 76001, "municipio": "CALI", "cod_comuna": 9.0, "comuna": "Comuna 9", "cod_barrio": 910.0, "nom_barrio": "Barrio Obrero", "direccion": "76001 CARRERA 8 24 10, BARRIO OBRERO, CALI, VALLE DEL CAUCA", "sitio": "VIA PUBLICA", "x": -76.519792, "y": 3.452502, "anio": 2026, "mes": "enero", "dia": 3, "dia_semana": 7, "hora_hecho": "02:30", "barrio": "BARRIO OBRERO", "estrato": 2, "geom": "0101000020E61000003C2EAA45442153C02AFF5A5EB99E0B40", "fecha_hech": "2026-01-03 00:00:00", "Id": 0, "area": 136572.15568900001 }, "geometry": { "type": "Point", "coordinates": [ -76.519792, 3.452502 ] } },
{ "type": "Feature", "properties": { "dinamica": "HURTO", "titulo": "DELITOS CONTRA EL PATRIMONIO ECONOMICO", "capitulo": "DEL HURTO", "articulo": "HURTO CALIFICADO. ART. 240 C.P.", "grado_deli": "AGRAVADO", "tipo_notic": "DENUNCIA", "caracteriz": "HURTO DE VEHICULOS", "modalidad": "HALADO", "modo": null, "motivo": null, "pais": "COLOMBIA", "dane_dep": 76, "departamen": "VALLE DEL CAUCA", "dane_mpio": 76001, "municipio": "CALI", "cod_comuna": 9.0, "comuna": "Comuna 9", "cod_barrio": 910.0, "nom_barrio": "Barrio Obrero", "direccion": "76001 Carrera 11, Barrio Obrero, Cali, Valle del Cauca, COL,BARRIO OBRERO", "sitio": "SIN INFORMACION", "x": -76.520395, "y": 3.448994, "anio": 2026, "mes": "enero", "dia": 3, "dia_semana": 7, "hora_hecho": "07:00", "barrio": "BARRIO OBRERO", "estrato": 2, "geom": "0101000020E61000001F80D4264E2153C042CD902A8A970B40", "fecha_hech": "2026-01-03 00:00:00", "Id": 0, "area": 136572.15568900001 }, "geometry": { "type": "Point", "coordinates": [ -76.520395, 3.448994 ] } },
{ "type": "Feature", "properties": { "dinamica": "HURTO", "titulo": "DELITOS CONTRA EL PATRIMONIO ECONOMICO", "capitulo": "DEL HURTO", "articulo": "HURTO CALIFICADO. ART. 240 C.P.", "grado_deli": "NINGUNO", "tipo_notic": "DENUNCIA", "caracteriz": "HURTO A RESIDENCIA", "modalidad": "FACTOR DE OPORTUNIDAD", "modo": null, "motivo": null, "pais": "COLOMBIA", "dane_dep": 76, "departamen": "VALLE DEL CAUCA", "dane_mpio": 76001, "municipio": "CALI", "cod_comuna": 9.0, "comuna": "Comuna 9", "cod_barrio": 910.0, "nom_barrio": "Barrio Obrero", "direccion": "76001 CARRERA 11B CON CALLE 22A, BARRIO OBRERO, CALI, VALLE DEL CAUCA", "sitio": "DOMICILIO", "x": -76.520743, "y": 3.448064, "anio": 2026, "mes": "enero", "dia": 3, "dia_semana": 7, "hora_hecho": "15:00", "barrio": "BARRIO OBRERO", "estrato": 2, "geom": "0101000020E6100000BDA772DA532153C09B1E1494A2950B40", "fecha_hech": "2026-01-03 00:00:00", "Id": 0, "area": 136572.15568900001 }, "geometry": { "type": "Point", "coordinates": [ -76.520743, 3.448064 ] } },
{ "type": "Feature", "properties": { "dinamica": "HURTO", "titulo": "DELITOS CONTRA EL PATRIMONIO ECONOMICO", "capitulo": "DEL HURTO", "articulo": "HURTO. ART. 239 C.P.", "grado_deli": "AGRAVADO", "tipo_notic": "DENUNCIA", "caracteriz": "HURTO A ESTABLECIMIENTOS", "modalidad": "FACTOR DE OPORTUNIDAD", "modo": null, "motivo": null, "pais": "COLOMBIA", "dane_dep": 76, "departamen": "VALLE DEL CAUCA", "dane_mpio": 76001, "municipio": "CALI", "cod_comuna": 9.0, "comuna": "Comuna 9", "cod_barrio": 910.0, "nom_barrio": "Barrio Obrero", "direccion": "76001 Calle 22A con Carrera 11D, Barrio Obrero, Cali, Valle del Cauca, COL,BARRIO OBRERO", "sitio": "SIN INFORMACION", "x": -76.520575, "y": 3.447241, "anio": 2026, "mes": "enero", "dia": 4, "dia_semana": 1, "hora_hecho": "09:00", "barrio": "BARRIO OBRERO", "estrato": 2, "geom": "0101000020E61000005F07CE19512153C05471E316F3930B40", "fecha_hech": "2026-01-04 00:00:00", "Id": 0, "area": 136572.15568900001 }, "geometry": { "type": "Point", "coordinates": [ -76.520575, 3.447241 ] } },
{ "type": "Feature", "properties": { "dinamica": "HURTO", "titulo": "DELITOS CONTRA EL PATRIMONIO ECONOMICO", "capitulo": "DEL HURTO", "articulo": "HURTO CALIFICADO. ART. 240 C.P.", "grado_deli": "AGRAVADO", "tipo_notic": "DENUNCIA", "caracteriz": "HURTO DE VEHICULOS", "modalidad": "HALADO", "modo": null, "motivo": null, "pais": "COLOMBIA", "dane_dep": 76, "departamen": "VALLE DEL CAUCA", "dane_mpio": 76001, "municipio": "CALI", "cod_comuna": 9.0, "comuna": "Comuna 9", "cod_barrio": 910.0, "nom_barrio": "Barrio Obrero", "direccion": "76001 CARRERA 11B 22 47", "sitio": "VIA PUBLICA", "x": -76.521143, "y": 3.447969, "anio": 2026, "mes": "enero", "dia": 6, "dia_semana": 3, "hora_hecho": "00:00", "barrio": "BARRIO OBRERO", "estrato": 2, "geom": "0101000020E610000084622B685A2153C07FF964C570950B40", "fecha_hech": "2026-01-06 00:00:00", "Id": 0, "area": 136572.15568900001 }, "geometry": { "type": "Point", "coordinates": [ -76.521143, 3.447969 ] } },
{ "type": "Feature", "properties": { "dinamica": "HURTO", "titulo": "DELITOS CONTRA EL PATRIMONIO ECONOMICO", "capitulo": "DEL HURTO", "articulo": "HURTO. ART. 239 C.P.", "grado_deli": "NINGUNO", "tipo_notic": "QUERELLA", "caracteriz": "HURTO A PERSONAS", "modalidad": "FACTOR DE OPORTUNIDAD", "modo": null, "motivo": null, "pais": "COLOMBIA", "dane_dep": 76, "departamen": "VALLE DEL CAUCA", "dane_mpio": 76001, "municipio": "CALI", "cod_comuna": 9.0, "comuna": "Comuna 9", "cod_barrio": 910.0, "nom_barrio": "Barrio Obrero", "direccion": "76001 KR 13 A CL 23-3", "sitio": "SIN INFORMACION", "x": -76.5196, "y": 3.445799, "anio": 2026, "mes": "enero", "dia": 7, "dia_semana": 4, "hora_hecho": "11:00", "barrio": null, "estrato": 2, "geom": "0101000020E61000001AC05B20412153C04EB7EC10FF900B40", "fecha_hech": "2026-01-07 00:00:00", "Id": 0, "area": 136572.15568900001 }, "geometry": { "type": "Point", "coordinates": [ -76.5196, 3.445799 ] } },
{ "type": "Feature", "properties": { "dinamica": "HURTO", "titulo": "DELITOS CONTRA EL PATRIMONIO ECONOMICO", "capitulo": "DEL HURTO", "articulo": "HURTO CALIFICADO. ART. 240 C.P.", "grado_deli": "AGRAVADO", "tipo_notic": "DENUNCIA", "caracteriz": "HURTO A PERSONAS", "modalidad": "ATRACO", "modo": "ARMA BLANCA", "motivo": null, "pais": "COLOMBIA", "dane_dep": 76, "departamen": "VALLE DEL CAUCA", "dane_mpio": 76001, "municipio": "CALI", "cod_comuna": 9.0, "comuna": "Comuna 9", "cod_barrio": 910.0, "nom_barrio": "Barrio Obrero", "direccion": "76001 Carrera 10, Barrio Obrero, Cali, Valle del Cauca, COL,BARRIO OBRERO", "sitio": "SIN INFORMACION", "x": -76.522103, "y": 3.449463, "anio": 2026, "mes": "enero", "dia": 7, "dia_semana": 4, "hora_hecho": "18:00", "barrio": "BARRIO OBRERO", "estrato": 2, "geom": "0101000020E61000002F89B3226A2153C0AD18AE0E80980B40", "fecha_hech": "2026-01-07 00:00:00", "Id": 0, "area": 136572.15568900001 }, "geometry": { "type": "Point", "coordinates": [ -76.522103, 3.449463 ] } },
{ "type": "Feature", "properties": { "dinamica": "HURTO", "titulo": "DELITOS CONTRA EL PATRIMONIO ECONOMICO", "capitulo": "DEL HURTO", "articulo": "HURTO CALIFICADO. ART. 240 C.P.", "grado_deli": "AGRAVADO", "tipo_notic": "DENUNCIA", "caracteriz": "HURTO A PERSONAS", "modalidad": "RAPONAZO", "modo": null, "motivo": null, "pais": "COLOMBIA", "dane_dep": 76, "departamen": "VALLE DEL CAUCA", "dane_mpio": 76001, "municipio": "CALI", "cod_comuna": 9.0, "comuna": "Comuna 9", "cod_barrio": 910.0, "nom_barrio": "Barrio Obrero", "direccion": "76001 Calle 25 con Carrera 10, Barrio Obrero, Cali, Valle del Cauca, COL,BARRIO OBRERO", "sitio": "SIN INFORMACION", "x": -76.51858, "y": 3.45026, "anio": 2026, "mes": "enero", "dia": 8, "dia_semana": 5, "hora_hecho": "21:00", "barrio": "BARRIO OBRERO", "estrato": 2, "geom": "0101000020E610000005172B6A302153C0609335EA219A0B40", "fecha_hech": "2026-01-08 00:00:00", "Id": 0, "area": 136572.15568900001 }, "geometry": { "type": "Point", "coordinates": [ -76.51858, 3.45026 ] } },
{ "type": "Feature", "properties": { "dinamica": "HURTO", "titulo": "DELITOS CONTRA EL PATRIMONIO ECONOMICO", "capitulo": "DEL HURTO", "articulo": "HURTO CALIFICADO. ART. 240 C.P.", "grado_deli": "AGRAVADO", "tipo_notic": "DENUNCIA", "caracteriz": "HURTO A PERSONAS", "modalidad": "ATRACO", "modo": "ARMA BLANCA", "motivo": null, "pais": "COLOMBIA", "dane_dep": 76, "departamen": "VALLE DEL CAUCA", "dane_mpio": 76001, "municipio": "CALI", "cod_comuna": 9.0, "comuna": "Comuna 9", "cod_barrio": 910.0, "nom_barrio": "Barrio Obrero", "direccion": "76001 CALLE 23 9 68, BARRIO OBRERO, CALI, VALLE DEL CAUCA", "sitio": "VIA PUBLICA", "x": -76.520335, "y": 3.450466, "anio": 2026, "mes": "enero", "dia": 9, "dia_semana": 6, "hora_hecho": "14:10", "barrio": "BARRIO OBRERO", "estrato": 2, "geom": "0101000020E6100000B5FD2B2B4D2153C0F3AD0FEB8D9A0B40", "fecha_hech": "2026-01-09 00:00:00", "Id": 0, "area": 136572.15568900001 }, "geometry": { "type": "Point", "coordinates": [ -76.520335, 3.450466 ] } },
{ "type": "Feature", "properties": { "dinamica": "HURTO", "titulo": "DELITOS CONTRA EL PATRIMONIO ECONOMICO", "capitulo": "DEL HURTO", "articulo": "HURTO CALIFICADO. ART. 240 C.P.", "grado_deli": "AGRAVADO", "tipo_notic": "DENUNCIA", "caracteriz": "HURTO DE MOTOCICLETAS", "modalidad": "ATRACO", "modo": "ARMA BLANCA", "motivo": null, "pais": "COLOMBIA", "dane_dep": 76, "departamen": "VALLE DEL CAUCA", "dane_mpio": 76001, "municipio": "CALI", "cod_comuna": 9.0, "comuna": "Comuna 9", "cod_barrio": 910.0, "nom_barrio": "Barrio Obrero", "direccion": "76001 CARRERA 10 22 1", "sitio": "VIA PUBLICA", "x": -76.521861, "y": 3.449527, "anio": 2026, "mes": "enero", "dia": 10, "dia_semana": 7, "hora_hecho": "02:30", "barrio": "BARRIO OBRERO", "estrato": 2, "geom": "0101000020E6100000B403AE2B662153C0185A9D9CA1980B40", "fecha_hech": "2026-01-10 00:00:00", "Id": 0, "area": 136572.15568900001 }, "geometry": { "type": "Point", "coordinates": [ -76.521861, 3.449527 ] } },
{ "type": "Feature", "properties": { "dinamica": "HURTO", "titulo": "DELITOS CONTRA EL PATRIMONIO ECONOMICO", "capitulo": "DEL HURTO", "articulo": "HURTO CALIFICADO. ART. 240 C.P.", "grado_deli": "AGRAVADO", "tipo_notic": "DENUNCIA", "caracteriz": "HURTO DE MOTOCICLETAS", "modalidad": "ATRACO", "modo": "ARMA DE FUEGO", "motivo": null, "pais": "COLOMBIA", "dane_dep": 76, "departamen": "VALLE DEL CAUCA", "dane_mpio": 76001, "municipio": "CALI", "cod_comuna": 9.0, "comuna": "Comuna 9", "cod_barrio": 910.0, "nom_barrio": "Barrio Obrero", "direccion": "76001 CARRERA 12 22 CON CALLE 22 11D, BARRIO OBRERO, CALI, VALLE DEL CAUCA", "sitio": "VIA PUBLICA", "x": -76.521142, "y": 3.445757, "anio": 2026, "mes": "enero", "dia": 14, "dia_semana": 4, "hora_hecho": "00:00", "barrio": "BARRIO OBRERO", "estrato": 2, "geom": "0101000020E61000009CA4F9635A2153C05FB4C70BE9900B40", "fecha_hech": "2026-01-14 00:00:00", "Id": 0, "area": 136572.15568900001 }, "geometry": { "type": "Point", "coordinates": [ -76.521142, 3.445757 ] } },
{ "type": "Feature", "properties": { "dinamica": "HURTO", "titulo": "DELITOS CONTRA EL PATRIMONIO ECONOMICO", "capitulo": "DEL HURTO", "articulo": "HURTO CALIFICADO. ART. 240 C.P.", "grado_deli": "AGRAVADO", "tipo_notic": "DENUNCIA", "caracteriz": "HURTO A ESTABLECIMIENTOS", "modalidad": "VANDALISMO/SAQUEO", "modo": null, "motivo": null, "pais": "COLOMBIA", "dane_dep": 76, "departamen": "VALLE DEL CAUCA", "dane_mpio": 76001, "municipio": "CALI", "cod_comuna": 9.0, "comuna": "Comuna 9", "cod_barrio": 910.0, "nom_barrio": "Barrio Obrero", "direccion": "76001 CL 223 CON CON KR 11 B", "sitio": "ESTABLECIMIENTO DE SALUD", "x": -76.5199, "y": 3.44828, "anio": 2026, "mes": "enero", "dia": 14, "dia_semana": 4, "hora_hecho": "02:00", "barrio": null, "estrato": 2, "geom": "0101000020E6100000304CA60A462153C0679B1BD313960B40", "fecha_hech": "2026-01-14 00:00:00", "Id": 0, "area": 136572.15568900001 }, "geometry": { "type": "Point", "coordinates": [ -76.5199, 3.44828 ] } },
{ "type": "Feature", "properties": { "dinamica": "HURTO", "titulo": "DELITOS CONTRA EL PATRIMONIO ECONOMICO", "capitulo": "DEL HURTO", "articulo": "HURTO CALIFICADO. ART. 240 C.P.", "grado_deli": "NINGUNO", "tipo_notic": "DENUNCIA", "caracteriz": "HURTO A PERSONAS", "modalidad": "ATRACO", "modo": "ARMA DE FUEGO", "motivo": null, "pais": "COLOMBIA", "dane_dep": 76, "departamen": "VALLE DEL CAUCA", "dane_mpio": 76001, "municipio": "CALI", "cod_comuna": 9.0, "comuna": "Comuna 9", "cod_barrio": 910.0, "nom_barrio": "Barrio Obrero", "direccion": "76001 CARRERA 15 CON CALLE 22, BARRIO OBRERO, CALI, VALLE DEL CAUCA", "sitio": "VIA PUBLICA", "x": -76.520673, "y": 3.444249, "anio": 2026, "mes": "enero", "dia": 15, "dia_semana": 5, "hora_hecho": "05:30", "barrio": "BARRIO OBRERO", "estrato": 2, "geom": "0101000020E610000041BAD8B4522153C0E23E726BD28D0B40", "fecha_hech": "2026-01-15 00:00:00", "Id": 0, "area": 136572.15568900001 }, "geometry": { "type": "Point", "coordinates": [ -76.520673, 3.444249 ] } },
{ "type": "Feature", "properties": { "dinamica": "HURTO", "titulo": "DELITOS CONTRA EL PATRIMONIO ECONOMICO", "capitulo": "DEL HURTO", "articulo": "HURTO CALIFICADO. ART. 240 C.P.", "grado_deli": "AGRAVADO", "tipo_notic": "DENUNCIA", "caracteriz": "HURTO A PERSONAS", "modalidad": "ATRACO", "modo": "SIN ARMA", "motivo": null, "pais": "COLOMBIA", "dane_dep": 76, "departamen": "VALLE DEL CAUCA", "dane_mpio": 76001, "municipio": "CALI", "cod_comuna": 9.0, "comuna": "Comuna 9", "cod_barrio": 910.0, "nom_barrio": "Barrio Obrero", "direccion": "76001 NO REPORTA CARRERA 8 CON CALLE 26", "sitio": "SIN INFORMACION", "x": -76.51921, "y": 3.452783, "anio": 2026, "mes": "enero", "dia": 16, "dia_semana": 6, "hora_hecho": "03:00", "barrio": null, "estrato": 2, "geom": "0101000020E6100000657094BC3A2153C0687A89B14C9F0B40", "fecha_hech": "2026-01-16 00:00:00", "Id": 0, "area": 136572.15568900001 }, "geometry": { "type": "Point", "coordinates": [ -76.51921, 3.452783 ] } },
{ "type": "Feature", "properties": { "dinamica": "HURTO", "titulo": "DELITOS CONTRA EL PATRIMONIO ECONOMICO", "capitulo": "DEL HURTO", "articulo": "HURTO. ART. 239 C.P.", "grado_deli": "AGRAVADO", "tipo_notic": "DENUNCIA", "caracteriz": "HURTO A ESTABLECIMIENTOS", "modalidad": "FACTOR DE OPORTUNIDAD", "modo": null, "motivo": null, "pais": "COLOMBIA", "dane_dep": 76, "departamen": "VALLE DEL CAUCA", "dane_mpio": 76001, "municipio": "CALI", "cod_comuna": 9.0, "comuna": "Comuna 9", "cod_barrio": 910.0, "nom_barrio": "Barrio Obrero", "direccion": "76001 CALLE 22 CON CARRERA 11B, BARRIO OBRERO, CALI, VALLE DEL CAUCA", "sitio": "VIA PUBLICA", "x": -76.521564, "y": 3.447855, "anio": 2026, "mes": "enero", "dia": 16, "dia_semana": 6, "hora_hecho": "07:00", "barrio": "BARRIO OBRERO", "estrato": 2, "geom": "0101000020E610000057B1F84D612153C0F7CC920035950B40", "fecha_hech": "2026-01-16 00:00:00", "Id": 0, "area": 136572.15568900001 }, "geometry": { "type": "Point", "coordinates": [ -76.521564, 3.447855 ] } },
{ "type": "Feature", "properties": { "dinamica": "HURTO", "titulo": "DELITOS CONTRA EL PATRIMONIO ECONOMICO", "capitulo": "DEL HURTO", "articulo": "HURTO CALIFICADO. ART. 240 C.P.", "grado_deli": "NINGUNO", "tipo_notic": "DENUNCIA", "caracteriz": "HURTO A PERSONAS", "modalidad": "ATRACO", "modo": "ARMA BLANCA", "motivo": null, "pais": "COLOMBIA", "dane_dep": 76, "departamen": "VALLE DEL CAUCA", "dane_mpio": 76001, "municipio": "CALI", "cod_comuna": 9.0, "comuna": "Comuna 9", "cod_barrio": 910.0, "nom_barrio": "Barrio Obrero", "direccion": "76001 BARRIO/LOCALIDAD/COMUNA:BARRIO OBRERO/COMUNA 9,CALI/VALLE DEL CAUCA,BARRIO OBRERO", "sitio": "SIN INFORMACION", "x": -76.52187, "y": 3.449422, "anio": 2026, "mes": "enero", "dia": 17, "dia_semana": 7, "hora_hecho": "12:00", "barrio": "BARRIO OBRERO", "estrato": 2, "geom": "0101000020E6100000DEB06D51662153C0C4D2C08F6A980B40", "fecha_hech": "2026-01-17 00:00:00", "Id": 0, "area": 136572.15568900001 }, "geometry": { "type": "Point", "coordinates": [ -76.52187, 3.449422 ] } },
{ "type": "Feature", "properties": { "dinamica": "HURTO", "titulo": "DELITOS CONTRA EL PATRIMONIO ECONOMICO", "capitulo": "DEL HURTO", "articulo": "HURTO CALIFICADO. ART. 240 C.P.", "grado_deli": "NINGUNO", "tipo_notic": "DENUNCIA", "caracteriz": "HURTO A PERSONAS", "modalidad": "RAPONAZO", "modo": null, "motivo": null, "pais": "COLOMBIA", "dane_dep": 76, "departamen": "VALLE DEL CAUCA", "dane_mpio": 76001, "municipio": "CALI", "cod_comuna": 9.0, "comuna": "Comuna 9", "cod_barrio": 910.0, "nom_barrio": "Barrio Obrero", "direccion": "76001", "sitio": "SIN INFORMACION", "x": -76.521155, "y": 3.446922, "anio": 2026, "mes": "enero", "dia": 17, "dia_semana": 7, "hora_hecho": "15:48", "barrio": null, "estrato": 2, "geom": "0101000020E61000006649809A5A2153C03EE76ED74B930B40", "fecha_hech": "2026-01-17 00:00:00", "Id": 0, "area": 136572.15568900001 }, "geometry": { "type": "Point", "coordinates": [ -76.521155, 3.446922 ] } },
{ "type": "Feature", "properties": { "dinamica": "HURTO", "titulo": "DELITOS CONTRA EL PATRIMONIO ECONOMICO", "capitulo": "DEL HURTO", "articulo": "HURTO. ART. 239 C.P.", "grado_deli": "AGRAVADO", "tipo_notic": "DENUNCIA", "caracteriz": "HURTO A PERSONAS", "modalidad": "FACTOR DE OPORTUNIDAD", "modo": null, "motivo": null, "pais": "COLOMBIA", "dane_dep": 76, "departamen": "VALLE DEL CAUCA", "dane_mpio": 76001, "municipio": "CALI", "cod_comuna": 9.0, "comuna": "Comuna 9", "cod_barrio": 910.0, "nom_barrio": "Barrio Obrero", "direccion": "76001 CARRERA 10 21 2", "sitio": "VIA PUBLICA", "x": -76.52263, "y": 3.449275, "anio": 2026, "mes": "enero", "dia": 18, "dia_semana": 1, "hora_hecho": "03:00", "barrio": "BARRIO OBRERO", "estrato": 2, "geom": "0101000020E6100000257A19C5722153C08048BF7D1D980B40", "fecha_hech": "2026-01-18 00:00:00", "Id": 0, "area": 136572.15568900001 }, "geometry": { "type": "Point", "coordinates": [ -76.52263, 3.449275 ] } },
{ "type": "Feature", "properties": { "dinamica": "HURTO", "titulo": "DELITOS CONTRA EL PATRIMONIO ECONOMICO", "capitulo": "DEL HURTO", "articulo": "HURTO CALIFICADO. ART. 240 C.P.", "grado_deli": "AGRAVADO", "tipo_notic": "ACTOS URGENTES", "caracteriz": "HURTO A PERSONAS", "modalidad": "ATRACO", "modo": "ARMA DE FUEGO", "motivo": null, "pais": "COLOMBIA", "dane_dep": 76, "departamen": "VALLE DEL CAUCA", "dane_mpio": 76001, "municipio": "CALI", "cod_comuna": 9.0, "comuna": "Comuna 9", "cod_barrio": 910.0, "nom_barrio": "Barrio Obrero", "direccion": "76001 CALLE 22 10 10, BARRIO OBRERO, CALI, VALLE DEL CAUCA", "sitio": "VIA PUBLICA", "x": -76.521698, "y": 3.44884, "anio": 2026, "mes": "enero", "dia": 20, "dia_semana": 3, "hora_hecho": "16:10", "barrio": "BARRIO OBRERO", "estrato": 2, "geom": "0101000020E6100000DF180280632153C0D717096D39970B40", "fecha_hech": "2026-01-20 00:00:00", "Id": 0, "area": 136572.15568900001 }, "geometry": { "type": "Point", "coordinates": [ -76.521698, 3.44884 ] } },
{ "type": "Feature", "properties": { "dinamica": "HURTO", "titulo": "DELITOS CONTRA EL PATRIMONIO ECONOMICO", "capitulo": "DEL HURTO", "articulo": "HURTO. ART. 239 C.P.", "grado_deli": "AGRAVADO", "tipo_notic": "DENUNCIA", "caracteriz": "HURTO A ESTABLECIMIENTOS", "modalidad": "FACTOR DE OPORTUNIDAD", "modo": null, "motivo": null, "pais": "COLOMBIA", "dane_dep": 76, "departamen": "VALLE DEL CAUCA", "dane_mpio": 76001, "municipio": "CALI", "cod_comuna": 9.0, "comuna": "Comuna 9", "cod_barrio": 910.0, "nom_barrio": "Barrio Obrero", "direccion": "76001 CL 23 CON KR 9-63 CALLE 23 No 9 63", "sitio": "LOCAL COMERCIAL", "x": -76.52005, "y": 3.450293, "anio": 2026, "mes": "enero", "dia": 21, "dia_semana": 4, "hora_hecho": "10:30", "barrio": null, "estrato": 2, "geom": "0101000020E61000003A92CB7F482153C01BF16437339A0B40", "fecha_hech": "2026-01-21 00:00:00", "Id": 0, "area": 136572.15568900001 }, "geometry": { "type": "Point", "coordinates": [ -76.52005, 3.450293 ] } },
{ "type": "Feature", "properties": { "dinamica": "HURTO", "titulo": "DELITOS CONTRA EL PATRIMONIO ECONOMICO", "capitulo": "DEL HURTO", "articulo": "HURTO CALIFICADO. ART. 240 C.P.", "grado_deli": "AGRAVADO", "tipo_notic": "DENUNCIA", "caracteriz": "HURTO DE MOTOCICLETAS", "modalidad": "ATRACO", "modo": "ARMA BLANCA", "motivo": null, "pais": "COLOMBIA", "dane_dep": 76, "departamen": "VALLE DEL CAUCA", "dane_mpio": 76001, "municipio": "CALI", "cod_comuna": 9.0, "comuna": "Comuna 9", "cod_barrio": 910.0, "nom_barrio": "Barrio Obrero", "direccion": "76001 CALLE 23 12 CON CARRERA 12 23, BARRIO OBRERO, CALI, VALLE DEL CAUCA", "sitio": "VIA PUBLICA", "x": -76.519559, "y": 3.446522, "anio": 2026, "mes": "enero", "dia": 22, "dia_semana": 5, "hora_hecho": "00:00", "barrio": "BARRIO OBRERO", "estrato": 2, "geom": "0101000020E6100000EB556474402153C05C8E57207A920B40", "fecha_hech": "2026-01-22 00:00:00", "Id": 0, "area": 136572.15568900001 }, "geometry": { "type": "Point", "coordinates": [ -76.519559, 3.446522 ] } },
{ "type": "Feature", "properties": { "dinamica": "HURTO", "titulo": "DELITOS CONTRA EL PATRIMONIO ECONOMICO", "capitulo": "DEL HURTO", "articulo": "HURTO. ART. 239 C.P.", "grado_deli": "AGRAVADO", "tipo_notic": "DENUNCIA", "caracteriz": "HURTO A CELULARES", "modalidad": "FACTOR DE OPORTUNIDAD", "modo": null, "motivo": null, "pais": "COLOMBIA", "dane_dep": 76, "departamen": "VALLE DEL CAUCA", "dane_mpio": 76001, "municipio": "CALI", "cod_comuna": 9.0, "comuna": "Comuna 9", "cod_barrio": 910.0, "nom_barrio": "Barrio Obrero", "direccion": "76001 NO REPORTA CARRERA 8 23 02", "sitio": "LOCAL COMERCIAL", "x": -76.520645, "y": 3.452485, "anio": 2026, "mes": "enero", "dia": 22, "dia_semana": 5, "hora_hecho": "15:00", "barrio": null, "estrato": 2, "geom": "0101000020E6100000DCF4673F522153C0C971A774B09E0B40", "fecha_hech": "2026-01-22 00:00:00", "Id": 0, "area": 136572.15568900001 }, "geometry": { "type": "Point", "coordinates": [ -76.520645, 3.452485 ] } },
{ "type": "Feature", "properties": { "dinamica": "HURTO", "titulo": "DELITOS CONTRA EL PATRIMONIO ECONOMICO", "capitulo": "DEL HURTO", "articulo": "HURTO CALIFICADO. ART. 240 C.P.", "grado_deli": "NINGUNO", "tipo_notic": "DENUNCIA", "caracteriz": "HURTO A PERSONAS", "modalidad": "ATRACO", "modo": "ARMA DE FUEGO", "motivo": null, "pais": "COLOMBIA", "dane_dep": 76, "departamen": "VALLE DEL CAUCA", "dane_mpio": 76001, "municipio": "CALI", "cod_comuna": 9.0, "comuna": "Comuna 9", "cod_barrio": 910.0, "nom_barrio": "Barrio Obrero", "direccion": "76001 CALLE 25 CON CARRERA 10, BARRIO OBRERO, CALI, VALLE DEL CAUCA", "sitio": "VIA PUBLICA", "x": -76.51858, "y": 3.45026, "anio": 2026, "mes": "enero", "dia": 23, "dia_semana": 6, "hora_hecho": "17:40", "barrio": "BARRIO OBRERO", "estrato": 2, "geom": "0101000020E610000005172B6A302153C0609335EA219A0B40", "fecha_hech": "2026-01-23 00:00:00", "Id": 0, "area": 136572.15568900001 }, "geometry": { "type": "Point", "coordinates": [ -76.51858, 3.45026 ] } },
{ "type": "Feature", "properties": { "dinamica": "HURTO", "titulo": "DELITOS CONTRA EL PATRIMONIO ECONOMICO", "capitulo": "DEL HURTO", "articulo": "HURTO CALIFICADO. ART. 240 C.P.", "grado_deli": "NINGUNO", "tipo_notic": "DENUNCIA", "caracteriz": "HURTO A PERSONAS", "modalidad": "FACTOR DE OPORTUNIDAD", "modo": null, "motivo": null, "pais": "COLOMBIA", "dane_dep": 76, "departamen": "VALLE DEL CAUCA", "dane_mpio": 76001, "municipio": "CALI", "cod_comuna": 9.0, "comuna": "Comuna 9", "cod_barrio": 910.0, "nom_barrio": "Barrio Obrero", "direccion": "76001 CARRERA 11D 22A 89", "sitio": "VIA PUBLICA", "x": -76.519847, "y": 3.4474, "anio": 2026, "mes": "enero", "dia": 27, "dia_semana": 3, "hora_hecho": "20:30", "barrio": "BARRIO OBRERO", "estrato": 2, "geom": "0101000020E61000001EFB592C452153C0DCD7817346940B40", "fecha_hech": "2026-01-27 00:00:00", "Id": 0, "area": 136572.15568900001 }, "geometry": { "type": "Point", "coordinates": [ -76.519847, 3.4474 ] } },
{ "type": "Feature", "properties": { "dinamica": "HURTO", "titulo": "DELITOS CONTRA EL PATRIMONIO ECONOMICO", "capitulo": "DEL HURTO", "articulo": "HURTO. ART. 239 C.P.", "grado_deli": "NINGUNO", "tipo_notic": "QUERELLA", "caracteriz": "HURTO A PERSONAS", "modalidad": "FACTOR DE OPORTUNIDAD", "modo": null, "motivo": null, "pais": "COLOMBIA", "dane_dep": 76, "departamen": "VALLE DEL CAUCA", "dane_mpio": 76001, "municipio": "CALI", "cod_comuna": 9.0, "comuna": "Comuna 9", "cod_barrio": 910.0, "nom_barrio": "Barrio Obrero", "direccion": "76001 CARRERA 11 22A 58", "sitio": "ESTABLECIMIENTO DE COMERCIO", "x": -76.520424, "y": 3.448978, "anio": 2026, "mes": "enero", "dia": 28, "dia_semana": 4, "hora_hecho": "14:30", "barrio": "BARRIO OBRERO", "estrato": 2, "geom": "0101000020E61000006D0377A04E2153C0E7FC14C781970B40", "fecha_hech": "2026-01-28 00:00:00", "Id": 0, "area": 136572.15568900001 }, "geometry": { "type": "Point", "coordinates": [ -76.520424, 3.448978 ] } },
{ "type": "Feature", "properties": { "dinamica": "HURTO", "titulo": "DELITOS CONTRA EL PATRIMONIO ECONOMICO", "capitulo": "DEL HURTO", "articulo": "HURTO CALIFICADO. ART. 240 C.P.", "grado_deli": "NINGUNO", "tipo_notic": "DENUNCIA", "caracteriz": "HURTO DE MOTOCICLETAS", "modalidad": "HALADO", "modo": null, "motivo": null, "pais": "COLOMBIA", "dane_dep": 76, "departamen": "VALLE DEL CAUCA", "dane_mpio": 76001, "municipio": "CALI", "cod_comuna": 9.0, "comuna": "Comuna 9", "cod_barrio": 910.0, "nom_barrio": "Barrio Obrero", "direccion": "76001 CARRERA 15 22 22, BARRIO OBRERO, CALI, VALLE DEL CAUCA", "sitio": "DOMICILIO", "x": -76.51988, "y": 3.444553, "anio": 2026, "mes": "enero", "dia": 30, "dia_semana": 6, "hora_hecho": "00:00", "barrio": "BARRIO OBRERO", "estrato": 2, "geom": "0101000020E61000000C76C3B6452153C0A2B5A2CD718E0B40", "fecha_hech": "2026-01-30 00:00:00", "Id": 0, "area": 136572.15568900001 }, "geometry": { "type": "Point", "coordinates": [ -76.51988, 3.444553 ] } },
{ "type": "Feature", "properties": { "dinamica": "HURTO", "titulo": "DELITOS CONTRA EL PATRIMONIO ECONOMICO", "capitulo": "DEL HURTO", "articulo": "HURTO CALIFICADO. ART. 240 C.P.", "grado_deli": "NINGUNO", "tipo_notic": "DENUNCIA", "caracteriz": "HURTO A ESTABLECIMIENTOS", "modalidad": "FACTOR DE OPORTUNIDAD", "modo": null, "motivo": null, "pais": "COLOMBIA", "dane_dep": 76, "departamen": "VALLE DEL CAUCA", "dane_mpio": 76001, "municipio": "CALI", "cod_comuna": 9.0, "comuna": "Comuna 9", "cod_barrio": 910.0, "nom_barrio": "Barrio Obrero", "direccion": "76001 BARRIO/LOCALIDAD/COMUNA:BARRIO OBRERO/COMUNA 9,CALI/VALLE DEL CAUCA,BARRIO OBRERO", "sitio": "SIN INFORMACION", "x": -76.519758, "y": 3.449649, "anio": 2026, "mes": "febrero", "dia": 2, "dia_semana": 2, "hora_hecho": "13:00", "barrio": "BARRIO OBRERO", "estrato": 2, "geom": "0101000020E610000066F50EB7432153C0CE6E2D93E1980B40", "fecha_hech": "2026-02-02 00:00:00", "Id": 0, "area": 136572.15568900001 }, "geometry": { "type": "Point", "coordinates": [ -76.519758, 3.449649 ] } },
{ "type": "Feature", "properties": { "dinamica": "HURTO", "titulo": "DELITOS CONTRA EL PATRIMONIO ECONOMICO", "capitulo": "DEL HURTO", "articulo": "HURTO CALIFICADO. ART. 240 C.P.", "grado_deli": "AGRAVADO", "tipo_notic": "DENUNCIA", "caracteriz": "HURTO A CELULARES", "modalidad": "ATRACO", "modo": "ARMA DE FUEGO", "motivo": "SIN DETERMINAR", "pais": "COLOMBIA", "dane_dep": 76, "departamen": "VALLE DEL CAUCA", "dane_mpio": 76001, "municipio": "CALI", "cod_comuna": 9.0, "comuna": "Comuna 9", "cod_barrio": 910.0, "nom_barrio": "Barrio Obrero", "direccion": "76001 BARRIO/LOCALIDAD/COMUNA:BARRIO OBRERO/COMUNA 9,CALI/VALLE DEL CAUCA,BARRIO OBRERO", "sitio": "SIN INFORMACION", "x": -76.521497, "y": 3.44914, "anio": 2026, "mes": "febrero", "dia": 3, "dia_semana": 3, "hora_hecho": "11:13", "barrio": "BARRIO OBRERO", "estrato": 2, "geom": "0101000020E610000093FDF334602153C0809A5AB6D6970B40", "fecha_hech": "2026-02-03 00:00:00", "Id": 0, "area": 136572.15568900001 }, "geometry": { "type": "Point", "coordinates": [ -76.521497, 3.44914 ] } },
{ "type": "Feature", "properties": { "dinamica": "HURTO", "titulo": "DELITOS CONTRA EL PATRIMONIO ECONOMICO", "capitulo": "DEL HURTO", "articulo": "HURTO. ART. 239 C.P.", "grado_deli": "NINGUNO", "tipo_notic": "QUERELLA", "caracteriz": "HURTO A CELULARES", "modalidad": "FACTOR DE OPORTUNIDAD", "modo": null, "motivo": null, "pais": "COLOMBIA", "dane_dep": 76, "departamen": "VALLE DEL CAUCA", "dane_mpio": 76001, "municipio": "CALI", "cod_comuna": 9.0, "comuna": "Comuna 9", "cod_barrio": 910.0, "nom_barrio": "Barrio Obrero", "direccion": "76001 NO REPORTA KR 11 22 22", "sitio": "SIN INFORMACION", "x": -76.52147, "y": 3.44864, "anio": 2026, "mes": "febrero", "dia": 3, "dia_semana": 3, "hora_hecho": "16:30", "barrio": null, "estrato": 2, "geom": "0101000020E610000016F6B4C35F2153C0666B7D91D0960B40", "fecha_hech": "2026-02-03 00:00:00", "Id": 0, "area": 136572.15568900001 }, "geometry": { "type": "Point", "coordinates": [ -76.52147, 3.44864 ] } },
{ "type": "Feature", "properties": { "dinamica": "HURTO", "titulo": "DELITOS CONTRA EL PATRIMONIO ECONOMICO", "capitulo": "DEL HURTO", "articulo": "HURTO. ART. 239 C.P.", "grado_deli": "AGRAVADO", "tipo_notic": "DENUNCIA", "caracteriz": "HURTO A PERSONAS", "modalidad": "COSQUILLEO", "modo": null, "motivo": null, "pais": "COLOMBIA", "dane_dep": 76, "departamen": "VALLE DEL CAUCA", "dane_mpio": 76001, "municipio": "CALI", "cod_comuna": 9.0, "comuna": "Comuna 9", "cod_barrio": 910.0, "nom_barrio": "Barrio Obrero", "direccion": "76001 KR 15 CON CL 21 CARRERA 15 CALLE 21", "sitio": "SIN INFORMACION", "x": -76.52126, "y": 3.444103, "anio": 2026, "mes": "febrero", "dia": 4, "dia_semana": 4, "hora_hecho": "19:00", "barrio": null, "estrato": 2, "geom": "0101000020E6100000A12DE7525C2153C0A471A8DF858D0B40", "fecha_hech": "2026-02-04 00:00:00", "Id": 0, "area": 136572.15568900001 }, "geometry": { "type": "Point", "coordinates": [ -76.52126, 3.444103 ] } },
{ "type": "Feature", "properties": { "dinamica": "HURTO", "titulo": "DELITOS CONTRA EL PATRIMONIO ECONOMICO", "capitulo": "DEL HURTO", "articulo": "HURTO. ART. 239 C.P.", "grado_deli": "AGRAVADO", "tipo_notic": "DENUNCIA", "caracteriz": "HURTO A PERSONAS", "modalidad": "FACTOR DE OPORTUNIDAD", "modo": null, "motivo": null, "pais": "COLOMBIA", "dane_dep": 76, "departamen": "VALLE DEL CAUCA", "dane_mpio": 76001, "municipio": "CALI", "cod_comuna": 9.0, "comuna": "Comuna 9", "cod_barrio": 910.0, "nom_barrio": "Barrio Obrero", "direccion": "76001 Obrero, Cali, El Valle, COL,BARRIO OBRERO", "sitio": "SIN INFORMACION", "x": -76.52036, "y": 3.44902, "anio": 2026, "mes": "febrero", "dia": 7, "dia_semana": 7, "hora_hecho": "23:00", "barrio": "BARRIO OBRERO", "estrato": 2, "geom": "0101000020E6100000618907944D2153C0D6FF39CC97970B40", "fecha_hech": "2026-02-07 00:00:00", "Id": 0, "area": 136572.15568900001 }, "geometry": { "type": "Point", "coordinates": [ -76.52036, 3.44902 ] } },
{ "type": "Feature", "properties": { "dinamica": "HURTO", "titulo": "DELITOS CONTRA EL PATRIMONIO ECONOMICO", "capitulo": "DEL HURTO", "articulo": "HURTO CALIFICADO. ART. 240 C.P.", "grado_deli": "NINGUNO", "tipo_notic": "DENUNCIA", "caracteriz": "HURTO A ESTABLECIMIENTOS", "modalidad": "ATRACO", "modo": "SIN ARMA", "motivo": null, "pais": "COLOMBIA", "dane_dep": 76, "departamen": "VALLE DEL CAUCA", "dane_mpio": 76001, "municipio": "CALI", "cod_comuna": 9.0, "comuna": "Comuna 9", "cod_barrio": 910.0, "nom_barrio": "Barrio Obrero", "direccion": "76001 BARRIO/LOCALIDAD/COMUNA:BARRIO OBRERO/COMUNA 9,CALI/VALLE DEL CAUCA,BARRIO OBRERO", "sitio": "SIN INFORMACION", "x": -76.521499, "y": 3.447968, "anio": 2026, "mes": "febrero", "dia": 8, "dia_semana": 1, "hora_hecho": "08:00", "barrio": "BARRIO OBRERO", "estrato": 2, "geom": "0101000020E61000006479573D602153C0793C2D3F70950B40", "fecha_hech": "2026-02-08 00:00:00", "Id": 0, "area": 136572.15568900001 }, "geometry": { "type": "Point", "coordinates": [ -76.521499, 3.447968 ] } },
{ "type": "Feature", "properties": { "dinamica": "HURTO", "titulo": "DELITOS CONTRA EL PATRIMONIO ECONOMICO", "capitulo": "DEL HURTO", "articulo": "HURTO. ART. 239 C.P.", "grado_deli": "NINGUNO", "tipo_notic": "DENUNCIA", "caracteriz": "HURTO A CELULARES", "modalidad": "RAPONAZO", "modo": null, "motivo": "SIN DETERMINAR", "pais": "COLOMBIA", "dane_dep": 76, "departamen": "VALLE DEL CAUCA", "dane_mpio": 76001, "municipio": "CALI", "cod_comuna": 9.0, "comuna": "Comuna 9", "cod_barrio": 910.0, "nom_barrio": "Barrio Obrero", "direccion": "76001 CALLE 25 CON CARRERA 8 24, SAN NICOLAS, CALI, VALLE DEL CAUCA", "sitio": "VIA PUBLICA", "x": -76.519099, "y": 3.452818, "anio": 2026, "mes": "febrero", "dia": 9, "dia_semana": 2, "hora_hecho": "18:00", "barrio": "BARRIO OBRERO", "estrato": 2, "geom": "0101000020E6100000B91803EB382153C02F52280B5F9F0B40", "fecha_hech": "2026-02-09 00:00:00", "Id": 0, "area": 136572.15568900001 }, "geometry": { "type": "Point", "coordinates": [ -76.519099, 3.452818 ] } },
{ "type": "Feature", "properties": { "dinamica": "HURTO", "titulo": "DELITOS CONTRA EL PATRIMONIO ECONOMICO", "capitulo": "DEL HURTO", "articulo": "HURTO CALIFICADO. ART. 240 C.P.", "grado_deli": "NINGUNO", "tipo_notic": "DENUNCIA", "caracteriz": "HURTO A PERSONAS", "modalidad": "FACTOR DE OPORTUNIDAD", "modo": null, "motivo": null, "pais": "COLOMBIA", "dane_dep": 76, "departamen": "VALLE DEL CAUCA", "dane_mpio": 76001, "municipio": "CALI", "cod_comuna": 9.0, "comuna": "Comuna 9", "cod_barrio": 910.0, "nom_barrio": "Barrio Obrero", "direccion": "76001 CALLE 22 11, BARRIO OBRERO, CALI, VALLE DEL CAUCA", "sitio": "ZONA DE PARQUEO", "x": -76.521667, "y": 3.4484, "anio": 2026, "mes": "febrero", "dia": 14, "dia_semana": 7, "hora_hecho": "15:00", "barrio": "BARRIO OBRERO", "estrato": 2, "geom": "0101000020E6100000C119FCFD622153C011363CBD52960B40", "fecha_hech": "2026-02-14 00:00:00", "Id": 0, "area": 136572.15568900001 }, "geometry": { "type": "Point", "coordinates": [ -76.521667, 3.4484 ] } },
{ "type": "Feature", "properties": { "dinamica": "HURTO", "titulo": "DELITOS CONTRA EL PATRIMONIO ECONOMICO", "capitulo": "DEL HURTO", "articulo": "HURTO CALIFICADO. ART. 240 C.P.", "grado_deli": "NINGUNO", "tipo_notic": "DENUNCIA", "caracteriz": "HURTO A CELULARES", "modalidad": "COSQUILLEO", "modo": null, "motivo": null, "pais": "COLOMBIA", "dane_dep": 76, "departamen": "VALLE DEL CAUCA", "dane_mpio": 76001, "municipio": "CALI", "cod_comuna": 9.0, "comuna": "Comuna 9", "cod_barrio": 910.0, "nom_barrio": "Barrio Obrero", "direccion": "76001 Carrera 11 22A 14, Barrio Obrero, Cali, Valle del Cauca, COL,BARRIO OBRERO", "sitio": "SIN INFORMACION", "x": -76.520524, "y": 3.448731, "anio": 2026, "mes": "febrero", "dia": 14, "dia_semana": 7, "hora_hecho": "23:45", "barrio": "BARRIO OBRERO", "estrato": 2, "geom": "0101000020E61000001E32E543502153C06B9C4D4700970B40", "fecha_hech": "2026-02-14 00:00:00", "Id": 0, "area": 136572.15568900001 }, "geometry": { "type": "Point", "coordinates": [ -76.520524, 3.448731 ] } },
{ "type": "Feature", "properties": { "dinamica": "HURTO", "titulo": "DELITOS CONTRA EL PATRIMONIO ECONOMICO", "capitulo": "DEL HURTO", "articulo": "HURTO CALIFICADO. ART. 240 C.P.", "grado_deli": "NINGUNO", "tipo_notic": "DENUNCIA", "caracteriz": "HURTO DE MOTOCICLETAS", "modalidad": "HALADO", "modo": null, "motivo": null, "pais": "COLOMBIA", "dane_dep": 76, "departamen": "VALLE DEL CAUCA", "dane_mpio": 76001, "municipio": "CALI", "cod_comuna": 9.0, "comuna": "Comuna 9", "cod_barrio": 910.0, "nom_barrio": "Barrio Obrero", "direccion": "76001 CARRERA 10 22A 51, BARRIO OBRERO, CALI, VALLE DEL CAUCA", "sitio": "VIA PUBLICA", "x": -76.520585, "y": 3.450066, "anio": 2026, "mes": "febrero", "dia": 18, "dia_semana": 4, "hora_hecho": "19:00", "barrio": "BARRIO OBRERO", "estrato": 2, "geom": "0101000020E61000007172BF43512153C01155F833BC990B40", "fecha_hech": "2026-02-18 00:00:00", "Id": 0, "area": 136572.15568900001 }, "geometry": { "type": "Point", "coordinates": [ -76.520585, 3.450066 ] } },
{ "type": "Feature", "properties": { "dinamica": "HURTO", "titulo": "DELITOS CONTRA EL PATRIMONIO ECONOMICO", "capitulo": "DEL HURTO", "articulo": "HURTO. ART. 239 C.P.", "grado_deli": "NINGUNO", "tipo_notic": "QUERELLA", "caracteriz": "HURTO A ESTABLECIMIENTOS", "modalidad": "FACTOR DE OPORTUNIDAD", "modo": null, "motivo": null, "pais": "COLOMBIA", "dane_dep": 76, "departamen": "VALLE DEL CAUCA", "dane_mpio": 76001, "municipio": "CALI", "cod_comuna": 9.0, "comuna": "Comuna 9", "cod_barrio": 910.0, "nom_barrio": "Barrio Obrero", "direccion": "76001 CALLE 23 7A 98", "sitio": "VIA PUBLICA", "x": -76.520815, "y": 3.452432, "anio": 2026, "mes": "febrero", "dia": 21, "dia_semana": 7, "hora_hecho": "16:11", "barrio": "SAN NICOLÁS", "estrato": 2, "geom": "0101000020E61000000A117008552153C09C4F1DAB949E0B40", "fecha_hech": "2026-02-21 00:00:00", "Id": 0, "area": 136572.15568900001 }, "geometry": { "type": "Point", "coordinates": [ -76.520815, 3.452432 ] } },
{ "type": "Feature", "properties": { "dinamica": "HURTO", "titulo": "DELITOS CONTRA EL PATRIMONIO ECONOMICO", "capitulo": "DEL HURTO", "articulo": "HURTO. ART. 239 C.P.", "grado_deli": "AGRAVADO", "tipo_notic": "DENUNCIA", "caracteriz": "HURTO A PERSONAS", "modalidad": "FACTOR DE OPORTUNIDAD", "modo": null, "motivo": null, "pais": "COLOMBIA", "dane_dep": 76, "departamen": "VALLE DEL CAUCA", "dane_mpio": 76001, "municipio": "CALI", "cod_comuna": 9.0, "comuna": "Comuna 9", "cod_barrio": 910.0, "nom_barrio": "Barrio Obrero", "direccion": "76001 OBRERO, CALI, EL VALLE, COL,BARRIO OBRERO", "sitio": "PARQUEADERO", "x": -76.52036, "y": 3.44902, "anio": 2026, "mes": "febrero", "dia": 23, "dia_semana": 2, "hora_hecho": "10:39", "barrio": "BARRIO OBRERO", "estrato": 2, "geom": "0101000020E6100000618907944D2153C0D6FF39CC97970B40", "fecha_hech": "2026-02-23 00:00:00", "Id": 0, "area": 136572.15568900001 }, "geometry": { "type": "Point", "coordinates": [ -76.52036, 3.44902 ] } },
{ "type": "Feature", "properties": { "dinamica": "HURTO", "titulo": "DELITOS CONTRA EL PATRIMONIO ECONOMICO", "capitulo": "DEL HURTO", "articulo": "HURTO. ART. 239 C.P.", "grado_deli": "AGRAVADO", "tipo_notic": "DENUNCIA", "caracteriz": "HURTO A PERSONAS", "modalidad": "COSQUILLEO", "modo": null, "motivo": null, "pais": "COLOMBIA", "dane_dep": 76, "departamen": "VALLE DEL CAUCA", "dane_mpio": 76001, "municipio": "CALI", "cod_comuna": 9.0, "comuna": "Comuna 9", "cod_barrio": 910.0, "nom_barrio": "Barrio Obrero", "direccion": "76001 BARRIO/LOCALIDAD/COMUNA:BARRIO OBRERO/COMUNA 9,CALI/VALLE DEL CAUCA,BARRIO OBRERO", "sitio": "TRANSPORTE MASIVO", "x": -76.519053, "y": 3.449079, "anio": 2026, "mes": "febrero", "dia": 25, "dia_semana": 4, "hora_hecho": "22:05", "barrio": "BARRIO OBRERO", "estrato": 2, "geom": "0101000020E610000001F9122A382153C0259012BBB6970B40", "fecha_hech": "2026-02-25 00:00:00", "Id": 0, "area": 136572.15568900001 }, "geometry": { "type": "Point", "coordinates": [ -76.519053, 3.449079 ] } },
{ "type": "Feature", "properties": { "dinamica": "HURTO", "titulo": "DELITOS CONTRA EL PATRIMONIO ECONOMICO", "capitulo": "DEL HURTO", "articulo": "HURTO CALIFICADO. ART. 240 C.P.", "grado_deli": "NINGUNO", "tipo_notic": "DENUNCIA", "caracteriz": "HURTO A PERSONAS", "modalidad": "FACTOR DE OPORTUNIDAD", "modo": null, "motivo": null, "pais": "COLOMBIA", "dane_dep": 76, "departamen": "VALLE DEL CAUCA", "dane_mpio": 76001, "municipio": "CALI", "cod_comuna": 9.0, "comuna": "Comuna 9", "cod_barrio": 910.0, "nom_barrio": "Barrio Obrero", "direccion": "76001 Carrera 8A 22 45, Barrio Obrero, Cali, Valle del Cauca, COL,BARRIO OBRERO", "sitio": "SIN INFORMACION", "x": -76.521868, "y": 3.451547, "anio": 2026, "mes": "febrero", "dia": 25, "dia_semana": 4, "hora_hecho": "23:30", "barrio": "BARRIO OBRERO", "estrato": 2, "geom": "0101000020E61000000D350A49662153C0F5DA6CACC49C0B40", "fecha_hech": "2026-02-25 00:00:00", "Id": 0, "area": 136572.15568900001 }, "geometry": { "type": "Point", "coordinates": [ -76.521868, 3.451547 ] } },
{ "type": "Feature", "properties": { "dinamica": "HURTO", "titulo": "DELITOS CONTRA EL PATRIMONIO ECONOMICO", "capitulo": "DEL HURTO", "articulo": "HURTO CALIFICADO. ART. 240 C.P.", "grado_deli": "AGRAVADO", "tipo_notic": "DENUNCIA", "caracteriz": "HURTO DE MOTOCICLETAS", "modalidad": "ATRACO", "modo": "SIN ARMA", "motivo": null, "pais": "COLOMBIA", "dane_dep": 76, "departamen": "VALLE DEL CAUCA", "dane_mpio": 76001, "municipio": "CALI", "cod_comuna": 9.0, "comuna": "Comuna 9", "cod_barrio": 910.0, "nom_barrio": "Barrio Obrero", "direccion": "76001 BARRIO/LOCALIDAD/COMUNA:BARRIO OBRERO/COMUNA 9,CALI/VALLE DEL CAUCA,BARRIO OBRERO", "sitio": "VIA PUBLICA", "x": -76.519253, "y": 3.449322, "anio": 2026, "mes": "febrero", "dia": 26, "dia_semana": 5, "hora_hecho": "09:00", "barrio": "BARRIO OBRERO", "estrato": 2, "geom": "0101000020E61000006556EF703B2153C08BFCFA2136980B40", "fecha_hech": "2026-02-26 00:00:00", "Id": 0, "area": 136572.15568900001 }, "geometry": { "type": "Point", "coordinates": [ -76.519253, 3.449322 ] } },
{ "type": "Feature", "properties": { "dinamica": "HURTO", "titulo": "DELITOS CONTRA EL PATRIMONIO ECONOMICO", "capitulo": "DEL HURTO", "articulo": "HURTO CALIFICADO. ART. 240 C.P.", "grado_deli": "NINGUNO", "tipo_notic": "DENUNCIA", "caracteriz": "HURTO DE MOTOCICLETAS", "modalidad": "HALADO", "modo": null, "motivo": null, "pais": "COLOMBIA", "dane_dep": 76, "departamen": "VALLE DEL CAUCA", "dane_mpio": 76001, "municipio": "CALI", "cod_comuna": 9.0, "comuna": "Comuna 9", "cod_barrio": 910.0, "nom_barrio": "Barrio Obrero", "direccion": "76001 CARRERA 11D 22A 15, BARRIO OBRERO, CALI, VALLE DEL CAUCA", "sitio": "VIA PUBLICA", "x": -76.520423, "y": 3.447328, "anio": 2026, "mes": "febrero", "dia": 28, "dia_semana": 7, "hora_hecho": "17:30", "barrio": "BARRIO OBRERO", "estrato": 2, "geom": "0101000020E61000008445459C4E2153C043AED4B320940B40", "fecha_hech": "2026-02-28 00:00:00", "Id": 0, "area": 136572.15568900001 }, "geometry": { "type": "Point", "coordinates": [ -76.520423, 3.447328 ] } },
{ "type": "Feature", "properties": { "dinamica": "HURTO", "titulo": "DELITOS CONTRA EL PATRIMONIO ECONOMICO", "capitulo": "DEL HURTO", "articulo": "HURTO. ART. 239 C.P.", "grado_deli": "AGRAVADO", "tipo_notic": "DENUNCIA", "caracteriz": "HURTO A PERSONAS", "modalidad": "FACTOR DE OPORTUNIDAD", "modo": null, "motivo": null, "pais": "COLOMBIA", "dane_dep": 76, "departamen": "VALLE DEL CAUCA", "dane_mpio": 76001, "municipio": "CALI", "cod_comuna": 9.0, "comuna": "Comuna 9", "cod_barrio": 910.0, "nom_barrio": "Barrio Obrero", "direccion": "76001 CARRERA 11 22A 62", "sitio": "VIA PUBLICA", "x": -76.520391, "y": 3.448958, "anio": 2026, "mes": "marzo", "dia": 1, "dia_semana": 1, "hora_hecho": "04:00", "barrio": "BARRIO OBRERO", "estrato": 2, "geom": "0101000020E61000007F880D164E2153C07638BA4A77970B40", "fecha_hech": "2026-03-01 00:00:00", "Id": 0, "area": 136572.15568900001 }, "geometry": { "type": "Point", "coordinates": [ -76.520391, 3.448958 ] } },
{ "type": "Feature", "properties": { "dinamica": "HURTO", "titulo": "DELITOS CONTRA EL PATRIMONIO ECONOMICO", "capitulo": "DEL HURTO", "articulo": "HURTO CALIFICADO. ART. 240 C.P.", "grado_deli": "NINGUNO", "tipo_notic": "DENUNCIA", "caracteriz": "HURTO A PERSONAS", "modalidad": "ATRACO", "modo": "ARMA BLANCA", "motivo": null, "pais": "COLOMBIA", "dane_dep": 76, "departamen": "VALLE DEL CAUCA", "dane_mpio": 76001, "municipio": "CALI", "cod_comuna": 9.0, "comuna": "Comuna 9", "cod_barrio": 910.0, "nom_barrio": "Barrio Obrero", "direccion": "76001 Barrio Obrero, Cali, Valle del Cauca, COL,BARRIO OBRERO", "sitio": "SIN INFORMACION", "x": -76.520529, "y": 3.448278, "anio": 2026, "mes": "marzo", "dia": 2, "dia_semana": 2, "hora_hecho": "19:30", "barrio": "BARRIO OBRERO", "estrato": 2, "geom": "0101000020E6100000A7E7DD58502153C05C21ACC612960B40", "fecha_hech": "2026-03-02 00:00:00", "Id": 0, "area": 136572.15568900001 }, "geometry": { "type": "Point", "coordinates": [ -76.520529, 3.448278 ] } },
{ "type": "Feature", "properties": { "dinamica": "HURTO", "titulo": "DELITOS CONTRA EL PATRIMONIO ECONOMICO", "capitulo": "DEL HURTO", "articulo": "HURTO CALIFICADO. ART. 240 C.P.", "grado_deli": "NINGUNO", "tipo_notic": "DENUNCIA", "caracteriz": "HURTO A PERSONAS", "modalidad": "ATRACO", "modo": "ARMA BLANCA", "motivo": null, "pais": "COLOMBIA", "dane_dep": 76, "departamen": "VALLE DEL CAUCA", "dane_mpio": 76001, "municipio": "CALI", "cod_comuna": 9.0, "comuna": "Comuna 9", "cod_barrio": 910.0, "nom_barrio": "Barrio Obrero", "direccion": "76001 CARRERA 9, SUCRE, CALI, VALLE DEL CAUCA", "sitio": "VIA PUBLICA", "x": -76.522882, "y": 3.450229, "anio": 2026, "mes": "marzo", "dia": 3, "dia_semana": 3, "hora_hecho": "07:00", "barrio": "BARRIO OBRERO", "estrato": 2, "geom": "0101000020E6100000B16A10E6762153C0B0AF75A9119A0B40", "fecha_hech": "2026-03-03 00:00:00", "Id": 0, "area": 136572.15568900001 }, "geometry": { "type": "Point", "coordinates": [ -76.522882, 3.450229 ] } },
{ "type": "Feature", "properties": { "dinamica": "HURTO", "titulo": "DELITOS CONTRA EL PATRIMONIO ECONOMICO", "capitulo": "DEL HURTO", "articulo": "HURTO CALIFICADO. ART. 240 C.P.", "grado_deli": "NINGUNO", "tipo_notic": "DENUNCIA", "caracteriz": "HURTO DE MOTOCICLETAS", "modalidad": "HALADO", "modo": null, "motivo": null, "pais": "COLOMBIA", "dane_dep": 76, "departamen": "VALLE DEL CAUCA", "dane_mpio": 76001, "municipio": "CALI", "cod_comuna": 9.0, "comuna": "Comuna 9", "cod_barrio": 910.0, "nom_barrio": "Barrio Obrero", "direccion": "76001 CARRERA 11 21 11, BARRIO OBRERO, CALI, VALLE DEL CAUCA", "sitio": "VIA PUBLICA", "x": -76.522318, "y": 3.448747, "anio": 2026, "mes": "marzo", "dia": 4, "dia_semana": 4, "hora_hecho": "10:30", "barrio": "BARRIO OBRERO", "estrato": 2, "geom": "0101000020E61000002D077AA86D2153C0C66CC9AA08970B40", "fecha_hech": "2026-03-04 00:00:00", "Id": 0, "area": 136572.15568900001 }, "geometry": { "type": "Point", "coordinates": [ -76.522318, 3.448747 ] } },
{ "type": "Feature", "properties": { "dinamica": "HURTO", "titulo": "DELITOS CONTRA EL PATRIMONIO ECONOMICO", "capitulo": "DEL HURTO", "articulo": "HURTO CALIFICADO. ART. 240 C.P.", "grado_deli": "NINGUNO", "tipo_notic": "DENUNCIA", "caracteriz": "HURTO DE MOTOCICLETAS", "modalidad": "HALADO", "modo": null, "motivo": null, "pais": "COLOMBIA", "dane_dep": 76, "departamen": "VALLE DEL CAUCA", "dane_mpio": 76001, "municipio": "CALI", "cod_comuna": 9.0, "comuna": "Comuna 9", "cod_barrio": 910.0, "nom_barrio": "Barrio Obrero", "direccion": "76001 CARRERA 10 22 68", "sitio": "VIA PUBLICA", "x": -76.521373, "y": 3.449601, "anio": 2026, "mes": "marzo", "dia": 6, "dia_semana": 6, "hora_hecho": "05:00", "barrio": "BARRIO OBRERO", "estrato": 2, "geom": "0101000020E61000001D01DC2C5E2153C0BDFDB968C8980B40", "fecha_hech": "2026-03-06 00:00:00", "Id": 0, "area": 136572.15568900001 }, "geometry": { "type": "Point", "coordinates": [ -76.521373, 3.449601 ] } },
{ "type": "Feature", "properties": { "dinamica": "HURTO", "titulo": "DELITOS CONTRA EL PATRIMONIO ECONOMICO", "capitulo": "DEL HURTO", "articulo": "HURTO CALIFICADO. ART. 240 C.P.", "grado_deli": "NINGUNO", "tipo_notic": "DENUNCIA", "caracteriz": "HURTO A PERSONAS", "modalidad": "ATRACO", "modo": "SIN ARMA", "motivo": null, "pais": "COLOMBIA", "dane_dep": 76, "departamen": "VALLE DEL CAUCA", "dane_mpio": 76001, "municipio": "CALI", "cod_comuna": 9.0, "comuna": "Comuna 9", "cod_barrio": 910.0, "nom_barrio": "Barrio Obrero", "direccion": "76001 CARRERA 11, BARRIO OBRERO, CALI, VALLE DEL CAUCA", "sitio": "VIA PUBLICA", "x": -76.520477, "y": 3.448976, "anio": 2026, "mes": "marzo", "dia": 6, "dia_semana": 6, "hora_hecho": "22:30", "barrio": "BARRIO OBRERO", "estrato": 2, "geom": "0101000020E61000007E54C37E4F2153C0DC82A5BA80970B40", "fecha_hech": "2026-03-06 00:00:00", "Id": 0, "area": 136572.15568900001 }, "geometry": { "type": "Point", "coordinates": [ -76.520477, 3.448976 ] } },
{ "type": "Feature", "properties": { "dinamica": "HURTO", "titulo": "DELITOS CONTRA EL PATRIMONIO ECONOMICO", "capitulo": "DEL HURTO", "articulo": "HURTO CALIFICADO. ART. 240 C.P.", "grado_deli": "AGRAVADO", "tipo_notic": "DENUNCIA", "caracteriz": "HURTO DE VEHICULOS", "modalidad": "ENGAÑO", "modo": null, "motivo": null, "pais": "COLOMBIA", "dane_dep": 76, "departamen": "VALLE DEL CAUCA", "dane_mpio": 76001, "municipio": "CALI", "cod_comuna": 9.0, "comuna": "Comuna 9", "cod_barrio": 910.0, "nom_barrio": "Barrio Obrero", "direccion": "76001 CALLE 22 CON CARRERA 10, BARRIO OBRERO, CALI, VALLE DEL CAUCA", "sitio": "VIA PUBLICA", "x": -76.521929, "y": 3.44956, "anio": 2026, "mes": "marzo", "dia": 7, "dia_semana": 7, "hora_hecho": "09:00", "barrio": "BARRIO OBRERO", "estrato": 2, "geom": "0101000020E61000006075E448672153C0D4B7CCE9B2980B40", "fecha_hech": "2026-03-07 00:00:00", "Id": 0, "area": 136572.15568900001 }, "geometry": { "type": "Point", "coordinates": [ -76.521929, 3.44956 ] } },
{ "type": "Feature", "properties": { "dinamica": "HURTO", "titulo": "DELITOS CONTRA EL PATRIMONIO ECONOMICO", "capitulo": "DEL HURTO", "articulo": "HURTO CALIFICADO. ART. 240 C.P.", "grado_deli": "NINGUNO", "tipo_notic": "DENUNCIA", "caracteriz": "HURTO DE MOTOCICLETAS", "modalidad": "ATRACO", "modo": "ARMA DE FUEGO", "motivo": null, "pais": "COLOMBIA", "dane_dep": 76, "departamen": "VALLE DEL CAUCA", "dane_mpio": 76001, "municipio": "CALI", "cod_comuna": 9.0, "comuna": "Comuna 9", "cod_barrio": 910.0, "nom_barrio": "Barrio Obrero", "direccion": "76001 CARRERA 8 24, SAN NICOLAS, CALI, VALLE DEL CAUCA", "sitio": "VIA PUBLICA", "x": -76.519534, "y": 3.452719, "anio": 2026, "mes": "marzo", "dia": 8, "dia_semana": 1, "hora_hecho": "00:00", "barrio": "BARRIO OBRERO", "estrato": 2, "geom": "0101000020E61000003ECA880B402153C0FC389A232B9F0B40", "fecha_hech": "2026-03-08 00:00:00", "Id": 0, "area": 136572.15568900001 }, "geometry": { "type": "Point", "coordinates": [ -76.519534, 3.452719 ] } },
{ "type": "Feature", "properties": { "dinamica": "HURTO", "titulo": "DELITOS CONTRA EL PATRIMONIO ECONOMICO", "capitulo": "DEL HURTO", "articulo": "HURTO CALIFICADO. ART. 240 C.P.", "grado_deli": "NINGUNO", "tipo_notic": "DENUNCIA", "caracteriz": "HURTO A PERSONAS", "modalidad": "FACTOR DE OPORTUNIDAD", "modo": null, "motivo": null, "pais": "COLOMBIA", "dane_dep": 76, "departamen": "VALLE DEL CAUCA", "dane_mpio": 76001, "municipio": "CALI", "cod_comuna": 9.0, "comuna": "Comuna 9", "cod_barrio": 910.0, "nom_barrio": "Barrio Obrero", "direccion": "76001 CARRERA 8A 21 60", "sitio": "VIA PUBLICA", "x": -76.522601, "y": 3.451105, "anio": 2026, "mes": "marzo", "dia": 11, "dia_semana": 4, "hora_hecho": "14:30", "barrio": "BARRIO OBRERO", "estrato": 2, "geom": "0101000020E6100000D7F6764B722153C0247F30F0DC9B0B40", "fecha_hech": "2026-03-11 00:00:00", "Id": 0, "area": 136572.15568900001 }, "geometry": { "type": "Point", "coordinates": [ -76.522601, 3.451105 ] } },
{ "type": "Feature", "properties": { "dinamica": "HURTO", "titulo": "DELITOS CONTRA EL PATRIMONIO ECONOMICO", "capitulo": "DEL HURTO", "articulo": "HURTO CALIFICADO. ART. 240 C.P.", "grado_deli": "AGRAVADO", "tipo_notic": "DENUNCIA", "caracteriz": "HURTO A PERSONAS", "modalidad": "ATRACO", "modo": "ARMA DE FUEGO", "motivo": null, "pais": "COLOMBIA", "dane_dep": 76, "departamen": "VALLE DEL CAUCA", "dane_mpio": 76001, "municipio": "CALI", "cod_comuna": 9.0, "comuna": "Comuna 9", "cod_barrio": 910.0, "nom_barrio": "Barrio Obrero", "direccion": "76001 CARRERA 10 24 98", "sitio": "VIA PUBLICA", "x": -76.518534, "y": 3.450182, "anio": 2026, "mes": "marzo", "dia": 11, "dia_semana": 4, "hora_hecho": "19:40", "barrio": "BARRIO OBRERO", "estrato": 2, "geom": "0101000020E61000004DF73AA92F2153C0A4FB3905F9990B40", "fecha_hech": "2026-03-11 00:00:00", "Id": 0, "area": 136572.15568900001 }, "geometry": { "type": "Point", "coordinates": [ -76.518534, 3.450182 ] } },
{ "type": "Feature", "properties": { "dinamica": "HURTO", "titulo": "DELITOS CONTRA EL PATRIMONIO ECONOMICO", "capitulo": "DEL HURTO", "articulo": "HURTO CALIFICADO. ART. 240 C.P.", "grado_deli": "NINGUNO", "tipo_notic": "DENUNCIA", "caracteriz": "HURTO A PERSONAS", "modalidad": "ATRACO", "modo": "ARMA DE FUEGO", "motivo": null, "pais": "COLOMBIA", "dane_dep": 76, "departamen": "VALLE DEL CAUCA", "dane_mpio": 76001, "municipio": "CALI", "cod_comuna": 9.0, "comuna": "Comuna 9", "cod_barrio": 910.0, "nom_barrio": "Barrio Obrero", "direccion": "76001 BARRIO/LOCALIDAD/COMUNA:BARRIO OBRERO/COMUNA 9,CALI/VALLE DEL CAUCA,BARRIO OBRERO", "sitio": "SIN INFORMACION", "x": -76.518837, "y": 3.449123, "anio": 2026, "mes": "marzo", "dia": 15, "dia_semana": 1, "hora_hecho": "08:00", "barrio": "BARRIO OBRERO", "estrato": 2, "geom": "0101000020E61000001BBD1AA0342153C0200DA7CCCD970B40", "fecha_hech": "2026-03-15 00:00:00", "Id": 0, "area": 136572.15568900001 }, "geometry": { "type": "Point", "coordinates": [ -76.518837, 3.449123 ] } },
{ "type": "Feature", "properties": { "dinamica": "HURTO", "titulo": "DELITOS CONTRA EL PATRIMONIO ECONOMICO", "capitulo": "DEL HURTO", "articulo": "HURTO CALIFICADO. ART. 240 C.P.", "grado_deli": "NINGUNO", "tipo_notic": "DENUNCIA", "caracteriz": "HURTO A ESTABLECIMIENTOS", "modalidad": "FACTOR DE OPORTUNIDAD", "modo": null, "motivo": null, "pais": "COLOMBIA", "dane_dep": 76, "departamen": "VALLE DEL CAUCA", "dane_mpio": 76001, "municipio": "CALI", "cod_comuna": 9.0, "comuna": "Comuna 9", "cod_barrio": 910.0, "nom_barrio": "Barrio Obrero", "direccion": "76001 KR 11 CL 21-32", "sitio": "ESTABLECIMIENTO DE COMERCIO", "x": -76.522064, "y": 3.448741, "anio": 2026, "mes": "marzo", "dia": 16, "dia_semana": 2, "hora_hecho": "13:30", "barrio": null, "estrato": 2, "geom": "0101000020E6100000D09A1F7F692153C0A4FE7A8505970B40", "fecha_hech": "2026-03-16 00:00:00", "Id": 0, "area": 136572.15568900001 }, "geometry": { "type": "Point", "coordinates": [ -76.522064, 3.448741 ] } },
{ "type": "Feature", "properties": { "dinamica": "HURTO", "titulo": "DELITOS CONTRA EL PATRIMONIO ECONOMICO", "capitulo": "DEL HURTO", "articulo": "HURTO CALIFICADO. ART. 240 C.P.", "grado_deli": "NINGUNO", "tipo_notic": "DENUNCIA", "caracteriz": "HURTO A PERSONAS", "modalidad": "ATRACO", "modo": "ARMA DE FUEGO", "motivo": null, "pais": "COLOMBIA", "dane_dep": 76, "departamen": "VALLE DEL CAUCA", "dane_mpio": 76001, "municipio": "CALI", "cod_comuna": 9.0, "comuna": "Comuna 9", "cod_barrio": 910.0, "nom_barrio": "Barrio Obrero", "direccion": "76001 Carrera 8 con Calle 22, San Nicolas, Cali, Valle del Cauca, COL,SAN NICOLÁS", "sitio": "SIN INFORMACION", "x": -76.52249, "y": 3.452016, "anio": 2026, "mes": "marzo", "dia": 17, "dia_semana": 3, "hora_hecho": "22:17", "barrio": "SAN NICOLÁS", "estrato": 2, "geom": "0101000020E61000002C9FE579702153C05F268A90BA9D0B40", "fecha_hech": "2026-03-17 00:00:00", "Id": 0, "area": 136572.15568900001 }, "geometry": { "type": "Point", "coordinates": [ -76.52249, 3.452016 ] } },
{ "type": "Feature", "properties": { "dinamica": "HURTO", "titulo": "DELITOS CONTRA EL PATRIMONIO ECONOMICO", "capitulo": "DEL HURTO", "articulo": "HURTO CALIFICADO. ART. 240 C.P.", "grado_deli": "NINGUNO", "tipo_notic": "DENUNCIA", "caracteriz": "HURTO A PERSONAS", "modalidad": "ATRACO", "modo": "SUSTANCIA TÓXICA", "motivo": null, "pais": "COLOMBIA", "dane_dep": 76, "departamen": "VALLE DEL CAUCA", "dane_mpio": 76001, "municipio": "CALI", "cod_comuna": 9.0, "comuna": "Comuna 9", "cod_barrio": 910.0, "nom_barrio": "Barrio Obrero", "direccion": "76001 CARRERA 8 22 99", "sitio": "DOMICILIO", "x": -76.522084, "y": 3.452146, "anio": 2026, "mes": "marzo", "dia": 20, "dia_semana": 6, "hora_hecho": "00:30", "barrio": "SAN NICOLÁS", "estrato": 2, "geom": "0101000020E6100000F47002D3692153C04223D8B8FE9D0B40", "fecha_hech": "2026-03-20 00:00:00", "Id": 0, "area": 136572.15568900001 }, "geometry": { "type": "Point", "coordinates": [ -76.522084, 3.452146 ] } },
{ "type": "Feature", "properties": { "dinamica": "HURTO", "titulo": "DELITOS CONTRA EL PATRIMONIO ECONOMICO", "capitulo": "DEL HURTO", "articulo": "HURTO CALIFICADO. ART. 240 C.P.", "grado_deli": "NINGUNO", "tipo_notic": "DENUNCIA", "caracteriz": "HURTO A PERSONAS", "modalidad": "ATRACO", "modo": "SIN ARMA", "motivo": null, "pais": "COLOMBIA", "dane_dep": 76, "departamen": "VALLE DEL CAUCA", "dane_mpio": 76001, "municipio": "CALI", "cod_comuna": 9.0, "comuna": "Comuna 9", "cod_barrio": 910.0, "nom_barrio": "Barrio Obrero", "direccion": "76001 CARRERA 10 CON CALLE 22, BARRIO OBRERO, CALI, VALLE DEL CAUCA", "sitio": "VIA PUBLICA", "x": -76.521929, "y": 3.44956, "anio": 2026, "mes": "marzo", "dia": 22, "dia_semana": 1, "hora_hecho": "02:00", "barrio": "BARRIO OBRERO", "estrato": 2, "geom": "0101000020E61000006075E448672153C0D4B7CCE9B2980B40", "fecha_hech": "2026-03-22 00:00:00", "Id": 0, "area": 136572.15568900001 }, "geometry": { "type": "Point", "coordinates": [ -76.521929, 3.44956 ] } },
{ "type": "Feature", "properties": { "dinamica": "HURTO", "titulo": "DELITOS CONTRA EL PATRIMONIO ECONOMICO", "capitulo": "DEL HURTO", "articulo": "HURTO. ART. 239 C.P.", "grado_deli": "NINGUNO", "tipo_notic": "DENUNCIA", "caracteriz": "HURTO A PERSONAS", "modalidad": "RAPONAZO", "modo": null, "motivo": null, "pais": "COLOMBIA", "dane_dep": 76, "departamen": "VALLE DEL CAUCA", "dane_mpio": 76001, "municipio": "CALI", "cod_comuna": 9.0, "comuna": "Comuna 9", "cod_barrio": 910.0, "nom_barrio": "Barrio Obrero", "direccion": "76001 CARRERA 15 CON ENTRADA A LA CARRERA 15, BARRIO OBRERO, CALI, VALLE DEL CAUCA", "sitio": "VIA PUBLICA", "x": -76.518733, "y": 3.445099, "anio": 2026, "mes": "marzo", "dia": 24, "dia_semana": 3, "hora_hecho": "13:08", "barrio": "BARRIO OBRERO", "estrato": 2, "geom": "0101000020E6100000C896E5EB322153C0C2DB8310908F0B40", "fecha_hech": "2026-03-24 00:00:00", "Id": 0, "area": 136572.15568900001 }, "geometry": { "type": "Point", "coordinates": [ -76.518733, 3.445099 ] } },
{ "type": "Feature", "properties": { "dinamica": "HURTO", "titulo": "DELITOS CONTRA EL PATRIMONIO ECONOMICO", "capitulo": "DEL HURTO", "articulo": "HURTO. ART. 239 C.P.", "grado_deli": "NINGUNO", "tipo_notic": "QUERELLA", "caracteriz": "HURTO A PERSONAS", "modalidad": "FACTOR DE OPORTUNIDAD", "modo": null, "motivo": null, "pais": "COLOMBIA", "dane_dep": 76, "departamen": "VALLE DEL CAUCA", "dane_mpio": 76001, "municipio": "CALI", "cod_comuna": 9.0, "comuna": "Comuna 9", "cod_barrio": 910.0, "nom_barrio": "Barrio Obrero", "direccion": "76001 Carrera 9 22, Barrio Obrero, Cali, Valle del Cauca, COL,BARRIO OBRERO", "sitio": "SIN INFORMACION", "x": -76.521697, "y": 3.450471, "anio": 2026, "mes": "marzo", "dia": 26, "dia_semana": 5, "hora_hecho": "19:30", "barrio": "BARRIO OBRERO", "estrato": 2, "geom": "0101000020E6100000F75AD07B632153C00F5F268A909A0B40", "fecha_hech": "2026-03-26 00:00:00", "Id": 0, "area": 136572.15568900001 }, "geometry": { "type": "Point", "coordinates": [ -76.521697, 3.450471 ] } }
]
}
