{
"type": "FeatureCollection",
"name": "registro_mercantil_2025_con_coordenadas_poligono_Barrio_Obrero",
"crs": { "type": "name", "properties": { "name": "urn:ogc:def:crs:OGC:1.3:CRS84" } },
"features": [
{ "type": "Feature", "properties": { "NUM_INSCRI": "1223822", "Mes_Dia_An": "20 de junio de 2024", "Mes_Dia_A1": "20 de junio de 2024", "CATEGORIA": "PERSONA JURIDICA", "NOMBRE_SEC": "AGRICULTURA, GANADER?A, CAZA, SILVICULTURA Y PESCA", "CODIGO_CII": "129", "DESC_CIIU": "OTROS CULTIVOS PERMANENTES N.C.P.", "TAMANO957": "MICRO", "CIUDAD": "Cali", "COMUNA": null, "BARRIO": null, "DIRECCION_": "-CR 12  21   28", "TIPO_REGIS": "MERCANTIL", "PERSONAL_O": "1.0", "NUMERO_DE_": "0", "NUMERO_DE1": "1", "INGRESOS_A": null, "X": "-76.52134076051303", "Y": "3.44559445957114", "Id": 0, "area": 136572.15568900001 }, "geometry": { "type": "Point", "coordinates": [ -76.521340760513027, 3.44559445957114 ] } },
{ "type": "Feature", "properties": { "NUM_INSCRI": "332712", "Mes_Dia_An": "25 de octubre de 1999", "Mes_Dia_A1": "14 de marzo de 2025", "CATEGORIA": "PERSONA NATURAL", "NOMBRE_SEC": "INDUSTRIAS MANUFACTURERAS", "CODIGO_CII": "1051", "DESC_CIIU": "ELABORACI?N DE PRODUCTOS DE MOLINER?A", "TAMANO957": "MICRO", "CIUDAD": "Cali", "COMUNA": "Comuna 09", "BARRIO": "Barrio Obrero", "DIRECCION_": "-CL 22 # 11 D - 43", "TIPO_REGIS": "MERCANTIL", "PERSONAL_O": "30.0", "NUMERO_DE_": "30", "NUMERO_DE1": "0", "INGRESOS_A": "0.0", "X": "-76.52118777287802", "Y": "3.44662269047235", "Id": 0, "area": 136572.15568900001 }, "geometry": { "type": "Point", "coordinates": [ -76.521187772878022, 3.44662269047235 ] } },
{ "type": "Feature", "properties": { "NUM_INSCRI": "1156089", "Mes_Dia_An": "21 de junio de 2022", "Mes_Dia_A1": "13 de septiembre de 2024", "CATEGORIA": "PERSONA NATURAL", "NOMBRE_SEC": "INDUSTRIAS MANUFACTURERAS", "CODIGO_CII": "1051", "DESC_CIIU": "ELABORACI?N DE PRODUCTOS DE MOLINER?A", "TAMANO957": "MICRO", "CIUDAD": "Cali", "COMUNA": "Comuna 09", "BARRIO": "Barrio Obrero", "DIRECCION_": "-CRA 9 # 23 - 41", "TIPO_REGIS": "MERCANTIL", "PERSONAL_O": "0.0", "NUMERO_DE_": "0", "NUMERO_DE1": "0", "INGRESOS_A": null, "X": "-76.52004935629616", "Y": "3.451053035606864", "Id": 0, "area": 136572.15568900001 }, "geometry": { "type": "Point", "coordinates": [ -76.520049356296155, 3.451053035606864 ] } },
{ "type": "Feature", "properties": { "NUM_INSCRI": "1227794", "Mes_Dia_An": "31 de julio de 2024", "Mes_Dia_A1": "31 de julio de 2024", "CATEGORIA": "PERSONA NATURAL", "NOMBRE_SEC": "INDUSTRIAS MANUFACTURERAS", "CODIGO_CII": "1051", "DESC_CIIU": "ELABORACI?N DE PRODUCTOS DE MOLINER?A", "TAMANO957": "MICRO", "CIUDAD": "Cali", "COMUNA": "Comuna 09", "BARRIO": "Barrio Obrero", "DIRECCION_": "-CR 9  23   41", "TIPO_REGIS": "MERCANTIL", "PERSONAL_O": "0.0", "NUMERO_DE_": "0", "NUMERO_DE1": "0", "INGRESOS_A": null, "X": "-76.52004935629616", "Y": "3.451053035606864", "Id": 0, "area": 136572.15568900001 }, "geometry": { "type": "Point", "coordinates": [ -76.520049356296155, 3.451053035606864 ] } },
{ "type": "Feature", "properties": { "NUM_INSCRI": "357927", "Mes_Dia_An": "5 de agosto de 2013", "Mes_Dia_A1": "20 de marzo de 2025", "CATEGORIA": "PERSONA NATURAL", "NOMBRE_SEC": "INDUSTRIAS MANUFACTURERAS", "CODIGO_CII": "1081", "DESC_CIIU": "ELABORACI?N DE PRODUCTOS DE PANADER?A", "TAMANO957": "MICRO", "CIUDAD": "Cali", "COMUNA": "Comuna 09", "BARRIO": "Barrio Obrero", "DIRECCION_": "-CL 23 # 11 D - 65", "TIPO_REGIS": "MERCANTIL", "PERSONAL_O": "1.0", "NUMERO_DE_": "1", "NUMERO_DE1": "0", "INGRESOS_A": "0.0", "X": "-76.51949320040713", "Y": "3.44678185332669", "Id": 0, "area": 136572.15568900001 }, "geometry": { "type": "Point", "coordinates": [ -76.519493200407126, 3.44678185332669 ] } },
{ "type": "Feature", "properties": { "NUM_INSCRI": "459071", "Mes_Dia_An": "20 de mayo de 2005", "Mes_Dia_A1": "13 de enero de 2025", "CATEGORIA": "PERSONA NATURAL", "NOMBRE_SEC": "INDUSTRIAS MANUFACTURERAS", "CODIGO_CII": "1081", "DESC_CIIU": "ELABORACI?N DE PRODUCTOS DE PANADER?A", "TAMANO957": "MICRO", "CIUDAD": "Cali", "COMUNA": "Comuna 09", "BARRIO": "Barrio Obrero", "DIRECCION_": "-KR 10 # 22 A - 63", "TIPO_REGIS": "MERCANTIL", "PERSONAL_O": "3.0", "NUMERO_DE_": "1", "NUMERO_DE1": "2", "INGRESOS_A": "0.0", "X": "-76.52048852531595", "Y": "3.449973257865057", "Id": 0, "area": 136572.15568900001 }, "geometry": { "type": "Point", "coordinates": [ -76.520488525315955, 3.449973257865057 ] } },
{ "type": "Feature", "properties": { "NUM_INSCRI": "484761", "Mes_Dia_An": "12 de mayo de 1998", "Mes_Dia_A1": "25 de marzo de 2025", "CATEGORIA": "PERSONA NATURAL", "NOMBRE_SEC": "INDUSTRIAS MANUFACTURERAS", "CODIGO_CII": "1081", "DESC_CIIU": "ELABORACION DE PRODUCTOS DE PANADERIA", "TAMANO957": "MICRO", "CIUDAD": "Cali", "COMUNA": "Comuna 09", "BARRIO": "Barrio Obrero", "DIRECCION_": "-KR 11 B # 22 - 79", "TIPO_REGIS": "MERCANTIL", "PERSONAL_O": "3.0", "NUMERO_DE_": "3", "NUMERO_DE1": "0", "INGRESOS_A": "0.0", "X": "-76.52082150089039", "Y": "3.448135645843192", "Id": 0, "area": 136572.15568900001 }, "geometry": { "type": "Point", "coordinates": [ -76.520821500890392, 3.448135645843192 ] } },
{ "type": "Feature", "properties": { "NUM_INSCRI": "600244", "Mes_Dia_An": "27 de enero de 2003", "Mes_Dia_A1": "19 de febrero de 2025", "CATEGORIA": "PERSONA NATURAL", "NOMBRE_SEC": "INDUSTRIAS MANUFACTURERAS", "CODIGO_CII": "1081", "DESC_CIIU": "ELABORACI?N DE PRODUCTOS DE PANADER?A", "TAMANO957": "MICRO", "CIUDAD": "Cali", "COMUNA": "Comuna 09", "BARRIO": "Barrio Obrero", "DIRECCION_": "-CL 22 A # 12 - 82", "TIPO_REGIS": "MERCANTIL", "PERSONAL_O": "2.0", "NUMERO_DE_": "2", "NUMERO_DE1": "0", "INGRESOS_A": "0.0", "X": "-76.52028154147315", "Y": "3.445601694542161", "Id": 0, "area": 136572.15568900001 }, "geometry": { "type": "Point", "coordinates": [ -76.520281541473153, 3.445601694542161 ] } },
{ "type": "Feature", "properties": { "NUM_INSCRI": "673354", "Mes_Dia_An": "25 de mayo de 2012", "Mes_Dia_A1": "6 de febrero de 2025", "CATEGORIA": "PERSONA NATURAL", "NOMBRE_SEC": "INDUSTRIAS MANUFACTURERAS", "CODIGO_CII": "1081", "DESC_CIIU": "ELABORACI?N DE PRODUCTOS DE PANADER?A", "TAMANO957": "MICRO", "CIUDAD": "Cali", "COMUNA": "Comuna 09", "BARRIO": "Barrio Obrero", "DIRECCION_": "-KR 9 # 21 - 02", "TIPO_REGIS": "MERCANTIL", "PERSONAL_O": "4.0", "NUMERO_DE_": "1", "NUMERO_DE1": "3", "INGRESOS_A": "47749800.0", "X": "-76.52279326007269", "Y": "3.450136035827957", "Id": 0, "area": 136572.15568900001 }, "geometry": { "type": "Point", "coordinates": [ -76.522793260072689, 3.450136035827957 ] } },
{ "type": "Feature", "properties": { "NUM_INSCRI": "744105", "Mes_Dia_An": "23 de julio de 2008", "Mes_Dia_A1": "30 de marzo de 2025", "CATEGORIA": "PERSONA NATURAL", "NOMBRE_SEC": "INDUSTRIAS MANUFACTURERAS", "CODIGO_CII": "1081", "DESC_CIIU": "ELABORACI?N DE PRODUCTOS DE PANADER?A", "TAMANO957": "MICRO", "CIUDAD": "Cali", "COMUNA": "Comuna 09", "BARRIO": "Barrio Obrero", "DIRECCION_": "-CL 22 # 9 - 73", "TIPO_REGIS": "MERCANTIL", "PERSONAL_O": "4.0", "NUMERO_DE_": "2", "NUMERO_DE1": "2", "INGRESOS_A": "0.0", "X": "-76.52183212849936", "Y": "3.449775207303405", "Id": 0, "area": 136572.15568900001 }, "geometry": { "type": "Point", "coordinates": [ -76.521832128499355, 3.449775207303405 ] } },
{ "type": "Feature", "properties": { "NUM_INSCRI": "790107", "Mes_Dia_An": "17 de enero de 2013", "Mes_Dia_A1": "11 de marzo de 2025", "CATEGORIA": "PERSONA NATURAL", "NOMBRE_SEC": "INDUSTRIAS MANUFACTURERAS", "CODIGO_CII": "1081", "DESC_CIIU": "ELABORACI?N DE PRODUCTOS DE PANADER?A", "TAMANO957": "MICRO", "CIUDAD": "Cali", "COMUNA": "Comuna 09", "BARRIO": "Barrio Obrero", "DIRECCION_": "-KR 10 # 22 A - 63", "TIPO_REGIS": "MERCANTIL", "PERSONAL_O": "2.0", "NUMERO_DE_": "2", "NUMERO_DE1": "0", "INGRESOS_A": "0.0", "X": "-76.52048852531595", "Y": "3.449973257865057", "Id": 0, "area": 136572.15568900001 }, "geometry": { "type": "Point", "coordinates": [ -76.520488525315955, 3.449973257865057 ] } },
{ "type": "Feature", "properties": { "NUM_INSCRI": "864955", "Mes_Dia_An": "21 de febrero de 2013", "Mes_Dia_A1": "20 de marzo de 2025", "CATEGORIA": "PERSONA NATURAL", "NOMBRE_SEC": "INDUSTRIAS MANUFACTURERAS", "CODIGO_CII": "1081", "DESC_CIIU": "ELABORACI?N DE PRODUCTOS DE PANADER?A", "TAMANO957": "MICRO", "CIUDAD": "Cali", "COMUNA": "Comuna 09", "BARRIO": "Barrio Obrero", "DIRECCION_": "-KR 12 # 23 - 09", "TIPO_REGIS": "MERCANTIL", "PERSONAL_O": "1.0", "NUMERO_DE_": "1", "NUMERO_DE1": "0", "INGRESOS_A": "0.0", "X": "-76.51944550398527", "Y": "3.446789087964927", "Id": 0, "area": 136572.15568900001 }, "geometry": { "type": "Point", "coordinates": [ -76.519445503985267, 3.446789087964927 ] } },
{ "type": "Feature", "properties": { "NUM_INSCRI": "1200747", "Mes_Dia_An": "5 de octubre de 2023", "Mes_Dia_A1": "1 de julio de 2025", "CATEGORIA": "PERSONA NATURAL", "NOMBRE_SEC": "INDUSTRIAS MANUFACTURERAS", "CODIGO_CII": "1081", "DESC_CIIU": "ELABORACI?N DE PRODUCTOS DE PANADER?A", "TAMANO957": "MICRO", "CIUDAD": "Cali", "COMUNA": "Comuna 09", "BARRIO": "Barrio Obrero", "DIRECCION_": "-CR 10  22   01", "TIPO_REGIS": "MERCANTIL", "PERSONAL_O": "1.0", "NUMERO_DE_": "1", "NUMERO_DE1": "0", "INGRESOS_A": "0.0", "X": "-76.52187802505486", "Y": "3.449675730215244", "Id": 0, "area": 136572.15568900001 }, "geometry": { "type": "Point", "coordinates": [ -76.52187802505486, 3.449675730215244 ] } },
{ "type": "Feature", "properties": { "NUM_INSCRI": "1255511", "Mes_Dia_An": "4 de junio de 2025", "Mes_Dia_A1": "4 de junio de 2025", "CATEGORIA": "PERSONA NATURAL", "NOMBRE_SEC": "INDUSTRIAS MANUFACTURERAS", "CODIGO_CII": "1081", "DESC_CIIU": "ELABORACI?N DE PRODUCTOS DE PANADER?A", "TAMANO957": "MICRO", "CIUDAD": "Cali", "COMUNA": "Comuna 09", "BARRIO": "Barrio Obrero", "DIRECCION_": "-CL 22  13 A 09", "TIPO_REGIS": "MERCANTIL", "PERSONAL_O": "0.0", "NUMERO_DE_": "0", "NUMERO_DE1": "0", "INGRESOS_A": "0.0", "X": "-76.52075490521433", "Y": "3.445201073415702", "Id": 0, "area": 136572.15568900001 }, "geometry": { "type": "Point", "coordinates": [ -76.520754905214332, 3.445201073415702 ] } },
{ "type": "Feature", "properties": { "NUM_INSCRI": "1264075", "Mes_Dia_An": "2 de septiembre de 2025", "Mes_Dia_A1": "2 de septiembre de 2025", "CATEGORIA": "PERSONA NATURAL", "NOMBRE_SEC": "INDUSTRIAS MANUFACTURERAS", "CODIGO_CII": "1081", "DESC_CIIU": "ELABORACI?N DE PRODUCTOS DE PANADER?A", "TAMANO957": "MICRO", "CIUDAD": "Cali", "COMUNA": "Comuna 09", "BARRIO": "Barrio Obrero", "DIRECCION_": "-CR 9  23   76", "TIPO_REGIS": "MERCANTIL", "PERSONAL_O": "0.0", "NUMERO_DE_": "0", "NUMERO_DE1": "0", "INGRESOS_A": "0.0", "X": "-76.51968758207994", "Y": "3.450840516247174", "Id": 0, "area": 136572.15568900001 }, "geometry": { "type": "Point", "coordinates": [ -76.519687582079939, 3.450840516247174 ] } },
{ "type": "Feature", "properties": { "NUM_INSCRI": "407149", "Mes_Dia_An": "16 de enero de 2009", "Mes_Dia_A1": "11 de marzo de 2025", "CATEGORIA": "PERSONA NATURAL", "NOMBRE_SEC": "INDUSTRIAS MANUFACTURERAS", "CODIGO_CII": "1089", "DESC_CIIU": "ELABORACI?N DE OTROS PRODUCTOS ALIMENTICIOS N.C.P.", "TAMANO957": "MICRO", "CIUDAD": "Cali", "COMUNA": "Comuna 09", "BARRIO": "Barrio Obrero", "DIRECCION_": "-CL 22 # 8 A - 22", "TIPO_REGIS": "MERCANTIL", "PERSONAL_O": "8.0", "NUMERO_DE_": "5", "NUMERO_DE1": "3", "INGRESOS_A": "60000000.0", "X": "-76.52236669210244", "Y": "3.450903818493212", "Id": 0, "area": 136572.15568900001 }, "geometry": { "type": "Point", "coordinates": [ -76.522366692102437, 3.450903818493212 ] } },
{ "type": "Feature", "properties": { "NUM_INSCRI": "759461", "Mes_Dia_An": "6 de marzo de 2009", "Mes_Dia_A1": "11 de marzo de 2025", "CATEGORIA": "PERSONA NATURAL", "NOMBRE_SEC": "INDUSTRIAS MANUFACTURERAS", "CODIGO_CII": "1089", "DESC_CIIU": "ELABORACION DE OTROS PRODUCTOS ALIMENTICIOS NCP", "TAMANO957": "MICRO", "CIUDAD": "Cali", "COMUNA": "Comuna 09", "BARRIO": "Barrio Obrero", "DIRECCION_": "-CL 22 # 8 A - 22", "TIPO_REGIS": "MERCANTIL", "PERSONAL_O": "6.0", "NUMERO_DE_": "3", "NUMERO_DE1": "3", "INGRESOS_A": "16000000.0", "X": "-76.52236669210244", "Y": "3.450903818493212", "Id": 0, "area": 136572.15568900001 }, "geometry": { "type": "Point", "coordinates": [ -76.522366692102437, 3.450903818493212 ] } },
{ "type": "Feature", "properties": { "NUM_INSCRI": "866890", "Mes_Dia_An": "14 de marzo de 2013", "Mes_Dia_A1": "11 de marzo de 2025", "CATEGORIA": "PERSONA NATURAL", "NOMBRE_SEC": "INDUSTRIAS MANUFACTURERAS", "CODIGO_CII": "1089", "DESC_CIIU": "ELABORACI?N DE OTROS PRODUCTOS ALIMENTICIOS N.C.P.", "TAMANO957": "MICRO", "CIUDAD": "Cali", "COMUNA": "Comuna 09", "BARRIO": "Barrio Obrero", "DIRECCION_": "-CL 22 # 8 A - 22 PI 2", "TIPO_REGIS": "MERCANTIL", "PERSONAL_O": "4.0", "NUMERO_DE_": "4", "NUMERO_DE1": "0", "INGRESOS_A": "20000000.0", "X": "-76.52236669210244", "Y": "3.450903818493212", "Id": 0, "area": 136572.15568900001 }, "geometry": { "type": "Point", "coordinates": [ -76.522366692102437, 3.450903818493212 ] } },
{ "type": "Feature", "properties": { "NUM_INSCRI": "918025", "Mes_Dia_An": "21 de enero de 2015", "Mes_Dia_A1": "31 de marzo de 2025", "CATEGORIA": "PERSONA NATURAL", "NOMBRE_SEC": "INDUSTRIAS MANUFACTURERAS", "CODIGO_CII": "1089", "DESC_CIIU": "ELABORACI?N DE OTROS PRODUCTOS ALIMENTICIOS N.C.P.", "TAMANO957": "MICRO", "CIUDAD": "Cali", "COMUNA": "Comuna 09", "BARRIO": "Barrio Obrero", "DIRECCION_": "-KR 11 # 22 - 01", "TIPO_REGIS": "MERCANTIL", "PERSONAL_O": "2.0", "NUMERO_DE_": "1", "NUMERO_DE1": "1", "INGRESOS_A": "0.0", "X": "-76.52165484031417", "Y": "3.448932365810299", "Id": 0, "area": 136572.15568900001 }, "geometry": { "type": "Point", "coordinates": [ -76.52165484031417, 3.448932365810299 ] } },
{ "type": "Feature", "properties": { "NUM_INSCRI": "1020790", "Mes_Dia_An": "22 de junio de 2018", "Mes_Dia_A1": "25 de marzo de 2025", "CATEGORIA": "PERSONA JURIDICA", "NOMBRE_SEC": "INDUSTRIAS MANUFACTURERAS", "CODIGO_CII": "1089", "DESC_CIIU": "ELABORACI?N DE OTROS PRODUCTOS ALIMENTICIOS N.C.P.", "TAMANO957": "MICRO", "CIUDAD": "Cali", "COMUNA": "Comuna 09", "BARRIO": "Barrio Obrero", "DIRECCION_": "-CL 22 # 9 - 38", "TIPO_REGIS": "MERCANTIL", "PERSONAL_O": "8.0", "NUMERO_DE_": "4", "NUMERO_DE1": "4", "INGRESOS_A": "548393980.0", "X": "-76.52225329848164", "Y": "3.449965117330004", "Id": 0, "area": 136572.15568900001 }, "geometry": { "type": "Point", "coordinates": [ -76.522253298481644, 3.449965117330004 ] } },
{ "type": "Feature", "properties": { "NUM_INSCRI": "1182636", "Mes_Dia_An": "28 de marzo de 2023", "Mes_Dia_A1": "27 de marzo de 2025", "CATEGORIA": "PERSONA JURIDICA", "NOMBRE_SEC": "INDUSTRIAS MANUFACTURERAS", "CODIGO_CII": "1089", "DESC_CIIU": "ELABORACI?N DE OTROS PRODUCTOS ALIMENTICIOS N.C.P.", "TAMANO957": "MICRO", "CIUDAD": "Cali", "COMUNA": "Comuna 09", "BARRIO": "Barrio Obrero", "DIRECCION_": "-KR 9 # 24 - 64 PI 2", "TIPO_REGIS": "MERCANTIL", "PERSONAL_O": "1.0", "NUMERO_DE_": "1", "NUMERO_DE1": "0", "INGRESOS_A": "0.0", "X": "-76.51895593371329", "Y": "3.451007817554837", "Id": 0, "area": 136572.15568900001 }, "geometry": { "type": "Point", "coordinates": [ -76.518955933713286, 3.451007817554837 ] } },
{ "type": "Feature", "properties": { "NUM_INSCRI": "1263828", "Mes_Dia_An": "29 de agosto de 2025", "Mes_Dia_A1": "29 de agosto de 2025", "CATEGORIA": "PERSONA NATURAL", "NOMBRE_SEC": "INDUSTRIAS MANUFACTURERAS", "CODIGO_CII": "1089", "DESC_CIIU": "ELABORACI?N DE OTROS PRODUCTOS ALIMENTICIOS N.C.P.", "TAMANO957": "MICRO", "CIUDAD": "Cali", "COMUNA": "Comuna 09", "BARRIO": "Barrio Obrero", "DIRECCION_": "-CR 11  21   22", "TIPO_REGIS": "MERCANTIL", "PERSONAL_O": "0.0", "NUMERO_DE_": "0", "NUMERO_DE1": "0", "INGRESOS_A": "0.0", "X": "-76.52214260388683", "Y": "3.448420510598082", "Id": 0, "area": 136572.15568900001 }, "geometry": { "type": "Point", "coordinates": [ -76.522142603886834, 3.448420510598082 ] } },
{ "type": "Feature", "properties": { "NUM_INSCRI": "676928", "Mes_Dia_An": "3 de febrero de 2006", "Mes_Dia_A1": "30 de diciembre de 2025", "CATEGORIA": "PERSONA NATURAL", "NOMBRE_SEC": "INDUSTRIAS MANUFACTURERAS", "CODIGO_CII": "1104", "DESC_CIIU": "ELABORACION DE BEBIDAS NO ALCOHOLICAS; PRODUCCION DE AGUAS MINERA", "TAMANO957": "MICRO", "CIUDAD": "Cali", "COMUNA": "Comuna 09", "BARRIO": "Barrio Obrero", "DIRECCION_": "-KR 12 # 22 A - 52", "TIPO_REGIS": "MERCANTIL", "PERSONAL_O": "2.0", "NUMERO_DE_": "2", "NUMERO_DE1": "0", "INGRESOS_A": "392838275.0", "X": "-76.51981717641911", "Y": "3.446301650871944", "Id": 0, "area": 136572.15568900001 }, "geometry": { "type": "Point", "coordinates": [ -76.51981717641911, 3.446301650871944 ] } },
{ "type": "Feature", "properties": { "NUM_INSCRI": "1210351", "Mes_Dia_An": "9 de febrero de 2024", "Mes_Dia_A1": "9 de febrero de 2024", "CATEGORIA": "PERSONA NATURAL", "NOMBRE_SEC": "INDUSTRIAS MANUFACTURERAS", "CODIGO_CII": "1312", "DESC_CIIU": "TEJEDUR?A DE PRODUCTOS TEXTILES", "TAMANO957": "MICRO", "CIUDAD": "Cali", "COMUNA": "Comuna 09", "BARRIO": "Barrio Obrero", "DIRECCION_": "-CR 9  21   55", "TIPO_REGIS": "MERCANTIL", "PERSONAL_O": "0.0", "NUMERO_DE_": "0", "NUMERO_DE1": "0", "INGRESOS_A": null, "X": "-76.52241978741667", "Y": "3.45042904168726", "Id": 0, "area": 136572.15568900001 }, "geometry": { "type": "Point", "coordinates": [ -76.522419787416666, 3.45042904168726 ] } },
{ "type": "Feature", "properties": { "NUM_INSCRI": "626432", "Mes_Dia_An": "11 de febrero de 2004", "Mes_Dia_A1": "28 de marzo de 2025", "CATEGORIA": "PERSONA NATURAL", "NOMBRE_SEC": "INDUSTRIAS MANUFACTURERAS", "CODIGO_CII": "1313", "DESC_CIIU": "ACABADO DE PRODUCTOS TEXTILES", "TAMANO957": "MICRO", "CIUDAD": "Cali", "COMUNA": "Comuna 09", "BARRIO": "Barrio Obrero", "DIRECCION_": "-CL 21 # 11 B - 35", "TIPO_REGIS": "MERCANTIL", "PERSONAL_O": "4.0", "NUMERO_DE_": "1", "NUMERO_DE1": "3", "INGRESOS_A": "0.0", "X": "-76.52188432142813", "Y": "3.447378715194886", "Id": 0, "area": 136572.15568900001 }, "geometry": { "type": "Point", "coordinates": [ -76.521884321428132, 3.447378715194886 ] } },
{ "type": "Feature", "properties": { "NUM_INSCRI": "836004", "Mes_Dia_An": "30 de enero de 2012", "Mes_Dia_A1": "5 de abril de 2025", "CATEGORIA": "PERSONA JURIDICA", "NOMBRE_SEC": "INDUSTRIAS MANUFACTURERAS", "CODIGO_CII": "1313", "DESC_CIIU": "ACABADO DE PRODUCTOS TEXTILES", "TAMANO957": "MICRO", "CIUDAD": "Cali", "COMUNA": "Comuna 09", "BARRIO": "Barrio Obrero", "DIRECCION_": "-KR 11 # 22 - 22", "TIPO_REGIS": "MERCANTIL", "PERSONAL_O": "2.0", "NUMERO_DE_": "1", "NUMERO_DE1": "1", "INGRESOS_A": "308502000.0", "X": "-76.52142355684778", "Y": "3.448556162016907", "Id": 0, "area": 136572.15568900001 }, "geometry": { "type": "Point", "coordinates": [ -76.521423556847779, 3.448556162016907 ] } },
{ "type": "Feature", "properties": { "NUM_INSCRI": "1036679", "Mes_Dia_An": "8 de enero de 2019", "Mes_Dia_A1": "17 de marzo de 2025", "CATEGORIA": "PERSONA JURIDICA", "NOMBRE_SEC": "INDUSTRIAS MANUFACTURERAS", "CODIGO_CII": "1313", "DESC_CIIU": "ACABADO DE PRODUCTOS TEXTILES", "TAMANO957": "MICRO", "CIUDAD": "Cali", "COMUNA": "Comuna 04", "BARRIO": "Santander", "DIRECCION_": "K 11B       23       47", "TIPO_REGIS": "MERCANTIL", "PERSONAL_O": "0.0", "NUMERO_DE_": "0", "NUMERO_DE1": "0", "INGRESOS_A": "0.0", "X": "-76.51942930324664", "Y": "3.44844221531659", "Id": 0, "area": 136572.15568900001 }, "geometry": { "type": "Point", "coordinates": [ -76.519429303246639, 3.44844221531659 ] } },
{ "type": "Feature", "properties": { "NUM_INSCRI": "605382", "Mes_Dia_An": "29 de marzo de 2003", "Mes_Dia_A1": "28 de agosto de 2024", "CATEGORIA": "PERSONA NATURAL", "NOMBRE_SEC": "INDUSTRIAS MANUFACTURERAS", "CODIGO_CII": "1392", "DESC_CIIU": "FABRICACION DE CARPAS", "TAMANO957": "MICRO", "CIUDAD": "Cali", "COMUNA": "Comuna 09", "BARRIO": "Barrio Obrero", "DIRECCION_": "-KR 8 A # 23 - 01", "TIPO_REGIS": "MERCANTIL", "PERSONAL_O": "1.0", "NUMERO_DE_": "1", "NUMERO_DE1": "0", "INGRESOS_A": null, "X": "-76.52050922372919", "Y": "3.451756609591303", "Id": 0, "area": 136572.15568900001 }, "geometry": { "type": "Point", "coordinates": [ -76.520509223729192, 3.451756609591303 ] } },
{ "type": "Feature", "properties": { "NUM_INSCRI": "835468", "Mes_Dia_An": "24 de enero de 2012", "Mes_Dia_A1": "6 de agosto de 2025", "CATEGORIA": "PERSONA NATURAL", "NOMBRE_SEC": "INDUSTRIAS MANUFACTURERAS", "CODIGO_CII": "1399", "DESC_CIIU": "FABRICACI?N DE OTROS ART?CULOS TEXTILES N.C.P.", "TAMANO957": "MICRO", "CIUDAD": "Cali", "COMUNA": "Comuna 09", "BARRIO": "Barrio Obrero", "DIRECCION_": "-KR 11 B # 21 - 31", "TIPO_REGIS": "MERCANTIL", "PERSONAL_O": "1.0", "NUMERO_DE_": "1", "NUMERO_DE1": "0", "INGRESOS_A": "5168000.0", "X": "-76.52191402001773", "Y": "3.447948447233174", "Id": 0, "area": 136572.15568900001 }, "geometry": { "type": "Point", "coordinates": [ -76.521914020017732, 3.447948447233174 ] } },
{ "type": "Feature", "properties": { "NUM_INSCRI": "1011678", "Mes_Dia_An": "20 de marzo de 2018", "Mes_Dia_A1": "28 de marzo de 2025", "CATEGORIA": "PERSONA NATURAL", "NOMBRE_SEC": "INDUSTRIAS MANUFACTURERAS", "CODIGO_CII": "1399", "DESC_CIIU": "FABRICACI?N DE OTROS ART?CULOS TEXTILES N.C.P.", "TAMANO957": "MICRO", "CIUDAD": "Cali", "COMUNA": "Comuna 09", "BARRIO": "Barrio Obrero", "DIRECCION_": "-KR 8 # 24 - 50", "TIPO_REGIS": "MERCANTIL", "PERSONAL_O": "2.0", "NUMERO_DE_": "1", "NUMERO_DE1": "1", "INGRESOS_A": "149334421.0", "X": "-76.5194427972842", "Y": "3.452688979912282", "Id": 0, "area": 136572.15568900001 }, "geometry": { "type": "Point", "coordinates": [ -76.519442797284199, 3.452688979912282 ] } },
{ "type": "Feature", "properties": { "NUM_INSCRI": "116381", "Mes_Dia_An": "2 de febrero de 1983", "Mes_Dia_A1": "31 de marzo de 2025", "CATEGORIA": "PERSONA JURIDICA", "NOMBRE_SEC": "INDUSTRIAS MANUFACTURERAS", "CODIGO_CII": "1410", "DESC_CIIU": "CONFECCI?N DE PRENDAS DE VESTIR, EXCEPTO PRENDAS DE PIEL", "TAMANO957": "MICRO", "CIUDAD": "Cali", "COMUNA": "Comuna 09", "BARRIO": "Barrio Obrero", "DIRECCION_": "-CL 24 # 8 - 23", "TIPO_REGIS": "MERCANTIL", "PERSONAL_O": "0.0", "NUMERO_DE_": "0", "NUMERO_DE1": "0", "INGRESOS_A": "0.0", "X": "-76.51959128736307", "Y": "3.452366131930524", "Id": 0, "area": 136572.15568900001 }, "geometry": { "type": "Point", "coordinates": [ -76.51959128736307, 3.452366131930524 ] } },
{ "type": "Feature", "properties": { "NUM_INSCRI": "740183", "Mes_Dia_An": "4 de junio de 2008", "Mes_Dia_A1": "31 de marzo de 2025", "CATEGORIA": "PERSONA NATURAL", "NOMBRE_SEC": "INDUSTRIAS MANUFACTURERAS", "CODIGO_CII": "1410", "DESC_CIIU": "CONFECCI?N DE PRENDAS DE VESTIR, EXCEPTO PRENDAS DE PIEL", "TAMANO957": "MICRO", "CIUDAD": "Cali", "COMUNA": "Comuna 09", "BARRIO": "Barrio Obrero", "DIRECCION_": "-KR 8 A # 23 - 53", "TIPO_REGIS": "MERCANTIL", "PERSONAL_O": "5.0", "NUMERO_DE_": "3", "NUMERO_DE1": "2", "INGRESOS_A": "425600000.0", "X": "-76.52011235147977", "Y": "3.451819008708238", "Id": 0, "area": 136572.15568900001 }, "geometry": { "type": "Point", "coordinates": [ -76.520112351479767, 3.451819008708238 ] } },
{ "type": "Feature", "properties": { "NUM_INSCRI": "765846", "Mes_Dia_An": "28 de mayo de 2009", "Mes_Dia_A1": "29 de mayo de 2025", "CATEGORIA": "PERSONA NATURAL", "NOMBRE_SEC": "INDUSTRIAS MANUFACTURERAS", "CODIGO_CII": "1410", "DESC_CIIU": "CONFECCI?N DE PRENDAS DE VESTIR, EXCEPTO PRENDAS DE PIEL", "TAMANO957": "MICRO", "CIUDAD": "Cali", "COMUNA": "Comuna 02", "BARRIO": "La Flora", "DIRECCION_": "-CR 9  21   55", "TIPO_REGIS": "MERCANTIL", "PERSONAL_O": "3.0", "NUMERO_DE_": "1", "NUMERO_DE1": "2", "INGRESOS_A": "155800000.0", "X": "-76.52241978741667", "Y": "3.45042904168726", "Id": 0, "area": 136572.15568900001 }, "geometry": { "type": "Point", "coordinates": [ -76.522419787416666, 3.45042904168726 ] } },
{ "type": "Feature", "properties": { "NUM_INSCRI": "801682", "Mes_Dia_An": "23 de septiembre de 2010", "Mes_Dia_A1": "1 de abril de 2025", "CATEGORIA": "PERSONA JURIDICA", "NOMBRE_SEC": "INDUSTRIAS MANUFACTURERAS", "CODIGO_CII": "1410", "DESC_CIIU": "CONFECCI?N  DE PRENDAS DE VESTIR, EXCEPTO PRENDAS DE PIEL.", "TAMANO957": "PEQUE?A", "CIUDAD": "Cali", "COMUNA": "Comuna 09", "BARRIO": "Sucre", "DIRECCION_": "-CL 22 A # 9 - 48", "TIPO_REGIS": "MERCANTIL", "PERSONAL_O": "15.0", "NUMERO_DE_": "6", "NUMERO_DE1": "9", "INGRESOS_A": "1390935213.0", "X": "-76.52137856140575", "Y": "3.450031135058325", "Id": 0, "area": 136572.15568900001 }, "geometry": { "type": "Point", "coordinates": [ -76.521378561405754, 3.450031135058325 ] } },
{ "type": "Feature", "properties": { "NUM_INSCRI": "985107", "Mes_Dia_An": "4 de mayo de 2017", "Mes_Dia_A1": "31 de marzo de 2025", "CATEGORIA": "PERSONA JURIDICA", "NOMBRE_SEC": "INDUSTRIAS MANUFACTURERAS", "CODIGO_CII": "1410", "DESC_CIIU": "CONFECCI?N DE PRENDAS DE VESTIR, EXCEPTO PRENDAS DE PIEL", "TAMANO957": "MICRO", "CIUDAD": "Cali", "COMUNA": "Comuna 09", "BARRIO": "Barrio Obrero", "DIRECCION_": "-CL 24 # 8 - 23", "TIPO_REGIS": "MERCANTIL", "PERSONAL_O": "1.0", "NUMERO_DE_": "1", "NUMERO_DE1": "0", "INGRESOS_A": "677495495.0", "X": "-76.51959128736307", "Y": "3.452366131930524", "Id": 0, "area": 136572.15568900001 }, "geometry": { "type": "Point", "coordinates": [ -76.51959128736307, 3.452366131930524 ] } },
{ "type": "Feature", "properties": { "NUM_INSCRI": "1005022", "Mes_Dia_An": "22 de enero de 2018", "Mes_Dia_A1": "21 de febrero de 2025", "CATEGORIA": "PERSONA NATURAL", "NOMBRE_SEC": "INDUSTRIAS MANUFACTURERAS", "CODIGO_CII": "1410", "DESC_CIIU": "CONFECCI?N DE PRENDAS DE VESTIR, EXCEPTO PRENDAS DE PIEL", "TAMANO957": "MICRO", "CIUDAD": "Cali", "COMUNA": "Comuna 09", "BARRIO": "Barrio Obrero", "DIRECCION_": "-CL 22 A # 9 - 66", "TIPO_REGIS": "MERCANTIL", "PERSONAL_O": "2.0", "NUMERO_DE_": "2", "NUMERO_DE1": "0", "INGRESOS_A": "0.0", "X": "-76.52120397387952", "Y": "3.449938892860313", "Id": 0, "area": 136572.15568900001 }, "geometry": { "type": "Point", "coordinates": [ -76.521203973879523, 3.449938892860313 ] } },
{ "type": "Feature", "properties": { "NUM_INSCRI": "1007058", "Mes_Dia_An": "8 de febrero de 2018", "Mes_Dia_A1": "3 de abril de 2024", "CATEGORIA": "PERSONA JURIDICA", "NOMBRE_SEC": "INDUSTRIAS MANUFACTURERAS", "CODIGO_CII": "1410", "DESC_CIIU": "CONFECCI?N DE PRENDAS DE VESTIR, EXCEPTO PRENDAS DE PIEL", "TAMANO957": "MICRO", "CIUDAD": "Cali", "COMUNA": "Comuna 09", "BARRIO": "Barrio Obrero", "DIRECCION_": "-KR 8 A # 22 - 17", "TIPO_REGIS": "MERCANTIL", "PERSONAL_O": "7.0", "NUMERO_DE_": "4", "NUMERO_DE1": "3", "INGRESOS_A": null, "X": "-76.52209761208604", "Y": "3.451469933659085", "Id": 0, "area": 136572.15568900001 }, "geometry": { "type": "Point", "coordinates": [ -76.522097612086043, 3.451469933659085 ] } },
{ "type": "Feature", "properties": { "NUM_INSCRI": "1036623", "Mes_Dia_An": "8 de enero de 2019", "Mes_Dia_A1": "7 de mayo de 2024", "CATEGORIA": "PERSONA JURIDICA", "NOMBRE_SEC": "INDUSTRIAS MANUFACTURERAS", "CODIGO_CII": "1410", "DESC_CIIU": "CONFECCI?N DE PRENDAS DE VESTIR, EXCEPTO PRENDAS DE PIEL", "TAMANO957": "PEQUE?A", "CIUDAD": "Cali", "COMUNA": "Comuna 09", "BARRIO": "Barrio Obrero", "DIRECCION_": "-CL 23 # 8 - 44", "TIPO_REGIS": "MERCANTIL", "PERSONAL_O": "12.0", "NUMERO_DE_": "6", "NUMERO_DE1": "6", "INGRESOS_A": null, "X": "-76.5208754981499", "Y": "3.451936572515672", "Id": 0, "area": 136572.15568900001 }, "geometry": { "type": "Point", "coordinates": [ -76.520875498149906, 3.451936572515672 ] } },
{ "type": "Feature", "properties": { "NUM_INSCRI": "1045948", "Mes_Dia_An": "20 de marzo de 2019", "Mes_Dia_A1": "31 de marzo de 2025", "CATEGORIA": "PERSONA JURIDICA", "NOMBRE_SEC": "INDUSTRIAS MANUFACTURERAS", "CODIGO_CII": "1410", "DESC_CIIU": "CONFECCI?N DE PRENDAS DE VESTIR, EXCEPTO PRENDAS DE PIEL", "TAMANO957": "PEQUE?A", "CIUDAD": "Cali", "COMUNA": "Comuna 09", "BARRIO": "Barrio Obrero", "DIRECCION_": "-CL 24 # 8 - 23", "TIPO_REGIS": "MERCANTIL", "PERSONAL_O": "41.0", "NUMERO_DE_": "11", "NUMERO_DE1": "30", "INGRESOS_A": "4246501381.0", "X": "-76.51959128736307", "Y": "3.452366131930524", "Id": 0, "area": 136572.15568900001 }, "geometry": { "type": "Point", "coordinates": [ -76.51959128736307, 3.452366131930524 ] } },
{ "type": "Feature", "properties": { "NUM_INSCRI": "1056812", "Mes_Dia_An": "9 de julio de 2019", "Mes_Dia_A1": "2 de abril de 2025", "CATEGORIA": "PERSONA NATURAL", "NOMBRE_SEC": "INDUSTRIAS MANUFACTURERAS", "CODIGO_CII": "1410", "DESC_CIIU": "CONFECCI?N DE PRENDAS DE VESTIR, EXCEPTO PRENDAS DE PIEL", "TAMANO957": "MICRO", "CIUDAD": "Cali", "COMUNA": "Comuna 09", "BARRIO": "Barrio Obrero", "DIRECCION_": "-KR 8 A # 23 - 50", "TIPO_REGIS": "MERCANTIL", "PERSONAL_O": "1.0", "NUMERO_DE_": "0", "NUMERO_DE1": "1", "INGRESOS_A": "0.0", "X": "-76.52006015529194", "Y": "3.4515106299153", "Id": 0, "area": 136572.15568900001 }, "geometry": { "type": "Point", "coordinates": [ -76.520060155291944, 3.4515106299153 ] } },
{ "type": "Feature", "properties": { "NUM_INSCRI": "1157334", "Mes_Dia_An": "6 de julio de 2022", "Mes_Dia_A1": "10 de marzo de 2025", "CATEGORIA": "PERSONA NATURAL", "NOMBRE_SEC": "INDUSTRIAS MANUFACTURERAS", "CODIGO_CII": "1410", "DESC_CIIU": "CONFECCI?N DE PRENDAS DE VESTIR, EXCEPTO PRENDAS DE PIEL", "TAMANO957": "MICRO", "CIUDAD": "Cali", "COMUNA": "Comuna 09", "BARRIO": "Barrio Obrero", "DIRECCION_": "-CR 9  21   68", "TIPO_REGIS": "MERCANTIL", "PERSONAL_O": "0.0", "NUMERO_DE_": "0", "NUMERO_DE1": "0", "INGRESOS_A": "0.0", "X": "-76.52226769800286", "Y": "3.450277113427139", "Id": 0, "area": 136572.15568900001 }, "geometry": { "type": "Point", "coordinates": [ -76.522267698002864, 3.450277113427139 ] } },
{ "type": "Feature", "properties": { "NUM_INSCRI": "1252209", "Mes_Dia_An": "30 de abril de 2025", "Mes_Dia_A1": "30 de abril de 2025", "CATEGORIA": "PERSONA NATURAL", "NOMBRE_SEC": "INDUSTRIAS MANUFACTURERAS", "CODIGO_CII": "1410", "DESC_CIIU": "CONFECCI?N DE PRENDAS DE VESTIR, EXCEPTO PRENDAS DE PIEL", "TAMANO957": "MICRO", "CIUDAD": "Cali", "COMUNA": "Comuna 09", "BARRIO": "Barrio Obrero", "DIRECCION_": "-CR 12  22   53", "TIPO_REGIS": "MERCANTIL", "PERSONAL_O": "0.0", "NUMERO_DE_": "0", "NUMERO_DE1": "0", "INGRESOS_A": "0.0", "X": "-76.52080260180904", "Y": "3.446238347568057", "Id": 0, "area": 136572.15568900001 }, "geometry": { "type": "Point", "coordinates": [ -76.520802601809038, 3.446238347568057 ] } },
{ "type": "Feature", "properties": { "NUM_INSCRI": "470251", "Mes_Dia_An": "20 de junio de 2003", "Mes_Dia_A1": "8 de enero de 2025", "CATEGORIA": "PERSONA NATURAL", "NOMBRE_SEC": "INDUSTRIAS MANUFACTURERAS", "CODIGO_CII": "1521", "DESC_CIIU": "FABRICACI?N DE CALZADO DE CUERO Y PIEL, CON CUALQUIER TIPO DE SUE", "TAMANO957": "MICRO", "CIUDAD": "Cali", "COMUNA": "Comuna 09", "BARRIO": "Barrio Obrero", "DIRECCION_": "-CL 22 A # 11 D - 36", "TIPO_REGIS": "MERCANTIL", "PERSONAL_O": "0.0", "NUMERO_DE_": "0", "NUMERO_DE1": "0", "INGRESOS_A": "0.0", "X": "-76.52068021114836", "Y": "3.446780045248911", "Id": 0, "area": 136572.15568900001 }, "geometry": { "type": "Point", "coordinates": [ -76.52068021114836, 3.446780045248911 ] } },
{ "type": "Feature", "properties": { "NUM_INSCRI": "474715", "Mes_Dia_An": "6 de enero de 1998", "Mes_Dia_A1": "2 de abril de 2025", "CATEGORIA": "PERSONA NATURAL", "NOMBRE_SEC": "INDUSTRIAS MANUFACTURERAS", "CODIGO_CII": "1521", "DESC_CIIU": "FABRICACION DE CALZADO DE CUERO Y PIEL; CON CUALQUIER TIPO DE SUE", "TAMANO957": "MICRO", "CIUDAD": "Cali", "COMUNA": "Comuna 09", "BARRIO": "Barrio Obrero", "DIRECCION_": "-CL 24 # 8 A - 21", "TIPO_REGIS": "MERCANTIL", "PERSONAL_O": "2.0", "NUMERO_DE_": "2", "NUMERO_DE1": "0", "INGRESOS_A": "0.0", "X": "-76.51962728562428", "Y": "3.451591115540727", "Id": 0, "area": 136572.15568900001 }, "geometry": { "type": "Point", "coordinates": [ -76.519627285624281, 3.451591115540727 ] } },
{ "type": "Feature", "properties": { "NUM_INSCRI": "782194", "Mes_Dia_An": "22 de enero de 2010", "Mes_Dia_A1": "29 de marzo de 2025", "CATEGORIA": "PERSONA NATURAL", "NOMBRE_SEC": "INDUSTRIAS MANUFACTURERAS", "CODIGO_CII": "1521", "DESC_CIIU": "FABRICACION DE CALZADO DE CUERO Y PIEL; CON CUALQUIER TIPO DE SUE", "TAMANO957": "MICRO", "CIUDAD": "Cali", "COMUNA": "Comuna 09", "BARRIO": "Barrio Obrero", "DIRECCION_": "-CARRERA 11B #  22A - 16", "TIPO_REGIS": "MERCANTIL", "PERSONAL_O": "2.0", "NUMERO_DE_": "2", "NUMERO_DE1": "0", "INGRESOS_A": "0.0", "X": "-76.52047772627158", "Y": "3.447945735182852", "Id": 0, "area": 136572.15568900001 }, "geometry": { "type": "Point", "coordinates": [ -76.520477726271579, 3.447945735182852 ] } },
{ "type": "Feature", "properties": { "NUM_INSCRI": "852443", "Mes_Dia_An": "15 de agosto de 2012", "Mes_Dia_A1": "26 de marzo de 2025", "CATEGORIA": "PERSONA JURIDICA", "NOMBRE_SEC": "INDUSTRIAS MANUFACTURERAS", "CODIGO_CII": "1521", "DESC_CIIU": "FABRICACION DE CALZADO DE CUERO Y PIEL; CON CUALQUIER TIPO DE SUE", "TAMANO957": "PEQUE?A", "CIUDAD": "Cali", "COMUNA": "Comuna 08", "BARRIO": "Industrial", "DIRECCION_": "-CL 22 A # 8 A - 45", "TIPO_REGIS": "MERCANTIL", "PERSONAL_O": "47.0", "NUMERO_DE_": "16", "NUMERO_DE1": "31", "INGRESOS_A": "6048877000.0", "X": "-76.52125977064966", "Y": "3.451011436006941", "Id": 0, "area": 136572.15568900001 }, "geometry": { "type": "Point", "coordinates": [ -76.521259770649664, 3.451011436006941 ] } },
{ "type": "Feature", "properties": { "NUM_INSCRI": "970967", "Mes_Dia_An": "24 de noviembre de 2016", "Mes_Dia_A1": "19 de mayo de 2025", "CATEGORIA": "PERSONA NATURAL", "NOMBRE_SEC": "INDUSTRIAS MANUFACTURERAS", "CODIGO_CII": "1521", "DESC_CIIU": "FABRICACI?N DE CALZADO DE CUERO Y PIEL, CON CUALQUIER TIPO DE SUE", "TAMANO957": "MICRO", "CIUDAD": "Cali", "COMUNA": "Comuna 09", "BARRIO": "Barrio Obrero", "DIRECCION_": "-KR 11 D # 22 - 44", "TIPO_REGIS": "MERCANTIL", "PERSONAL_O": "1.0", "NUMERO_DE_": "1", "NUMERO_DE1": "0", "INGRESOS_A": "0.0", "X": "-76.52086289746379", "Y": "3.446949156162304", "Id": 0, "area": 136572.15568900001 }, "geometry": { "type": "Point", "coordinates": [ -76.520862897463786, 3.446949156162304 ] } },
{ "type": "Feature", "properties": { "NUM_INSCRI": "978647", "Mes_Dia_An": "27 de febrero de 2017", "Mes_Dia_A1": "19 de marzo de 2025", "CATEGORIA": "PERSONA JURIDICA", "NOMBRE_SEC": "INDUSTRIAS MANUFACTURERAS", "CODIGO_CII": "1521", "DESC_CIIU": "FABRICACI?N DE CALZADO DE CUERO Y PIEL, CON CUALQUIER TIPO DE SUE", "TAMANO957": "PEQUE?A", "CIUDAD": "Cali", "COMUNA": "Comuna 09", "BARRIO": "Barrio Obrero", "DIRECCION_": "-KR 11 # 22 - 41", "TIPO_REGIS": "MERCANTIL", "PERSONAL_O": "7.0", "NUMERO_DE_": "3", "NUMERO_DE1": "4", "INGRESOS_A": "1630205000.0", "X": "-76.52130206610346", "Y": "3.449002904406851", "Id": 0, "area": 136572.15568900001 }, "geometry": { "type": "Point", "coordinates": [ -76.521302066103459, 3.449002904406851 ] } },
{ "type": "Feature", "properties": { "NUM_INSCRI": "994941", "Mes_Dia_An": "28 de agosto de 2017", "Mes_Dia_A1": "31 de marzo de 2025", "CATEGORIA": "PERSONA JURIDICA", "NOMBRE_SEC": "INDUSTRIAS MANUFACTURERAS", "CODIGO_CII": "1521", "DESC_CIIU": "FABRICACI?N DE CALZADO DE CUERO Y PIEL, CON CUALQUIER TIPO DE SUE", "TAMANO957": "MICRO", "CIUDAD": "Cali", "COMUNA": "Comuna 09", "BARRIO": "Barrio Obrero", "DIRECCION_": "-KR 12 # 22 A - 33", "TIPO_REGIS": "MERCANTIL", "PERSONAL_O": "5.0", "NUMERO_DE_": "1", "NUMERO_DE1": "4", "INGRESOS_A": "578188177.0", "X": "-76.52003765959081", "Y": "3.446553960947404", "Id": 0, "area": 136572.15568900001 }, "geometry": { "type": "Point", "coordinates": [ -76.520037659590812, 3.446553960947404 ] } },
{ "type": "Feature", "properties": { "NUM_INSCRI": "1186117", "Mes_Dia_An": "2 de mayo de 2023", "Mes_Dia_A1": "15 de mayo de 2025", "CATEGORIA": "PERSONA JURIDICA", "NOMBRE_SEC": "INDUSTRIAS MANUFACTURERAS", "CODIGO_CII": "1521", "DESC_CIIU": "FABRICACI?N DE CALZADO DE CUERO Y PIEL, CON CUALQUIER TIPO DE SUE", "TAMANO957": "MICRO", "CIUDAD": "Cali", "COMUNA": "Comuna 09", "BARRIO": "Barrio Obrero", "DIRECCION_": "-CR 11  22   14", "TIPO_REGIS": "MERCANTIL", "PERSONAL_O": "1.0", "NUMERO_DE_": "0", "NUMERO_DE1": "1", "INGRESOS_A": "230662000.0", "X": "-76.521511750409", "Y": "3.448586005041084", "Id": 0, "area": 136572.15568900001 }, "geometry": { "type": "Point", "coordinates": [ -76.521511750409005, 3.448586005041084 ] } },
{ "type": "Feature", "properties": { "NUM_INSCRI": "1192657", "Mes_Dia_An": "12 de julio de 2023", "Mes_Dia_A1": "18 de enero de 2024", "CATEGORIA": "PERSONA NATURAL", "NOMBRE_SEC": "INDUSTRIAS MANUFACTURERAS", "CODIGO_CII": "1521", "DESC_CIIU": "FABRICACI?N DE CALZADO DE CUERO Y PIEL, CON CUALQUIER TIPO DE SUE", "TAMANO957": "MICRO", "CIUDAD": "Cali", "COMUNA": "Comuna 09", "BARRIO": "Barrio Obrero", "DIRECCION_": "-CL 22 A  11 D   17", "TIPO_REGIS": "MERCANTIL", "PERSONAL_O": "5.0", "NUMERO_DE_": "3", "NUMERO_DE1": "2", "INGRESOS_A": null, "X": "-76.52040033214644", "Y": "3.447064911286948", "Id": 0, "area": 136572.15568900001 }, "geometry": { "type": "Point", "coordinates": [ -76.520400332146437, 3.447064911286948 ] } },
{ "type": "Feature", "properties": { "NUM_INSCRI": "1223107", "Mes_Dia_An": "13 de junio de 2024", "Mes_Dia_A1": "11 de julio de 2025", "CATEGORIA": "PERSONA NATURAL", "NOMBRE_SEC": "INDUSTRIAS MANUFACTURERAS", "CODIGO_CII": "1521", "DESC_CIIU": "FABRICACI?N DE CALZADO DE CUERO Y PIEL, CON CUALQUIER TIPO DE SUE", "TAMANO957": "MICRO", "CIUDAD": "Cali", "COMUNA": "Comuna 09", "BARRIO": "Barrio Obrero", "DIRECCION_": "-CR 11 B  22 A   14", "TIPO_REGIS": "MERCANTIL", "PERSONAL_O": "0.0", "NUMERO_DE_": "0", "NUMERO_DE1": "0", "INGRESOS_A": "0.0", "X": "-76.52051282367117", "Y": "3.448020795125575", "Id": 0, "area": 136572.15568900001 }, "geometry": { "type": "Point", "coordinates": [ -76.520512823671169, 3.448020795125575 ] } },
{ "type": "Feature", "properties": { "NUM_INSCRI": "491397", "Mes_Dia_An": "12 de agosto de 1998", "Mes_Dia_A1": "31 de marzo de 2025", "CATEGORIA": "PERSONA NATURAL", "NOMBRE_SEC": "INDUSTRIAS MANUFACTURERAS", "CODIGO_CII": "1522", "DESC_CIIU": "FABRICACI?N DE OTROS TIPOS DE CALZADO, EXCEPTO CALZADO DE CUERO Y", "TAMANO957": "MICRO", "CIUDAD": "Cali", "COMUNA": "Comuna 09", "BARRIO": "Barrio Obrero", "DIRECCION_": "-CL 22 A # 11 D - 48", "TIPO_REGIS": "MERCANTIL", "PERSONAL_O": "2.0", "NUMERO_DE_": "1", "NUMERO_DE1": "1", "INGRESOS_A": "0.0", "X": "-76.52065321316931", "Y": "3.446682376893338", "Id": 0, "area": 136572.15568900001 }, "geometry": { "type": "Point", "coordinates": [ -76.520653213169311, 3.446682376893338 ] } },
{ "type": "Feature", "properties": { "NUM_INSCRI": "875520", "Mes_Dia_An": "3 de julio de 2013", "Mes_Dia_A1": "1 de abril de 2025", "CATEGORIA": "PERSONA NATURAL", "NOMBRE_SEC": "INDUSTRIAS MANUFACTURERAS", "CODIGO_CII": "1522", "DESC_CIIU": "FABRICACI?N DE OTROS TIPOS DE CALZADO, EXCEPTO CALZADO DE CUERO Y", "TAMANO957": "MICRO", "CIUDAD": "Cali", "COMUNA": "Comuna 09", "BARRIO": "Barrio Obrero", "DIRECCION_": "-CL 22 A # 11 D - 76", "TIPO_REGIS": "MERCANTIL", "PERSONAL_O": "5.0", "NUMERO_DE_": "5", "NUMERO_DE1": "0", "INGRESOS_A": "0.0", "X": "-76.52055782035337", "Y": "3.446477092476744", "Id": 0, "area": 136572.15568900001 }, "geometry": { "type": "Point", "coordinates": [ -76.520557820353375, 3.446477092476744 ] } },
{ "type": "Feature", "properties": { "NUM_INSCRI": "935478", "Mes_Dia_An": "4 de septiembre de 2015", "Mes_Dia_A1": "26 de marzo de 2025", "CATEGORIA": "PERSONA NATURAL", "NOMBRE_SEC": "INDUSTRIAS MANUFACTURERAS", "CODIGO_CII": "1522", "DESC_CIIU": "FABRICACI?N DE OTROS TIPOS DE CALZADO, EXCEPTO CALZADO DE CUERO Y", "TAMANO957": "MICRO", "CIUDAD": "Cali", "COMUNA": "Comuna 09", "BARRIO": "Barrio Obrero", "DIRECCION_": "-CL 21 # 11 - 29", "TIPO_REGIS": "MERCANTIL", "PERSONAL_O": "5.0", "NUMERO_DE_": "4", "NUMERO_DE1": "1", "INGRESOS_A": "6000000.0", "X": "-76.52213360419638", "Y": "3.448206182833459", "Id": 0, "area": 136572.15568900001 }, "geometry": { "type": "Point", "coordinates": [ -76.522133604196384, 3.448206182833459 ] } },
{ "type": "Feature", "properties": { "NUM_INSCRI": "1046371", "Mes_Dia_An": "26 de marzo de 2019", "Mes_Dia_A1": "10 de marzo de 2025", "CATEGORIA": "PERSONA NATURAL", "NOMBRE_SEC": "INDUSTRIAS MANUFACTURERAS", "CODIGO_CII": "1522", "DESC_CIIU": "FABRICACI?N DE OTROS TIPOS DE CALZADO, EXCEPTO CALZADO DE CUERO Y", "TAMANO957": "MICRO", "CIUDAD": "Cali", "COMUNA": "Comuna 09", "BARRIO": "Barrio Obrero", "DIRECCION_": "-CL 24 # 8 A - 23", "TIPO_REGIS": "MERCANTIL", "PERSONAL_O": "1.0", "NUMERO_DE_": "1", "NUMERO_DE1": "0", "INGRESOS_A": "0.0", "X": "-76.51959038826672", "Y": "3.451538663983034", "Id": 0, "area": 136572.15568900001 }, "geometry": { "type": "Point", "coordinates": [ -76.519590388266721, 3.451538663983034 ] } },
{ "type": "Feature", "properties": { "NUM_INSCRI": "1078550", "Mes_Dia_An": "27 de febrero de 2020", "Mes_Dia_A1": "3 de marzo de 2025", "CATEGORIA": "PERSONA NATURAL", "NOMBRE_SEC": "INDUSTRIAS MANUFACTURERAS", "CODIGO_CII": "1522", "DESC_CIIU": "FABRICACI?N DE OTROS TIPOS DE CALZADO, EXCEPTO CALZADO DE CUERO Y", "TAMANO957": "MICRO", "CIUDAD": "Cali", "COMUNA": "Comuna 09", "BARRIO": "Barrio Obrero", "DIRECCION_": "-CL 24 # 8 A - 38", "TIPO_REGIS": "MERCANTIL", "PERSONAL_O": "1.0", "NUMERO_DE_": "1", "NUMERO_DE1": "0", "INGRESOS_A": "0.0", "X": "-76.51994316362885", "Y": "3.451328858196685", "Id": 0, "area": 136572.15568900001 }, "geometry": { "type": "Point", "coordinates": [ -76.519943163628852, 3.451328858196685 ] } },
{ "type": "Feature", "properties": { "NUM_INSCRI": "1241777", "Mes_Dia_An": "23 de enero de 2025", "Mes_Dia_A1": "23 de enero de 2025", "CATEGORIA": "PERSONA NATURAL", "NOMBRE_SEC": "INDUSTRIAS MANUFACTURERAS", "CODIGO_CII": "1522", "DESC_CIIU": "FABRICACI?N DE OTROS TIPOS DE CALZADO, EXCEPTO CALZADO DE CUERO Y", "TAMANO957": "MICRO", "CIUDAD": "Cali", "COMUNA": "Comuna 09", "BARRIO": "Barrio Obrero", "DIRECCION_": "-CL 22 A  11 B   36", "TIPO_REGIS": "MERCANTIL", "PERSONAL_O": "0.0", "NUMERO_DE_": "0", "NUMERO_DE1": "0", "INGRESOS_A": "0.0", "X": "-76.5209186935144", "Y": "3.447584904802977", "Id": 0, "area": 136572.15568900001 }, "geometry": { "type": "Point", "coordinates": [ -76.520918693514403, 3.447584904802977 ] } },
{ "type": "Feature", "properties": { "NUM_INSCRI": "876743", "Mes_Dia_An": "17 de julio de 2013", "Mes_Dia_A1": "19 de marzo de 2025", "CATEGORIA": "PERSONA JURIDICA", "NOMBRE_SEC": "INDUSTRIAS MANUFACTURERAS", "CODIGO_CII": "1523", "DESC_CIIU": "FABRICACI?N DE PARTES DEL CALZADO", "TAMANO957": "MICRO", "CIUDAD": "Cali", "COMUNA": "Comuna 09", "BARRIO": "Barrio Obrero", "DIRECCION_": "-KR 12 # 22 A - 42", "TIPO_REGIS": "MERCANTIL", "PERSONAL_O": "6.0", "NUMERO_DE_": "5", "NUMERO_DE1": "1", "INGRESOS_A": "267596550.0", "X": "-76.51991976859063", "Y": "3.446394797623033", "Id": 0, "area": 136572.15568900001 }, "geometry": { "type": "Point", "coordinates": [ -76.519919768590626, 3.446394797623033 ] } },
{ "type": "Feature", "properties": { "NUM_INSCRI": "1105787", "Mes_Dia_An": "22 de enero de 2021", "Mes_Dia_A1": "28 de marzo de 2025", "CATEGORIA": "PERSONA JURIDICA", "NOMBRE_SEC": "INDUSTRIAS MANUFACTURERAS", "CODIGO_CII": "1523", "DESC_CIIU": "FABRICACI?N DE PARTES DEL CALZADO", "TAMANO957": "PEQUE?A", "CIUDAD": "Cali", "COMUNA": "Comuna 09", "BARRIO": "Barrio Obrero", "DIRECCION_": "-CL 22 A # 11 B - 43", "TIPO_REGIS": "MERCANTIL", "PERSONAL_O": "13.0", "NUMERO_DE_": "10", "NUMERO_DE1": "3", "INGRESOS_A": "1665691179.0", "X": "-76.52039403251263", "Y": "3.447665390815534", "Id": 0, "area": 136572.15568900001 }, "geometry": { "type": "Point", "coordinates": [ -76.520394032512627, 3.447665390815534 ] } },
{ "type": "Feature", "properties": { "NUM_INSCRI": "1226590", "Mes_Dia_An": "18 de julio de 2024", "Mes_Dia_A1": "19 de marzo de 2025", "CATEGORIA": "PERSONA JURIDICA", "NOMBRE_SEC": "INDUSTRIAS MANUFACTURERAS", "CODIGO_CII": "1523", "DESC_CIIU": "FABRICACI?N DE PARTES DEL CALZADO", "TAMANO957": "MICRO", "CIUDAD": "Cali", "COMUNA": "Comuna 09", "BARRIO": "Barrio Obrero", "DIRECCION_": "-CR 11  22   41", "TIPO_REGIS": "MERCANTIL", "PERSONAL_O": "2.0", "NUMERO_DE_": "1", "NUMERO_DE1": "1", "INGRESOS_A": "128928398.0", "X": "-76.52130206610346", "Y": "3.449002904406851", "Id": 0, "area": 136572.15568900001 }, "geometry": { "type": "Point", "coordinates": [ -76.521302066103459, 3.449002904406851 ] } },
{ "type": "Feature", "properties": { "NUM_INSCRI": "651066", "Mes_Dia_An": "6 de junio de 2012", "Mes_Dia_A1": "28 de marzo de 2025", "CATEGORIA": "PERSONA NATURAL", "NOMBRE_SEC": "INDUSTRIAS MANUFACTURERAS", "CODIGO_CII": "1610", "DESC_CIIU": "ASERRADO, ACEPILLADO E IMPREGNACI?N DE LA MADERA", "TAMANO957": "MICRO", "CIUDAD": "Cali", "COMUNA": "Comuna 09", "BARRIO": "Barrio Obrero", "DIRECCION_": "-KR 9 # 22 - 68", "TIPO_REGIS": "MERCANTIL", "PERSONAL_O": "3.0", "NUMERO_DE_": "3", "NUMERO_DE1": "0", "INGRESOS_A": "61035000.0", "X": "-76.52138486121461", "Y": "3.450334992146231", "Id": 0, "area": 136572.15568900001 }, "geometry": { "type": "Point", "coordinates": [ -76.521384861214614, 3.450334992146231 ] } },
{ "type": "Feature", "properties": { "NUM_INSCRI": "804795", "Mes_Dia_An": "9 de noviembre de 2010", "Mes_Dia_A1": "16 de mayo de 2025", "CATEGORIA": "PERSONA NATURAL", "NOMBRE_SEC": "INDUSTRIAS MANUFACTURERAS", "CODIGO_CII": "1610", "DESC_CIIU": "CONSERVACION Y TRATAMIENTO DE LA MADERA", "TAMANO957": "MICRO", "CIUDAD": "Cali", "COMUNA": "Comuna 09", "BARRIO": "Barrio Obrero", "DIRECCION_": "-CL 24 # 9 - 53", "TIPO_REGIS": "MERCANTIL", "PERSONAL_O": "4.0", "NUMERO_DE_": "3", "NUMERO_DE1": "1", "INGRESOS_A": "122455000.0", "X": "-76.51927361202968", "Y": "3.450412764572595", "Id": 0, "area": 136572.15568900001 }, "geometry": { "type": "Point", "coordinates": [ -76.519273612029679, 3.450412764572595 ] } },
{ "type": "Feature", "properties": { "NUM_INSCRI": "814859", "Mes_Dia_An": "7 de abril de 2011", "Mes_Dia_A1": "28 de febrero de 2025", "CATEGORIA": "PERSONA NATURAL", "NOMBRE_SEC": "INDUSTRIAS MANUFACTURERAS", "CODIGO_CII": "1610", "DESC_CIIU": "ASERRADO, ACEPILLADO E IMPREGNACI?N DE LA MADERA", "TAMANO957": "MICRO", "CIUDAD": "Cali", "COMUNA": "Comuna 09", "BARRIO": "Barrio Obrero", "DIRECCION_": "-KR 11 B # 22 A - 46", "TIPO_REGIS": "MERCANTIL", "PERSONAL_O": "2.0", "NUMERO_DE_": "2", "NUMERO_DE1": "0", "INGRESOS_A": "0.0", "X": "-76.52023114446654", "Y": "3.448082289959673", "Id": 0, "area": 136572.15568900001 }, "geometry": { "type": "Point", "coordinates": [ -76.520231144466536, 3.448082289959673 ] } },
{ "type": "Feature", "properties": { "NUM_INSCRI": "861848", "Mes_Dia_An": "17 de enero de 2013", "Mes_Dia_A1": "27 de marzo de 2025", "CATEGORIA": "PERSONA NATURAL", "NOMBRE_SEC": "INDUSTRIAS MANUFACTURERAS", "CODIGO_CII": "1610", "DESC_CIIU": "ASERRADO, ACEPILLADO E IMPREGNACI?N DE LA MADERA", "TAMANO957": "MICRO", "CIUDAD": "Cali", "COMUNA": "Comuna 09", "BARRIO": "Barrio Obrero", "DIRECCION_": "-CL 24 # 9 - 26", "TIPO_REGIS": "MERCANTIL", "PERSONAL_O": "3.0", "NUMERO_DE_": "2", "NUMERO_DE1": "1", "INGRESOS_A": "0.0", "X": "-76.51973707879499", "Y": "3.45057735434759", "Id": 0, "area": 136572.15568900001 }, "geometry": { "type": "Point", "coordinates": [ -76.519737078794989, 3.45057735434759 ] } },
{ "type": "Feature", "properties": { "NUM_INSCRI": "883170", "Mes_Dia_An": "4 de octubre de 2013", "Mes_Dia_A1": "26 de marzo de 2025", "CATEGORIA": "PERSONA NATURAL", "NOMBRE_SEC": "INDUSTRIAS MANUFACTURERAS", "CODIGO_CII": "1610", "DESC_CIIU": "ASERRADO, ACEPILLADO E IMPREGNACI?N DE LA MADERA", "TAMANO957": "MICRO", "CIUDAD": "Cali", "COMUNA": "Comuna 09", "BARRIO": "Barrio Obrero", "DIRECCION_": "-KR 9 # 23 - 24", "TIPO_REGIS": "MERCANTIL", "PERSONAL_O": "5.0", "NUMERO_DE_": "5", "NUMERO_DE1": "0", "INGRESOS_A": "0.0", "X": "-76.52011235204543", "Y": "3.450617145409743", "Id": 0, "area": 136572.15568900001 }, "geometry": { "type": "Point", "coordinates": [ -76.52011235204543, 3.450617145409743 ] } },
{ "type": "Feature", "properties": { "NUM_INSCRI": "928645", "Mes_Dia_An": "10 de junio de 2015", "Mes_Dia_A1": "9 de abril de 2025", "CATEGORIA": "PERSONA JURIDICA", "NOMBRE_SEC": "INDUSTRIAS MANUFACTURERAS", "CODIGO_CII": "1610", "DESC_CIIU": "ASERRADO, ACEPILLADO E IMPREGNACI?N DE LA MADERA", "TAMANO957": "MICRO", "CIUDAD": "Cali", "COMUNA": "Comuna 09", "BARRIO": "Barrio Obrero", "DIRECCION_": "-CL 23 # 11 D - 43", "TIPO_REGIS": "MERCANTIL", "PERSONAL_O": "1.0", "NUMERO_DE_": "0", "NUMERO_DE1": "1", "INGRESOS_A": "113996000.0", "X": "-76.51938340838022", "Y": "3.447011554705594", "Id": 0, "area": 136572.15568900001 }, "geometry": { "type": "Point", "coordinates": [ -76.519383408380222, 3.447011554705594 ] } },
{ "type": "Feature", "properties": { "NUM_INSCRI": "1023674", "Mes_Dia_An": "24 de julio de 2018", "Mes_Dia_A1": "3 de julio de 2025", "CATEGORIA": "PERSONA NATURAL", "NOMBRE_SEC": "INDUSTRIAS MANUFACTURERAS", "CODIGO_CII": "1610", "DESC_CIIU": "ASERRADO, ACEPILLADO E IMPREGNACI?N DE LA MADERA", "TAMANO957": "MICRO", "CIUDAD": "Cali", "COMUNA": "Comuna 03", "BARRIO": "San Pedro", "DIRECCION_": "-CL 24 # 10 - 41", "TIPO_REGIS": "MERCANTIL", "PERSONAL_O": "1.0", "NUMERO_DE_": "0", "NUMERO_DE1": "1", "INGRESOS_A": "25000000.0", "X": "-76.51912242394795", "Y": "3.449666686668172", "Id": 0, "area": 136572.15568900001 }, "geometry": { "type": "Point", "coordinates": [ -76.519122423947948, 3.449666686668172 ] } },
{ "type": "Feature", "properties": { "NUM_INSCRI": "1098996", "Mes_Dia_An": "26 de octubre de 2020", "Mes_Dia_A1": "29 de marzo de 2025", "CATEGORIA": "PERSONA NATURAL", "NOMBRE_SEC": "INDUSTRIAS MANUFACTURERAS", "CODIGO_CII": "1610", "DESC_CIIU": "ASERRADO, ACEPILLADO E IMPREGNACI?N DE LA MADERA", "TAMANO957": "MICRO", "CIUDAD": "Cali", "COMUNA": "Comuna 09", "BARRIO": "Barrio Obrero", "DIRECCION_": "-CALLE 24 NO.11D 13", "TIPO_REGIS": "MERCANTIL", "PERSONAL_O": "1.0", "NUMERO_DE_": "1", "NUMERO_DE1": "0", "INGRESOS_A": "18134588.0", "X": "-76.51873275629708", "Y": "3.447458295975069", "Id": 0, "area": 136572.15568900001 }, "geometry": { "type": "Point", "coordinates": [ -76.518732756297084, 3.447458295975069 ] } },
{ "type": "Feature", "properties": { "NUM_INSCRI": "1112493", "Mes_Dia_An": "16 de marzo de 2021", "Mes_Dia_A1": "20 de marzo de 2025", "CATEGORIA": "PERSONA JURIDICA", "NOMBRE_SEC": "INDUSTRIAS MANUFACTURERAS", "CODIGO_CII": "1610", "DESC_CIIU": "ASERRADO, ACEPILLADO E IMPREGNACI?N DE LA MADERA", "TAMANO957": null, "CIUDAD": "Cali", "COMUNA": "Comuna 09", "BARRIO": "Barrio Obrero", "DIRECCION_": "-CL 22 # 8 - 52", "TIPO_REGIS": "MERCANTIL", "PERSONAL_O": "6.0", "NUMERO_DE_": "5", "NUMERO_DE1": "1", "INGRESOS_A": "1106049748.0", "X": "-76.52252688185558", "Y": "3.451443707105684", "Id": 0, "area": 136572.15568900001 }, "geometry": { "type": "Point", "coordinates": [ -76.522526881855583, 3.451443707105684 ] } },
{ "type": "Feature", "properties": { "NUM_INSCRI": "1139589", "Mes_Dia_An": "21 de enero de 2022", "Mes_Dia_A1": "21 de marzo de 2025", "CATEGORIA": "PERSONA JURIDICA", "NOMBRE_SEC": "INDUSTRIAS MANUFACTURERAS", "CODIGO_CII": "1610", "DESC_CIIU": "ASERRADO, ACEPILLADO E IMPREGNACI?N DE LA MADERA", "TAMANO957": "MICRO", "CIUDAD": "Cali", "COMUNA": "Comuna 09", "BARRIO": "Barrio Obrero", "DIRECCION_": "-KR 10 # 23 - 55", "TIPO_REGIS": "MERCANTIL", "PERSONAL_O": "9.0", "NUMERO_DE_": "7", "NUMERO_DE1": "2", "INGRESOS_A": "332364027.0", "X": "-76.51974787836072", "Y": "3.450183967943071", "Id": 0, "area": 136572.15568900001 }, "geometry": { "type": "Point", "coordinates": [ -76.519747878360718, 3.450183967943071 ] } },
{ "type": "Feature", "properties": { "NUM_INSCRI": "1142869", "Mes_Dia_An": "17 de febrero de 2022", "Mes_Dia_A1": "29 de abril de 2024", "CATEGORIA": "PERSONA NATURAL", "NOMBRE_SEC": "INDUSTRIAS MANUFACTURERAS", "CODIGO_CII": "1610", "DESC_CIIU": "ASERRADO, ACEPILLADO E IMPREGNACI?N DE LA MADERA", "TAMANO957": "MICRO", "CIUDAD": "Cali", "COMUNA": "Comuna 09", "BARRIO": "Barrio Obrero", "DIRECCION_": "-CR 10   23   44", "TIPO_REGIS": "MERCANTIL", "PERSONAL_O": "0.0", "NUMERO_DE_": "0", "NUMERO_DE1": "0", "INGRESOS_A": null, "X": "-76.5197586778978", "Y": "3.449814094286629", "Id": 0, "area": 136572.15568900001 }, "geometry": { "type": "Point", "coordinates": [ -76.519758677897798, 3.449814094286629 ] } },
{ "type": "Feature", "properties": { "NUM_INSCRI": "1215805", "Mes_Dia_An": "1 de abril de 2024", "Mes_Dia_A1": "26 de marzo de 2025", "CATEGORIA": "PERSONA NATURAL", "NOMBRE_SEC": "INDUSTRIAS MANUFACTURERAS", "CODIGO_CII": "1610", "DESC_CIIU": "ASERRADO, ACEPILLADO E IMPREGNACI?N DE LA MADERA", "TAMANO957": "MICRO", "CIUDAD": "Cali", "COMUNA": "Comuna 09", "BARRIO": "Barrio Obrero", "DIRECCION_": "-CR 11  22   63", "TIPO_REGIS": "MERCANTIL", "PERSONAL_O": "0.0", "NUMERO_DE_": "0", "NUMERO_DE1": "0", "INGRESOS_A": "0.0", "X": "-76.52114997720984", "Y": "3.449039982314319", "Id": 0, "area": 136572.15568900001 }, "geometry": { "type": "Point", "coordinates": [ -76.521149977209845, 3.449039982314319 ] } },
{ "type": "Feature", "properties": { "NUM_INSCRI": "1247532", "Mes_Dia_An": "13 de marzo de 2025", "Mes_Dia_A1": "13 de marzo de 2025", "CATEGORIA": "PERSONA NATURAL", "NOMBRE_SEC": "INDUSTRIAS MANUFACTURERAS", "CODIGO_CII": "1610", "DESC_CIIU": "ASERRADO, ACEPILLADO E IMPREGNACI?N DE LA MADERA", "TAMANO957": "MICRO", "CIUDAD": "Cali", "COMUNA": "Comuna 09", "BARRIO": "Barrio Obrero", "DIRECCION_": "-CL 25  8 A   50", "TIPO_REGIS": "MERCANTIL", "PERSONAL_O": "0.0", "NUMERO_DE_": "0", "NUMERO_DE1": "0", "INGRESOS_A": "0.0", "X": "-76.51886143953304", "Y": "3.451496159135869", "Id": 0, "area": 136572.15568900001 }, "geometry": { "type": "Point", "coordinates": [ -76.51886143953304, 3.451496159135869 ] } },
{ "type": "Feature", "properties": { "NUM_INSCRI": "1066706", "Mes_Dia_An": "10 de octubre de 2019", "Mes_Dia_A1": "30 de julio de 2024", "CATEGORIA": "PERSONA NATURAL", "NOMBRE_SEC": "INDUSTRIAS MANUFACTURERAS", "CODIGO_CII": "1630", "DESC_CIIU": "FABRICACI?N DE PARTES Y PIEZAS DE MADERA, DE CARPINTER?A Y EBANIS", "TAMANO957": "MICRO", "CIUDAD": "Cali", "COMUNA": "Comuna 09", "BARRIO": "Barrio Obrero", "DIRECCION_": "-CR 8A 24 55", "TIPO_REGIS": "MERCANTIL", "PERSONAL_O": "1.0", "NUMERO_DE_": "1", "NUMERO_DE1": "0", "INGRESOS_A": null, "X": "-76.51922231339242", "Y": "3.45205413537089", "Id": 0, "area": 136572.15568900001 }, "geometry": { "type": "Point", "coordinates": [ -76.519222313392419, 3.45205413537089 ] } },
{ "type": "Feature", "properties": { "NUM_INSCRI": "1161697", "Mes_Dia_An": "16 de agosto de 2022", "Mes_Dia_A1": "14 de agosto de 2025", "CATEGORIA": "PERSONA NATURAL", "NOMBRE_SEC": "INDUSTRIAS MANUFACTURERAS", "CODIGO_CII": "1630", "DESC_CIIU": "FABRICACI?N DE PARTES Y PIEZAS DE MADERA, DE CARPINTER?A Y EBANIS", "TAMANO957": "MICRO", "CIUDAD": "Cali", "COMUNA": "Comuna 09", "BARRIO": "Barrio Obrero", "DIRECCION_": "-CR 10  24   47", "TIPO_REGIS": "MERCANTIL", "PERSONAL_O": "0.0", "NUMERO_DE_": "0", "NUMERO_DE1": "0", "INGRESOS_A": "0.0", "X": "-76.51899913158103", "Y": "3.450441702930042", "Id": 0, "area": 136572.15568900001 }, "geometry": { "type": "Point", "coordinates": [ -76.518999131581026, 3.450441702930042 ] } },
{ "type": "Feature", "properties": { "NUM_INSCRI": "1231128", "Mes_Dia_An": "4 de septiembre de 2024", "Mes_Dia_A1": "11 de febrero de 2025", "CATEGORIA": "PERSONA NATURAL", "NOMBRE_SEC": "INDUSTRIAS MANUFACTURERAS", "CODIGO_CII": "1630", "DESC_CIIU": "FABRICACI?N DE PARTES Y PIEZAS DE MADERA, DE CARPINTER?A Y EBANIS", "TAMANO957": "MICRO", "CIUDAD": "Cali", "COMUNA": null, "BARRIO": null, "DIRECCION_": "-CL 24  11 D   45", "TIPO_REGIS": "MERCANTIL", "PERSONAL_O": "1.0", "NUMERO_DE_": "1", "NUMERO_DE1": "0", "INGRESOS_A": "68555438.0", "X": "-76.5186760610798", "Y": "3.447174334158525", "Id": 0, "area": 136572.15568900001 }, "geometry": { "type": "Point", "coordinates": [ -76.518676061079802, 3.447174334158525 ] } },
{ "type": "Feature", "properties": { "NUM_INSCRI": "1084614", "Mes_Dia_An": "18 de junio de 2020", "Mes_Dia_A1": "31 de marzo de 2025", "CATEGORIA": "PERSONA NATURAL", "NOMBRE_SEC": "INDUSTRIAS MANUFACTURERAS", "CODIGO_CII": "1690", "DESC_CIIU": "FABRICACI?N DE OTROS PRODUCTOS DE MADERA; FABRICACI?N DE ART?CULO", "TAMANO957": "MICRO", "CIUDAD": "Cali", "COMUNA": "Comuna 09", "BARRIO": "Barrio Obrero", "DIRECCION_": "-KR 11 B # 22 A - 66", "TIPO_REGIS": "MERCANTIL", "PERSONAL_O": "1.0", "NUMERO_DE_": "1", "NUMERO_DE1": "0", "INGRESOS_A": "0.0", "X": "-76.520055657404", "Y": "3.44812027202043", "Id": 0, "area": 136572.15568900001 }, "geometry": { "type": "Point", "coordinates": [ -76.520055657404001, 3.44812027202043 ] } },
{ "type": "Feature", "properties": { "NUM_INSCRI": "1198448", "Mes_Dia_An": "11 de septiembre de 2023", "Mes_Dia_A1": "12 de septiembre de 2025", "CATEGORIA": "PERSONA NATURAL", "NOMBRE_SEC": "INDUSTRIAS MANUFACTURERAS", "CODIGO_CII": "1690", "DESC_CIIU": "FABRICACI?N DE OTROS PRODUCTOS DE MADERA; FABRICACI?N DE ART?CULO", "TAMANO957": "MICRO", "CIUDAD": "Cali", "COMUNA": "Comuna 09", "BARRIO": "Barrio Obrero", "DIRECCION_": "-CL 22  8 A   66", "TIPO_REGIS": "MERCANTIL", "PERSONAL_O": "0.0", "NUMERO_DE_": "0", "NUMERO_DE1": "0", "INGRESOS_A": "0.0", "X": "-76.522227201462", "Y": "3.450599961659011", "Id": 0, "area": 136572.15568900001 }, "geometry": { "type": "Point", "coordinates": [ -76.522227201462002, 3.450599961659011 ] } },
{ "type": "Feature", "properties": { "NUM_INSCRI": "1248375", "Mes_Dia_An": "20 de marzo de 2025", "Mes_Dia_A1": "20 de marzo de 2025", "CATEGORIA": "PERSONA NATURAL", "NOMBRE_SEC": "INDUSTRIAS MANUFACTURERAS", "CODIGO_CII": "1702", "DESC_CIIU": "FABRICACI?N DE PAPEL Y CART?N ONDULADO (CORRUGADO); FABRICACI?N D", "TAMANO957": "MICRO", "CIUDAD": "Cali", "COMUNA": "Comuna 09", "BARRIO": "Barrio Obrero", "DIRECCION_": "-CL 23  8   60", "TIPO_REGIS": "MERCANTIL", "PERSONAL_O": "0.0", "NUMERO_DE_": "0", "NUMERO_DE1": "0", "INGRESOS_A": "0.0", "X": "-76.52083410099485", "Y": "3.451778313631229", "Id": 0, "area": 136572.15568900001 }, "geometry": { "type": "Point", "coordinates": [ -76.520834100994847, 3.451778313631229 ] } },
{ "type": "Feature", "properties": { "NUM_INSCRI": "1144172", "Mes_Dia_An": "1 de marzo de 2022", "Mes_Dia_A1": "26 de marzo de 2025", "CATEGORIA": "PERSONA NATURAL", "NOMBRE_SEC": "INDUSTRIAS MANUFACTURERAS", "CODIGO_CII": "1709", "DESC_CIIU": "FABRICACI?N DE OTROS ART?CULOS DE PAPEL Y CART?N", "TAMANO957": "MICRO", "CIUDAD": "Cali", "COMUNA": "Comuna 09", "BARRIO": "Barrio Obrero", "DIRECCION_": "-CL 23 # 8 - 60 BARRIO OBRERO", "TIPO_REGIS": "MERCANTIL", "PERSONAL_O": "0.0", "NUMERO_DE_": "0", "NUMERO_DE1": "0", "INGRESOS_A": "0.0", "X": "-76.52083410099485", "Y": "3.451778313631229", "Id": 0, "area": 136572.15568900001 }, "geometry": { "type": "Point", "coordinates": [ -76.520834100994847, 3.451778313631229 ] } },
{ "type": "Feature", "properties": { "NUM_INSCRI": "693156", "Mes_Dia_An": "31 de agosto de 2006", "Mes_Dia_A1": "3 de marzo de 2025", "CATEGORIA": "PERSONA NATURAL", "NOMBRE_SEC": "INDUSTRIAS MANUFACTURERAS", "CODIGO_CII": "1811", "DESC_CIIU": "ACTIVIDADES DE IMPRESION", "TAMANO957": "MICRO", "CIUDAD": "Cali", "COMUNA": "Comuna 09", "BARRIO": "Barrio Obrero", "DIRECCION_": "-CL 22 A # 8 A - 67", "TIPO_REGIS": "MERCANTIL", "PERSONAL_O": "1.0", "NUMERO_DE_": "1", "NUMERO_DE1": "0", "INGRESOS_A": "0.0", "X": "-76.5210923823866", "Y": "3.450812482069193", "Id": 0, "area": 136572.15568900001 }, "geometry": { "type": "Point", "coordinates": [ -76.521092382386598, 3.450812482069193 ] } },
{ "type": "Feature", "properties": { "NUM_INSCRI": "972162", "Mes_Dia_An": "21 de diciembre de 2016", "Mes_Dia_A1": "6 de marzo de 2025", "CATEGORIA": "PERSONA JURIDICA", "NOMBRE_SEC": "INDUSTRIAS MANUFACTURERAS", "CODIGO_CII": "1811", "DESC_CIIU": "ACTIVIDADES DE IMPRESI?N", "TAMANO957": "PEQUE?A", "CIUDAD": "Cali", "COMUNA": "Comuna 03", "BARRIO": "San Nicolas", "DIRECCION_": "-KR 8 # 24 - 58", "TIPO_REGIS": "MERCANTIL", "PERSONAL_O": "5.0", "NUMERO_DE_": "5", "NUMERO_DE1": "0", "INGRESOS_A": "1185316000.0", "X": "-76.51937260210784", "Y": "3.45270616222091", "Id": 0, "area": 136572.15568900001 }, "geometry": { "type": "Point", "coordinates": [ -76.519372602107836, 3.45270616222091 ] } },
{ "type": "Feature", "properties": { "NUM_INSCRI": "1260921", "Mes_Dia_An": "30 de julio de 2025", "Mes_Dia_A1": "30 de julio de 2025", "CATEGORIA": "PERSONA JURIDICA", "NOMBRE_SEC": "INDUSTRIAS MANUFACTURERAS", "CODIGO_CII": "1811", "DESC_CIIU": "ACTIVIDADES DE IMPRESI?N", "TAMANO957": "MICRO", "CIUDAD": "Cali", "COMUNA": "Comuna 09", "BARRIO": "Barrio Obrero", "DIRECCION_": "-CR 8  24   58", "TIPO_REGIS": "MERCANTIL", "PERSONAL_O": "1.0", "NUMERO_DE_": "0", "NUMERO_DE1": "1", "INGRESOS_A": "0.0", "X": "-76.51937260210784", "Y": "3.45270616222091", "Id": 0, "area": 136572.15568900001 }, "geometry": { "type": "Point", "coordinates": [ -76.519372602107836, 3.45270616222091 ] } },
{ "type": "Feature", "properties": { "NUM_INSCRI": "1236265", "Mes_Dia_An": "31 de octubre de 2024", "Mes_Dia_A1": "5 de marzo de 2025", "CATEGORIA": "PERSONA NATURAL", "NOMBRE_SEC": "INDUSTRIAS MANUFACTURERAS", "CODIGO_CII": "1812", "DESC_CIIU": "ACTIVIDADES DE SERVICIOS RELACIONADOS CON LA IMPRESI?N", "TAMANO957": "MICRO", "CIUDAD": "Cali", "COMUNA": "Comuna 09", "BARRIO": "Barrio Obrero", "DIRECCION_": "-CR 11 D  22   41", "TIPO_REGIS": "MERCANTIL", "PERSONAL_O": "0.0", "NUMERO_DE_": "0", "NUMERO_DE1": "0", "INGRESOS_A": "0.0", "X": "-76.52097628907502", "Y": "3.447222265786814", "Id": 0, "area": 136572.15568900001 }, "geometry": { "type": "Point", "coordinates": [ -76.520976289075023, 3.447222265786814 ] } },
{ "type": "Feature", "properties": { "NUM_INSCRI": "809151", "Mes_Dia_An": "31 de enero de 2011", "Mes_Dia_A1": "30 de marzo de 2025", "CATEGORIA": "PERSONA JURIDICA", "NOMBRE_SEC": "INDUSTRIAS MANUFACTURERAS", "CODIGO_CII": "2011", "DESC_CIIU": "FABRICACI?N DE SUSTANCIAS Y PRODUCTOS QU?MICOS B?SICOS", "TAMANO957": "MICRO", "CIUDAD": "Cali", "COMUNA": "Comuna 09", "BARRIO": "Barrio Obrero", "DIRECCION_": "-KR 8 A # 22 A - 16", "TIPO_REGIS": "MERCANTIL", "PERSONAL_O": "3.0", "NUMERO_DE_": "3", "NUMERO_DE1": "0", "INGRESOS_A": "882389309.0", "X": "-76.52120217490028", "Y": "3.451271884979502", "Id": 0, "area": 136572.15568900001 }, "geometry": { "type": "Point", "coordinates": [ -76.521202174900282, 3.451271884979502 ] } },
{ "type": "Feature", "properties": { "NUM_INSCRI": "956289", "Mes_Dia_An": "7 de junio de 2016", "Mes_Dia_A1": "4 de abril de 2025", "CATEGORIA": "PERSONA JURIDICA", "NOMBRE_SEC": "INDUSTRIAS MANUFACTURERAS", "CODIGO_CII": "2023", "DESC_CIIU": "FABRICACI?N DE JABONES Y DETERGENTES, PREPARADOS PARA LIMPIAR Y P", "TAMANO957": "MICRO", "CIUDAD": "Cali", "COMUNA": "Comuna 09", "BARRIO": "Barrio Obrero", "DIRECCION_": "-CL 24 # 10 - 61", "TIPO_REGIS": "MERCANTIL", "PERSONAL_O": "0.0", "NUMERO_DE_": "0", "NUMERO_DE1": "0", "INGRESOS_A": "0.0", "X": "-76.51908732672257", "Y": "3.449510236382646", "Id": 0, "area": 136572.15568900001 }, "geometry": { "type": "Point", "coordinates": [ -76.51908732672257, 3.449510236382646 ] } },
{ "type": "Feature", "properties": { "NUM_INSCRI": "410605", "Mes_Dia_An": "6 de septiembre de 1995", "Mes_Dia_A1": "30 de septiembre de 2025", "CATEGORIA": "PERSONA NATURAL", "NOMBRE_SEC": "INDUSTRIAS MANUFACTURERAS", "CODIGO_CII": "2219", "DESC_CIIU": "FABRICACI?N DE FORMAS B?SICAS DE CAUCHO Y OTROS PRODUCTOS DE CAUC", "TAMANO957": "MICRO", "CIUDAD": "Cali", "COMUNA": "Comuna 09", "BARRIO": "Barrio Obrero", "DIRECCION_": "-KR 11 B # 24 - 38", "TIPO_REGIS": "MERCANTIL", "PERSONAL_O": "2.0", "NUMERO_DE_": "2", "NUMERO_DE1": "0", "INGRESOS_A": "112342000.0", "X": "-76.51861036367323", "Y": "3.44831198951034", "Id": 0, "area": 136572.15568900001 }, "geometry": { "type": "Point", "coordinates": [ -76.518610363673233, 3.44831198951034 ] } },
{ "type": "Feature", "properties": { "NUM_INSCRI": "723797", "Mes_Dia_An": "10 de octubre de 2007", "Mes_Dia_A1": "7 de marzo de 2025", "CATEGORIA": "PERSONA JURIDICA", "NOMBRE_SEC": "INDUSTRIAS MANUFACTURERAS", "CODIGO_CII": "2221", "DESC_CIIU": "FABRICACION DE FORMAS BASICAS DE PLASTICO", "TAMANO957": "MICRO", "CIUDAD": "Cali", "COMUNA": "Comuna 09", "BARRIO": "Barrio Obrero", "DIRECCION_": "-KR 11 B # 21 - 31", "TIPO_REGIS": "MERCANTIL", "PERSONAL_O": "3.0", "NUMERO_DE_": "2", "NUMERO_DE1": "1", "INGRESOS_A": "602704375.0", "X": "-76.52191402001773", "Y": "3.447948447233174", "Id": 0, "area": 136572.15568900001 }, "geometry": { "type": "Point", "coordinates": [ -76.521914020017732, 3.447948447233174 ] } },
{ "type": "Feature", "properties": { "NUM_INSCRI": "797703", "Mes_Dia_An": "6 de agosto de 2010", "Mes_Dia_A1": "9 de abril de 2025", "CATEGORIA": "PERSONA JURIDICA", "NOMBRE_SEC": "INDUSTRIAS MANUFACTURERAS", "CODIGO_CII": "2221", "DESC_CIIU": "FABRICACION DE FORMAS BASICAS DE PLASTICO", "TAMANO957": "MICRO", "CIUDAD": "Cali", "COMUNA": "Comuna 09", "BARRIO": "Barrio Obrero", "DIRECCION_": "-CR 9  24   36", "TIPO_REGIS": "MERCANTIL", "PERSONAL_O": "1.0", "NUMERO_DE_": "1", "NUMERO_DE1": "0", "INGRESOS_A": "238547000.0", "X": "-76.51917461848268", "Y": "3.450836898288189", "Id": 0, "area": 136572.15568900001 }, "geometry": { "type": "Point", "coordinates": [ -76.51917461848268, 3.450836898288189 ] } },
{ "type": "Feature", "properties": { "NUM_INSCRI": "834583", "Mes_Dia_An": "13 de enero de 2012", "Mes_Dia_A1": "14 de marzo de 2025", "CATEGORIA": "PERSONA JURIDICA", "NOMBRE_SEC": "INDUSTRIAS MANUFACTURERAS", "CODIGO_CII": "2221", "DESC_CIIU": "FABRICACI?N DE FORMAS B?SICAS DE PL?STICO", "TAMANO957": "PEQUE?A", "CIUDAD": "Cali", "COMUNA": "Comuna 09", "BARRIO": "Barrio Obrero", "DIRECCION_": "-CL 22 A # 8 - 48", "TIPO_REGIS": "MERCANTIL", "PERSONAL_O": "9.0", "NUMERO_DE_": "5", "NUMERO_DE1": "4", "INGRESOS_A": "1890302382.0", "X": "-76.52175923620116", "Y": "3.451732191749582", "Id": 0, "area": 136572.15568900001 }, "geometry": { "type": "Point", "coordinates": [ -76.521759236201163, 3.451732191749582 ] } },
{ "type": "Feature", "properties": { "NUM_INSCRI": "388305", "Mes_Dia_An": "7 de noviembre de 2001", "Mes_Dia_A1": "13 de marzo de 2025", "CATEGORIA": "PERSONA NATURAL", "NOMBRE_SEC": "INDUSTRIAS MANUFACTURERAS", "CODIGO_CII": "2229", "DESC_CIIU": "FABRICACI?N DE ART?CULOS DE PL?STICO N.C.P.", "TAMANO957": "MICRO", "CIUDAD": "Cali", "COMUNA": "Comuna 09", "BARRIO": "Barrio Obrero", "DIRECCION_": "-KR 11B # 21 - 45 BARRIO OBRERO", "TIPO_REGIS": "MERCANTIL", "PERSONAL_O": "2.0", "NUMERO_DE_": "2", "NUMERO_DE1": "0", "INGRESOS_A": "0.0", "X": "-76.52176733079777", "Y": "3.447891474223232", "Id": 0, "area": 136572.15568900001 }, "geometry": { "type": "Point", "coordinates": [ -76.521767330797772, 3.447891474223232 ] } },
{ "type": "Feature", "properties": { "NUM_INSCRI": "834089", "Mes_Dia_An": "5 de enero de 2012", "Mes_Dia_A1": "26 de marzo de 2025", "CATEGORIA": "PERSONA JURIDICA", "NOMBRE_SEC": "INDUSTRIAS MANUFACTURERAS", "CODIGO_CII": "2229", "DESC_CIIU": "FABRICACI?N DE ART?CULOS DE PL?STICO N.C.P.", "TAMANO957": "PEQUE?A", "CIUDAD": "Cali", "COMUNA": "Comuna 09", "BARRIO": "Barrio Obrero", "DIRECCION_": "-KR 11 B # 24 - 30", "TIPO_REGIS": "MERCANTIL", "PERSONAL_O": "35.0", "NUMERO_DE_": "15", "NUMERO_DE1": "20", "INGRESOS_A": "7258199218.0", "X": "-76.51870305666145", "Y": "3.448409658051836", "Id": 0, "area": 136572.15568900001 }, "geometry": { "type": "Point", "coordinates": [ -76.518703056661451, 3.448409658051836 ] } },
{ "type": "Feature", "properties": { "NUM_INSCRI": "1205691", "Mes_Dia_An": "15 de diciembre de 2023", "Mes_Dia_A1": "31 de marzo de 2025", "CATEGORIA": "PERSONA JURIDICA", "NOMBRE_SEC": "INDUSTRIAS MANUFACTURERAS", "CODIGO_CII": "2229", "DESC_CIIU": "FABRICACI?N DE ART?CULOS DE PL?STICO N.C.P.", "TAMANO957": "MICRO", "CIUDAD": "Cali", "COMUNA": "Comuna 09", "BARRIO": "Barrio Obrero", "DIRECCION_": "-KR 15 # 22 A - 61 LC 101", "TIPO_REGIS": "MERCANTIL", "PERSONAL_O": "2.0", "NUMERO_DE_": "2", "NUMERO_DE1": "0", "INGRESOS_A": "54410398.0", "X": "-76.51943380722933", "Y": "3.444782364878213", "Id": 0, "area": 136572.15568900001 }, "geometry": { "type": "Point", "coordinates": [ -76.519433807229333, 3.444782364878213 ] } },
{ "type": "Feature", "properties": { "NUM_INSCRI": "1259746", "Mes_Dia_An": "17 de julio de 2025", "Mes_Dia_A1": "17 de julio de 2025", "CATEGORIA": "PERSONA JURIDICA", "NOMBRE_SEC": "INDUSTRIAS MANUFACTURERAS", "CODIGO_CII": "2396", "DESC_CIIU": "CORTE, TALLADO Y ACABADO DE LA PIEDRA", "TAMANO957": "MICRO", "CIUDAD": "Cali", "COMUNA": null, "BARRIO": null, "DIRECCION_": "-CR 11 B  21   25", "TIPO_REGIS": "MERCANTIL", "PERSONAL_O": "2.0", "NUMERO_DE_": "2", "NUMERO_DE1": "0", "INGRESOS_A": "0.0", "X": "-76.52195451685354", "Y": "3.44783269208583", "Id": 0, "area": 136572.15568900001 }, "geometry": { "type": "Point", "coordinates": [ -76.52195451685354, 3.44783269208583 ] } },
{ "type": "Feature", "properties": { "NUM_INSCRI": "724640", "Mes_Dia_An": "23 de octubre de 2007", "Mes_Dia_A1": "2 de mayo de 2025", "CATEGORIA": "PERSONA NATURAL", "NOMBRE_SEC": "INDUSTRIAS MANUFACTURERAS", "CODIGO_CII": "2410", "DESC_CIIU": "INDUSTRIAS BASICAS DE HIERRO Y DE ACERO", "TAMANO957": "MICRO", "CIUDAD": "Cali", "COMUNA": "Comuna 04", "BARRIO": "Porvenir", "DIRECCION_": "-CL 23 # 8 A - 11", "TIPO_REGIS": "MERCANTIL", "PERSONAL_O": "9.0", "NUMERO_DE_": "4", "NUMERO_DE1": "5", "INGRESOS_A": "706229000.0", "X": "-76.52048492545104", "Y": "3.451497064996916", "Id": 0, "area": 136572.15568900001 }, "geometry": { "type": "Point", "coordinates": [ -76.520484925451044, 3.451497064996916 ] } },
{ "type": "Feature", "properties": { "NUM_INSCRI": "883342", "Mes_Dia_An": "7 de octubre de 2013", "Mes_Dia_A1": "30 de mayo de 2025", "CATEGORIA": "PERSONA JURIDICA", "NOMBRE_SEC": "INDUSTRIAS MANUFACTURERAS", "CODIGO_CII": "2432", "DESC_CIIU": "FUNDICI?N DE METALES NO FERROSOS", "TAMANO957": "MICRO", "CIUDAD": "Cali", "COMUNA": "Comuna 09", "BARRIO": "Barrio Obrero", "DIRECCION_": "-CR. 11 B NRO. 23 35", "TIPO_REGIS": "MERCANTIL", "PERSONAL_O": "0.0", "NUMERO_DE_": "0", "NUMERO_DE1": "0", "INGRESOS_A": "0.0", "X": "-76.51959489098442", "Y": "3.448538979518375", "Id": 0, "area": 136572.15568900001 }, "geometry": { "type": "Point", "coordinates": [ -76.519594890984422, 3.448538979518375 ] } },
{ "type": "Feature", "properties": { "NUM_INSCRI": "68524", "Mes_Dia_An": "25 de mayo de 1979", "Mes_Dia_A1": "27 de marzo de 2025", "CATEGORIA": "PERSONA JURIDICA", "NOMBRE_SEC": "INDUSTRIAS MANUFACTURERAS", "CODIGO_CII": "2511", "DESC_CIIU": "FABRICACI?N DE PRODUCTOS MET?LICOS PARA USO ESTRUCTURAL", "TAMANO957": "MICRO", "CIUDAD": "Cali", "COMUNA": "Comuna 09", "BARRIO": "Barrio Obrero", "DIRECCION_": "-CL 24 # 8 - 64", "TIPO_REGIS": "MERCANTIL", "PERSONAL_O": "2.0", "NUMERO_DE_": "0", "NUMERO_DE1": "2", "INGRESOS_A": "559436000.0", "X": "-76.5199332638454", "Y": "3.452059562129526", "Id": 0, "area": 136572.15568900001 }, "geometry": { "type": "Point", "coordinates": [ -76.519933263845402, 3.452059562129526 ] } },
{ "type": "Feature", "properties": { "NUM_INSCRI": "577696", "Mes_Dia_An": "29 de enero de 2015", "Mes_Dia_A1": "19 de marzo de 2025", "CATEGORIA": "PERSONA NATURAL", "NOMBRE_SEC": "INDUSTRIAS MANUFACTURERAS", "CODIGO_CII": "2511", "DESC_CIIU": "FABRICACI?N DE PRODUCTOS MET?LICOS PARA USO ESTRUCTURAL", "TAMANO957": "MICRO", "CIUDAD": "Cali", "COMUNA": "Comuna 09", "BARRIO": "Barrio Obrero", "DIRECCION_": "-CL 24 # 11 - 12", "TIPO_REGIS": "MERCANTIL", "PERSONAL_O": "1.0", "NUMERO_DE_": "1", "NUMERO_DE1": "0", "INGRESOS_A": "0.0", "X": "-76.51939690492068", "Y": "3.449021895047453", "Id": 0, "area": 136572.15568900001 }, "geometry": { "type": "Point", "coordinates": [ -76.519396904920683, 3.449021895047453 ] } },
{ "type": "Feature", "properties": { "NUM_INSCRI": "600149", "Mes_Dia_An": "24 de enero de 2003", "Mes_Dia_A1": "19 de mayo de 2025", "CATEGORIA": "PERSONA NATURAL", "NOMBRE_SEC": "INDUSTRIAS MANUFACTURERAS", "CODIGO_CII": "2511", "DESC_CIIU": "FABRICACION DE ELEMENTOS METALICOS PARA ARQUITECTURA Y ORNAMENTAC", "TAMANO957": "MICRO", "CIUDAD": "Cali", "COMUNA": "Comuna 09", "BARRIO": "Barrio Obrero", "DIRECCION_": "-CL 25 NRO 9 - 74", "TIPO_REGIS": "MERCANTIL", "PERSONAL_O": "4.0", "NUMERO_DE_": "4", "NUMERO_DE1": "0", "INGRESOS_A": "0.0", "X": "-76.51865175637587", "Y": "3.450440797956521", "Id": 0, "area": 136572.15568900001 }, "geometry": { "type": "Point", "coordinates": [ -76.518651756375874, 3.450440797956521 ] } },
{ "type": "Feature", "properties": { "NUM_INSCRI": "664834", "Mes_Dia_An": "25 de julio de 2005", "Mes_Dia_A1": "15 de enero de 2025", "CATEGORIA": "PERSONA NATURAL", "NOMBRE_SEC": "INDUSTRIAS MANUFACTURERAS", "CODIGO_CII": "2511", "DESC_CIIU": "FABRICACION DE PRODUCTOS METALICOS PARA USO ESTRUCTURAL", "TAMANO957": "MICRO", "CIUDAD": "Cali", "COMUNA": "Comuna 09", "BARRIO": "Barrio Obrero", "DIRECCION_": "-CL 24 # 11 D - 39", "TIPO_REGIS": "MERCANTIL", "PERSONAL_O": "2.0", "NUMERO_DE_": "2", "NUMERO_DE1": "0", "INGRESOS_A": "0.0", "X": "-76.51868686016765", "Y": "3.447227690041927", "Id": 0, "area": 136572.15568900001 }, "geometry": { "type": "Point", "coordinates": [ -76.518686860167648, 3.447227690041927 ] } },
{ "type": "Feature", "properties": { "NUM_INSCRI": "691930", "Mes_Dia_An": "15 de agosto de 2006", "Mes_Dia_A1": "21 de marzo de 2025", "CATEGORIA": "PERSONA NATURAL", "NOMBRE_SEC": "INDUSTRIAS MANUFACTURERAS", "CODIGO_CII": "2511", "DESC_CIIU": "FABRICACI?N DE PRODUCTOS MET?LICOS PARA USO ESTRUCTURAL", "TAMANO957": "MICRO", "CIUDAD": "Cali", "COMUNA": "Comuna 09", "BARRIO": "Barrio Obrero", "DIRECCION_": "-CL 22 A # 12 - 32", "TIPO_REGIS": "MERCANTIL", "PERSONAL_O": "2.0", "NUMERO_DE_": "2", "NUMERO_DE1": "0", "INGRESOS_A": "0.0", "X": "-76.52045342828775", "Y": "3.446026732812673", "Id": 0, "area": 136572.15568900001 }, "geometry": { "type": "Point", "coordinates": [ -76.520453428287752, 3.446026732812673 ] } },
{ "type": "Feature", "properties": { "NUM_INSCRI": "697739", "Mes_Dia_An": "2 de noviembre de 2006", "Mes_Dia_A1": "29 de marzo de 2025", "CATEGORIA": "PERSONA NATURAL", "NOMBRE_SEC": "INDUSTRIAS MANUFACTURERAS", "CODIGO_CII": "2511", "DESC_CIIU": "FABRICACION DE PRODUCTOS METALICOS PARA USO ESTRUCTURAL", "TAMANO957": "MICRO", "CIUDAD": "Cali", "COMUNA": "Comuna 09", "BARRIO": "Barrio Obrero", "DIRECCION_": "-KR 9 # 21 - 64", "TIPO_REGIS": "MERCANTIL", "PERSONAL_O": "1.0", "NUMERO_DE_": "1", "NUMERO_DE1": "0", "INGRESOS_A": "150000.0", "X": "-76.52224789918674", "Y": "3.450145080320934", "Id": 0, "area": 136572.15568900001 }, "geometry": { "type": "Point", "coordinates": [ -76.522247899186738, 3.450145080320934 ] } },
{ "type": "Feature", "properties": { "NUM_INSCRI": "824018", "Mes_Dia_An": "29 de julio de 2011", "Mes_Dia_A1": "9 de octubre de 2025", "CATEGORIA": "PERSONA NATURAL", "NOMBRE_SEC": "INDUSTRIAS MANUFACTURERAS", "CODIGO_CII": "2511", "DESC_CIIU": "FABRICACI?N DE PRODUCTOS MET?LICOS PARA USO ESTRUCTURAL", "TAMANO957": "MICRO", "CIUDAD": "Cali", "COMUNA": "Comuna 09", "BARRIO": "Barrio Obrero", "DIRECCION_": "-CL  24   8A  31", "TIPO_REGIS": "MERCANTIL", "PERSONAL_O": "1.0", "NUMERO_DE_": "1", "NUMERO_DE1": "0", "INGRESOS_A": "25000000.0", "X": "-76.51953009255274", "Y": "3.45149073408144", "Id": 0, "area": 136572.15568900001 }, "geometry": { "type": "Point", "coordinates": [ -76.519530092552742, 3.45149073408144 ] } },
{ "type": "Feature", "properties": { "NUM_INSCRI": "886176", "Mes_Dia_An": "18 de noviembre de 2013", "Mes_Dia_A1": "13 de mayo de 2025", "CATEGORIA": "PERSONA JURIDICA", "NOMBRE_SEC": "INDUSTRIAS MANUFACTURERAS", "CODIGO_CII": "2511", "DESC_CIIU": "FABRICACI?N DE PRODUCTOS MET?LICOS PARA USO ESTRUCTURAL", "TAMANO957": "MICRO", "CIUDAD": "Cali", "COMUNA": "Comuna 09", "BARRIO": "Barrio Obrero", "DIRECCION_": "-CL 22 A 9 35", "TIPO_REGIS": "MERCANTIL", "PERSONAL_O": "9.0", "NUMERO_DE_": "8", "NUMERO_DE1": "1", "INGRESOS_A": "1055664920.0", "X": "-76.52109328201261", "Y": "3.450253602061784", "Id": 0, "area": 136572.15568900001 }, "geometry": { "type": "Point", "coordinates": [ -76.521093282012615, 3.450253602061784 ] } },
{ "type": "Feature", "properties": { "NUM_INSCRI": "910534", "Mes_Dia_An": "25 de septiembre de 2014", "Mes_Dia_A1": "28 de marzo de 2025", "CATEGORIA": "PERSONA JURIDICA", "NOMBRE_SEC": "INDUSTRIAS MANUFACTURERAS", "CODIGO_CII": "2511", "DESC_CIIU": "FABRICACI?N DE PRODUCTOS MET?LICOS PARA USO ESTRUCTURAL", "TAMANO957": "PEQUE?A", "CIUDAD": "Cali", "COMUNA": "Comuna 09", "BARRIO": "Barrio Obrero", "DIRECCION_": "-KR 10 # 24 - 48", "TIPO_REGIS": "MERCANTIL", "PERSONAL_O": "8.0", "NUMERO_DE_": "5", "NUMERO_DE1": "3", "INGRESOS_A": "3115274954.0", "X": "-76.51883894402904", "Y": "3.449878300958146", "Id": 0, "area": 136572.15568900001 }, "geometry": { "type": "Point", "coordinates": [ -76.518838944029042, 3.449878300958146 ] } },
{ "type": "Feature", "properties": { "NUM_INSCRI": "921124", "Mes_Dia_An": "27 de febrero de 2015", "Mes_Dia_A1": "28 de marzo de 2025", "CATEGORIA": "PERSONA NATURAL", "NOMBRE_SEC": "INDUSTRIAS MANUFACTURERAS", "CODIGO_CII": "2511", "DESC_CIIU": "FABRICACI?N DE PRODUCTOS MET?LICOS PARA USO ESTRUCTURAL", "TAMANO957": "MICRO", "CIUDAD": "Cali", "COMUNA": "Comuna 09", "BARRIO": "Sucre", "DIRECCION_": "-CR 9 CL 21   53", "TIPO_REGIS": "MERCANTIL", "PERSONAL_O": "0.0", "NUMERO_DE_": "0", "NUMERO_DE1": "0", "INGRESOS_A": "127983000.0", "X": "-76.5224305868188", "Y": "3.450517666651009", "Id": 0, "area": 136572.15568900001 }, "geometry": { "type": "Point", "coordinates": [ -76.5224305868188, 3.450517666651009 ] } },
{ "type": "Feature", "properties": { "NUM_INSCRI": "927177", "Mes_Dia_An": "22 de mayo de 2015", "Mes_Dia_A1": "18 de junio de 2024", "CATEGORIA": "PERSONA JURIDICA", "NOMBRE_SEC": "INDUSTRIAS MANUFACTURERAS", "CODIGO_CII": "2511", "DESC_CIIU": "FABRICACI?N DE PRODUCTOS MET?LICOS PARA USO ESTRUCTURAL", "TAMANO957": "MICRO", "CIUDAD": "Cali", "COMUNA": "Comuna 09", "BARRIO": "Barrio Obrero", "DIRECCION_": "-KR 8 A # 24 - 32", "TIPO_REGIS": "MERCANTIL", "PERSONAL_O": "5.0", "NUMERO_DE_": "3", "NUMERO_DE1": "2", "INGRESOS_A": null, "X": "-76.51939510184276", "Y": "3.451651705832494", "Id": 0, "area": 136572.15568900001 }, "geometry": { "type": "Point", "coordinates": [ -76.519395101842761, 3.451651705832494 ] } },
{ "type": "Feature", "properties": { "NUM_INSCRI": "955712", "Mes_Dia_An": "31 de mayo de 2016", "Mes_Dia_A1": "21 de enero de 2025", "CATEGORIA": "PERSONA JURIDICA", "NOMBRE_SEC": "INDUSTRIAS MANUFACTURERAS", "CODIGO_CII": "2511", "DESC_CIIU": "FABRICACI?N DE PRODUCTOS MET?LICOS PARA USO ESTRUCTURAL", "TAMANO957": "MICRO", "CIUDAD": "Cali", "COMUNA": "Comuna 02", "BARRIO": "La Paz", "DIRECCION_": "-CR 11  22   65", "TIPO_REGIS": "MERCANTIL", "PERSONAL_O": "6.0", "NUMERO_DE_": "6", "NUMERO_DE1": "0", "INGRESOS_A": "350000000.0", "X": "-76.52109058150113", "Y": "3.448976678786591", "Id": 0, "area": 136572.15568900001 }, "geometry": { "type": "Point", "coordinates": [ -76.521090581501127, 3.448976678786591 ] } },
{ "type": "Feature", "properties": { "NUM_INSCRI": "994346", "Mes_Dia_An": "23 de agosto de 2017", "Mes_Dia_A1": "15 de enero de 2025", "CATEGORIA": "PERSONA JURIDICA", "NOMBRE_SEC": "INDUSTRIAS MANUFACTURERAS", "CODIGO_CII": "2511", "DESC_CIIU": "FABRICACI?N DE PRODUCTOS MET?LICOS PARA USO ESTRUCTURAL", "TAMANO957": "MICRO", "CIUDAD": "Cali", "COMUNA": "Comuna 09", "BARRIO": "Barrio Obrero", "DIRECCION_": "-CL 24 # 11 D - 39", "TIPO_REGIS": "MERCANTIL", "PERSONAL_O": "5.0", "NUMERO_DE_": "4", "NUMERO_DE1": "1", "INGRESOS_A": "0.0", "X": "-76.51868686016765", "Y": "3.447227690041927", "Id": 0, "area": 136572.15568900001 }, "geometry": { "type": "Point", "coordinates": [ -76.518686860167648, 3.447227690041927 ] } },
{ "type": "Feature", "properties": { "NUM_INSCRI": "1081800", "Mes_Dia_An": "23 de abril de 2020", "Mes_Dia_A1": "5 de marzo de 2025", "CATEGORIA": "PERSONA NATURAL", "NOMBRE_SEC": "INDUSTRIAS MANUFACTURERAS", "CODIGO_CII": "2511", "DESC_CIIU": "FABRICACI?N DE PRODUCTOS MET?LICOS PARA USO ESTRUCTURAL", "TAMANO957": "MICRO", "CIUDAD": "Cali", "COMUNA": "Comuna 09", "BARRIO": "Barrio Obrero", "DIRECCION_": "-CL 21 # 9 - 27", "TIPO_REGIS": "MERCANTIL", "PERSONAL_O": "0.0", "NUMERO_DE_": "0", "NUMERO_DE1": "0", "INGRESOS_A": "0.0", "X": "-76.52275816222365", "Y": "3.449976872670246", "Id": 0, "area": 136572.15568900001 }, "geometry": { "type": "Point", "coordinates": [ -76.522758162223653, 3.449976872670246 ] } },
{ "type": "Feature", "properties": { "NUM_INSCRI": "1099911", "Mes_Dia_An": "4 de noviembre de 2020", "Mes_Dia_A1": "4 de abril de 2025", "CATEGORIA": "PERSONA NATURAL", "NOMBRE_SEC": "INDUSTRIAS MANUFACTURERAS", "CODIGO_CII": "2511", "DESC_CIIU": "FABRICACI?N DE PRODUCTOS MET?LICOS PARA USO ESTRUCTURAL", "TAMANO957": "MICRO", "CIUDAD": "Cali", "COMUNA": "Comuna 09", "BARRIO": "Barrio Obrero", "DIRECCION_": "-KR 8 A # 21 - 56", "TIPO_REGIS": "MERCANTIL", "PERSONAL_O": "0.0", "NUMERO_DE_": "0", "NUMERO_DE1": "0", "INGRESOS_A": "0.0", "X": "-76.52253588050806", "Y": "3.451097346182118", "Id": 0, "area": 136572.15568900001 }, "geometry": { "type": "Point", "coordinates": [ -76.522535880508059, 3.451097346182118 ] } },
{ "type": "Feature", "properties": { "NUM_INSCRI": "1109812", "Mes_Dia_An": "24 de febrero de 2021", "Mes_Dia_A1": "26 de marzo de 2024", "CATEGORIA": "PERSONA NATURAL", "NOMBRE_SEC": "INDUSTRIAS MANUFACTURERAS", "CODIGO_CII": "2511", "DESC_CIIU": "FABRICACI?N DE PRODUCTOS MET?LICOS PARA USO ESTRUCTURAL", "TAMANO957": "MICRO", "CIUDAD": "Cali", "COMUNA": "Comuna 09", "BARRIO": "Alameda", "DIRECCION_": "-CL 24 8A 65", "TIPO_REGIS": "MERCANTIL", "PERSONAL_O": "1.0", "NUMERO_DE_": "1", "NUMERO_DE1": "0", "INGRESOS_A": null, "X": "-76.51954269197398", "Y": "3.451203155067374", "Id": 0, "area": 136572.15568900001 }, "geometry": { "type": "Point", "coordinates": [ -76.519542691973982, 3.451203155067374 ] } },
{ "type": "Feature", "properties": { "NUM_INSCRI": "1110871", "Mes_Dia_An": "4 de marzo de 2021", "Mes_Dia_A1": "28 de agosto de 2024", "CATEGORIA": "PERSONA NATURAL", "NOMBRE_SEC": "INDUSTRIAS MANUFACTURERAS", "CODIGO_CII": "2511", "DESC_CIIU": "FABRICACI?N DE PRODUCTOS MET?LICOS PARA USO ESTRUCTURAL", "TAMANO957": "MICRO", "CIUDAD": "Cali", "COMUNA": "Comuna 09", "BARRIO": "Barrio Obrero", "DIRECCION_": "-CL 21 # 9 - 65 BARRIO OBRERO", "TIPO_REGIS": "MERCANTIL", "PERSONAL_O": "1.0", "NUMERO_DE_": "1", "NUMERO_DE1": "0", "INGRESOS_A": null, "X": "-76.52265736874777", "Y": "3.449648598714872", "Id": 0, "area": 136572.15568900001 }, "geometry": { "type": "Point", "coordinates": [ -76.522657368747772, 3.449648598714872 ] } },
{ "type": "Feature", "properties": { "NUM_INSCRI": "1159674", "Mes_Dia_An": "28 de julio de 2022", "Mes_Dia_A1": "29 de marzo de 2025", "CATEGORIA": "PERSONA JURIDICA", "NOMBRE_SEC": "INDUSTRIAS MANUFACTURERAS", "CODIGO_CII": "2511", "DESC_CIIU": "FABRICACI?N DE PRODUCTOS MET?LICOS PARA USO ESTRUCTURAL", "TAMANO957": "MICRO", "CIUDAD": "Cali", "COMUNA": "Comuna 09", "BARRIO": "Barrio Obrero", "DIRECCION_": "-CL 24 # 8 A - 31", "TIPO_REGIS": "MERCANTIL", "PERSONAL_O": "1.0", "NUMERO_DE_": "1", "NUMERO_DE1": "0", "INGRESOS_A": "191020000.0", "X": "-76.51953009255274", "Y": "3.45149073408144", "Id": 0, "area": 136572.15568900001 }, "geometry": { "type": "Point", "coordinates": [ -76.519530092552742, 3.45149073408144 ] } },
{ "type": "Feature", "properties": { "NUM_INSCRI": "1160479", "Mes_Dia_An": "3 de agosto de 2022", "Mes_Dia_A1": "28 de marzo de 2025", "CATEGORIA": "PERSONA JURIDICA", "NOMBRE_SEC": "INDUSTRIAS MANUFACTURERAS", "CODIGO_CII": "2511", "DESC_CIIU": "FABRICACI?N DE PRODUCTOS MET?LICOS PARA USO ESTRUCTURAL", "TAMANO957": "MICRO", "CIUDAD": "Cali", "COMUNA": "Comuna 09", "BARRIO": "Barrio Obrero", "DIRECCION_": "-CL 24 # 11-06", "TIPO_REGIS": "MERCANTIL", "PERSONAL_O": "1.0", "NUMERO_DE_": "0", "NUMERO_DE1": "1", "INGRESOS_A": "264389000.0", "X": "-76.51928441293285", "Y": "3.449159354066848", "Id": 0, "area": 136572.15568900001 }, "geometry": { "type": "Point", "coordinates": [ -76.519284412932848, 3.449159354066848 ] } },
{ "type": "Feature", "properties": { "NUM_INSCRI": "1192116", "Mes_Dia_An": "6 de julio de 2023", "Mes_Dia_A1": "31 de marzo de 2025", "CATEGORIA": "PERSONA JURIDICA", "NOMBRE_SEC": "INDUSTRIAS MANUFACTURERAS", "CODIGO_CII": "2511", "DESC_CIIU": "FABRICACI?N DE PRODUCTOS MET?LICOS PARA USO ESTRUCTURAL", "TAMANO957": "MICRO", "CIUDAD": "Cali", "COMUNA": "Comuna 03", "BARRIO": "San Pedro", "DIRECCION_": "-CL 23 # 11 - 42", "TIPO_REGIS": "MERCANTIL", "PERSONAL_O": "4.0", "NUMERO_DE_": "4", "NUMERO_DE1": "0", "INGRESOS_A": "554791000.0", "X": "-76.52018794747103", "Y": "3.448555257997382", "Id": 0, "area": 136572.15568900001 }, "geometry": { "type": "Point", "coordinates": [ -76.52018794747103, 3.448555257997382 ] } },
{ "type": "Feature", "properties": { "NUM_INSCRI": "1260134", "Mes_Dia_An": "22 de julio de 2025", "Mes_Dia_A1": "22 de julio de 2025", "CATEGORIA": "PERSONA NATURAL", "NOMBRE_SEC": "INDUSTRIAS MANUFACTURERAS", "CODIGO_CII": "2511", "DESC_CIIU": "FABRICACI?N DE PRODUCTOS MET?LICOS PARA USO ESTRUCTURAL", "TAMANO957": "MICRO", "CIUDAD": "Cali", "COMUNA": "Comuna 09", "BARRIO": "Barrio Obrero", "DIRECCION_": "-CR 10  22 A   65", "TIPO_REGIS": "MERCANTIL", "PERSONAL_O": "0.0", "NUMERO_DE_": "0", "NUMERO_DE1": "0", "INGRESOS_A": "0.0", "X": "-76.52044082873097", "Y": "3.450071830548499", "Id": 0, "area": 136572.15568900001 }, "geometry": { "type": "Point", "coordinates": [ -76.520440828730969, 3.450071830548499 ] } },
{ "type": "Feature", "properties": { "NUM_INSCRI": "129105", "Mes_Dia_An": "4 de noviembre de 1983", "Mes_Dia_A1": "28 de marzo de 2025", "CATEGORIA": "PERSONA JURIDICA", "NOMBRE_SEC": "INDUSTRIAS MANUFACTURERAS", "CODIGO_CII": "2591", "DESC_CIIU": "FORJA, PRENSADO, ESTAMPADO Y LAMINADO DE METAL; PULVIMETALURGIA", "TAMANO957": "PEQUE?A", "CIUDAD": "Cali", "COMUNA": "Comuna 09", "BARRIO": "Barrio Obrero", "DIRECCION_": "-KR 13 A # 23 - 39", "TIPO_REGIS": "MERCANTIL", "PERSONAL_O": "41.0", "NUMERO_DE_": "38", "NUMERO_DE1": "3", "INGRESOS_A": "4530294708.0", "X": "-76.51900903799813", "Y": "3.446052052973544", "Id": 0, "area": 136572.15568900001 }, "geometry": { "type": "Point", "coordinates": [ -76.519009037998131, 3.446052052973544 ] } },
{ "type": "Feature", "properties": { "NUM_INSCRI": "412388", "Mes_Dia_An": "12 de marzo de 2014", "Mes_Dia_A1": "4 de abril de 2025", "CATEGORIA": "PERSONA NATURAL", "NOMBRE_SEC": "INDUSTRIAS MANUFACTURERAS", "CODIGO_CII": "2592", "DESC_CIIU": "TRATAMIENTO Y REVESTIMIENTO DE METALES; MECANIZADO", "TAMANO957": "MICRO", "CIUDAD": "Cali", "COMUNA": "Comuna 09", "BARRIO": "Barrio Obrero", "DIRECCION_": "-CL 22 A # 8 - 55", "TIPO_REGIS": "MERCANTIL", "PERSONAL_O": "1.0", "NUMERO_DE_": "1", "NUMERO_DE1": "0", "INGRESOS_A": "0.0", "X": "-76.52129036905255", "Y": "3.451758417986193", "Id": 0, "area": 136572.15568900001 }, "geometry": { "type": "Point", "coordinates": [ -76.521290369052551, 3.451758417986193 ] } },
{ "type": "Feature", "properties": { "NUM_INSCRI": "1069650", "Mes_Dia_An": "14 de noviembre de 2019", "Mes_Dia_A1": "31 de marzo de 2025", "CATEGORIA": "PERSONA JURIDICA", "NOMBRE_SEC": "INDUSTRIAS MANUFACTURERAS", "CODIGO_CII": "2592", "DESC_CIIU": "TRATAMIENTO Y REVESTIMIENTO DE METALES; MECANIZADO", "TAMANO957": "MICRO", "CIUDAD": "Cali", "COMUNA": "Comuna 09", "BARRIO": "Barrio Obrero", "DIRECCION_": "-CL 24 # 11 D - 51", "TIPO_REGIS": "MERCANTIL", "PERSONAL_O": "1.0", "NUMERO_DE_": "1", "NUMERO_DE1": "0", "INGRESOS_A": "212094000.0", "X": "-76.51863466462724", "Y": "3.446950058586975", "Id": 0, "area": 136572.15568900001 }, "geometry": { "type": "Point", "coordinates": [ -76.518634664627243, 3.446950058586975 ] } },
{ "type": "Feature", "properties": { "NUM_INSCRI": "1163521", "Mes_Dia_An": "1 de septiembre de 2022", "Mes_Dia_A1": "11 de septiembre de 2025", "CATEGORIA": "PERSONA JURIDICA", "NOMBRE_SEC": "INDUSTRIAS MANUFACTURERAS", "CODIGO_CII": "2592", "DESC_CIIU": "TRATAMIENTO Y REVESTIMIENTO DE METALES; MECANIZADO", "TAMANO957": "MICRO", "CIUDAD": "Cali", "COMUNA": "Comuna 09", "BARRIO": "Barrio Obrero", "DIRECCION_": "-CL 22 # 8 A - 34", "TIPO_REGIS": "MERCANTIL", "PERSONAL_O": "5.0", "NUMERO_DE_": "3", "NUMERO_DE1": "2", "INGRESOS_A": "0.0", "X": "-76.52244408645765", "Y": "3.450823332387549", "Id": 0, "area": 136572.15568900001 }, "geometry": { "type": "Point", "coordinates": [ -76.522444086457654, 3.450823332387549 ] } },
{ "type": "Feature", "properties": { "NUM_INSCRI": "1212835", "Mes_Dia_An": "1 de marzo de 2024", "Mes_Dia_A1": "17 de febrero de 2025", "CATEGORIA": "PERSONA JURIDICA", "NOMBRE_SEC": "INDUSTRIAS MANUFACTURERAS", "CODIGO_CII": "2592", "DESC_CIIU": "TRATAMIENTO Y REVESTIMIENTO DE METALES; MECANIZADO", "TAMANO957": "MICRO", "CIUDAD": "Cali", "COMUNA": "Comuna 09", "BARRIO": "Barrio Obrero", "DIRECCION_": "-CR 8 A  21   45", "TIPO_REGIS": "MERCANTIL", "PERSONAL_O": "3.0", "NUMERO_DE_": "0", "NUMERO_DE1": "3", "INGRESOS_A": "236856540.0", "X": "-76.5226501729285", "Y": "3.451326143088621", "Id": 0, "area": 136572.15568900001 }, "geometry": { "type": "Point", "coordinates": [ -76.522650172928493, 3.451326143088621 ] } },
{ "type": "Feature", "properties": { "NUM_INSCRI": "1218144", "Mes_Dia_An": "21 de abril de 2024", "Mes_Dia_A1": "31 de marzo de 2025", "CATEGORIA": "PERSONA JURIDICA", "NOMBRE_SEC": "INDUSTRIAS MANUFACTURERAS", "CODIGO_CII": "2592", "DESC_CIIU": "TRATAMIENTO Y REVESTIMIENTO DE METALES; MECANIZADO", "TAMANO957": "MICRO", "CIUDAD": "Cali", "COMUNA": "Comuna 09", "BARRIO": "Barrio Obrero", "DIRECCION_": "-CALLE 24 # 9-69", "TIPO_REGIS": "MERCANTIL", "PERSONAL_O": "1.0", "NUMERO_DE_": "1", "NUMERO_DE1": "0", "INGRESOS_A": "1510468.0", "X": "-76.51924661410918", "Y": "3.450302435472244", "Id": 0, "area": 136572.15568900001 }, "geometry": { "type": "Point", "coordinates": [ -76.519246614109178, 3.450302435472244 ] } },
{ "type": "Feature", "properties": { "NUM_INSCRI": "306293", "Mes_Dia_An": "14 de febrero de 1992", "Mes_Dia_A1": "29 de marzo de 2025", "CATEGORIA": "PERSONA JURIDICA", "NOMBRE_SEC": "INDUSTRIAS MANUFACTURERAS", "CODIGO_CII": "2599", "DESC_CIIU": "FABRICACI?N DE OTROS PRODUCTOS ELABORADOS DE METAL N.C.P.", "TAMANO957": "PEQUE?A", "CIUDAD": "Cali", "COMUNA": "Comuna 09", "BARRIO": "Barrio Obrero", "DIRECCION_": "-KR 15 # 22 - 09", "TIPO_REGIS": "MERCANTIL", "PERSONAL_O": "19.0", "NUMERO_DE_": "14", "NUMERO_DE1": "5", "INGRESOS_A": "5593789985.0", "X": "-76.52044262930326", "Y": "3.444468560709372", "Id": 0, "area": 136572.15568900001 }, "geometry": { "type": "Point", "coordinates": [ -76.520442629303261, 3.444468560709372 ] } },
{ "type": "Feature", "properties": { "NUM_INSCRI": "481715", "Mes_Dia_An": "2 de abril de 1998", "Mes_Dia_A1": "14 de marzo de 2025", "CATEGORIA": "PERSONA NATURAL", "NOMBRE_SEC": "INDUSTRIAS MANUFACTURERAS", "CODIGO_CII": "2599", "DESC_CIIU": "FABRICACI?N DE OTROS PRODUCTOS ELABORADOS DE METAL N.C.P.", "TAMANO957": "MICRO", "CIUDAD": "Cali", "COMUNA": "Comuna 08", "BARRIO": "Industrial", "DIRECCION_": "-CL 25 # 11 - 54", "TIPO_REGIS": "MERCANTIL", "PERSONAL_O": "1.0", "NUMERO_DE_": "1", "NUMERO_DE1": "0", "INGRESOS_A": "45000000.0", "X": "-76.51848437169524", "Y": "3.448888051667535", "Id": 0, "area": 136572.15568900001 }, "geometry": { "type": "Point", "coordinates": [ -76.518484371695237, 3.448888051667535 ] } },
{ "type": "Feature", "properties": { "NUM_INSCRI": "484255", "Mes_Dia_An": "6 de mayo de 1998", "Mes_Dia_A1": "4 de julio de 2025", "CATEGORIA": "PERSONA JURIDICA", "NOMBRE_SEC": "INDUSTRIAS MANUFACTURERAS", "CODIGO_CII": "2599", "DESC_CIIU": "FABRICACI?N DE OTROS PRODUCTOS ELABORADOS DE METAL N.C.P.", "TAMANO957": "MICRO", "CIUDAD": "Cali", "COMUNA": "Comuna 09", "BARRIO": "Barrio Obrero", "DIRECCION_": "-CL 24  11 D   49", "TIPO_REGIS": "MERCANTIL", "PERSONAL_O": "2.0", "NUMERO_DE_": "2", "NUMERO_DE1": "0", "INGRESOS_A": "2050000.0", "X": "-76.51866166229846", "Y": "3.447102891534824", "Id": 0, "area": 136572.15568900001 }, "geometry": { "type": "Point", "coordinates": [ -76.518661662298456, 3.447102891534824 ] } },
{ "type": "Feature", "properties": { "NUM_INSCRI": "703619", "Mes_Dia_An": "7 de febrero de 2007", "Mes_Dia_A1": "11 de agosto de 2025", "CATEGORIA": "PERSONA JURIDICA", "NOMBRE_SEC": "INDUSTRIAS MANUFACTURERAS", "CODIGO_CII": "2599", "DESC_CIIU": "FABRICACI?N DE OTROS PRODUCTOS ELABORADOS DE METAL N.C.P.", "TAMANO957": "PEQUE?A", "CIUDAD": "Cali", "COMUNA": "Comuna 09", "BARRIO": "Barrio Obrero", "DIRECCION_": "-KR 9 # 24 - 45", "TIPO_REGIS": "MERCANTIL", "PERSONAL_O": "11.0", "NUMERO_DE_": "9", "NUMERO_DE1": "2", "INGRESOS_A": "2653403058.0", "X": "-76.51918001740283", "Y": "3.451318909687975", "Id": 0, "area": 136572.15568900001 }, "geometry": { "type": "Point", "coordinates": [ -76.519180017402832, 3.451318909687975 ] } },
{ "type": "Feature", "properties": { "NUM_INSCRI": "705557", "Mes_Dia_An": "27 de febrero de 2007", "Mes_Dia_A1": "13 de mayo de 2025", "CATEGORIA": "PERSONA NATURAL", "NOMBRE_SEC": "INDUSTRIAS MANUFACTURERAS", "CODIGO_CII": "2599", "DESC_CIIU": "FABRICACI?N DE OTROS PRODUCTOS ELABORADOS DE METAL N.C.P.", "TAMANO957": "MICRO", "CIUDAD": "Cali", "COMUNA": "Comuna 09", "BARRIO": "Barrio Obrero", "DIRECCION_": "-CL 24 # 11 D - 78", "TIPO_REGIS": "MERCANTIL", "PERSONAL_O": "3.0", "NUMERO_DE_": "3", "NUMERO_DE1": "0", "INGRESOS_A": "5000000.0", "X": "-76.51881195152377", "Y": "3.446842442869509", "Id": 0, "area": 136572.15568900001 }, "geometry": { "type": "Point", "coordinates": [ -76.518811951523773, 3.446842442869509 ] } },
{ "type": "Feature", "properties": { "NUM_INSCRI": "898330", "Mes_Dia_An": "23 de abril de 2014", "Mes_Dia_A1": "25 de marzo de 2025", "CATEGORIA": "PERSONA JURIDICA", "NOMBRE_SEC": "INDUSTRIAS MANUFACTURERAS", "CODIGO_CII": "2599", "DESC_CIIU": "FABRICACI?N DE OTROS PRODUCTOS ELABORADOS DE METAL N.C.P.", "TAMANO957": "PEQUE?A", "CIUDAD": "Cali", "COMUNA": "Comuna 09", "BARRIO": "Barrio Obrero", "DIRECCION_": "-CL 22 # 11 B - 58", "TIPO_REGIS": "MERCANTIL", "PERSONAL_O": "6.0", "NUMERO_DE_": "4", "NUMERO_DE1": "2", "INGRESOS_A": "1278520000.0", "X": "-76.52150454966694", "Y": "3.44729551667723", "Id": 0, "area": 136572.15568900001 }, "geometry": { "type": "Point", "coordinates": [ -76.521504549666943, 3.44729551667723 ] } },
{ "type": "Feature", "properties": { "NUM_INSCRI": "942997", "Mes_Dia_An": "13 de febrero de 2019", "Mes_Dia_A1": "21 de marzo de 2025", "CATEGORIA": "PERSONA JURIDICA", "NOMBRE_SEC": "INDUSTRIAS MANUFACTURERAS", "CODIGO_CII": "2599", "DESC_CIIU": "FABRICACI?N DE OTROS PRODUCTOS ELABORADOS DE METAL N.C.P.", "TAMANO957": "PEQUE?A", "CIUDAD": "Cali", "COMUNA": "Comuna 09", "BARRIO": "Barrio Obrero", "DIRECCION_": "-KR 13 A # 23 - 45", "TIPO_REGIS": "MERCANTIL", "PERSONAL_O": "18.0", "NUMERO_DE_": "16", "NUMERO_DE1": "2", "INGRESOS_A": "2473360177.0", "X": "-76.51887944814351", "Y": "3.445880228785671", "Id": 0, "area": 136572.15568900001 }, "geometry": { "type": "Point", "coordinates": [ -76.518879448143508, 3.445880228785671 ] } },
{ "type": "Feature", "properties": { "NUM_INSCRI": "957232", "Mes_Dia_An": "16 de junio de 2016", "Mes_Dia_A1": "11 de marzo de 2025", "CATEGORIA": "PERSONA NATURAL", "NOMBRE_SEC": "INDUSTRIAS MANUFACTURERAS", "CODIGO_CII": "2599", "DESC_CIIU": "FABRICACI?N DE OTROS PRODUCTOS ELABORADOS DE METAL N.C.P.", "TAMANO957": "MICRO", "CIUDAD": "Cali", "COMUNA": "Comuna 09", "BARRIO": "Barrio Obrero", "DIRECCION_": "-KR 9 # 21 - 17", "TIPO_REGIS": "MERCANTIL", "PERSONAL_O": "0.0", "NUMERO_DE_": "0", "NUMERO_DE1": "0", "INGRESOS_A": "0.0", "X": "-76.52275366341689", "Y": "3.450356694047245", "Id": 0, "area": 136572.15568900001 }, "geometry": { "type": "Point", "coordinates": [ -76.522753663416893, 3.450356694047245 ] } },
{ "type": "Feature", "properties": { "NUM_INSCRI": "1074677", "Mes_Dia_An": "28 de enero de 2020", "Mes_Dia_A1": "28 de marzo de 2025", "CATEGORIA": "PERSONA JURIDICA", "NOMBRE_SEC": "INDUSTRIAS MANUFACTURERAS", "CODIGO_CII": "2599", "DESC_CIIU": "FABRICACI?N DE OTROS PRODUCTOS ELABORADOS DE METAL N.C.P.", "TAMANO957": "MICRO", "CIUDAD": "Cali", "COMUNA": "Comuna 09", "BARRIO": "Barrio Obrero", "DIRECCION_": "-CL 22 # 11 B - 42", "TIPO_REGIS": "MERCANTIL", "PERSONAL_O": "6.0", "NUMERO_DE_": "5", "NUMERO_DE1": "1", "INGRESOS_A": "599219000.0", "X": "-76.52163324016412", "Y": "3.447389567551346", "Id": 0, "area": 136572.15568900001 }, "geometry": { "type": "Point", "coordinates": [ -76.521633240164121, 3.447389567551346 ] } },
{ "type": "Feature", "properties": { "NUM_INSCRI": "1108168", "Mes_Dia_An": "11 de febrero de 2021", "Mes_Dia_A1": "28 de marzo de 2025", "CATEGORIA": "PERSONA NATURAL", "NOMBRE_SEC": "INDUSTRIAS MANUFACTURERAS", "CODIGO_CII": "2599", "DESC_CIIU": "FABRICACI?N DE OTROS PRODUCTOS ELABORADOS DE METAL N.C.P.", "TAMANO957": "MICRO", "CIUDAD": "Cali", "COMUNA": "Comuna 09", "BARRIO": "Barrio Obrero", "DIRECCION_": "-CL 21 # 14 - 11", "TIPO_REGIS": "MERCANTIL", "PERSONAL_O": "1.0", "NUMERO_DE_": "1", "NUMERO_DE1": "0", "INGRESOS_A": "0.0", "X": "-76.52138035660485", "Y": "3.444561707044129", "Id": 0, "area": 136572.15568900001 }, "geometry": { "type": "Point", "coordinates": [ -76.521380356604851, 3.444561707044129 ] } },
{ "type": "Feature", "properties": { "NUM_INSCRI": "1117192", "Mes_Dia_An": "26 de abril de 2021", "Mes_Dia_A1": "28 de marzo de 2025", "CATEGORIA": "PERSONA JURIDICA", "NOMBRE_SEC": "INDUSTRIAS MANUFACTURERAS", "CODIGO_CII": "2599", "DESC_CIIU": "FABRICACI?N DE OTROS PRODUCTOS ELABORADOS DE METAL N.C.P.", "TAMANO957": "MICRO", "CIUDAD": "Cali", "COMUNA": null, "BARRIO": null, "DIRECCION_": "-CL 25 # 11 - 04", "TIPO_REGIS": "MERCANTIL", "PERSONAL_O": "4.0", "NUMERO_DE_": "4", "NUMERO_DE1": "0", "INGRESOS_A": "483433641.0", "X": "-76.518428574649", "Y": "3.449389958360274", "Id": 0, "area": 136572.15568900001 }, "geometry": { "type": "Point", "coordinates": [ -76.518428574648993, 3.449389958360274 ] } },
{ "type": "Feature", "properties": { "NUM_INSCRI": "1154785", "Mes_Dia_An": "7 de junio de 2022", "Mes_Dia_A1": "22 de marzo de 2025", "CATEGORIA": "PERSONA NATURAL", "NOMBRE_SEC": "INDUSTRIAS MANUFACTURERAS", "CODIGO_CII": "2599", "DESC_CIIU": "FABRICACI?N DE OTROS PRODUCTOS ELABORADOS DE METAL N.C.P.", "TAMANO957": "MICRO", "CIUDAD": "Cali", "COMUNA": "Comuna 09", "BARRIO": "Barrio Obrero", "DIRECCION_": "-CL 23 # 13 A - 38", "TIPO_REGIS": "MERCANTIL", "PERSONAL_O": "2.0", "NUMERO_DE_": "1", "NUMERO_DE1": "1", "INGRESOS_A": "300205000.0", "X": "-76.51936991150214", "Y": "3.445316827780861", "Id": 0, "area": 136572.15568900001 }, "geometry": { "type": "Point", "coordinates": [ -76.519369911502139, 3.445316827780861 ] } },
{ "type": "Feature", "properties": { "NUM_INSCRI": "1184392", "Mes_Dia_An": "13 de abril de 2023", "Mes_Dia_A1": "9 de abril de 2025", "CATEGORIA": "PERSONA JURIDICA", "NOMBRE_SEC": "INDUSTRIAS MANUFACTURERAS", "CODIGO_CII": "2599", "DESC_CIIU": "FABRICACI?N DE OTROS PRODUCTOS ELABORADOS DE METAL N.C.P.", "TAMANO957": "MICRO", "CIUDAD": "Cali", "COMUNA": "Comuna 09", "BARRIO": "Barrio Obrero", "DIRECCION_": "-CLL 22 # 11B - 35", "TIPO_REGIS": "MERCANTIL", "PERSONAL_O": "2.0", "NUMERO_DE_": "1", "NUMERO_DE1": "1", "INGRESOS_A": "314416000.0", "X": "-76.52137225974788", "Y": "3.447536974682321", "Id": 0, "area": 136572.15568900001 }, "geometry": { "type": "Point", "coordinates": [ -76.521372259747878, 3.447536974682321 ] } },
{ "type": "Feature", "properties": { "NUM_INSCRI": "1261708", "Mes_Dia_An": "8 de agosto de 2025", "Mes_Dia_A1": "8 de agosto de 2025", "CATEGORIA": "PERSONA JURIDICA", "NOMBRE_SEC": "INDUSTRIAS MANUFACTURERAS", "CODIGO_CII": "2599", "DESC_CIIU": "FABRICACI?N DE OTROS PRODUCTOS ELABORADOS DE METAL N.C.P.", "TAMANO957": "MICRO", "CIUDAD": "Cali", "COMUNA": "Comuna 09", "BARRIO": "Barrio Obrero", "DIRECCION_": "-CL 22  11 B   35", "TIPO_REGIS": "MERCANTIL", "PERSONAL_O": "0.0", "NUMERO_DE_": "0", "NUMERO_DE1": "0", "INGRESOS_A": "0.0", "X": "-76.52137225974788", "Y": "3.447536974682321", "Id": 0, "area": 136572.15568900001 }, "geometry": { "type": "Point", "coordinates": [ -76.521372259747878, 3.447536974682321 ] } },
{ "type": "Feature", "properties": { "NUM_INSCRI": "743531", "Mes_Dia_An": "16 de julio de 2008", "Mes_Dia_A1": "28 de marzo de 2025", "CATEGORIA": "PERSONA JURIDICA", "NOMBRE_SEC": "INDUSTRIAS MANUFACTURERAS", "CODIGO_CII": "2790", "DESC_CIIU": "FABRICACI?N DE OTROS TIPOS DE EQUIPO EL?CTRICO N.C.P.", "TAMANO957": "PEQUE?A", "CIUDAD": "Cali", "COMUNA": "Comuna 09", "BARRIO": "Barrio Obrero", "DIRECCION_": "-CL 22 A # 8 - 47", "TIPO_REGIS": "MERCANTIL", "PERSONAL_O": "27.0", "NUMERO_DE_": "21", "NUMERO_DE1": "6", "INGRESOS_A": "2047543127.0", "X": "-76.52133356607418", "Y": "3.451814486818531", "Id": 0, "area": 136572.15568900001 }, "geometry": { "type": "Point", "coordinates": [ -76.521333566074176, 3.451814486818531 ] } },
{ "type": "Feature", "properties": { "NUM_INSCRI": "773004", "Mes_Dia_An": "31 de agosto de 2009", "Mes_Dia_A1": "15 de abril de 2025", "CATEGORIA": "PERSONA JURIDICA", "NOMBRE_SEC": "INDUSTRIAS MANUFACTURERAS", "CODIGO_CII": "2812", "DESC_CIIU": "FABRICACI?N DE EQUIPOS DE POTENCIA HIDR?ULICA Y NEUM?TICA", "TAMANO957": "PEQUE?A", "CIUDAD": "Cali", "COMUNA": "Comuna 09", "BARRIO": "Barrio Obrero", "DIRECCION_": "-KR 13 A # 22 A - 47", "TIPO_REGIS": "MERCANTIL", "PERSONAL_O": "27.0", "NUMERO_DE_": "22", "NUMERO_DE1": "5", "INGRESOS_A": "3930137000.0", "X": "-76.51974068269058", "Y": "3.44574096207548", "Id": 0, "area": 136572.15568900001 }, "geometry": { "type": "Point", "coordinates": [ -76.519740682690582, 3.44574096207548 ] } },
{ "type": "Feature", "properties": { "NUM_INSCRI": "1053588", "Mes_Dia_An": "5 de junio de 2019", "Mes_Dia_A1": "2 de abril de 2025", "CATEGORIA": "PERSONA JURIDICA", "NOMBRE_SEC": "INDUSTRIAS MANUFACTURERAS", "CODIGO_CII": "2814", "DESC_CIIU": "FABRICACI?N DE COJINETES, ENGRANAJES, TRENES DE ENGRANAJES Y PIEZ", "TAMANO957": "MICRO", "CIUDAD": "Cali", "COMUNA": "Comuna 09", "BARRIO": "Barrio Obrero", "DIRECCION_": "-KR 14 # 22 - 53", "TIPO_REGIS": "MERCANTIL", "PERSONAL_O": "11.0", "NUMERO_DE_": "9", "NUMERO_DE1": "2", "INGRESOS_A": "461065000.0", "X": "-76.5203319377181", "Y": "3.445200169070515", "Id": 0, "area": 136572.15568900001 }, "geometry": { "type": "Point", "coordinates": [ -76.520331937718097, 3.445200169070515 ] } },
{ "type": "Feature", "properties": { "NUM_INSCRI": "482894", "Mes_Dia_An": "16 de mayo de 2006", "Mes_Dia_A1": "7 de abril de 2025", "CATEGORIA": "PERSONA NATURAL", "NOMBRE_SEC": "INDUSTRIAS MANUFACTURERAS", "CODIGO_CII": "2815", "DESC_CIIU": "FABRICACION DE HORNOS, HOGARES Y QUEMADORES INDUSTRIALES", "TAMANO957": "MICRO", "CIUDAD": "Cali", "COMUNA": "Comuna 09", "BARRIO": "Barrio Obrero", "DIRECCION_": "C 22A        9       54", "TIPO_REGIS": "MERCANTIL", "PERSONAL_O": "0.0", "NUMERO_DE_": "0", "NUMERO_DE1": "0", "INGRESOS_A": "0.0", "X": "-76.52122917214155", "Y": "3.450044700224069", "Id": 0, "area": 136572.15568900001 }, "geometry": { "type": "Point", "coordinates": [ -76.521229172141545, 3.450044700224069 ] } },
{ "type": "Feature", "properties": { "NUM_INSCRI": "761870", "Mes_Dia_An": "6 de abril de 2009", "Mes_Dia_A1": "26 de marzo de 2025", "CATEGORIA": "PERSONA JURIDICA", "NOMBRE_SEC": "INDUSTRIAS MANUFACTURERAS", "CODIGO_CII": "2815", "DESC_CIIU": "FABRICACI?N DE HORNOS, HOGARES Y QUEMADORES INDUSTRIALES", "TAMANO957": "MICRO", "CIUDAD": "Cali", "COMUNA": "Comuna 03", "BARRIO": "San Nicolas", "DIRECCION_": "-CL 23 13A 33", "TIPO_REGIS": "MERCANTIL", "PERSONAL_O": "17.0", "NUMERO_DE_": "10", "NUMERO_DE1": "7", "INGRESOS_A": "859248371.0", "X": "-76.51923402171144", "Y": "3.445473277845665", "Id": 0, "area": 136572.15568900001 }, "geometry": { "type": "Point", "coordinates": [ -76.519234021711441, 3.445473277845665 ] } },
{ "type": "Feature", "properties": { "NUM_INSCRI": "813541", "Mes_Dia_An": "25 de marzo de 2011", "Mes_Dia_A1": "27 de marzo de 2024", "CATEGORIA": "PERSONA JURIDICA", "NOMBRE_SEC": "INDUSTRIAS MANUFACTURERAS", "CODIGO_CII": "2815", "DESC_CIIU": "FABRICACION DE HORNOS, HOGARES Y QUEMADORES INDUSTRIALES", "TAMANO957": "MICRO", "CIUDAD": "Cali", "COMUNA": "Comuna 09", "BARRIO": "Barrio Obrero", "DIRECCION_": "-CL 21 # 11 - 41", "TIPO_REGIS": "MERCANTIL", "PERSONAL_O": "2.0", "NUMERO_DE_": "2", "NUMERO_DE1": "0", "INGRESOS_A": null, "X": "-76.52211020580114", "Y": "3.44813202726866", "Id": 0, "area": 136572.15568900001 }, "geometry": { "type": "Point", "coordinates": [ -76.522110205801141, 3.44813202726866 ] } },
{ "type": "Feature", "properties": { "NUM_INSCRI": "834167", "Mes_Dia_An": "6 de enero de 2012", "Mes_Dia_A1": "20 de marzo de 2025", "CATEGORIA": "PERSONA JURIDICA", "NOMBRE_SEC": "INDUSTRIAS MANUFACTURERAS", "CODIGO_CII": "2819", "DESC_CIIU": "FABRICACI?N DE OTROS TIPOS DE MAQUINARIA Y EQUIPO DE USO GENERAL", "TAMANO957": "MICRO", "CIUDAD": "Cali", "COMUNA": "Comuna 09", "BARRIO": "Barrio Obrero", "DIRECCION_": "-KR 12 # 22 - 61", "TIPO_REGIS": "MERCANTIL", "PERSONAL_O": "7.0", "NUMERO_DE_": "5", "NUMERO_DE1": "2", "INGRESOS_A": "915171500.0", "X": "-76.52071530841836", "Y": "3.446211217486254", "Id": 0, "area": 136572.15568900001 }, "geometry": { "type": "Point", "coordinates": [ -76.52071530841836, 3.446211217486254 ] } },
{ "type": "Feature", "properties": { "NUM_INSCRI": "1103447", "Mes_Dia_An": "15 de diciembre de 2020", "Mes_Dia_A1": "1 de abril de 2025", "CATEGORIA": "PERSONA JURIDICA", "NOMBRE_SEC": "INDUSTRIAS MANUFACTURERAS", "CODIGO_CII": "2819", "DESC_CIIU": "FABRICACI?N DE OTROS TIPOS DE MAQUINARIA Y EQUIPO DE USO GENERAL", "TAMANO957": "MICRO", "CIUDAD": "Cali", "COMUNA": null, "BARRIO": null, "DIRECCION_": "-CL 24 # 8 A - 15", "TIPO_REGIS": "MERCANTIL", "PERSONAL_O": "4.0", "NUMERO_DE_": "4", "NUMERO_DE1": "0", "INGRESOS_A": "504769721.0", "X": "-76.51965068390913", "Y": "3.451667984171125", "Id": 0, "area": 136572.15568900001 }, "geometry": { "type": "Point", "coordinates": [ -76.519650683909134, 3.451667984171125 ] } },
{ "type": "Feature", "properties": { "NUM_INSCRI": "58323", "Mes_Dia_An": "18 de julio de 1978", "Mes_Dia_A1": "28 de marzo de 2025", "CATEGORIA": "PERSONA JURIDICA", "NOMBRE_SEC": "INDUSTRIAS MANUFACTURERAS", "CODIGO_CII": "2822", "DESC_CIIU": "FABRICACION DE MATRICES, TROQUELES, HERRAMIENTAS, APAREJOS Y MONT", "TAMANO957": "MICRO", "CIUDAD": "Cali", "COMUNA": "Comuna 09", "BARRIO": "Barrio Obrero", "DIRECCION_": "-KR 9 # 22 A - 43", "TIPO_REGIS": "MERCANTIL", "PERSONAL_O": "5.0", "NUMERO_DE_": "5", "NUMERO_DE1": "0", "INGRESOS_A": "355802000.0", "X": "-76.5208619987258", "Y": "3.450766361004681", "Id": 0, "area": 136572.15568900001 }, "geometry": { "type": "Point", "coordinates": [ -76.520861998725806, 3.450766361004681 ] } },
{ "type": "Feature", "properties": { "NUM_INSCRI": "1040816", "Mes_Dia_An": "11 de febrero de 2019", "Mes_Dia_A1": "28 de agosto de 2025", "CATEGORIA": "PERSONA JURIDICA", "NOMBRE_SEC": "INDUSTRIAS MANUFACTURERAS", "CODIGO_CII": "2822", "DESC_CIIU": "FABRICACI?N DE M?QUINAS FORMADORAS DE METAL Y DE M?QUINAS HERRAMI", "TAMANO957": "MICRO", "CIUDAD": "Cali", "COMUNA": "Comuna 09", "BARRIO": "Barrio Obrero", "DIRECCION_": "-KR 10 # 24 - 16", "TIPO_REGIS": "MERCANTIL", "PERSONAL_O": "8.0", "NUMERO_DE_": "6", "NUMERO_DE1": "2", "INGRESOS_A": "4491700.0", "X": "-76.51914222221816", "Y": "3.449869258095352", "Id": 0, "area": 136572.15568900001 }, "geometry": { "type": "Point", "coordinates": [ -76.519142222218164, 3.449869258095352 ] } },
{ "type": "Feature", "properties": { "NUM_INSCRI": "1121581", "Mes_Dia_An": "6 de julio de 2021", "Mes_Dia_A1": "3 de septiembre de 2024", "CATEGORIA": "PERSONA JURIDICA", "NOMBRE_SEC": "INDUSTRIAS MANUFACTURERAS", "CODIGO_CII": "2822", "DESC_CIIU": "FABRICACI?N DE M?QUINAS FORMADORAS DE METAL Y DE M?QUINAS HERRAMI", "TAMANO957": "MICRO", "CIUDAD": "Cali", "COMUNA": "Comuna 09", "BARRIO": "Barrio Obrero", "DIRECCION_": "-KR 8 A # 22 A - 01 LC 101", "TIPO_REGIS": "MERCANTIL", "PERSONAL_O": "2.0", "NUMERO_DE_": "1", "NUMERO_DE1": "1", "INGRESOS_A": null, "X": "-76.52131736698935", "Y": "3.451538664181108", "Id": 0, "area": 136572.15568900001 }, "geometry": { "type": "Point", "coordinates": [ -76.521317366989351, 3.451538664181108 ] } },
{ "type": "Feature", "properties": { "NUM_INSCRI": "589541", "Mes_Dia_An": "25 de julio de 2002", "Mes_Dia_A1": "27 de marzo de 2025", "CATEGORIA": "PERSONA NATURAL", "NOMBRE_SEC": "INDUSTRIAS MANUFACTURERAS", "CODIGO_CII": "2825", "DESC_CIIU": "FABRICACI?N DE MAQUINARIA PARA LA ELABORACI?N DE ALIMENTOS, BEBID", "TAMANO957": "MICRO", "CIUDAD": "Cali", "COMUNA": "Comuna 09", "BARRIO": "Barrio Obrero", "DIRECCION_": "-KR 9 # 24 - 62", "TIPO_REGIS": "MERCANTIL", "PERSONAL_O": "4.0", "NUMERO_DE_": "4", "NUMERO_DE1": "0", "INGRESOS_A": "0.0", "X": "-76.51896133344766", "Y": "3.450938183647932", "Id": 0, "area": 136572.15568900001 }, "geometry": { "type": "Point", "coordinates": [ -76.518961333447663, 3.450938183647932 ] } },
{ "type": "Feature", "properties": { "NUM_INSCRI": "920330", "Mes_Dia_An": "19 de febrero de 2015", "Mes_Dia_A1": "26 de marzo de 2025", "CATEGORIA": "PERSONA JURIDICA", "NOMBRE_SEC": "INDUSTRIAS MANUFACTURERAS", "CODIGO_CII": "2829", "DESC_CIIU": "FABRICACI?N DE OTROS TIPOS DE MAQUINARIA Y EQUIPO DE USO ESPECIAL", "TAMANO957": "MICRO", "CIUDAD": "Cali", "COMUNA": "Comuna 09", "BARRIO": "Barrio Obrero", "DIRECCION_": "-KR 13 A # 22 - 57", "TIPO_REGIS": "MERCANTIL", "PERSONAL_O": "0.0", "NUMERO_DE_": "0", "NUMERO_DE1": "0", "INGRESOS_A": "546590020.0", "X": "-76.52046062778908", "Y": "3.445571851468021", "Id": 0, "area": 136572.15568900001 }, "geometry": { "type": "Point", "coordinates": [ -76.520460627789078, 3.445571851468021 ] } },
{ "type": "Feature", "properties": { "NUM_INSCRI": "608143", "Mes_Dia_An": "6 de mayo de 2003", "Mes_Dia_A1": "26 de marzo de 2025", "CATEGORIA": "PERSONA NATURAL", "NOMBRE_SEC": "INDUSTRIAS MANUFACTURERAS", "CODIGO_CII": "2930", "DESC_CIIU": "FABRICACI?N DE PARTES, PIEZAS (AUTOPARTES) Y ACCESORIOS (LUJOS) P", "TAMANO957": "MICRO", "CIUDAD": "Cali", "COMUNA": "Comuna 09", "BARRIO": "Barrio Obrero", "DIRECCION_": "-CL 23 # 8 - 37", "TIPO_REGIS": "MERCANTIL", "PERSONAL_O": "5.0", "NUMERO_DE_": "5", "NUMERO_DE1": "0", "INGRESOS_A": "819185913.0", "X": "-76.52062531562608", "Y": "3.452106587837174", "Id": 0, "area": 136572.15568900001 }, "geometry": { "type": "Point", "coordinates": [ -76.520625315626077, 3.452106587837174 ] } },
{ "type": "Feature", "properties": { "NUM_INSCRI": "626104", "Mes_Dia_An": "6 de febrero de 2004", "Mes_Dia_A1": "4 de abril de 2025", "CATEGORIA": "PERSONA JURIDICA", "NOMBRE_SEC": "INDUSTRIAS MANUFACTURERAS", "CODIGO_CII": "2930", "DESC_CIIU": "FABRICACI?N DE PARTES, PIEZAS (AUTOPARTES) Y ACCESORIOS (LUJOS) P", "TAMANO957": "MICRO", "CIUDAD": "Cali", "COMUNA": "Comuna 09", "BARRIO": "Barrio Obrero", "DIRECCION_": "-CR 8 A  22 A   46", "TIPO_REGIS": "MERCANTIL", "PERSONAL_O": "1.0", "NUMERO_DE_": "1", "NUMERO_DE1": "0", "INGRESOS_A": "0.0", "X": "-76.52092049478561", "Y": "3.451340614706877", "Id": 0, "area": 136572.15568900001 }, "geometry": { "type": "Point", "coordinates": [ -76.520920494785614, 3.451340614706877 ] } },
{ "type": "Feature", "properties": { "NUM_INSCRI": "900485", "Mes_Dia_An": "19 de mayo de 2014", "Mes_Dia_A1": "11 de marzo de 2025", "CATEGORIA": "PERSONA JURIDICA", "NOMBRE_SEC": "INDUSTRIAS MANUFACTURERAS", "CODIGO_CII": "2930", "DESC_CIIU": "FABRICACI?N DE PARTES, PIEZAS (AUTOPARTES) Y ACCESORIOS (LUJOS) P", "TAMANO957": "MICRO", "CIUDAD": "Cali", "COMUNA": "Comuna 09", "BARRIO": "Barrio Obrero", "DIRECCION_": "-KR 12 # 22 A - 15", "TIPO_REGIS": "MERCANTIL", "PERSONAL_O": "2.0", "NUMERO_DE_": "2", "NUMERO_DE1": "0", "INGRESOS_A": "0.0", "X": "-76.52016814971464", "Y": "3.446633542636344", "Id": 0, "area": 136572.15568900001 }, "geometry": { "type": "Point", "coordinates": [ -76.520168149714635, 3.446633542636344 ] } },
{ "type": "Feature", "properties": { "NUM_INSCRI": "911741", "Mes_Dia_An": "8 de octubre de 2014", "Mes_Dia_A1": "30 de marzo de 2025", "CATEGORIA": "PERSONA JURIDICA", "NOMBRE_SEC": "INDUSTRIAS MANUFACTURERAS", "CODIGO_CII": "2930", "DESC_CIIU": "FABRICACI?N DE PARTES, PIEZAS (AUTOPARTES) Y ACCESORIOS (LUJOS) P", "TAMANO957": "PEQUE?A", "CIUDAD": "Cali", "COMUNA": "Comuna 09", "BARRIO": "Barrio Obrero", "DIRECCION_": "-CL 22 # 14 - 35", "TIPO_REGIS": "MERCANTIL", "PERSONAL_O": "23.0", "NUMERO_DE_": "18", "NUMERO_DE1": "5", "INGRESOS_A": "2488055496.0", "X": "-76.52052632280336", "Y": "3.444584315813224", "Id": 0, "area": 136572.15568900001 }, "geometry": { "type": "Point", "coordinates": [ -76.520526322803363, 3.444584315813224 ] } },
{ "type": "Feature", "properties": { "NUM_INSCRI": "982080", "Mes_Dia_An": "30 de marzo de 2017", "Mes_Dia_A1": "29 de marzo de 2025", "CATEGORIA": "PERSONA JURIDICA", "NOMBRE_SEC": "INDUSTRIAS MANUFACTURERAS", "CODIGO_CII": "2930", "DESC_CIIU": "FABRICACI?N DE PARTES, PIEZAS (AUTOPARTES) Y ACCESORIOS (LUJOS) P", "TAMANO957": "MICRO", "CIUDAD": "Cali", "COMUNA": "Comuna 09", "BARRIO": "Barrio Obrero", "DIRECCION_": "-CL 22 # 8 A - 23", "TIPO_REGIS": "MERCANTIL", "PERSONAL_O": "3.0", "NUMERO_DE_": "2", "NUMERO_DE1": "1", "INGRESOS_A": "349976000.0", "X": "-76.52202291662987", "Y": "3.451006913454877", "Id": 0, "area": 136572.15568900001 }, "geometry": { "type": "Point", "coordinates": [ -76.522022916629865, 3.451006913454877 ] } },
{ "type": "Feature", "properties": { "NUM_INSCRI": "1022946", "Mes_Dia_An": "16 de julio de 2018", "Mes_Dia_A1": "10 de abril de 2025", "CATEGORIA": "PERSONA NATURAL", "NOMBRE_SEC": "INDUSTRIAS MANUFACTURERAS", "CODIGO_CII": "2930", "DESC_CIIU": "FABRICACI?N DE PARTES, PIEZAS (AUTOPARTES) Y ACCESORIOS (LUJOS) P", "TAMANO957": "MICRO", "CIUDAD": "Cali", "COMUNA": "Comuna 09", "BARRIO": "Barrio Obrero", "DIRECCION_": "-CL 22 A # 13 A - 57", "TIPO_REGIS": "MERCANTIL", "PERSONAL_O": "3.0", "NUMERO_DE_": "2", "NUMERO_DE1": "1", "INGRESOS_A": "232700000.0", "X": "-76.52001156235059", "Y": "3.445178464858194", "Id": 0, "area": 136572.15568900001 }, "geometry": { "type": "Point", "coordinates": [ -76.520011562350589, 3.445178464858194 ] } },
{ "type": "Feature", "properties": { "NUM_INSCRI": "1138843", "Mes_Dia_An": "17 de enero de 2022", "Mes_Dia_A1": "31 de marzo de 2025", "CATEGORIA": "PERSONA JURIDICA", "NOMBRE_SEC": "INDUSTRIAS MANUFACTURERAS", "CODIGO_CII": "2930", "DESC_CIIU": "FABRICACI?N DE PARTES, PIEZAS (AUTOPARTES) Y ACCESORIOS (LUJOS) P", "TAMANO957": "MICRO", "CIUDAD": "Cali", "COMUNA": "Comuna 09", "BARRIO": "Barrio Obrero", "DIRECCION_": "-CL 25 # 9 - 62", "TIPO_REGIS": "MERCANTIL", "PERSONAL_O": "1.0", "NUMERO_DE_": "0", "NUMERO_DE1": "1", "INGRESOS_A": "358133000.0", "X": "-76.51880384551906", "Y": "3.450441702587645", "Id": 0, "area": 136572.15568900001 }, "geometry": { "type": "Point", "coordinates": [ -76.518803845519059, 3.450441702587645 ] } },
{ "type": "Feature", "properties": { "NUM_INSCRI": "1192756", "Mes_Dia_An": "13 de julio de 2023", "Mes_Dia_A1": "31 de marzo de 2025", "CATEGORIA": "PERSONA NATURAL", "NOMBRE_SEC": "INDUSTRIAS MANUFACTURERAS", "CODIGO_CII": "2930", "DESC_CIIU": "FABRICACI?N DE PARTES, PIEZAS (AUTOPARTES) Y ACCESORIOS (LUJOS) P", "TAMANO957": "MICRO", "CIUDAD": "Cali", "COMUNA": "Comuna 09", "BARRIO": "Barrio Obrero", "DIRECCION_": "-CL 21  14   49", "TIPO_REGIS": "MERCANTIL", "PERSONAL_O": "0.0", "NUMERO_DE_": "0", "NUMERO_DE1": "0", "INGRESOS_A": "0.0", "X": "-76.52127416459307", "Y": "3.444234337245228", "Id": 0, "area": 136572.15568900001 }, "geometry": { "type": "Point", "coordinates": [ -76.521274164593066, 3.444234337245228 ] } },
{ "type": "Feature", "properties": { "NUM_INSCRI": "1171147", "Mes_Dia_An": "21 de noviembre de 2022", "Mes_Dia_A1": "8 de agosto de 2024", "CATEGORIA": "PERSONA JURIDICA", "NOMBRE_SEC": "INDUSTRIAS MANUFACTURERAS", "CODIGO_CII": "3011", "DESC_CIIU": "CONSTRUCCI?N DE BARCOS Y DE ESTRUCTURAS FLOTANTES", "TAMANO957": "MICRO", "CIUDAD": "Cali", "COMUNA": "Comuna 09", "BARRIO": "Barrio Obrero", "DIRECCION_": "-KR 8 # 21 - 42", "TIPO_REGIS": "MERCANTIL", "PERSONAL_O": "0.0", "NUMERO_DE_": "0", "NUMERO_DE1": "0", "INGRESOS_A": null, "X": "-76.52269877036552", "Y": "3.451711390355405", "Id": 0, "area": 136572.15568900001 }, "geometry": { "type": "Point", "coordinates": [ -76.522698770365523, 3.451711390355405 ] } },
{ "type": "Feature", "properties": { "NUM_INSCRI": "1046969", "Mes_Dia_An": "31 de marzo de 2019", "Mes_Dia_A1": "31 de marzo de 2025", "CATEGORIA": "PERSONA JURIDICA", "NOMBRE_SEC": "INDUSTRIAS MANUFACTURERAS", "CODIGO_CII": "3092", "DESC_CIIU": "FABRICACI?N DE BICICLETAS Y DE SILLAS DE RUEDAS PARA PERSONAS CON", "TAMANO957": "MICRO", "CIUDAD": "Cali", "COMUNA": "Comuna 09", "BARRIO": "Barrio Obrero", "DIRECCION_": "-CL 23 # 8 A - 34", "TIPO_REGIS": "MERCANTIL", "PERSONAL_O": "9.0", "NUMERO_DE_": "7", "NUMERO_DE1": "2", "INGRESOS_A": "696243370.0", "X": "-76.5207648057194", "Y": "3.451190494882834", "Id": 0, "area": 136572.15568900001 }, "geometry": { "type": "Point", "coordinates": [ -76.520764805719395, 3.451190494882834 ] } },
{ "type": "Feature", "properties": { "NUM_INSCRI": "486397", "Mes_Dia_An": "3 de junio de 1998", "Mes_Dia_A1": "26 de marzo de 2025", "CATEGORIA": "PERSONA JURIDICA", "NOMBRE_SEC": "INDUSTRIAS MANUFACTURERAS", "CODIGO_CII": "3110", "DESC_CIIU": "FABRICACI?N DE MUEBLES", "TAMANO957": "MICRO", "CIUDAD": "Cali", "COMUNA": "Comuna 09", "BARRIO": "Barrio Obrero", "DIRECCION_": "-KR 11 # 24 - 46", "TIPO_REGIS": "MERCANTIL", "PERSONAL_O": "6.0", "NUMERO_DE_": "6", "NUMERO_DE1": "0", "INGRESOS_A": "16506973.0", "X": "-76.51871565437087", "Y": "3.449116849308625", "Id": 0, "area": 136572.15568900001 }, "geometry": { "type": "Point", "coordinates": [ -76.518715654370865, 3.449116849308625 ] } },
{ "type": "Feature", "properties": { "NUM_INSCRI": "644461", "Mes_Dia_An": "23 de septiembre de 2004", "Mes_Dia_A1": "11 de marzo de 2025", "CATEGORIA": "PERSONA JURIDICA", "NOMBRE_SEC": "INDUSTRIAS MANUFACTURERAS", "CODIGO_CII": "3110", "DESC_CIIU": "FABRICACI?N DE MUEBLES", "TAMANO957": "PEQUE?A", "CIUDAD": "Cali", "COMUNA": "Comuna 09", "BARRIO": "Barrio Obrero", "DIRECCION_": "-CRA. 8A NO. 22 38", "TIPO_REGIS": "MERCANTIL", "PERSONAL_O": "6.0", "NUMERO_DE_": "5", "NUMERO_DE1": "1", "INGRESOS_A": "2353329770.0", "X": "-76.52182493073433", "Y": "3.451075643318831", "Id": 0, "area": 136572.15568900001 }, "geometry": { "type": "Point", "coordinates": [ -76.521824930734326, 3.451075643318831 ] } },
{ "type": "Feature", "properties": { "NUM_INSCRI": "1196801", "Mes_Dia_An": "25 de agosto de 2023", "Mes_Dia_A1": "5 de marzo de 2025", "CATEGORIA": "PERSONA NATURAL", "NOMBRE_SEC": "INDUSTRIAS MANUFACTURERAS", "CODIGO_CII": "3110", "DESC_CIIU": "FABRICACI?N DE MUEBLES", "TAMANO957": "MICRO", "CIUDAD": "Cali", "COMUNA": "Comuna 09", "BARRIO": "Barrio Obrero", "DIRECCION_": "-CR 8 A  23   35", "TIPO_REGIS": "MERCANTIL", "PERSONAL_O": "0.0", "NUMERO_DE_": "0", "NUMERO_DE1": "0", "INGRESOS_A": "0.0", "X": "-76.52027074041406", "Y": "3.451783739644574", "Id": 0, "area": 136572.15568900001 }, "geometry": { "type": "Point", "coordinates": [ -76.520270740414063, 3.451783739644574 ] } },
{ "type": "Feature", "properties": { "NUM_INSCRI": "1234740", "Mes_Dia_An": "15 de octubre de 2024", "Mes_Dia_A1": "4 de septiembre de 2025", "CATEGORIA": "PERSONA NATURAL", "NOMBRE_SEC": "INDUSTRIAS MANUFACTURERAS", "CODIGO_CII": "3110", "DESC_CIIU": "FABRICACI?N DE MUEBLES", "TAMANO957": "MICRO", "CIUDAD": "Cali", "COMUNA": "Comuna 16", "BARRIO": "Republica De Israel", "DIRECCION_": "-CR 9  24   59", "TIPO_REGIS": "MERCANTIL", "PERSONAL_O": "0.0", "NUMERO_DE_": "0", "NUMERO_DE1": "0", "INGRESOS_A": "0.0", "X": "-76.51903692760976", "Y": "3.451240232187038", "Id": 0, "area": 136572.15568900001 }, "geometry": { "type": "Point", "coordinates": [ -76.519036927609761, 3.451240232187038 ] } },
{ "type": "Feature", "properties": { "NUM_INSCRI": "1072372", "Mes_Dia_An": "9 de enero de 2020", "Mes_Dia_A1": "31 de marzo de 2025", "CATEGORIA": "PERSONA NATURAL", "NOMBRE_SEC": "INDUSTRIAS MANUFACTURERAS", "CODIGO_CII": "3120", "DESC_CIIU": "FABRICACI?N DE COLCHONES Y SOMIERES", "TAMANO957": "MICRO", "CIUDAD": "Cali", "COMUNA": "Comuna 09", "BARRIO": "Barrio Obrero", "DIRECCION_": "-CL 24 # 11 - 23", "TIPO_REGIS": "MERCANTIL", "PERSONAL_O": "1.0", "NUMERO_DE_": "1", "NUMERO_DE1": "0", "INGRESOS_A": "190147000.0", "X": "-76.51897843539086", "Y": "3.449032746479717", "Id": 0, "area": 136572.15568900001 }, "geometry": { "type": "Point", "coordinates": [ -76.518978435390864, 3.449032746479717 ] } },
{ "type": "Feature", "properties": { "NUM_INSCRI": "531242", "Mes_Dia_An": "22 de marzo de 2000", "Mes_Dia_A1": "5 de marzo de 2025", "CATEGORIA": "PERSONA NATURAL", "NOMBRE_SEC": "INDUSTRIAS MANUFACTURERAS", "CODIGO_CII": "3250", "DESC_CIIU": "FABRICACION DE APARATOS DE PROTESIS DENTAL, OCULAR Y OTROS", "TAMANO957": "MICRO", "CIUDAD": "Cali", "COMUNA": "Comuna 09", "BARRIO": "Barrio Obrero", "DIRECCION_": "-KR 10 # 22 - 16", "TIPO_REGIS": "MERCANTIL", "PERSONAL_O": "4.0", "NUMERO_DE_": "3", "NUMERO_DE1": "1", "INGRESOS_A": "0.0", "X": "-76.5216224431223", "Y": "3.449333891300722", "Id": 0, "area": 136572.15568900001 }, "geometry": { "type": "Point", "coordinates": [ -76.521622443122297, 3.449333891300722 ] } },
{ "type": "Feature", "properties": { "NUM_INSCRI": "830669", "Mes_Dia_An": "26 de octubre de 2011", "Mes_Dia_A1": "1 de abril de 2025", "CATEGORIA": "PERSONA NATURAL", "NOMBRE_SEC": "INDUSTRIAS MANUFACTURERAS", "CODIGO_CII": "3290", "DESC_CIIU": "FABRICACION DE VELAS, VELADORAS, CIRIOS, ESPERMAS", "TAMANO957": "MICRO", "CIUDAD": "Cali", "COMUNA": "Comuna 09", "BARRIO": "Barrio Obrero", "DIRECCION_": "-KR 10 # 22 A - 31", "TIPO_REGIS": "MERCANTIL", "PERSONAL_O": "2.0", "NUMERO_DE_": "1", "NUMERO_DE1": "1", "INGRESOS_A": "510471710.0", "X": "-76.5207477066979", "Y": "3.45001033565008", "Id": 0, "area": 136572.15568900001 }, "geometry": { "type": "Point", "coordinates": [ -76.520747706697904, 3.45001033565008 ] } },
{ "type": "Feature", "properties": { "NUM_INSCRI": "71368", "Mes_Dia_An": "24 de agosto de 1979", "Mes_Dia_A1": "18 de febrero de 2025", "CATEGORIA": "PERSONA NATURAL", "NOMBRE_SEC": "INDUSTRIAS MANUFACTURERAS", "CODIGO_CII": "3311", "DESC_CIIU": "MANTENIMIENTO Y REPARACI?N ESPECIALIZADO DE PRODUCTOS ELABORADOS", "TAMANO957": "MICRO", "CIUDAD": "Cali", "COMUNA": "Comuna 09", "BARRIO": "Barrio Obrero", "DIRECCION_": "-KR 8 A # 22 - 24", "TIPO_REGIS": "MERCANTIL", "PERSONAL_O": "1.0", "NUMERO_DE_": "1", "NUMERO_DE1": "0", "INGRESOS_A": "0.0", "X": "-76.52195992134644", "Y": "3.451183259181024", "Id": 0, "area": 136572.15568900001 }, "geometry": { "type": "Point", "coordinates": [ -76.521959921346436, 3.451183259181024 ] } },
{ "type": "Feature", "properties": { "NUM_INSCRI": "975700", "Mes_Dia_An": "1 de febrero de 2017", "Mes_Dia_A1": "23 de enero de 2025", "CATEGORIA": "PERSONA NATURAL", "NOMBRE_SEC": "INDUSTRIAS MANUFACTURERAS", "CODIGO_CII": "3311", "DESC_CIIU": "MANTENIMIENTO Y REPARACI?N ESPECIALIZADO DE PRODUCTOS ELABORADOS", "TAMANO957": "MICRO", "CIUDAD": "Cali", "COMUNA": "Comuna 09", "BARRIO": "Barrio Obrero", "DIRECCION_": "-CL 24 # 11 D - 72", "TIPO_REGIS": "MERCANTIL", "PERSONAL_O": "2.0", "NUMERO_DE_": "2", "NUMERO_DE1": "0", "INGRESOS_A": "0.0", "X": "-76.51885064849024", "Y": "3.446912981198848", "Id": 0, "area": 136572.15568900001 }, "geometry": { "type": "Point", "coordinates": [ -76.518850648490243, 3.446912981198848 ] } },
{ "type": "Feature", "properties": { "NUM_INSCRI": "1043209", "Mes_Dia_An": "28 de febrero de 2019", "Mes_Dia_A1": "27 de marzo de 2025", "CATEGORIA": "PERSONA NATURAL", "NOMBRE_SEC": "INDUSTRIAS MANUFACTURERAS", "CODIGO_CII": "3311", "DESC_CIIU": "MANTENIMIENTO Y REPARACI?N ESPECIALIZADO DE PRODUCTOS ELABORADOS", "TAMANO957": "MICRO", "CIUDAD": "Cali", "COMUNA": "Comuna 09", "BARRIO": "Barrio Obrero", "DIRECCION_": "-CL 22 # 8 A - 08", "TIPO_REGIS": "MERCANTIL", "PERSONAL_O": "1.0", "NUMERO_DE_": "0", "NUMERO_DE1": "1", "INGRESOS_A": "45000000.0", "X": "-76.52234149427558", "Y": "3.451111815952273", "Id": 0, "area": 136572.15568900001 }, "geometry": { "type": "Point", "coordinates": [ -76.52234149427558, 3.451111815952273 ] } },
{ "type": "Feature", "properties": { "NUM_INSCRI": "1198582", "Mes_Dia_An": "12 de septiembre de 2023", "Mes_Dia_A1": "2 de abril de 2024", "CATEGORIA": "PERSONA NATURAL", "NOMBRE_SEC": "INDUSTRIAS MANUFACTURERAS", "CODIGO_CII": "3311", "DESC_CIIU": "MANTENIMIENTO Y REPARACI?N ESPECIALIZADO DE PRODUCTOS ELABORADOS", "TAMANO957": "MICRO", "CIUDAD": "Cali", "COMUNA": "Comuna 09", "BARRIO": "Barrio Obrero", "DIRECCION_": "-CR 9  21   68", "TIPO_REGIS": "MERCANTIL", "PERSONAL_O": "0.0", "NUMERO_DE_": "0", "NUMERO_DE1": "0", "INGRESOS_A": null, "X": "-76.52226769800286", "Y": "3.450277113427139", "Id": 0, "area": 136572.15568900001 }, "geometry": { "type": "Point", "coordinates": [ -76.522267698002864, 3.450277113427139 ] } },
{ "type": "Feature", "properties": { "NUM_INSCRI": "46835", "Mes_Dia_An": "3 de agosto de 1977", "Mes_Dia_A1": "31 de marzo de 2025", "CATEGORIA": "PERSONA NATURAL", "NOMBRE_SEC": "INDUSTRIAS MANUFACTURERAS", "CODIGO_CII": "3312", "DESC_CIIU": "MANTENIMIENTO Y REPARACI?N ESPECIALIZADO DE MAQUINARIA Y EQUIPO", "TAMANO957": "MICRO", "CIUDAD": "Cali", "COMUNA": "Comuna 09", "BARRIO": "Barrio Obrero", "DIRECCION_": "-CL 23 # 8 - 61", "TIPO_REGIS": "MERCANTIL", "PERSONAL_O": "1.0", "NUMERO_DE_": "1", "NUMERO_DE1": "0", "INGRESOS_A": "56724000.0", "X": "-76.52057581906963", "Y": "3.4518949730858", "Id": 0, "area": 136572.15568900001 }, "geometry": { "type": "Point", "coordinates": [ -76.520575819069634, 3.4518949730858 ] } },
{ "type": "Feature", "properties": { "NUM_INSCRI": "325629", "Mes_Dia_An": "28 de octubre de 1992", "Mes_Dia_A1": "7 de marzo de 2025", "CATEGORIA": "PERSONA NATURAL", "NOMBRE_SEC": "INDUSTRIAS MANUFACTURERAS", "CODIGO_CII": "3312", "DESC_CIIU": "MANTENIMIENTO Y REPARACI?N ESPECIALIZADO DE MAQUINARIA Y EQUIPO", "TAMANO957": "MICRO", "CIUDAD": "Cali", "COMUNA": "Comuna 09", "BARRIO": "Barrio Obrero", "DIRECCION_": "-CL 21 # 8 A - 17", "TIPO_REGIS": "MERCANTIL", "PERSONAL_O": "0.0", "NUMERO_DE_": "0", "NUMERO_DE1": "0", "INGRESOS_A": "0.0", "X": "-76.52296514964166", "Y": "3.45088934777911", "Id": 0, "area": 136572.15568900001 }, "geometry": { "type": "Point", "coordinates": [ -76.522965149641664, 3.45088934777911 ] } },
{ "type": "Feature", "properties": { "NUM_INSCRI": "343801", "Mes_Dia_An": "1 de septiembre de 2005", "Mes_Dia_A1": "20 de febrero de 2024", "CATEGORIA": "PERSONA NATURAL", "NOMBRE_SEC": "INDUSTRIAS MANUFACTURERAS", "CODIGO_CII": "3312", "DESC_CIIU": "MANTENIMIENTO Y REPARACI?N ESPECIALIZADO DE MAQUINARIA Y EQUIPO", "TAMANO957": "MICRO", "CIUDAD": "Cali", "COMUNA": "Comuna 09", "BARRIO": "Barrio Obrero", "DIRECCION_": "-CL 21 # 14 - 51", "TIPO_REGIS": "MERCANTIL", "PERSONAL_O": "1.0", "NUMERO_DE_": "1", "NUMERO_DE1": "0", "INGRESOS_A": null, "X": "-76.52128496378161", "Y": "3.444273223715177", "Id": 0, "area": 136572.15568900001 }, "geometry": { "type": "Point", "coordinates": [ -76.521284963781611, 3.444273223715177 ] } },
{ "type": "Feature", "properties": { "NUM_INSCRI": "436260", "Mes_Dia_An": "14 de agosto de 1996", "Mes_Dia_A1": "13 de mayo de 2025", "CATEGORIA": "PERSONA JURIDICA", "NOMBRE_SEC": "INDUSTRIAS MANUFACTURERAS", "CODIGO_CII": "3312", "DESC_CIIU": "MANTENIMIENTO Y REPARACI?N DE MAQUINARIA Y EQUIPO", "TAMANO957": "MEDIANA", "CIUDAD": "Cali", "COMUNA": "Comuna 09", "BARRIO": "Barrio Obrero", "DIRECCION_": "-CL 25 # 11 B - 40", "TIPO_REGIS": "MERCANTIL", "PERSONAL_O": "26.0", "NUMERO_DE_": "24", "NUMERO_DE1": "2", "INGRESOS_A": "6150193831.0", "X": "-76.5184996721688", "Y": "3.448150113020223", "Id": 0, "area": 136572.15568900001 }, "geometry": { "type": "Point", "coordinates": [ -76.518499672168801, 3.448150113020223 ] } },
{ "type": "Feature", "properties": { "NUM_INSCRI": "437265", "Mes_Dia_An": "27 de agosto de 1996", "Mes_Dia_A1": "20 de febrero de 2025", "CATEGORIA": "PERSONA NATURAL", "NOMBRE_SEC": "INDUSTRIAS MANUFACTURERAS", "CODIGO_CII": "3312", "DESC_CIIU": "MANTENIMIENTO Y REPARACI?N ESPECIALIZADO DE MAQUINARIA Y EQUIPO", "TAMANO957": "MICRO", "CIUDAD": "Cali", "COMUNA": "Comuna 09", "BARRIO": "Barrio Obrero", "DIRECCION_": "-CL 22 # 11 D - 106", "TIPO_REGIS": "MERCANTIL", "PERSONAL_O": "1.0", "NUMERO_DE_": "1", "NUMERO_DE1": "0", "INGRESOS_A": "0.0", "X": "-76.52133896096579", "Y": "3.445983324341144", "Id": 0, "area": 136572.15568900001 }, "geometry": { "type": "Point", "coordinates": [ -76.521338960965792, 3.445983324341144 ] } },
{ "type": "Feature", "properties": { "NUM_INSCRI": "526544", "Mes_Dia_An": "27 de enero de 2000", "Mes_Dia_A1": "17 de octubre de 2024", "CATEGORIA": "PERSONA NATURAL", "NOMBRE_SEC": "INDUSTRIAS MANUFACTURERAS", "CODIGO_CII": "3312", "DESC_CIIU": "MANTENIMIENTO Y REPARACI?N DE MAQUINARIA Y EQUIPO", "TAMANO957": "MICRO", "CIUDAD": "Cali", "COMUNA": "Comuna 09", "BARRIO": "Barrio Obrero", "DIRECCION_": "-KR 10 # 23 - 40", "TIPO_REGIS": "MERCANTIL", "PERSONAL_O": "1.0", "NUMERO_DE_": "1", "NUMERO_DE1": "0", "INGRESOS_A": null, "X": "-76.51979467531078", "Y": "3.449806859623727", "Id": 0, "area": 136572.15568900001 }, "geometry": { "type": "Point", "coordinates": [ -76.519794675310777, 3.449806859623727 ] } },
{ "type": "Feature", "properties": { "NUM_INSCRI": "552814", "Mes_Dia_An": "5 de febrero de 2001", "Mes_Dia_A1": "21 de febrero de 2024", "CATEGORIA": "PERSONA NATURAL", "NOMBRE_SEC": "INDUSTRIAS MANUFACTURERAS", "CODIGO_CII": "3312", "DESC_CIIU": "MANTENIMIENTO Y REPARACI?N ESPECIALIZADO DE MAQUINARIA Y EQUIPO", "TAMANO957": "MICRO", "CIUDAD": "Cali", "COMUNA": "Comuna 09", "BARRIO": "Barrio Obrero", "DIRECCION_": "-CR 10 # 24 - 32", "TIPO_REGIS": "MERCANTIL", "PERSONAL_O": "1.0", "NUMERO_DE_": "1", "NUMERO_DE1": "0", "INGRESOS_A": null, "X": "-76.51897573422443", "Y": "3.449854788445677", "Id": 0, "area": 136572.15568900001 }, "geometry": { "type": "Point", "coordinates": [ -76.518975734224426, 3.449854788445677 ] } },
{ "type": "Feature", "properties": { "NUM_INSCRI": "731800", "Mes_Dia_An": "18 de febrero de 2008", "Mes_Dia_A1": "31 de marzo de 2025", "CATEGORIA": "PERSONA JURIDICA", "NOMBRE_SEC": "INDUSTRIAS MANUFACTURERAS", "CODIGO_CII": "3312", "DESC_CIIU": "MANTENIMIENTO Y REPARACI?N DE MAQUINARIA Y EQUIPO", "TAMANO957": "MICRO", "CIUDAD": "Cali", "COMUNA": "Comuna 09", "BARRIO": "Barrio Obrero", "DIRECCION_": "-KR 8 A # 22 - 65", "TIPO_REGIS": "MERCANTIL", "PERSONAL_O": "4.0", "NUMERO_DE_": "2", "NUMERO_DE1": "2", "INGRESOS_A": "679450000.0", "X": "-76.5216971403497", "Y": "3.451563985225973", "Id": 0, "area": 136572.15568900001 }, "geometry": { "type": "Point", "coordinates": [ -76.521697140349701, 3.451563985225973 ] } },
{ "type": "Feature", "properties": { "NUM_INSCRI": "731818", "Mes_Dia_An": "18 de febrero de 2008", "Mes_Dia_A1": "4 de abril de 2025", "CATEGORIA": "PERSONA JURIDICA", "NOMBRE_SEC": "INDUSTRIAS MANUFACTURERAS", "CODIGO_CII": "3312", "DESC_CIIU": "MANTENIMIENTO Y REPARACI?N ESPECIALIZADO DE MAQUINARIA Y EQUIPO", "TAMANO957": "MICRO", "CIUDAD": "Cali", "COMUNA": "Comuna 09", "BARRIO": "Barrio Obrero", "DIRECCION_": "-CALLE 22 A  NRO 13 A 45", "TIPO_REGIS": "MERCANTIL", "PERSONAL_O": "0.0", "NUMERO_DE_": "-2", "NUMERO_DE1": "2", "INGRESOS_A": "0.0", "X": "-76.51988197236999", "Y": "3.445097074472589", "Id": 0, "area": 136572.15568900001 }, "geometry": { "type": "Point", "coordinates": [ -76.519881972369987, 3.445097074472589 ] } },
{ "type": "Feature", "properties": { "NUM_INSCRI": "764757", "Mes_Dia_An": "14 de mayo de 2009", "Mes_Dia_A1": "28 de mayo de 2025", "CATEGORIA": "PERSONA NATURAL", "NOMBRE_SEC": "INDUSTRIAS MANUFACTURERAS", "CODIGO_CII": "3312", "DESC_CIIU": "MANTENIMIENTO Y REPARACI?N ESPECIALIZADO DE MAQUINARIA Y EQUIPO", "TAMANO957": "MICRO", "CIUDAD": "Cali", "COMUNA": "Comuna 09", "BARRIO": "Barrio Obrero", "DIRECCION_": "-CL 22 A # 12 - 72", "TIPO_REGIS": "MERCANTIL", "PERSONAL_O": "3.0", "NUMERO_DE_": "3", "NUMERO_DE1": "0", "INGRESOS_A": "0.0", "X": "-76.52037873402894", "Y": "3.44568489353996", "Id": 0, "area": 136572.15568900001 }, "geometry": { "type": "Point", "coordinates": [ -76.520378734028938, 3.44568489353996 ] } },
{ "type": "Feature", "properties": { "NUM_INSCRI": "803175", "Mes_Dia_An": "12 de octubre de 2010", "Mes_Dia_A1": "21 de marzo de 2025", "CATEGORIA": "PERSONA JURIDICA", "NOMBRE_SEC": "INDUSTRIAS MANUFACTURERAS", "CODIGO_CII": "3312", "DESC_CIIU": "MANTENIMIENTO Y REPARACI?N ESPECIALIZADO DE MAQUINARIA Y EQUIPO", "TAMANO957": "MICRO", "CIUDAD": "Cali", "COMUNA": "Comuna 09", "BARRIO": "Belalcazar", "DIRECCION_": "-CL 23 # 13 A - 14", "TIPO_REGIS": "MERCANTIL", "PERSONAL_O": "7.0", "NUMERO_DE_": "0", "NUMERO_DE1": "7", "INGRESOS_A": "536764868.0", "X": "-76.51942480709047", "Y": "3.445485034470435", "Id": 0, "area": 136572.15568900001 }, "geometry": { "type": "Point", "coordinates": [ -76.519424807090473, 3.445485034470435 ] } },
{ "type": "Feature", "properties": { "NUM_INSCRI": "811757", "Mes_Dia_An": "7 de marzo de 2011", "Mes_Dia_A1": "2 de abril de 2024", "CATEGORIA": "PERSONA NATURAL", "NOMBRE_SEC": "INDUSTRIAS MANUFACTURERAS", "CODIGO_CII": "3312", "DESC_CIIU": "MANTENIMIENTO Y REPARACI?N ESPECIALIZADO DE MAQUINARIA Y EQUIPO", "TAMANO957": "MICRO", "CIUDAD": "Cali", "COMUNA": "Comuna 09", "BARRIO": "Barrio Obrero", "DIRECCION_": "-CL 21 NRO. 11 D - 43", "TIPO_REGIS": "MERCANTIL", "PERSONAL_O": "1.0", "NUMERO_DE_": "1", "NUMERO_DE1": "0", "INGRESOS_A": null, "X": "-76.52171153320874", "Y": "3.446458100710915", "Id": 0, "area": 136572.15568900001 }, "geometry": { "type": "Point", "coordinates": [ -76.521711533208745, 3.446458100710915 ] } },
{ "type": "Feature", "properties": { "NUM_INSCRI": "846232", "Mes_Dia_An": "30 de mayo de 2012", "Mes_Dia_A1": "21 de marzo de 2024", "CATEGORIA": "PERSONA NATURAL", "NOMBRE_SEC": "INDUSTRIAS MANUFACTURERAS", "CODIGO_CII": "3312", "DESC_CIIU": "MANTENIMIENTO Y REPARACI?N DE MAQUINARIA Y EQUIPO", "TAMANO957": "MICRO", "CIUDAD": "Cali", "COMUNA": "Comuna 09", "BARRIO": "Barrio Obrero", "DIRECCION_": "-CRA 8 A NO. 24 - 02", "TIPO_REGIS": "MERCANTIL", "PERSONAL_O": "0.0", "NUMERO_DE_": "0", "NUMERO_DE1": "0", "INGRESOS_A": null, "X": "-76.51968488145744", "Y": "3.451727670416296", "Id": 0, "area": 136572.15568900001 }, "geometry": { "type": "Point", "coordinates": [ -76.519684881457437, 3.451727670416296 ] } },
{ "type": "Feature", "properties": { "NUM_INSCRI": "861515", "Mes_Dia_An": "14 de enero de 2013", "Mes_Dia_A1": "17 de marzo de 2025", "CATEGORIA": "PERSONA NATURAL", "NOMBRE_SEC": "INDUSTRIAS MANUFACTURERAS", "CODIGO_CII": "3312", "DESC_CIIU": "MANTENIMIENTO Y REPARACI?N ESPECIALIZADO DE MAQUINARIA Y EQUIPO", "TAMANO957": "MICRO", "CIUDAD": "Cali", "COMUNA": "Comuna 09", "BARRIO": "Barrio Obrero", "DIRECCION_": "-KR 11 # 22 - 01", "TIPO_REGIS": "MERCANTIL", "PERSONAL_O": "2.0", "NUMERO_DE_": "2", "NUMERO_DE1": "0", "INGRESOS_A": "0.0", "X": "-76.52165484031417", "Y": "3.448932365810299", "Id": 0, "area": 136572.15568900001 }, "geometry": { "type": "Point", "coordinates": [ -76.52165484031417, 3.448932365810299 ] } },
{ "type": "Feature", "properties": { "NUM_INSCRI": "867040", "Mes_Dia_An": "15 de marzo de 2013", "Mes_Dia_A1": "18 de febrero de 2025", "CATEGORIA": "PERSONA NATURAL", "NOMBRE_SEC": "INDUSTRIAS MANUFACTURERAS", "CODIGO_CII": "3312", "DESC_CIIU": "MANTENIMIENTO Y REPARACI?N ESPECIALIZADO DE MAQUINARIA Y EQUIPO", "TAMANO957": "MICRO", "CIUDAD": "Cali", "COMUNA": "Comuna 09", "BARRIO": "Barrio Obrero", "DIRECCION_": "-CL 22 A # 8 A - 36", "TIPO_REGIS": "MERCANTIL", "PERSONAL_O": "2.0", "NUMERO_DE_": "2", "NUMERO_DE1": "0", "INGRESOS_A": "0.0", "X": "-76.5214523570586", "Y": "3.451053939664437", "Id": 0, "area": 136572.15568900001 }, "geometry": { "type": "Point", "coordinates": [ -76.521452357058607, 3.451053939664437 ] } },
{ "type": "Feature", "properties": { "NUM_INSCRI": "869759", "Mes_Dia_An": "22 de abril de 2013", "Mes_Dia_A1": "31 de marzo de 2025", "CATEGORIA": "PERSONA JURIDICA", "NOMBRE_SEC": "INDUSTRIAS MANUFACTURERAS", "CODIGO_CII": "3312", "DESC_CIIU": "MANTENIMIENTO Y REPARACI?N ESPECIALIZADO DE MAQUINARIA Y EQUIPO", "TAMANO957": "PEQUE?A", "CIUDAD": "Cali", "COMUNA": "Comuna 09", "BARRIO": "Barrio Obrero", "DIRECCION_": "-KR 13 A # 22 - 23", "TIPO_REGIS": "MERCANTIL", "PERSONAL_O": "28.0", "NUMERO_DE_": "20", "NUMERO_DE1": "8", "INGRESOS_A": "2742425440.0", "X": "-76.52075490527191", "Y": "3.445487748143112", "Id": 0, "area": 136572.15568900001 }, "geometry": { "type": "Point", "coordinates": [ -76.520754905271914, 3.445487748143112 ] } },
{ "type": "Feature", "properties": { "NUM_INSCRI": "913098", "Mes_Dia_An": "27 de octubre de 2014", "Mes_Dia_A1": "28 de marzo de 2025", "CATEGORIA": "PERSONA NATURAL", "NOMBRE_SEC": "INDUSTRIAS MANUFACTURERAS", "CODIGO_CII": "3312", "DESC_CIIU": "MANTENIMIENTO Y REPARACI?N ESPECIALIZADO DE MAQUINARIA Y EQUIPO", "TAMANO957": "MICRO", "CIUDAD": "Cali", "COMUNA": "Comuna 09", "BARRIO": "Barrio Obrero", "DIRECCION_": "-CL 21 # 14 - 13", "TIPO_REGIS": "MERCANTIL", "PERSONAL_O": "2.0", "NUMERO_DE_": "2", "NUMERO_DE1": "0", "INGRESOS_A": "60000000.0", "X": "-76.52137495700883", "Y": "3.444544524651572", "Id": 0, "area": 136572.15568900001 }, "geometry": { "type": "Point", "coordinates": [ -76.521374957008831, 3.444544524651572 ] } },
{ "type": "Feature", "properties": { "NUM_INSCRI": "942917", "Mes_Dia_An": "12 de enero de 2016", "Mes_Dia_A1": "27 de marzo de 2025", "CATEGORIA": "PERSONA JURIDICA", "NOMBRE_SEC": "INDUSTRIAS MANUFACTURERAS", "CODIGO_CII": "3312", "DESC_CIIU": "MANTENIMIENTO Y REPARACI?N ESPECIALIZADO DE MAQUINARIA Y EQUIPO", "TAMANO957": "MICRO", "CIUDAD": "Cali", "COMUNA": "Comuna 09", "BARRIO": "Barrio Obrero", "DIRECCION_": "-KR 9 # 22 A - 58", "TIPO_REGIS": "MERCANTIL", "PERSONAL_O": "7.0", "NUMERO_DE_": "3", "NUMERO_DE1": "4", "INGRESOS_A": "338802151.0", "X": "-76.52069101085173", "Y": "3.450618954181136", "Id": 0, "area": 136572.15568900001 }, "geometry": { "type": "Point", "coordinates": [ -76.520691010851735, 3.450618954181136 ] } },
{ "type": "Feature", "properties": { "NUM_INSCRI": "943092", "Mes_Dia_An": "13 de enero de 2016", "Mes_Dia_A1": "6 de octubre de 2025", "CATEGORIA": "PERSONA JURIDICA", "NOMBRE_SEC": "INDUSTRIAS MANUFACTURERAS", "CODIGO_CII": "3312", "DESC_CIIU": "MANTENIMIENTO Y REPARACI?N ESPECIALIZADO DE MAQUINARIA Y EQUIPO", "TAMANO957": "MICRO", "CIUDAD": "Cali", "COMUNA": "Comuna 09", "BARRIO": "Barrio Obrero", "DIRECCION_": "-CL 22 A # 8 - 73", "TIPO_REGIS": "MERCANTIL", "PERSONAL_O": "4.0", "NUMERO_DE_": "4", "NUMERO_DE1": "0", "INGRESOS_A": "321257000.0", "X": "-76.52129576854632", "Y": "3.451591115718618", "Id": 0, "area": 136572.15568900001 }, "geometry": { "type": "Point", "coordinates": [ -76.521295768546324, 3.451591115718618 ] } },
{ "type": "Feature", "properties": { "NUM_INSCRI": "1037761", "Mes_Dia_An": "16 de enero de 2019", "Mes_Dia_A1": "28 de marzo de 2025", "CATEGORIA": "PERSONA JURIDICA", "NOMBRE_SEC": "INDUSTRIAS MANUFACTURERAS", "CODIGO_CII": "3312", "DESC_CIIU": "MANTENIMIENTO Y REPARACI?N ESPECIALIZADO DE MAQUINARIA Y EQUIPO", "TAMANO957": "MICRO", "CIUDAD": "Cali", "COMUNA": "Comuna 09", "BARRIO": "Barrio Obrero", "DIRECCION_": "-KR 8 A # 23 - 02", "TIPO_REGIS": "MERCANTIL", "PERSONAL_O": "0.0", "NUMERO_DE_": "0", "NUMERO_DE1": "0", "INGRESOS_A": "17904000.0", "X": "-76.5204732262815", "Y": "3.451407535676121", "Id": 0, "area": 136572.15568900001 }, "geometry": { "type": "Point", "coordinates": [ -76.520473226281496, 3.451407535676121 ] } },
{ "type": "Feature", "properties": { "NUM_INSCRI": "1084830", "Mes_Dia_An": "19 de junio de 2020", "Mes_Dia_A1": "20 de junio de 2024", "CATEGORIA": "PERSONA NATURAL", "NOMBRE_SEC": "INDUSTRIAS MANUFACTURERAS", "CODIGO_CII": "3312", "DESC_CIIU": "MANTENIMIENTO Y REPARACI?N ESPECIALIZADO DE MAQUINARIA Y EQUIPO", "TAMANO957": "MICRO", "CIUDAD": "Cali", "COMUNA": "Comuna 04", "BARRIO": "Porvenir", "DIRECCION_": "-KR 9 # 22 - 08", "TIPO_REGIS": "MERCANTIL", "PERSONAL_O": "2.0", "NUMERO_DE_": "2", "NUMERO_DE1": "0", "INGRESOS_A": null, "X": "-76.52195902018475", "Y": "3.450344034839703", "Id": 0, "area": 136572.15568900001 }, "geometry": { "type": "Point", "coordinates": [ -76.521959020184752, 3.450344034839703 ] } },
{ "type": "Feature", "properties": { "NUM_INSCRI": "1158642", "Mes_Dia_An": "18 de julio de 2022", "Mes_Dia_A1": "30 de diciembre de 2025", "CATEGORIA": "PERSONA JURIDICA", "NOMBRE_SEC": "INDUSTRIAS MANUFACTURERAS", "CODIGO_CII": "3312", "DESC_CIIU": "MANTENIMIENTO Y REPARACI?N ESPECIALIZADO DE MAQUINARIA Y EQUIPO", "TAMANO957": "MICRO", "CIUDAD": "Cali", "COMUNA": "Comuna 09", "BARRIO": "Barrio Obrero", "DIRECCION_": "-CL 23 11 D 65 LC 1", "TIPO_REGIS": "MERCANTIL", "PERSONAL_O": "1.0", "NUMERO_DE_": "1", "NUMERO_DE1": "0", "INGRESOS_A": "0.0", "X": "-76.51949320040713", "Y": "3.44678185332669", "Id": 0, "area": 136572.15568900001 }, "geometry": { "type": "Point", "coordinates": [ -76.519493200407126, 3.44678185332669 ] } },
{ "type": "Feature", "properties": { "NUM_INSCRI": "1198651", "Mes_Dia_An": "12 de septiembre de 2023", "Mes_Dia_A1": "26 de marzo de 2025", "CATEGORIA": "PERSONA NATURAL", "NOMBRE_SEC": "INDUSTRIAS MANUFACTURERAS", "CODIGO_CII": "3312", "DESC_CIIU": "MANTENIMIENTO Y REPARACI?N ESPECIALIZADO DE MAQUINARIA Y EQUIPO", "TAMANO957": "MICRO", "CIUDAD": "Cali", "COMUNA": "Comuna 03", "BARRIO": "San Nicolas", "DIRECCION_": "-KR 8 21 56", "TIPO_REGIS": "MERCANTIL", "PERSONAL_O": "0.0", "NUMERO_DE_": "0", "NUMERO_DE1": "0", "INGRESOS_A": "0.0", "X": "-76.52253408198504", "Y": "3.451752085857674", "Id": 0, "area": 136572.15568900001 }, "geometry": { "type": "Point", "coordinates": [ -76.522534081985043, 3.451752085857674 ] } },
{ "type": "Feature", "properties": { "NUM_INSCRI": "1204542", "Mes_Dia_An": "24 de noviembre de 2023", "Mes_Dia_A1": "31 de marzo de 2025", "CATEGORIA": "PERSONA NATURAL", "NOMBRE_SEC": "INDUSTRIAS MANUFACTURERAS", "CODIGO_CII": "3312", "DESC_CIIU": "MANTENIMIENTO Y REPARACI?N ESPECIALIZADO DE MAQUINARIA Y EQUIPO", "TAMANO957": "MICRO", "CIUDAD": "Cali", "COMUNA": "Comuna 09", "BARRIO": "Barrio Obrero", "DIRECCION_": "-CR 13 A  22   62", "TIPO_REGIS": "MERCANTIL", "PERSONAL_O": "1.0", "NUMERO_DE_": "1", "NUMERO_DE1": "0", "INGRESOS_A": "10500000.0", "X": "-76.520367934909", "Y": "3.445410879525081", "Id": 0, "area": 136572.15568900001 }, "geometry": { "type": "Point", "coordinates": [ -76.520367934909004, 3.445410879525081 ] } },
{ "type": "Feature", "properties": { "NUM_INSCRI": "1210736", "Mes_Dia_An": "13 de febrero de 2024", "Mes_Dia_A1": "21 de abril de 2025", "CATEGORIA": "PERSONA NATURAL", "NOMBRE_SEC": "INDUSTRIAS MANUFACTURERAS", "CODIGO_CII": "3312", "DESC_CIIU": "MANTENIMIENTO Y REPARACI?N ESPECIALIZADO DE MAQUINARIA Y EQUIPO", "TAMANO957": "MICRO", "CIUDAD": "Cali", "COMUNA": "Comuna 09", "BARRIO": "Barrio Obrero", "DIRECCION_": "-CR 14  21   47", "TIPO_REGIS": "MERCANTIL", "PERSONAL_O": "0.0", "NUMERO_DE_": "0", "NUMERO_DE1": "0", "INGRESOS_A": "0.0", "X": "-76.52108877938889", "Y": "3.444894503152992", "Id": 0, "area": 136572.15568900001 }, "geometry": { "type": "Point", "coordinates": [ -76.52108877938889, 3.444894503152992 ] } },
{ "type": "Feature", "properties": { "NUM_INSCRI": "1221811", "Mes_Dia_An": "29 de mayo de 2024", "Mes_Dia_A1": "27 de marzo de 2025", "CATEGORIA": "PERSONA JURIDICA", "NOMBRE_SEC": "INDUSTRIAS MANUFACTURERAS", "CODIGO_CII": "3312", "DESC_CIIU": "MANTENIMIENTO Y REPARACI?N ESPECIALIZADO DE MAQUINARIA Y EQUIPO", "TAMANO957": "MICRO", "CIUDAD": "Cali", "COMUNA": "Comuna 09", "BARRIO": "Barrio Obrero", "DIRECCION_": "-CARRERA 8 A # 22 - 45", "TIPO_REGIS": "MERCANTIL", "PERSONAL_O": "1.0", "NUMERO_DE_": "1", "NUMERO_DE1": "0", "INGRESOS_A": "0.0", "X": "-76.52186002873721", "Y": "3.451432856215297", "Id": 0, "area": 136572.15568900001 }, "geometry": { "type": "Point", "coordinates": [ -76.521860028737208, 3.451432856215297 ] } },
{ "type": "Feature", "properties": { "NUM_INSCRI": "1227570", "Mes_Dia_An": "29 de julio de 2024", "Mes_Dia_A1": "18 de marzo de 2025", "CATEGORIA": "PERSONA JURIDICA", "NOMBRE_SEC": "INDUSTRIAS MANUFACTURERAS", "CODIGO_CII": "3312", "DESC_CIIU": "MANTENIMIENTO Y REPARACI?N ESPECIALIZADO DE MAQUINARIA Y EQUIPO", "TAMANO957": "MICRO", "CIUDAD": "Cali", "COMUNA": "Comuna 09", "BARRIO": "Sucre", "DIRECCION_": "-CR 11  24   15", "TIPO_REGIS": "MERCANTIL", "PERSONAL_O": "1.0", "NUMERO_DE_": "1", "NUMERO_DE1": "0", "INGRESOS_A": "59054000.0", "X": "-76.5190639285952", "Y": "3.4493953855976", "Id": 0, "area": 136572.15568900001 }, "geometry": { "type": "Point", "coordinates": [ -76.519063928595202, 3.4493953855976 ] } },
{ "type": "Feature", "properties": { "NUM_INSCRI": "1122137", "Mes_Dia_An": "12 de julio de 2021", "Mes_Dia_A1": "31 de marzo de 2025", "CATEGORIA": "PERSONA NATURAL", "NOMBRE_SEC": "INDUSTRIAS MANUFACTURERAS", "CODIGO_CII": "3314", "DESC_CIIU": "MANTENIMIENTO Y REPARACI?N ESPECIALIZADO DE EQUIPO EL?CTRICO", "TAMANO957": "MICRO", "CIUDAD": "Cali", "COMUNA": "Comuna 09", "BARRIO": "Barrio Obrero", "DIRECCION_": "-CRA 11 # 21 08", "TIPO_REGIS": "MERCANTIL", "PERSONAL_O": "0.0", "NUMERO_DE_": "0", "NUMERO_DE1": "0", "INGRESOS_A": "0.0", "X": "-76.5222460962165", "Y": "3.448383432618458", "Id": 0, "area": 136572.15568900001 }, "geometry": { "type": "Point", "coordinates": [ -76.522246096216506, 3.448383432618458 ] } },
{ "type": "Feature", "properties": { "NUM_INSCRI": "975698", "Mes_Dia_An": "1 de febrero de 2017", "Mes_Dia_A1": "6 de marzo de 2025", "CATEGORIA": "PERSONA NATURAL", "NOMBRE_SEC": "INDUSTRIAS MANUFACTURERAS", "CODIGO_CII": "3315", "DESC_CIIU": "MANTENIMIENTO Y REPARACI?N ESPECIALIZADO DE EQUIPO DE TRANSPORTE,", "TAMANO957": "MICRO", "CIUDAD": "Cali", "COMUNA": "Comuna 09", "BARRIO": "Barrio Obrero", "DIRECCION_": "-CL 22 # 13 A - 29", "TIPO_REGIS": "MERCANTIL", "PERSONAL_O": "0.0", "NUMERO_DE_": "0", "NUMERO_DE1": "0", "INGRESOS_A": "0.0", "X": "-76.52079180234689", "Y": "3.445067231578341", "Id": 0, "area": 136572.15568900001 }, "geometry": { "type": "Point", "coordinates": [ -76.520791802346892, 3.445067231578341 ] } },
{ "type": "Feature", "properties": { "NUM_INSCRI": "1180072", "Mes_Dia_An": "3 de marzo de 2023", "Mes_Dia_A1": "20 de mayo de 2025", "CATEGORIA": "PERSONA NATURAL", "NOMBRE_SEC": "DISTRIBUCI?N DE AGUA; EVACUACI?N Y TRATAMIENTO DE AGUAS RESIDUALES, GESTI?N DE DESECHOS Y ACTIVIDADES DE SANEAMIENTO AMBIENTAL", "CODIGO_CII": "3811", "DESC_CIIU": "RECOLECCI?N DE DESECHOS NO PELIGROSOS", "TAMANO957": "MICRO", "CIUDAD": "Cali", "COMUNA": "Comuna 09", "BARRIO": "Barrio Obrero", "DIRECCION_": "-CARRERA 11 # 21-47", "TIPO_REGIS": "MERCANTIL", "PERSONAL_O": "0.0", "NUMERO_DE_": "0", "NUMERO_DE1": "0", "INGRESOS_A": "0.0", "X": "-76.52221909915", "Y": "3.448931460655393", "Id": 0, "area": 136572.15568900001 }, "geometry": { "type": "Point", "coordinates": [ -76.522219099150007, 3.448931460655393 ] } },
{ "type": "Feature", "properties": { "NUM_INSCRI": "477386", "Mes_Dia_An": "10 de febrero de 1998", "Mes_Dia_A1": "9 de agosto de 2024", "CATEGORIA": "PERSONA NATURAL", "NOMBRE_SEC": "DISTRIBUCI?N DE AGUA; EVACUACI?N Y TRATAMIENTO DE AGUAS RESIDUALES, GESTI?N DE DESECHOS Y ACTIVIDADES DE SANEAMIENTO AMBIENTAL", "CODIGO_CII": "3830", "DESC_CIIU": "RECICLAJE DE DESPERDICIOS Y DE DESECHOS NO METALICOS", "TAMANO957": "MICRO", "CIUDAD": "Cali", "COMUNA": "Comuna 09", "BARRIO": "Barrio Obrero", "DIRECCION_": "-KR 11 B # 22 A - 15", "TIPO_REGIS": "MERCANTIL", "PERSONAL_O": "1.0", "NUMERO_DE_": "1", "NUMERO_DE1": "0", "INGRESOS_A": null, "X": "-76.52054252147273", "Y": "3.44819894944217", "Id": 0, "area": 136572.15568900001 }, "geometry": { "type": "Point", "coordinates": [ -76.520542521472734, 3.44819894944217 ] } },
{ "type": "Feature", "properties": { "NUM_INSCRI": "1083967", "Mes_Dia_An": "9 de junio de 2020", "Mes_Dia_A1": "4 de abril de 2025", "CATEGORIA": "PERSONA NATURAL", "NOMBRE_SEC": "DISTRIBUCI?N DE AGUA; EVACUACI?N Y TRATAMIENTO DE AGUAS RESIDUALES, GESTI?N DE DESECHOS Y ACTIVIDADES DE SANEAMIENTO AMBIENTAL", "CODIGO_CII": "3830", "DESC_CIIU": "RECUPERACI?N DE MATERIALES", "TAMANO957": "MICRO", "CIUDAD": "Cali", "COMUNA": null, "BARRIO": null, "DIRECCION_": "-CL 21 # 8 A - 65", "TIPO_REGIS": "MERCANTIL", "PERSONAL_O": "0.0", "NUMERO_DE_": "0", "NUMERO_DE1": "0", "INGRESOS_A": "1000000.0", "X": "-76.5228823544792", "Y": "3.450463405457582", "Id": 0, "area": 136572.15568900001 }, "geometry": { "type": "Point", "coordinates": [ -76.522882354479194, 3.450463405457582 ] } },
{ "type": "Feature", "properties": { "NUM_INSCRI": "1169705", "Mes_Dia_An": "2 de noviembre de 2022", "Mes_Dia_A1": "9 de octubre de 2025", "CATEGORIA": "PERSONA JURIDICA", "NOMBRE_SEC": "DISTRIBUCI?N DE AGUA; EVACUACI?N Y TRATAMIENTO DE AGUAS RESIDUALES, GESTI?N DE DESECHOS Y ACTIVIDADES DE SANEAMIENTO AMBIENTAL", "CODIGO_CII": "3830", "DESC_CIIU": "RECUPERACI?N DE MATERIALES", "TAMANO957": "MICRO", "CIUDAD": "Cali", "COMUNA": "Comuna 09", "BARRIO": "Barrio Obrero", "DIRECCION_": "-KR 8 # 22 - 80", "TIPO_REGIS": "MERCANTIL", "PERSONAL_O": "0.0", "NUMERO_DE_": "0", "NUMERO_DE1": "0", "INGRESOS_A": "0.0", "X": "-76.5216539440788", "Y": "3.452174412451485", "Id": 0, "area": 136572.15568900001 }, "geometry": { "type": "Point", "coordinates": [ -76.521653944078807, 3.452174412451485 ] } },
{ "type": "Feature", "properties": { "NUM_INSCRI": "1184319", "Mes_Dia_An": "12 de abril de 2023", "Mes_Dia_A1": "20 de octubre de 2025", "CATEGORIA": "PERSONA NATURAL", "NOMBRE_SEC": "DISTRIBUCI?N DE AGUA; EVACUACI?N Y TRATAMIENTO DE AGUAS RESIDUALES, GESTI?N DE DESECHOS Y ACTIVIDADES DE SANEAMIENTO AMBIENTAL", "CODIGO_CII": "3830", "DESC_CIIU": "RECUPERACI?N DE MATERIALES", "TAMANO957": "MICRO", "CIUDAD": "Cali", "COMUNA": "Comuna 09", "BARRIO": "Barrio Obrero", "DIRECCION_": "C 21         8       43", "TIPO_REGIS": "MERCANTIL", "PERSONAL_O": "0.0", "NUMERO_DE_": "0", "NUMERO_DE1": "0", "INGRESOS_A": "0.0", "X": "-76.52295705141138", "Y": "3.451366837507875", "Id": 0, "area": 136572.15568900001 }, "geometry": { "type": "Point", "coordinates": [ -76.522957051411382, 3.451366837507875 ] } },
{ "type": "Feature", "properties": { "NUM_INSCRI": "21707", "Mes_Dia_An": "31 de marzo de 2023", "Mes_Dia_A1": "27 de diciembre de 2024", "CATEGORIA": "0", "NOMBRE_SEC": "DISTRIBUCI?N DE AGUA; EVACUACI?N Y TRATAMIENTO DE AGUAS RESIDUALES, GESTI?N DE DESECHOS Y ACTIVIDADES DE SANEAMIENTO AMBIENTAL", "CODIGO_CII": "3900", "DESC_CIIU": "ACTIVIDADES DE SANEAMIENTO AMBIENTAL Y OTROS SERVICIOS DE GESTI?N", "TAMANO957": "MICRO", "CIUDAD": "Cali", "COMUNA": "Comuna 09", "BARRIO": "Barrio Obrero", "DIRECCION_": "-CR 8 A CL 21   02", "TIPO_REGIS": "ESAL", "PERSONAL_O": "0.0", "NUMERO_DE_": "0", "NUMERO_DE1": "0", "INGRESOS_A": "1.0", "X": "-76.52301014671498", "Y": "3.450992442033138", "Id": 0, "area": 136572.15568900001 }, "geometry": { "type": "Point", "coordinates": [ -76.523010146714981, 3.450992442033138 ] } },
{ "type": "Feature", "properties": { "NUM_INSCRI": "1262854", "Mes_Dia_An": "20 de agosto de 2025", "Mes_Dia_A1": "20 de agosto de 2025", "CATEGORIA": "PERSONA NATURAL", "NOMBRE_SEC": "CONSTRUCCI?N", "CODIGO_CII": "4111", "DESC_CIIU": "CONSTRUCCI?N DE EDIFICIOS RESIDENCIALES", "TAMANO957": "MICRO", "CIUDAD": "Cali", "COMUNA": "Comuna 09", "BARRIO": "Barrio Obrero", "DIRECCION_": "-CR 11  21   22", "TIPO_REGIS": "MERCANTIL", "PERSONAL_O": "1.0", "NUMERO_DE_": "1", "NUMERO_DE1": "0", "INGRESOS_A": "0.0", "X": "-76.52214260388683", "Y": "3.448420510598082", "Id": 0, "area": 136572.15568900001 }, "geometry": { "type": "Point", "coordinates": [ -76.522142603886834, 3.448420510598082 ] } },
{ "type": "Feature", "properties": { "NUM_INSCRI": "256441", "Mes_Dia_An": "1 de febrero de 1990", "Mes_Dia_A1": "19 de marzo de 2025", "CATEGORIA": "PERSONA JURIDICA", "NOMBRE_SEC": "CONSTRUCCI?N", "CODIGO_CII": "4290", "DESC_CIIU": "CONSTRUCCION DE OBRAS DE INGENIERIA CIVIL", "TAMANO957": "PEQUE?A", "CIUDAD": "Cali", "COMUNA": "Comuna 09", "BARRIO": "Barrio Obrero", "DIRECCION_": "-KR 12 # 23 - 20", "TIPO_REGIS": "MERCANTIL", "PERSONAL_O": "34.0", "NUMERO_DE_": "34", "NUMERO_DE1": "0", "INGRESOS_A": "3639446912.0", "X": "-76.51929791558858", "Y": "3.446405649037686", "Id": 0, "area": 136572.15568900001 }, "geometry": { "type": "Point", "coordinates": [ -76.519297915588581, 3.446405649037686 ] } },
{ "type": "Feature", "properties": { "NUM_INSCRI": "579854", "Mes_Dia_An": "7 de marzo de 2002", "Mes_Dia_A1": "19 de marzo de 2025", "CATEGORIA": "PERSONA JURIDICA", "NOMBRE_SEC": "CONSTRUCCI?N", "CODIGO_CII": "4290", "DESC_CIIU": "CONSTRUCCI?N DE OTRAS OBRAS DE INGENIER?A CIVIL", "TAMANO957": "PEQUE?A", "CIUDAD": "Cali", "COMUNA": "Comuna 09", "BARRIO": "Barrio Obrero", "DIRECCION_": "-KR 12 # 23 - 20", "TIPO_REGIS": "MERCANTIL", "PERSONAL_O": "6.0", "NUMERO_DE_": "6", "NUMERO_DE1": "0", "INGRESOS_A": "4918157123.0", "X": "-76.51929791558858", "Y": "3.446405649037686", "Id": 0, "area": 136572.15568900001 }, "geometry": { "type": "Point", "coordinates": [ -76.519297915588581, 3.446405649037686 ] } },
{ "type": "Feature", "properties": { "NUM_INSCRI": "670678", "Mes_Dia_An": "5 de octubre de 2005", "Mes_Dia_A1": "20 de mayo de 2024", "CATEGORIA": "PERSONA NATURAL", "NOMBRE_SEC": "CONSTRUCCI?N", "CODIGO_CII": "4290", "DESC_CIIU": "CONSTRUCCI?N DE OTRAS OBRAS DE INGENIER?A CIVIL", "TAMANO957": "MICRO", "CIUDAD": "Cali", "COMUNA": "Comuna 09", "BARRIO": "Barrio Obrero", "DIRECCION_": "-CL 23 # 8 A - 25", "TIPO_REGIS": "MERCANTIL", "PERSONAL_O": "1.0", "NUMERO_DE_": "1", "NUMERO_DE1": "0", "INGRESOS_A": null, "X": "-76.52045792736172", "Y": "3.451373170885105", "Id": 0, "area": 136572.15568900001 }, "geometry": { "type": "Point", "coordinates": [ -76.520457927361718, 3.451373170885105 ] } },
{ "type": "Feature", "properties": { "NUM_INSCRI": "674537", "Mes_Dia_An": "30 de diciembre de 2005", "Mes_Dia_A1": "4 de septiembre de 2024", "CATEGORIA": "PERSONA JURIDICA", "NOMBRE_SEC": "CONSTRUCCI?N", "CODIGO_CII": "4290", "DESC_CIIU": "CONSTRUCCI?N DE OTRAS OBRAS DE INGENIER?A CIVIL", "TAMANO957": "PEQUE?A", "CIUDAD": "Cali", "COMUNA": "Comuna 09", "BARRIO": "Barrio Obrero", "DIRECCION_": "-KR 11 D # 24 - 13", "TIPO_REGIS": "MERCANTIL", "PERSONAL_O": "1.0", "NUMERO_DE_": "1", "NUMERO_DE1": "0", "INGRESOS_A": null, "X": "-76.51871205733379", "Y": "3.447719649222809", "Id": 0, "area": 136572.15568900001 }, "geometry": { "type": "Point", "coordinates": [ -76.518712057333786, 3.447719649222809 ] } },
{ "type": "Feature", "properties": { "NUM_INSCRI": "856426", "Mes_Dia_An": "4 de octubre de 2012", "Mes_Dia_A1": "19 de marzo de 2025", "CATEGORIA": "PERSONA JURIDICA", "NOMBRE_SEC": "CONSTRUCCI?N", "CODIGO_CII": "4290", "DESC_CIIU": "CONSTRUCCI?N DE OTRAS OBRAS DE INGENIER?A CIVIL", "TAMANO957": "MICRO", "CIUDAD": "Cali", "COMUNA": "Comuna 09", "BARRIO": "Barrio Obrero", "DIRECCION_": "-CL 22 # 11 D - 71", "TIPO_REGIS": "MERCANTIL", "PERSONAL_O": "4.0", "NUMERO_DE_": "4", "NUMERO_DE1": "0", "INGRESOS_A": "30000000.0", "X": "-76.52097628871515", "Y": "3.446389371730588", "Id": 0, "area": 136572.15568900001 }, "geometry": { "type": "Point", "coordinates": [ -76.520976288715147, 3.446389371730588 ] } },
{ "type": "Feature", "properties": { "NUM_INSCRI": "1120596", "Mes_Dia_An": "25 de junio de 2021", "Mes_Dia_A1": "26 de marzo de 2025", "CATEGORIA": "PERSONA JURIDICA", "NOMBRE_SEC": "CONSTRUCCI?N", "CODIGO_CII": "4290", "DESC_CIIU": "CONSTRUCCI?N DE OTRAS OBRAS DE INGENIER?A CIVIL", "TAMANO957": "MICRO", "CIUDAD": "Cali", "COMUNA": "Comuna 09", "BARRIO": "Barrio Obrero", "DIRECCION_": "-CL 22 # 8 - 43", "TIPO_REGIS": "MERCANTIL", "PERSONAL_O": "4.0", "NUMERO_DE_": "3", "NUMERO_DE1": "1", "INGRESOS_A": "182113028.0", "X": "-76.52211561114977", "Y": "3.451672505019334", "Id": 0, "area": 136572.15568900001 }, "geometry": { "type": "Point", "coordinates": [ -76.522115611149772, 3.451672505019334 ] } },
{ "type": "Feature", "properties": { "NUM_INSCRI": "1196954", "Mes_Dia_An": "28 de agosto de 2023", "Mes_Dia_A1": "28 de marzo de 2025", "CATEGORIA": "PERSONA JURIDICA", "NOMBRE_SEC": "CONSTRUCCI?N", "CODIGO_CII": "4290", "DESC_CIIU": "CONSTRUCCI?N DE OTRAS OBRAS DE INGENIER?A CIVIL", "TAMANO957": "MICRO", "CIUDAD": "Cali", "COMUNA": "Comuna 09", "BARRIO": "Barrio Obrero", "DIRECCION_": "-KR 12 # 21 - 24", "TIPO_REGIS": "MERCANTIL", "PERSONAL_O": "1.0", "NUMERO_DE_": "1", "NUMERO_DE1": "0", "INGRESOS_A": "684903142.0", "X": "-76.52148564957426", "Y": "3.445735535962253", "Id": 0, "area": 136572.15568900001 }, "geometry": { "type": "Point", "coordinates": [ -76.521485649574259, 3.445735535962253 ] } },
{ "type": "Feature", "properties": { "NUM_INSCRI": "845344", "Mes_Dia_An": "18 de mayo de 2012", "Mes_Dia_A1": "29 de marzo de 2025", "CATEGORIA": "PERSONA JURIDICA", "NOMBRE_SEC": "CONSTRUCCI?N", "CODIGO_CII": "4312", "DESC_CIIU": "PREPARACI?N DEL TERRENO", "TAMANO957": "MICRO", "CIUDAD": "Cali", "COMUNA": "Comuna 09", "BARRIO": "Barrio Obrero", "DIRECCION_": "-CL 24 # 11 B - 55", "TIPO_REGIS": "MERCANTIL", "PERSONAL_O": "0.0", "NUMERO_DE_": "0", "NUMERO_DE1": "0", "INGRESOS_A": "88050000.0", "X": "-76.5187795519742", "Y": "3.44790775137162", "Id": 0, "area": 136572.15568900001 }, "geometry": { "type": "Point", "coordinates": [ -76.518779551974205, 3.44790775137162 ] } },
{ "type": "Feature", "properties": { "NUM_INSCRI": "1148671", "Mes_Dia_An": "4 de abril de 2022", "Mes_Dia_A1": "4 de junio de 2025", "CATEGORIA": "PERSONA JURIDICA", "NOMBRE_SEC": "CONSTRUCCI?N", "CODIGO_CII": "4312", "DESC_CIIU": "PREPARACI?N DEL TERRENO", "TAMANO957": "PEQUE?A", "CIUDAD": "Cali", "COMUNA": "Comuna 09", "BARRIO": "Barrio Obrero", "DIRECCION_": "-CL 24 # 11 B - 55", "TIPO_REGIS": "MERCANTIL", "PERSONAL_O": "20.0", "NUMERO_DE_": "14", "NUMERO_DE1": "6", "INGRESOS_A": "3145622537.0", "X": "-76.5187795519742", "Y": "3.44790775137162", "Id": 0, "area": 136572.15568900001 }, "geometry": { "type": "Point", "coordinates": [ -76.518779551974205, 3.44790775137162 ] } },
{ "type": "Feature", "properties": { "NUM_INSCRI": "96125", "Mes_Dia_An": "2 de septiembre de 1981", "Mes_Dia_A1": "3 de abril de 2025", "CATEGORIA": "PERSONA JURIDICA", "NOMBRE_SEC": "CONSTRUCCI?N", "CODIGO_CII": "4321", "DESC_CIIU": "TRABAJOS DE ELECTRICIDAD", "TAMANO957": "MEDIANA", "CIUDAD": "Cali", "COMUNA": "Comuna 09", "BARRIO": "Barrio Obrero", "DIRECCION_": "-KR 12 # 23 - 59", "TIPO_REGIS": "MERCANTIL", "PERSONAL_O": "10.0", "NUMERO_DE_": "6", "NUMERO_DE1": "4", "INGRESOS_A": "14504105570.0", "X": "-76.51900723678527", "Y": "3.446883138359144", "Id": 0, "area": 136572.15568900001 }, "geometry": { "type": "Point", "coordinates": [ -76.519007236785271, 3.446883138359144 ] } },
{ "type": "Feature", "properties": { "NUM_INSCRI": "153313", "Mes_Dia_An": "19 de marzo de 1985", "Mes_Dia_A1": "1 de abril de 2025", "CATEGORIA": "PERSONA JURIDICA", "NOMBRE_SEC": "CONSTRUCCI?N", "CODIGO_CII": "4321", "DESC_CIIU": "INSTALACIONES EL?CTRICAS", "TAMANO957": "PEQUE?A", "CIUDAD": "Cali", "COMUNA": "Comuna 09", "BARRIO": "Barrio Obrero", "DIRECCION_": "-KR 12 # 23 - 20", "TIPO_REGIS": "MERCANTIL", "PERSONAL_O": "25.0", "NUMERO_DE_": "19", "NUMERO_DE1": "6", "INGRESOS_A": "4301395528.0", "X": "-76.51929791558858", "Y": "3.446405649037686", "Id": 0, "area": 136572.15568900001 }, "geometry": { "type": "Point", "coordinates": [ -76.519297915588581, 3.446405649037686 ] } },
{ "type": "Feature", "properties": { "NUM_INSCRI": "877610", "Mes_Dia_An": "26 de julio de 2013", "Mes_Dia_A1": "26 de marzo de 2025", "CATEGORIA": "PERSONA JURIDICA", "NOMBRE_SEC": "CONSTRUCCI?N", "CODIGO_CII": "4321", "DESC_CIIU": "INSTALACIONES EL?CTRICAS", "TAMANO957": "MICRO", "CIUDAD": "Cali", "COMUNA": "Comuna 09", "BARRIO": "Barrio Obrero", "DIRECCION_": "-CL 24 # 11 B - 55", "TIPO_REGIS": "MERCANTIL", "PERSONAL_O": "6.0", "NUMERO_DE_": "5", "NUMERO_DE1": "1", "INGRESOS_A": "623382902.0", "X": "-76.5187795519742", "Y": "3.44790775137162", "Id": 0, "area": 136572.15568900001 }, "geometry": { "type": "Point", "coordinates": [ -76.518779551974205, 3.44790775137162 ] } },
{ "type": "Feature", "properties": { "NUM_INSCRI": "870340", "Mes_Dia_An": "29 de abril de 2013", "Mes_Dia_A1": "4 de marzo de 2025", "CATEGORIA": "PERSONA JURIDICA", "NOMBRE_SEC": "CONSTRUCCI?N", "CODIGO_CII": "4322", "DESC_CIIU": "INSTALACIONES DE FONTANER?A, CALEFACCI?N Y AIRE ACONDICIONADO", "TAMANO957": "MICRO", "CIUDAD": "Cali", "COMUNA": "Comuna 09", "BARRIO": "Barrio Obrero", "DIRECCION_": "-CALLE 23 #13A - 55", "TIPO_REGIS": "MERCANTIL", "PERSONAL_O": "1.0", "NUMERO_DE_": "1", "NUMERO_DE1": "0", "INGRESOS_A": "511950937.0", "X": "-76.5190135390703", "Y": "3.44517755941709", "Id": 0, "area": 136572.15568900001 }, "geometry": { "type": "Point", "coordinates": [ -76.519013539070301, 3.44517755941709 ] } },
{ "type": "Feature", "properties": { "NUM_INSCRI": "984768", "Mes_Dia_An": "2 de mayo de 2017", "Mes_Dia_A1": "6 de marzo de 2025", "CATEGORIA": "PERSONA NATURAL", "NOMBRE_SEC": "CONSTRUCCI?N", "CODIGO_CII": "4322", "DESC_CIIU": "INSTALACIONES DE FONTANER?A, CALEFACCI?N Y AIRE ACONDICIONADO", "TAMANO957": "MICRO", "CIUDAD": "Cali", "COMUNA": "Comuna 09", "BARRIO": "Barrio Obrero", "DIRECCION_": "-KR 9 # 21 - 62", "TIPO_REGIS": "MERCANTIL", "PERSONAL_O": "0.0", "NUMERO_DE_": "0", "NUMERO_DE1": "0", "INGRESOS_A": "0.0", "X": "-76.52231989424857", "Y": "3.450266261292731", "Id": 0, "area": 136572.15568900001 }, "geometry": { "type": "Point", "coordinates": [ -76.522319894248568, 3.450266261292731 ] } },
{ "type": "Feature", "properties": { "NUM_INSCRI": "1189633", "Mes_Dia_An": "6 de junio de 2023", "Mes_Dia_A1": "29 de marzo de 2025", "CATEGORIA": "PERSONA NATURAL", "NOMBRE_SEC": "CONSTRUCCI?N", "CODIGO_CII": "4322", "DESC_CIIU": "INSTALACIONES DE FONTANER?A, CALEFACCI?N Y AIRE ACONDICIONADO", "TAMANO957": "MICRO", "CIUDAD": "Cali", "COMUNA": "Comuna 09", "BARRIO": "Barrio Obrero", "DIRECCION_": "-CR 9  21   20", "TIPO_REGIS": "MERCANTIL", "PERSONAL_O": "2.0", "NUMERO_DE_": "1", "NUMERO_DE1": "1", "INGRESOS_A": "0.0", "X": "-76.52268976760291", "Y": "3.450185774578277", "Id": 0, "area": 136572.15568900001 }, "geometry": { "type": "Point", "coordinates": [ -76.522689767602913, 3.450185774578277 ] } },
{ "type": "Feature", "properties": { "NUM_INSCRI": "621626", "Mes_Dia_An": "20 de noviembre de 2003", "Mes_Dia_A1": "23 de mayo de 2025", "CATEGORIA": "PERSONA JURIDICA", "NOMBRE_SEC": "CONSTRUCCI?N", "CODIGO_CII": "4330", "DESC_CIIU": "TERMINACI?N Y ACABADO DE EDIFICIOS Y OBRAS DE INGENIER?A CIVIL", "TAMANO957": "MICRO", "CIUDAD": "Cali", "COMUNA": "Comuna 09", "BARRIO": "Barrio Obrero", "DIRECCION_": "-CL 22 # 11 B - 41", "TIPO_REGIS": "MERCANTIL", "PERSONAL_O": "5.0", "NUMERO_DE_": "3", "NUMERO_DE1": "2", "INGRESOS_A": "1293672000.0", "X": "-76.52126336779729", "Y": "3.44746462783799", "Id": 0, "area": 136572.15568900001 }, "geometry": { "type": "Point", "coordinates": [ -76.521263367797289, 3.44746462783799 ] } },
{ "type": "Feature", "properties": { "NUM_INSCRI": "776369", "Mes_Dia_An": "15 de octubre de 2009", "Mes_Dia_A1": "1 de abril de 2024", "CATEGORIA": "PERSONA NATURAL", "NOMBRE_SEC": "CONSTRUCCI?N", "CODIGO_CII": "4330", "DESC_CIIU": "TRABAJOS DE PINTURA Y TERMINACION DE MUROS Y PISOS", "TAMANO957": "MICRO", "CIUDAD": "Cali", "COMUNA": "Comuna 09", "BARRIO": "Barrio Obrero", "DIRECCION_": "-KR 11 D # 22 A - 19", "TIPO_REGIS": "MERCANTIL", "PERSONAL_O": "1.0", "NUMERO_DE_": "1", "NUMERO_DE1": "0", "INGRESOS_A": null, "X": "-76.52037693382027", "Y": "3.447470958435337", "Id": 0, "area": 136572.15568900001 }, "geometry": { "type": "Point", "coordinates": [ -76.520376933820273, 3.447470958435337 ] } },
{ "type": "Feature", "properties": { "NUM_INSCRI": "1010829", "Mes_Dia_An": "12 de marzo de 2018", "Mes_Dia_A1": "16 de mayo de 2025", "CATEGORIA": "PERSONA JURIDICA", "NOMBRE_SEC": "CONSTRUCCI?N", "CODIGO_CII": "4330", "DESC_CIIU": "TERMINACI?N Y ACABADO DE EDIFICIOS Y OBRAS DE INGENIER?A CIVIL", "TAMANO957": "MICRO", "CIUDAD": "Cali", "COMUNA": "Comuna 09", "BARRIO": "Barrio Obrero", "DIRECCION_": "-CL 21 11 21", "TIPO_REGIS": "MERCANTIL", "PERSONAL_O": "2.0", "NUMERO_DE_": "2", "NUMERO_DE1": "0", "INGRESOS_A": "59732911.0", "X": "-76.52218760035151", "Y": "3.44828576436534", "Id": 0, "area": 136572.15568900001 }, "geometry": { "type": "Point", "coordinates": [ -76.522187600351515, 3.44828576436534 ] } },
{ "type": "Feature", "properties": { "NUM_INSCRI": "1043962", "Mes_Dia_An": "5 de marzo de 2019", "Mes_Dia_A1": "28 de abril de 2025", "CATEGORIA": "PERSONA NATURAL", "NOMBRE_SEC": "CONSTRUCCI?N", "CODIGO_CII": "4330", "DESC_CIIU": "TERMINACI?N Y ACABADO DE EDIFICIOS Y OBRAS DE INGENIER?A CIVIL", "TAMANO957": "MICRO", "CIUDAD": "Cali", "COMUNA": "Comuna 09", "BARRIO": "Barrio Obrero", "DIRECCION_": "-KR 11 D # 23 - 34", "TIPO_REGIS": "MERCANTIL", "PERSONAL_O": "3.0", "NUMERO_DE_": "3", "NUMERO_DE1": "0", "INGRESOS_A": "0.0", "X": "-76.51930511389024", "Y": "3.447284664271804", "Id": 0, "area": 136572.15568900001 }, "geometry": { "type": "Point", "coordinates": [ -76.51930511389024, 3.447284664271804 ] } },
{ "type": "Feature", "properties": { "NUM_INSCRI": "1174172", "Mes_Dia_An": "13 de enero de 2023", "Mes_Dia_A1": "26 de marzo de 2024", "CATEGORIA": "PERSONA JURIDICA", "NOMBRE_SEC": "CONSTRUCCI?N", "CODIGO_CII": "4330", "DESC_CIIU": "TERMINACI?N Y ACABADO DE EDIFICIOS Y OBRAS DE INGENIER?A CIVIL", "TAMANO957": "MICRO", "CIUDAD": "Cali", "COMUNA": "Comuna 09", "BARRIO": "Barrio Obrero", "DIRECCION_": "-CL 21 # 8 A - 55", "TIPO_REGIS": "MERCANTIL", "PERSONAL_O": "9.0", "NUMERO_DE_": "7", "NUMERO_DE1": "2", "INGRESOS_A": null, "X": "-76.5228994534757", "Y": "3.450552030400447", "Id": 0, "area": 136572.15568900001 }, "geometry": { "type": "Point", "coordinates": [ -76.522899453475702, 3.450552030400447 ] } },
{ "type": "Feature", "properties": { "NUM_INSCRI": "1174668", "Mes_Dia_An": "18 de enero de 2023", "Mes_Dia_A1": "22 de enero de 2025", "CATEGORIA": "PERSONA JURIDICA", "NOMBRE_SEC": "CONSTRUCCI?N", "CODIGO_CII": "4330", "DESC_CIIU": "TERMINACI?N Y ACABADO DE EDIFICIOS Y OBRAS DE INGENIER?A CIVIL", "TAMANO957": "MICRO", "CIUDAD": "Cali", "COMUNA": "Comuna 09", "BARRIO": "Barrio Obrero", "DIRECCION_": "-CR 8  23   40", "TIPO_REGIS": "MERCANTIL", "PERSONAL_O": "1.0", "NUMERO_DE_": "1", "NUMERO_DE1": "0", "INGRESOS_A": "0.0", "X": "-76.52038503229147", "Y": "3.452461087749223", "Id": 0, "area": 136572.15568900001 }, "geometry": { "type": "Point", "coordinates": [ -76.520385032291472, 3.452461087749223 ] } },
{ "type": "Feature", "properties": { "NUM_INSCRI": "1261822", "Mes_Dia_An": "9 de agosto de 2025", "Mes_Dia_A1": "9 de agosto de 2025", "CATEGORIA": "PERSONA NATURAL", "NOMBRE_SEC": "CONSTRUCCI?N", "CODIGO_CII": "4330", "DESC_CIIU": "TERMINACI?N Y ACABADO DE EDIFICIOS Y OBRAS DE INGENIER?A CIVIL", "TAMANO957": "MICRO", "CIUDAD": "Cali", "COMUNA": "Comuna 09", "BARRIO": "Barrio Obrero", "DIRECCION_": "-CR 9  21   03", "TIPO_REGIS": "MERCANTIL", "PERSONAL_O": "1.0", "NUMERO_DE_": "1", "NUMERO_DE1": "0", "INGRESOS_A": "5000000.0", "X": "-76.52287695454285", "Y": "3.450330467993141", "Id": 0, "area": 136572.15568900001 }, "geometry": { "type": "Point", "coordinates": [ -76.522876954542852, 3.450330467993141 ] } },
{ "type": "Feature", "properties": { "NUM_INSCRI": "674809", "Mes_Dia_An": "5 de enero de 2006", "Mes_Dia_A1": "23 de mayo de 2025", "CATEGORIA": "PERSONA JURIDICA", "NOMBRE_SEC": "CONSTRUCCI?N", "CODIGO_CII": "4390", "DESC_CIIU": "OTRAS ACTIVIDADES ESPECIALIZADAS PARA LA CONSTRUCCI?N DE EDIFICIO", "TAMANO957": "MICRO", "CIUDAD": "Cali", "COMUNA": "Comuna 09", "BARRIO": "Barrio Obrero", "DIRECCION_": "K  8A       22A      46", "TIPO_REGIS": "MERCANTIL", "PERSONAL_O": "1.0", "NUMERO_DE_": "1", "NUMERO_DE1": "0", "INGRESOS_A": "470281000.0", "X": "-76.52092049478561", "Y": "3.451340614706877", "Id": 0, "area": 136572.15568900001 }, "geometry": { "type": "Point", "coordinates": [ -76.520920494785614, 3.451340614706877 ] } },
{ "type": "Feature", "properties": { "NUM_INSCRI": "1140720", "Mes_Dia_An": "1 de febrero de 2022", "Mes_Dia_A1": "25 de febrero de 2025", "CATEGORIA": "PERSONA NATURAL", "NOMBRE_SEC": "COMERCIO AL POR MAYOR Y AL POR MENOR; REPARACI?N DE VEH?CULOS AUTOMOTORES Y MOTOCICLETAS", "CODIGO_CII": "4512", "DESC_CIIU": "COMERCIO DE VEH?CULOS AUTOMOTORES USADOS", "TAMANO957": "MICRO", "CIUDAD": "Cali", "COMUNA": "Comuna 09", "BARRIO": "Barrio Obrero", "DIRECCION_": "-CR 11  22 A   14", "TIPO_REGIS": "MERCANTIL", "PERSONAL_O": "0.0", "NUMERO_DE_": "0", "NUMERO_DE1": "0", "INGRESOS_A": "65800000.0", "X": "-76.5206928104827", "Y": "3.448850071799125", "Id": 0, "area": 136572.15568900001 }, "geometry": { "type": "Point", "coordinates": [ -76.5206928104827, 3.448850071799125 ] } },
{ "type": "Feature", "properties": { "NUM_INSCRI": "1211794", "Mes_Dia_An": "22 de febrero de 2024", "Mes_Dia_A1": "21 de agosto de 2025", "CATEGORIA": "PERSONA NATURAL", "NOMBRE_SEC": "COMERCIO AL POR MAYOR Y AL POR MENOR; REPARACI?N DE VEH?CULOS AUTOMOTORES Y MOTOCICLETAS", "CODIGO_CII": "4512", "DESC_CIIU": "COMERCIO DE VEH?CULOS AUTOMOTORES USADOS", "TAMANO957": "MICRO", "CIUDAD": "Cali", "COMUNA": "Comuna 09", "BARRIO": "Barrio Obrero", "DIRECCION_": "-CL 21  11 B   27", "TIPO_REGIS": "MERCANTIL", "PERSONAL_O": "1.0", "NUMERO_DE_": "1", "NUMERO_DE1": "0", "INGRESOS_A": "0.0", "X": "-76.52195271638811", "Y": "3.447420314582523", "Id": 0, "area": 136572.15568900001 }, "geometry": { "type": "Point", "coordinates": [ -76.521952716388114, 3.447420314582523 ] } },
{ "type": "Feature", "properties": { "NUM_INSCRI": "214234", "Mes_Dia_An": "14 de abril de 1988", "Mes_Dia_A1": "24 de julio de 2025", "CATEGORIA": "PERSONA NATURAL", "NOMBRE_SEC": "COMERCIO AL POR MAYOR Y AL POR MENOR; REPARACI?N DE VEH?CULOS AUTOMOTORES Y MOTOCICLETAS", "CODIGO_CII": "4520", "DESC_CIIU": "MANTENIMIENTO Y REPARACION DE VEHICULOS AUTOMOTORES", "TAMANO957": "MICRO", "CIUDAD": "Cali", "COMUNA": "Comuna 09", "BARRIO": "Barrio Obrero", "DIRECCION_": "-CL 22 # 14 - 26", "TIPO_REGIS": "MERCANTIL", "PERSONAL_O": "1.0", "NUMERO_DE_": "1", "NUMERO_DE1": "0", "INGRESOS_A": "0.0", "X": "-76.52094659021358", "Y": "3.444526438187735", "Id": 0, "area": 136572.15568900001 }, "geometry": { "type": "Point", "coordinates": [ -76.520946590213583, 3.444526438187735 ] } },
{ "type": "Feature", "properties": { "NUM_INSCRI": "392371", "Mes_Dia_An": "23 de enero de 1995", "Mes_Dia_A1": "26 de marzo de 2025", "CATEGORIA": "PERSONA NATURAL", "NOMBRE_SEC": "COMERCIO AL POR MAYOR Y AL POR MENOR; REPARACI?N DE VEH?CULOS AUTOMOTORES Y MOTOCICLETAS", "CODIGO_CII": "4520", "DESC_CIIU": "MANTENIMIENTO Y REPARACION DE VEHICULOS AUTOMOTORES", "TAMANO957": "MICRO", "CIUDAD": "Cali", "COMUNA": "Comuna 09", "BARRIO": "Barrio Obrero", "DIRECCION_": "-KR 13 A # 22 A - 08", "TIPO_REGIS": "MERCANTIL", "PERSONAL_O": "1.0", "NUMERO_DE_": "1", "NUMERO_DE1": "0", "INGRESOS_A": "0.0", "X": "-76.52001606189278", "Y": "3.445374705920524", "Id": 0, "area": 136572.15568900001 }, "geometry": { "type": "Point", "coordinates": [ -76.520016061892775, 3.445374705920524 ] } },
{ "type": "Feature", "properties": { "NUM_INSCRI": "494455", "Mes_Dia_An": "22 de septiembre de 1998", "Mes_Dia_A1": "17 de marzo de 2025", "CATEGORIA": "PERSONA NATURAL", "NOMBRE_SEC": "COMERCIO AL POR MAYOR Y AL POR MENOR; REPARACI?N DE VEH?CULOS AUTOMOTORES Y MOTOCICLETAS", "CODIGO_CII": "4520", "DESC_CIIU": "MANTENIMIENTO Y REPARACION DE VEHICULOS AUTOMOTORES", "TAMANO957": "MICRO", "CIUDAD": "Cali", "COMUNA": "Comuna 09", "BARRIO": "Barrio Obrero", "DIRECCION_": "-KR 14 # 22 - 03", "TIPO_REGIS": "MERCANTIL", "PERSONAL_O": "1.0", "NUMERO_DE_": "1", "NUMERO_DE1": "0", "INGRESOS_A": "0.0", "X": "-76.52078550281335", "Y": "3.444987649951514", "Id": 0, "area": 136572.15568900001 }, "geometry": { "type": "Point", "coordinates": [ -76.520785502813354, 3.444987649951514 ] } },
{ "type": "Feature", "properties": { "NUM_INSCRI": "517334", "Mes_Dia_An": "23 de agosto de 1999", "Mes_Dia_A1": "29 de marzo de 2025", "CATEGORIA": "PERSONA NATURAL", "NOMBRE_SEC": "COMERCIO AL POR MAYOR Y AL POR MENOR; REPARACI?N DE VEH?CULOS AUTOMOTORES Y MOTOCICLETAS", "CODIGO_CII": "4520", "DESC_CIIU": "MANTENIMIENTO Y REPARACION DE VEHICULOS AUTOMOTORES", "TAMANO957": "MICRO", "CIUDAD": "Cali", "COMUNA": "Comuna 09", "BARRIO": "Barrio Obrero", "DIRECCION_": "-KR 14 # 22 - 68", "TIPO_REGIS": "MERCANTIL", "PERSONAL_O": "0.0", "NUMERO_DE_": "0", "NUMERO_DE1": "0", "INGRESOS_A": "0.0", "X": "-76.52014835194463", "Y": "3.44492615499263", "Id": 0, "area": 136572.15568900001 }, "geometry": { "type": "Point", "coordinates": [ -76.520148351944627, 3.44492615499263 ] } },
{ "type": "Feature", "properties": { "NUM_INSCRI": "522572", "Mes_Dia_An": "10 de mayo de 2010", "Mes_Dia_A1": "26 de marzo de 2025", "CATEGORIA": "PERSONA NATURAL", "NOMBRE_SEC": "COMERCIO AL POR MAYOR Y AL POR MENOR; REPARACI?N DE VEH?CULOS AUTOMOTORES Y MOTOCICLETAS", "CODIGO_CII": "4520", "DESC_CIIU": "MANTENIMIENTO Y REPARACION DE VEHICULOS AUTOMOTORES", "TAMANO957": "MICRO", "CIUDAD": "Cali", "COMUNA": "Comuna 09", "BARRIO": "Barrio Obrero", "DIRECCION_": "-CL 24 # 9 - 47", "TIPO_REGIS": "MERCANTIL", "PERSONAL_O": "1.0", "NUMERO_DE_": "0", "NUMERO_DE1": "1", "INGRESOS_A": "75149000.0", "X": "-76.51930510965111", "Y": "3.450511337302353", "Id": 0, "area": 136572.15568900001 }, "geometry": { "type": "Point", "coordinates": [ -76.519305109651114, 3.450511337302353 ] } },
{ "type": "Feature", "properties": { "NUM_INSCRI": "614116", "Mes_Dia_An": "29 de julio de 2003", "Mes_Dia_A1": "11 de marzo de 2025", "CATEGORIA": "PERSONA JURIDICA", "NOMBRE_SEC": "COMERCIO AL POR MAYOR Y AL POR MENOR; REPARACI?N DE VEH?CULOS AUTOMOTORES Y MOTOCICLETAS", "CODIGO_CII": "4520", "DESC_CIIU": "MANTENIMIENTO Y REPARACION DE VEHICULOS AUTOMOTORES", "TAMANO957": "MICRO", "CIUDAD": "Cali", "COMUNA": "Comuna 09", "BARRIO": "Barrio Obrero", "DIRECCION_": "-CL 25 # 9 - 54", "TIPO_REGIS": "MERCANTIL", "PERSONAL_O": "8.0", "NUMERO_DE_": "7", "NUMERO_DE1": "1", "INGRESOS_A": "814516000.0", "X": "-76.5186868535233", "Y": "3.450618047996412", "Id": 0, "area": 136572.15568900001 }, "geometry": { "type": "Point", "coordinates": [ -76.518686853523306, 3.450618047996412 ] } },
{ "type": "Feature", "properties": { "NUM_INSCRI": "663922", "Mes_Dia_An": "14 de julio de 2005", "Mes_Dia_A1": "17 de abril de 2024", "CATEGORIA": "PERSONA NATURAL", "NOMBRE_SEC": "COMERCIO AL POR MAYOR Y AL POR MENOR; REPARACI?N DE VEH?CULOS AUTOMOTORES Y MOTOCICLETAS", "CODIGO_CII": "4520", "DESC_CIIU": "MANTENIMIENTO Y REPARACION DE VEHICULOS AUTOMOTORES", "TAMANO957": "MICRO", "CIUDAD": "Cali", "COMUNA": "Comuna 09", "BARRIO": "Barrio Obrero", "DIRECCION_": "-KR 12 # 22 A - 80", "TIPO_REGIS": "MERCANTIL", "PERSONAL_O": "1.0", "NUMERO_DE_": "1", "NUMERO_DE1": "0", "INGRESOS_A": null, "X": "-76.5195858937551", "Y": "3.44646985728069", "Id": 0, "area": 136572.15568900001 }, "geometry": { "type": "Point", "coordinates": [ -76.519585893755107, 3.44646985728069 ] } },
{ "type": "Feature", "properties": { "NUM_INSCRI": "700485", "Mes_Dia_An": "9 de enero de 2007", "Mes_Dia_A1": "28 de julio de 2025", "CATEGORIA": "PERSONA NATURAL", "NOMBRE_SEC": "COMERCIO AL POR MAYOR Y AL POR MENOR; REPARACI?N DE VEH?CULOS AUTOMOTORES Y MOTOCICLETAS", "CODIGO_CII": "4520", "DESC_CIIU": "MANTENIMIENTO Y REPARACION DE VEHICULOS AUTOMOTORES", "TAMANO957": "MICRO", "CIUDAD": "Cali", "COMUNA": "Comuna 09", "BARRIO": "Barrio Obrero", "DIRECCION_": "-CR. 11 D NRO. 24 27", "TIPO_REGIS": "MERCANTIL", "PERSONAL_O": "1.0", "NUMERO_DE_": "1", "NUMERO_DE1": "0", "INGRESOS_A": "0.0", "X": "-76.51862836328038", "Y": "3.447850777867492", "Id": 0, "area": 136572.15568900001 }, "geometry": { "type": "Point", "coordinates": [ -76.518628363280385, 3.447850777867492 ] } },
{ "type": "Feature", "properties": { "NUM_INSCRI": "705567", "Mes_Dia_An": "27 de febrero de 2007", "Mes_Dia_A1": "8 de septiembre de 2025", "CATEGORIA": "PERSONA NATURAL", "NOMBRE_SEC": "COMERCIO AL POR MAYOR Y AL POR MENOR; REPARACI?N DE VEH?CULOS AUTOMOTORES Y MOTOCICLETAS", "CODIGO_CII": "4520", "DESC_CIIU": "MANTENIMIENTO Y REPARACION DE VEHICULOS AUTOMOTORES", "TAMANO957": "MICRO", "CIUDAD": "Cali", "COMUNA": "Comuna 09", "BARRIO": "Barrio Obrero", "DIRECCION_": "-CARRERA 11 D # 24-29", "TIPO_REGIS": "MERCANTIL", "PERSONAL_O": "3.0", "NUMERO_DE_": "3", "NUMERO_DE1": "0", "INGRESOS_A": "0.0", "X": "-76.51857076776157", "Y": "3.447747683372162", "Id": 0, "area": 136572.15568900001 }, "geometry": { "type": "Point", "coordinates": [ -76.518570767761574, 3.447747683372162 ] } },
{ "type": "Feature", "properties": { "NUM_INSCRI": "705827", "Mes_Dia_An": "28 de febrero de 2007", "Mes_Dia_A1": "1 de abril de 2024", "CATEGORIA": "PERSONA NATURAL", "NOMBRE_SEC": "COMERCIO AL POR MAYOR Y AL POR MENOR; REPARACI?N DE VEH?CULOS AUTOMOTORES Y MOTOCICLETAS", "CODIGO_CII": "4520", "DESC_CIIU": "MANTENIMIENTO Y REPARACION DE VEHICULOS AUTOMOTORES", "TAMANO957": "MICRO", "CIUDAD": "Cali", "COMUNA": "Comuna 09", "BARRIO": "Barrio Obrero", "DIRECCION_": "-KR 9 # 23 - 77", "TIPO_REGIS": "MERCANTIL", "PERSONAL_O": "1.0", "NUMERO_DE_": "1", "NUMERO_DE1": "0", "INGRESOS_A": null, "X": "-76.51971727981449", "Y": "3.451019574915619", "Id": 0, "area": 136572.15568900001 }, "geometry": { "type": "Point", "coordinates": [ -76.519717279814486, 3.451019574915619 ] } },
{ "type": "Feature", "properties": { "NUM_INSCRI": "709172", "Mes_Dia_An": "9 de abril de 2007", "Mes_Dia_A1": "31 de marzo de 2025", "CATEGORIA": "PERSONA NATURAL", "NOMBRE_SEC": "COMERCIO AL POR MAYOR Y AL POR MENOR; REPARACI?N DE VEH?CULOS AUTOMOTORES Y MOTOCICLETAS", "CODIGO_CII": "4520", "DESC_CIIU": "MANTENIMIENTO Y REPARACION DE VEHICULOS AUTOMOTORES", "TAMANO957": "MICRO", "CIUDAD": "Cali", "COMUNA": "Comuna 09", "BARRIO": "Barrio Obrero", "DIRECCION_": "-CL 21  11   71 LC 102", "TIPO_REGIS": "MERCANTIL", "PERSONAL_O": "1.0", "NUMERO_DE_": "1", "NUMERO_DE1": "0", "INGRESOS_A": "1000000.0", "X": "-76.52213450358208", "Y": "3.447872482616263", "Id": 0, "area": 136572.15568900001 }, "geometry": { "type": "Point", "coordinates": [ -76.52213450358208, 3.447872482616263 ] } },
{ "type": "Feature", "properties": { "NUM_INSCRI": "726207", "Mes_Dia_An": "20 de noviembre de 2007", "Mes_Dia_A1": "5 de marzo de 2025", "CATEGORIA": "PERSONA NATURAL", "NOMBRE_SEC": "COMERCIO AL POR MAYOR Y AL POR MENOR; REPARACI?N DE VEH?CULOS AUTOMOTORES Y MOTOCICLETAS", "CODIGO_CII": "4520", "DESC_CIIU": "MANTENIMIENTO Y REPARACION DE VEHICULOS AUTOMOTORES", "TAMANO957": "MICRO", "CIUDAD": "Cali", "COMUNA": "Comuna 09", "BARRIO": "Barrio Obrero", "DIRECCION_": "-KR 13 A # 22 A - 28", "TIPO_REGIS": "MERCANTIL", "PERSONAL_O": "1.0", "NUMERO_DE_": "1", "NUMERO_DE1": "0", "INGRESOS_A": "0.0", "X": "-76.51987207282028", "Y": "3.445529347398506", "Id": 0, "area": 136572.15568900001 }, "geometry": { "type": "Point", "coordinates": [ -76.519872072820277, 3.445529347398506 ] } },
{ "type": "Feature", "properties": { "NUM_INSCRI": "750902", "Mes_Dia_An": "16 de octubre de 2008", "Mes_Dia_A1": "3 de mayo de 2025", "CATEGORIA": "PERSONA NATURAL", "NOMBRE_SEC": "COMERCIO AL POR MAYOR Y AL POR MENOR; REPARACI?N DE VEH?CULOS AUTOMOTORES Y MOTOCICLETAS", "CODIGO_CII": "4520", "DESC_CIIU": "MANTENIMIENTO Y REPARACION DE VEHICULOS AUTOMOTORES", "TAMANO957": "MICRO", "CIUDAD": "Cali", "COMUNA": "Comuna 09", "BARRIO": "Barrio Obrero", "DIRECCION_": "-CL 22 # 11 D - 91", "TIPO_REGIS": "MERCANTIL", "PERSONAL_O": "2.0", "NUMERO_DE_": "2", "NUMERO_DE1": "0", "INGRESOS_A": "274916569.0", "X": "-76.52104738321087", "Y": "3.446134348758208", "Id": 0, "area": 136572.15568900001 }, "geometry": { "type": "Point", "coordinates": [ -76.52104738321087, 3.446134348758208 ] } },
{ "type": "Feature", "properties": { "NUM_INSCRI": "751654", "Mes_Dia_An": "28 de octubre de 2008", "Mes_Dia_A1": "17 de marzo de 2025", "CATEGORIA": "PERSONA NATURAL", "NOMBRE_SEC": "COMERCIO AL POR MAYOR Y AL POR MENOR; REPARACI?N DE VEH?CULOS AUTOMOTORES Y MOTOCICLETAS", "CODIGO_CII": "4520", "DESC_CIIU": "MANTENIMIENTO Y REPARACI?N DE VEH?CULOS AUTOMOTORES", "TAMANO957": "MICRO", "CIUDAD": "Cali", "COMUNA": "Comuna 09", "BARRIO": "Barrio Obrero", "DIRECCION_": "-CL 23 # 12 - 44", "TIPO_REGIS": "MERCANTIL", "PERSONAL_O": "2.0", "NUMERO_DE_": "2", "NUMERO_DE1": "0", "INGRESOS_A": "141020000.0", "X": "-76.51968668652924", "Y": "3.446047532157948", "Id": 0, "area": 136572.15568900001 }, "geometry": { "type": "Point", "coordinates": [ -76.519686686529241, 3.446047532157948 ] } },
{ "type": "Feature", "properties": { "NUM_INSCRI": "773380", "Mes_Dia_An": "4 de septiembre de 2009", "Mes_Dia_A1": "16 de abril de 2025", "CATEGORIA": "PERSONA NATURAL", "NOMBRE_SEC": "COMERCIO AL POR MAYOR Y AL POR MENOR; REPARACI?N DE VEH?CULOS AUTOMOTORES Y MOTOCICLETAS", "CODIGO_CII": "4520", "DESC_CIIU": "MANTENIMIENTO Y REPARACION DE VEHICULOS AUTOMOTORES", "TAMANO957": "MICRO", "CIUDAD": "Cali", "COMUNA": "Comuna 09", "BARRIO": "Barrio Obrero", "DIRECCION_": "-C 22A       13A      11", "TIPO_REGIS": "MERCANTIL", "PERSONAL_O": "1.0", "NUMERO_DE_": "1", "NUMERO_DE1": "0", "INGRESOS_A": "35000000.0", "X": "-76.52006375820505", "Y": "3.445434392167569", "Id": 0, "area": 136572.15568900001 }, "geometry": { "type": "Point", "coordinates": [ -76.520063758205055, 3.445434392167569 ] } },
{ "type": "Feature", "properties": { "NUM_INSCRI": "790529", "Mes_Dia_An": "3 de mayo de 2010", "Mes_Dia_A1": "5 de febrero de 2025", "CATEGORIA": "PERSONA NATURAL", "NOMBRE_SEC": "COMERCIO AL POR MAYOR Y AL POR MENOR; REPARACI?N DE VEH?CULOS AUTOMOTORES Y MOTOCICLETAS", "CODIGO_CII": "4520", "DESC_CIIU": "MANTENIMIENTO Y REPARACION DE VEHICULOS AUTOMOTORES", "TAMANO957": "MICRO", "CIUDAD": "Cali", "COMUNA": "Comuna 09", "BARRIO": "Barrio Obrero", "DIRECCION_": "-CL 22 # 12 - 30", "TIPO_REGIS": "MERCANTIL", "PERSONAL_O": "3.0", "NUMERO_DE_": "3", "NUMERO_DE1": "0", "INGRESOS_A": "0.0", "X": "-76.52113467613994", "Y": "3.445384653608818", "Id": 0, "area": 136572.15568900001 }, "geometry": { "type": "Point", "coordinates": [ -76.521134676139937, 3.445384653608818 ] } },
{ "type": "Feature", "properties": { "NUM_INSCRI": "862672", "Mes_Dia_An": "28 de enero de 2013", "Mes_Dia_A1": "5 de marzo de 2025", "CATEGORIA": "PERSONA NATURAL", "NOMBRE_SEC": "COMERCIO AL POR MAYOR Y AL POR MENOR; REPARACI?N DE VEH?CULOS AUTOMOTORES Y MOTOCICLETAS", "CODIGO_CII": "4520", "DESC_CIIU": "MANTENIMIENTO Y REPARACI?N DE VEH?CULOS AUTOMOTORES", "TAMANO957": "MICRO", "CIUDAD": "Cali", "COMUNA": "Comuna 09", "BARRIO": "Barrio Obrero", "DIRECCION_": "-CL 22 # 11 D - 27", "TIPO_REGIS": "MERCANTIL", "PERSONAL_O": "1.0", "NUMERO_DE_": "1", "NUMERO_DE1": "0", "INGRESOS_A": "17500000.0", "X": "-76.52121477094072", "Y": "3.446765575645468", "Id": 0, "area": 136572.15568900001 }, "geometry": { "type": "Point", "coordinates": [ -76.521214770940716, 3.446765575645468 ] } },
{ "type": "Feature", "properties": { "NUM_INSCRI": "864158", "Mes_Dia_An": "13 de febrero de 2013", "Mes_Dia_A1": "27 de marzo de 2025", "CATEGORIA": "PERSONA NATURAL", "NOMBRE_SEC": "COMERCIO AL POR MAYOR Y AL POR MENOR; REPARACI?N DE VEH?CULOS AUTOMOTORES Y MOTOCICLETAS", "CODIGO_CII": "4520", "DESC_CIIU": "MANTENIMIENTO Y REPARACI?N DE VEH?CULOS AUTOMOTORES", "TAMANO957": "MICRO", "CIUDAD": "Cali", "COMUNA": "Comuna 09", "BARRIO": "Barrio Obrero", "DIRECCION_": "-C 22        10       43", "TIPO_REGIS": "MERCANTIL", "PERSONAL_O": "2.0", "NUMERO_DE_": "2", "NUMERO_DE1": "0", "INGRESOS_A": "0.0", "X": "-76.5215639471568", "Y": "3.44913493731116", "Id": 0, "area": 136572.15568900001 }, "geometry": { "type": "Point", "coordinates": [ -76.521563947156807, 3.44913493731116 ] } },
{ "type": "Feature", "properties": { "NUM_INSCRI": "874469", "Mes_Dia_An": "20 de junio de 2013", "Mes_Dia_A1": "25 de marzo de 2025", "CATEGORIA": "PERSONA NATURAL", "NOMBRE_SEC": "COMERCIO AL POR MAYOR Y AL POR MENOR; REPARACI?N DE VEH?CULOS AUTOMOTORES Y MOTOCICLETAS", "CODIGO_CII": "4520", "DESC_CIIU": "MANTENIMIENTO Y REPARACI?N DE VEH?CULOS AUTOMOTORES", "TAMANO957": "MICRO", "CIUDAD": "Cali", "COMUNA": "Comuna 09", "BARRIO": "Barrio Obrero", "DIRECCION_": "-KR 9 # 24 - 24", "TIPO_REGIS": "MERCANTIL", "PERSONAL_O": "0.0", "NUMERO_DE_": "0", "NUMERO_DE1": "0", "INGRESOS_A": "0.0", "X": "-76.5192853105532", "Y": "3.450892967311508", "Id": 0, "area": 136572.15568900001 }, "geometry": { "type": "Point", "coordinates": [ -76.519285310553201, 3.450892967311508 ] } },
{ "type": "Feature", "properties": { "NUM_INSCRI": "912129", "Mes_Dia_An": "15 de octubre de 2014", "Mes_Dia_A1": "13 de noviembre de 2025", "CATEGORIA": "PERSONA NATURAL", "NOMBRE_SEC": "COMERCIO AL POR MAYOR Y AL POR MENOR; REPARACI?N DE VEH?CULOS AUTOMOTORES Y MOTOCICLETAS", "CODIGO_CII": "4520", "DESC_CIIU": "MANTENIMIENTO Y REPARACI?N DE VEH?CULOS AUTOMOTORES", "TAMANO957": "MICRO", "CIUDAD": "Cali", "COMUNA": "Comuna 09", "BARRIO": "Barrio Obrero", "DIRECCION_": "-CL 21 # 11 - 69", "TIPO_REGIS": "MERCANTIL", "PERSONAL_O": "2.0", "NUMERO_DE_": "2", "NUMERO_DE1": "0", "INGRESOS_A": "0.0", "X": "-76.52204900990789", "Y": "3.447868865407643", "Id": 0, "area": 136572.15568900001 }, "geometry": { "type": "Point", "coordinates": [ -76.522049009907889, 3.447868865407643 ] } },
{ "type": "Feature", "properties": { "NUM_INSCRI": "944981", "Mes_Dia_An": "1 de febrero de 2016", "Mes_Dia_A1": "16 de mayo de 2025", "CATEGORIA": "PERSONA NATURAL", "NOMBRE_SEC": "COMERCIO AL POR MAYOR Y AL POR MENOR; REPARACI?N DE VEH?CULOS AUTOMOTORES Y MOTOCICLETAS", "CODIGO_CII": "4520", "DESC_CIIU": "MANTENIMIENTO Y REPARACI?N DE VEH?CULOS AUTOMOTORES", "TAMANO957": "MICRO", "CIUDAD": "Cali", "COMUNA": "Comuna 09", "BARRIO": "Barrio Obrero", "DIRECCION_": "-CL 25 # 10 - 00", "TIPO_REGIS": "MERCANTIL", "PERSONAL_O": "0.0", "NUMERO_DE_": "0", "NUMERO_DE1": "0", "INGRESOS_A": "0.0", "X": "-76.51861575930215", "Y": "3.450265356585996", "Id": 0, "area": 136572.15568900001 }, "geometry": { "type": "Point", "coordinates": [ -76.518615759302151, 3.450265356585996 ] } },
{ "type": "Feature", "properties": { "NUM_INSCRI": "954819", "Mes_Dia_An": "19 de mayo de 2016", "Mes_Dia_A1": "28 de marzo de 2025", "CATEGORIA": "PERSONA NATURAL", "NOMBRE_SEC": "COMERCIO AL POR MAYOR Y AL POR MENOR; REPARACI?N DE VEH?CULOS AUTOMOTORES Y MOTOCICLETAS", "CODIGO_CII": "4520", "DESC_CIIU": "MANTENIMIENTO Y REPARACI?N DE VEH?CULOS AUTOMOTORES", "TAMANO957": "MICRO", "CIUDAD": "Cali", "COMUNA": "Comuna 09", "BARRIO": "Barrio Obrero", "DIRECCION_": "-KR 11 D # 24 - 30", "TIPO_REGIS": "MERCANTIL", "PERSONAL_O": "8.0", "NUMERO_DE_": "7", "NUMERO_DE1": "1", "INGRESOS_A": "6000000.0", "X": "-76.51848617459437", "Y": "3.447490851586148", "Id": 0, "area": 136572.15568900001 }, "geometry": { "type": "Point", "coordinates": [ -76.518486174594372, 3.447490851586148 ] } },
{ "type": "Feature", "properties": { "NUM_INSCRI": "974207", "Mes_Dia_An": "19 de enero de 2017", "Mes_Dia_A1": "8 de julio de 2024", "CATEGORIA": "PERSONA NATURAL", "NOMBRE_SEC": "COMERCIO AL POR MAYOR Y AL POR MENOR; REPARACI?N DE VEH?CULOS AUTOMOTORES Y MOTOCICLETAS", "CODIGO_CII": "4520", "DESC_CIIU": "MANTENIMIENTO Y REPARACI?N DE VEH?CULOS AUTOMOTORES", "TAMANO957": "MICRO", "CIUDAD": "Cali", "COMUNA": "Comuna 09", "BARRIO": "Barrio Obrero", "DIRECCION_": "-CL 22 # 13 A - 24", "TIPO_REGIS": "MERCANTIL", "PERSONAL_O": "1.0", "NUMERO_DE_": "1", "NUMERO_DE1": "0", "INGRESOS_A": null, "X": "-76.52106178154008", "Y": "3.445024727650483", "Id": 0, "area": 136572.15568900001 }, "geometry": { "type": "Point", "coordinates": [ -76.521061781540084, 3.445024727650483 ] } },
{ "type": "Feature", "properties": { "NUM_INSCRI": "977746", "Mes_Dia_An": "20 de febrero de 2017", "Mes_Dia_A1": "6 de febrero de 2025", "CATEGORIA": "PERSONA JURIDICA", "NOMBRE_SEC": "COMERCIO AL POR MAYOR Y AL POR MENOR; REPARACI?N DE VEH?CULOS AUTOMOTORES Y MOTOCICLETAS", "CODIGO_CII": "4520", "DESC_CIIU": "MANTENIMIENTO Y REPARACI?N DE VEH?CULOS AUTOMOTORES", "TAMANO957": "MICRO", "CIUDAD": "Cali", "COMUNA": "Comuna 09", "BARRIO": "Barrio Obrero", "DIRECCION_": "-KR 15 # 22 A - 33", "TIPO_REGIS": "MERCANTIL", "PERSONAL_O": "1.0", "NUMERO_DE_": "1", "NUMERO_DE1": "0", "INGRESOS_A": "187500000.0", "X": "-76.51967768815835", "Y": "3.445023823032608", "Id": 0, "area": 136572.15568900001 }, "geometry": { "type": "Point", "coordinates": [ -76.519677688158353, 3.445023823032608 ] } },
{ "type": "Feature", "properties": { "NUM_INSCRI": "980480", "Mes_Dia_An": "15 de marzo de 2017", "Mes_Dia_A1": "6 de marzo de 2025", "CATEGORIA": "PERSONA NATURAL", "NOMBRE_SEC": "COMERCIO AL POR MAYOR Y AL POR MENOR; REPARACI?N DE VEH?CULOS AUTOMOTORES Y MOTOCICLETAS", "CODIGO_CII": "4520", "DESC_CIIU": "MANTENIMIENTO Y REPARACI?N DE VEH?CULOS AUTOMOTORES", "TAMANO957": "MICRO", "CIUDAD": "Cali", "COMUNA": "Comuna 09", "BARRIO": "Belalcazar", "DIRECCION_": "-CL 22 A # 14 - 18", "TIPO_REGIS": "MERCANTIL", "PERSONAL_O": "0.0", "NUMERO_DE_": "0", "NUMERO_DE1": "0", "INGRESOS_A": "0.0", "X": "-76.52013575293094", "Y": "3.444893598866288", "Id": 0, "area": 136572.15568900001 }, "geometry": { "type": "Point", "coordinates": [ -76.52013575293094, 3.444893598866288 ] } },
{ "type": "Feature", "properties": { "NUM_INSCRI": "1003343", "Mes_Dia_An": "5 de enero de 2018", "Mes_Dia_A1": "23 de mayo de 2025", "CATEGORIA": "PERSONA NATURAL", "NOMBRE_SEC": "COMERCIO AL POR MAYOR Y AL POR MENOR; REPARACI?N DE VEH?CULOS AUTOMOTORES Y MOTOCICLETAS", "CODIGO_CII": "4520", "DESC_CIIU": "MANTENIMIENTO Y REPARACI?N DE VEH?CULOS AUTOMOTORES", "TAMANO957": "MICRO", "CIUDAD": "Cali", "COMUNA": "Comuna 09", "BARRIO": "Barrio Obrero", "DIRECCION_": "-CL 25 # 9-14", "TIPO_REGIS": "MERCANTIL", "PERSONAL_O": "0.0", "NUMERO_DE_": "0", "NUMERO_DE1": "0", "INGRESOS_A": "0.0", "X": "-76.51875704785714", "Y": "3.450972548070331", "Id": 0, "area": 136572.15568900001 }, "geometry": { "type": "Point", "coordinates": [ -76.518757047857136, 3.450972548070331 ] } },
{ "type": "Feature", "properties": { "NUM_INSCRI": "1024377", "Mes_Dia_An": "31 de julio de 2018", "Mes_Dia_A1": "26 de junio de 2025", "CATEGORIA": "PERSONA NATURAL", "NOMBRE_SEC": "COMERCIO AL POR MAYOR Y AL POR MENOR; REPARACI?N DE VEH?CULOS AUTOMOTORES Y MOTOCICLETAS", "CODIGO_CII": "4520", "DESC_CIIU": "MANTENIMIENTO Y REPARACI?N DE VEH?CULOS AUTOMOTORES", "TAMANO957": "MICRO", "CIUDAD": "Cali", "COMUNA": "Comuna 09", "BARRIO": "Barrio Obrero", "DIRECCION_": "-CL 23 # 11 - 61", "TIPO_REGIS": "MERCANTIL", "PERSONAL_O": "1.0", "NUMERO_DE_": "1", "NUMERO_DE1": "0", "INGRESOS_A": "38324000.0", "X": "-76.51974697987407", "Y": "3.448483815127658", "Id": 0, "area": 136572.15568900001 }, "geometry": { "type": "Point", "coordinates": [ -76.519746979874071, 3.448483815127658 ] } },
{ "type": "Feature", "properties": { "NUM_INSCRI": "1025556", "Mes_Dia_An": "13 de agosto de 2018", "Mes_Dia_A1": "26 de marzo de 2025", "CATEGORIA": "PERSONA NATURAL", "NOMBRE_SEC": "COMERCIO AL POR MAYOR Y AL POR MENOR; REPARACI?N DE VEH?CULOS AUTOMOTORES Y MOTOCICLETAS", "CODIGO_CII": "4520", "DESC_CIIU": "MANTENIMIENTO Y REPARACI?N DE VEH?CULOS AUTOMOTORES", "TAMANO957": "MICRO", "CIUDAD": "Cali", "COMUNA": "Comuna 09", "BARRIO": "Barrio Obrero", "DIRECCION_": "-CL 21 # 8 - 29", "TIPO_REGIS": "MERCANTIL", "PERSONAL_O": "2.0", "NUMERO_DE_": "2", "NUMERO_DE1": "0", "INGRESOS_A": "0.0", "X": "-76.52293185353498", "Y": "3.451507914075042", "Id": 0, "area": 136572.15568900001 }, "geometry": { "type": "Point", "coordinates": [ -76.522931853534985, 3.451507914075042 ] } },
{ "type": "Feature", "properties": { "NUM_INSCRI": "1030881", "Mes_Dia_An": "8 de octubre de 2018", "Mes_Dia_A1": "13 de enero de 2025", "CATEGORIA": "PERSONA NATURAL", "NOMBRE_SEC": "COMERCIO AL POR MAYOR Y AL POR MENOR; REPARACI?N DE VEH?CULOS AUTOMOTORES Y MOTOCICLETAS", "CODIGO_CII": "4520", "DESC_CIIU": "MANTENIMIENTO Y REPARACI?N DE VEH?CULOS AUTOMOTORES", "TAMANO957": "MICRO", "CIUDAD": "Cali", "COMUNA": "Comuna 09", "BARRIO": "Barrio Obrero", "DIRECCION_": "-KR 14 # 21 - 18", "TIPO_REGIS": "MERCANTIL", "PERSONAL_O": "0.0", "NUMERO_DE_": "0", "NUMERO_DE1": "0", "INGRESOS_A": "0.0", "X": "-76.52122376875131", "Y": "3.444574367879881", "Id": 0, "area": 136572.15568900001 }, "geometry": { "type": "Point", "coordinates": [ -76.521223768751312, 3.444574367879881 ] } },
{ "type": "Feature", "properties": { "NUM_INSCRI": "1045996", "Mes_Dia_An": "21 de marzo de 2019", "Mes_Dia_A1": "2 de abril de 2025", "CATEGORIA": "PERSONA NATURAL", "NOMBRE_SEC": "COMERCIO AL POR MAYOR Y AL POR MENOR; REPARACI?N DE VEH?CULOS AUTOMOTORES Y MOTOCICLETAS", "CODIGO_CII": "4520", "DESC_CIIU": "MANTENIMIENTO Y REPARACI?N DE VEH?CULOS AUTOMOTORES", "TAMANO957": "MICRO", "CIUDAD": "Cali", "COMUNA": "Comuna 09", "BARRIO": "Barrio Obrero", "DIRECCION_": "K 13  A    22            20", "TIPO_REGIS": "MERCANTIL", "PERSONAL_O": "1.0", "NUMERO_DE_": "1", "NUMERO_DE1": "0", "INGRESOS_A": "0.0", "X": "-76.52073150703107", "Y": "3.445306880811865", "Id": 0, "area": 136572.15568900001 }, "geometry": { "type": "Point", "coordinates": [ -76.520731507031073, 3.445306880811865 ] } },
{ "type": "Feature", "properties": { "NUM_INSCRI": "1050139", "Mes_Dia_An": "3 de mayo de 2019", "Mes_Dia_A1": "27 de agosto de 2025", "CATEGORIA": "PERSONA NATURAL", "NOMBRE_SEC": "COMERCIO AL POR MAYOR Y AL POR MENOR; REPARACI?N DE VEH?CULOS AUTOMOTORES Y MOTOCICLETAS", "CODIGO_CII": "4520", "DESC_CIIU": "MANTENIMIENTO Y REPARACI?N DE VEH?CULOS AUTOMOTORES", "TAMANO957": "MICRO", "CIUDAD": "Cali", "COMUNA": "Comuna 09", "BARRIO": "Barrio Obrero", "DIRECCION_": "-KR 12 # 24 - 09", "TIPO_REGIS": "MERCANTIL", "PERSONAL_O": "2.0", "NUMERO_DE_": "2", "NUMERO_DE1": "0", "INGRESOS_A": "0.0", "X": "-76.51857526925394", "Y": "3.446867763829289", "Id": 0, "area": 136572.15568900001 }, "geometry": { "type": "Point", "coordinates": [ -76.518575269253944, 3.446867763829289 ] } },
{ "type": "Feature", "properties": { "NUM_INSCRI": "1057600", "Mes_Dia_An": "16 de julio de 2019", "Mes_Dia_A1": "21 de marzo de 2025", "CATEGORIA": "PERSONA NATURAL", "NOMBRE_SEC": "COMERCIO AL POR MAYOR Y AL POR MENOR; REPARACI?N DE VEH?CULOS AUTOMOTORES Y MOTOCICLETAS", "CODIGO_CII": "4520", "DESC_CIIU": "MANTENIMIENTO Y REPARACI?N DE VEH?CULOS AUTOMOTORES", "TAMANO957": "MICRO", "CIUDAD": "Cali", "COMUNA": "Comuna 09", "BARRIO": "Barrio Obrero", "DIRECCION_": "-C 22  A    13  A         69", "TIPO_REGIS": "MERCANTIL", "PERSONAL_O": "1.0", "NUMERO_DE_": "1", "NUMERO_DE1": "0", "INGRESOS_A": "0.0", "X": "-76.52001156235059", "Y": "3.445178464858194", "Id": 0, "area": 136572.15568900001 }, "geometry": { "type": "Point", "coordinates": [ -76.520011562350589, 3.445178464858194 ] } },
{ "type": "Feature", "properties": { "NUM_INSCRI": "1061550", "Mes_Dia_An": "22 de agosto de 2019", "Mes_Dia_A1": "24 de febrero de 2025", "CATEGORIA": "PERSONA NATURAL", "NOMBRE_SEC": "COMERCIO AL POR MAYOR Y AL POR MENOR; REPARACI?N DE VEH?CULOS AUTOMOTORES Y MOTOCICLETAS", "CODIGO_CII": "4520", "DESC_CIIU": "MANTENIMIENTO Y REPARACI?N DE VEH?CULOS AUTOMOTORES", "TAMANO957": "MICRO", "CIUDAD": "Cali", "COMUNA": "Comuna 09", "BARRIO": "Barrio Obrero", "DIRECCION_": "-CALLE 22A #13A-10", "TIPO_REGIS": "MERCANTIL", "PERSONAL_O": "0.0", "NUMERO_DE_": "0", "NUMERO_DE1": "0", "INGRESOS_A": "0.0", "X": "-76.52029324063773", "Y": "3.445392792773254", "Id": 0, "area": 136572.15568900001 }, "geometry": { "type": "Point", "coordinates": [ -76.520293240637727, 3.445392792773254 ] } },
{ "type": "Feature", "properties": { "NUM_INSCRI": "1062832", "Mes_Dia_An": "3 de septiembre de 2019", "Mes_Dia_A1": "5 de marzo de 2025", "CATEGORIA": "PERSONA NATURAL", "NOMBRE_SEC": "COMERCIO AL POR MAYOR Y AL POR MENOR; REPARACI?N DE VEH?CULOS AUTOMOTORES Y MOTOCICLETAS", "CODIGO_CII": "4520", "DESC_CIIU": "MANTENIMIENTO Y REPARACI?N DE VEH?CULOS AUTOMOTORES", "TAMANO957": "MICRO", "CIUDAD": "Cali", "COMUNA": "Comuna 09", "BARRIO": "Barrio Obrero", "DIRECCION_": "-CL 22 # 11 D - 25", "TIPO_REGIS": "MERCANTIL", "PERSONAL_O": "1.0", "NUMERO_DE_": "1", "NUMERO_DE1": "0", "INGRESOS_A": "22500000.0", "X": "-76.52117067423956", "Y": "3.446737541238537", "Id": 0, "area": 136572.15568900001 }, "geometry": { "type": "Point", "coordinates": [ -76.521170674239556, 3.446737541238537 ] } },
{ "type": "Feature", "properties": { "NUM_INSCRI": "1073420", "Mes_Dia_An": "17 de enero de 2020", "Mes_Dia_A1": "26 de julio de 2024", "CATEGORIA": "PERSONA NATURAL", "NOMBRE_SEC": "COMERCIO AL POR MAYOR Y AL POR MENOR; REPARACI?N DE VEH?CULOS AUTOMOTORES Y MOTOCICLETAS", "CODIGO_CII": "4520", "DESC_CIIU": "MANTENIMIENTO Y REPARACI?N DE VEH?CULOS AUTOMOTORES", "TAMANO957": "MICRO", "CIUDAD": "Cali", "COMUNA": "Comuna 09", "BARRIO": "Barrio Obrero", "DIRECCION_": "-KRA 15 # 22A 49", "TIPO_REGIS": "MERCANTIL", "PERSONAL_O": "2.0", "NUMERO_DE_": "0", "NUMERO_DE1": "2", "INGRESOS_A": null, "X": "-76.51955889732983", "Y": "3.445003927507311", "Id": 0, "area": 136572.15568900001 }, "geometry": { "type": "Point", "coordinates": [ -76.51955889732983, 3.445003927507311 ] } },
{ "type": "Feature", "properties": { "NUM_INSCRI": "1078322", "Mes_Dia_An": "25 de febrero de 2020", "Mes_Dia_A1": "31 de marzo de 2025", "CATEGORIA": "PERSONA NATURAL", "NOMBRE_SEC": "COMERCIO AL POR MAYOR Y AL POR MENOR; REPARACI?N DE VEH?CULOS AUTOMOTORES Y MOTOCICLETAS", "CODIGO_CII": "4520", "DESC_CIIU": "MANTENIMIENTO Y REPARACI?N DE VEH?CULOS AUTOMOTORES", "TAMANO957": "MICRO", "CIUDAD": "Cali", "COMUNA": "Comuna 09", "BARRIO": "Barrio Obrero", "DIRECCION_": "-CR 14  21   48", "TIPO_REGIS": "MERCANTIL", "PERSONAL_O": "0.0", "NUMERO_DE_": "0", "NUMERO_DE1": "0", "INGRESOS_A": "0.0", "X": "-76.52102758402816", "Y": "3.44472358355061", "Id": 0, "area": 136572.15568900001 }, "geometry": { "type": "Point", "coordinates": [ -76.521027584028161, 3.44472358355061 ] } },
{ "type": "Feature", "properties": { "NUM_INSCRI": "1108088", "Mes_Dia_An": "11 de febrero de 2021", "Mes_Dia_A1": "28 de febrero de 2025", "CATEGORIA": "PERSONA NATURAL", "NOMBRE_SEC": "COMERCIO AL POR MAYOR Y AL POR MENOR; REPARACI?N DE VEH?CULOS AUTOMOTORES Y MOTOCICLETAS", "CODIGO_CII": "4520", "DESC_CIIU": "MANTENIMIENTO Y REPARACI?N DE VEH?CULOS AUTOMOTORES", "TAMANO957": "MICRO", "CIUDAD": "Cali", "COMUNA": "Comuna 09", "BARRIO": "Barrio Obrero", "DIRECCION_": "-KR 13 A # 22 A - 03", "TIPO_REGIS": "MERCANTIL", "PERSONAL_O": "1.0", "NUMERO_DE_": "1", "NUMERO_DE1": "0", "INGRESOS_A": "0.0", "X": "-76.52012855313875", "Y": "3.445661380705002", "Id": 0, "area": 136572.15568900001 }, "geometry": { "type": "Point", "coordinates": [ -76.520128553138747, 3.445661380705002 ] } },
{ "type": "Feature", "properties": { "NUM_INSCRI": "1114708", "Mes_Dia_An": "5 de abril de 2021", "Mes_Dia_A1": "27 de febrero de 2025", "CATEGORIA": "PERSONA NATURAL", "NOMBRE_SEC": "COMERCIO AL POR MAYOR Y AL POR MENOR; REPARACI?N DE VEH?CULOS AUTOMOTORES Y MOTOCICLETAS", "CODIGO_CII": "4520", "DESC_CIIU": "MANTENIMIENTO Y REPARACI?N DE VEH?CULOS AUTOMOTORES", "TAMANO957": "MICRO", "CIUDAD": "Cali", "COMUNA": "Comuna 09", "BARRIO": "Barrio Obrero", "DIRECCION_": "-CL 22 # 11 - 38", "TIPO_REGIS": "MERCANTIL", "PERSONAL_O": "0.0", "NUMERO_DE_": "0", "NUMERO_DE1": "0", "INGRESOS_A": "0.0", "X": "-76.52184292566423", "Y": "3.448237835052505", "Id": 0, "area": 136572.15568900001 }, "geometry": { "type": "Point", "coordinates": [ -76.521842925664231, 3.448237835052505 ] } },
{ "type": "Feature", "properties": { "NUM_INSCRI": "1129517", "Mes_Dia_An": "17 de septiembre de 2021", "Mes_Dia_A1": "8 de abril de 2025", "CATEGORIA": "PERSONA NATURAL", "NOMBRE_SEC": "COMERCIO AL POR MAYOR Y AL POR MENOR; REPARACI?N DE VEH?CULOS AUTOMOTORES Y MOTOCICLETAS", "CODIGO_CII": "4520", "DESC_CIIU": "MANTENIMIENTO Y REPARACI?N DE VEH?CULOS AUTOMOTORES", "TAMANO957": "MICRO", "CIUDAD": "Cali", "COMUNA": "Comuna 09", "BARRIO": "Barrio Obrero", "DIRECCION_": "-CR 13 A  22   47", "TIPO_REGIS": "MERCANTIL", "PERSONAL_O": "0.0", "NUMERO_DE_": "0", "NUMERO_DE1": "0", "INGRESOS_A": "0.0", "X": "-76.52054702118389", "Y": "3.445547434383128", "Id": 0, "area": 136572.15568900001 }, "geometry": { "type": "Point", "coordinates": [ -76.520547021183887, 3.445547434383128 ] } },
{ "type": "Feature", "properties": { "NUM_INSCRI": "1130258", "Mes_Dia_An": "24 de septiembre de 2021", "Mes_Dia_A1": "31 de marzo de 2025", "CATEGORIA": "PERSONA NATURAL", "NOMBRE_SEC": "COMERCIO AL POR MAYOR Y AL POR MENOR; REPARACI?N DE VEH?CULOS AUTOMOTORES Y MOTOCICLETAS", "CODIGO_CII": "4520", "DESC_CIIU": "MANTENIMIENTO Y REPARACI?N DE VEH?CULOS AUTOMOTORES", "TAMANO957": "MICRO", "CIUDAD": "Cali", "COMUNA": "Comuna 09", "BARRIO": "Barrio Obrero", "DIRECCION_": "-KR 13 A # 21 - 42", "TIPO_REGIS": "MERCANTIL", "PERSONAL_O": "0.0", "NUMERO_DE_": "0", "NUMERO_DE1": "0", "INGRESOS_A": "0.0", "X": "-76.52121746963762", "Y": "3.445156760711694", "Id": 0, "area": 136572.15568900001 }, "geometry": { "type": "Point", "coordinates": [ -76.52121746963762, 3.445156760711694 ] } },
{ "type": "Feature", "properties": { "NUM_INSCRI": "1157721", "Mes_Dia_An": "8 de julio de 2022", "Mes_Dia_A1": "17 de febrero de 2025", "CATEGORIA": "PERSONA NATURAL", "NOMBRE_SEC": "COMERCIO AL POR MAYOR Y AL POR MENOR; REPARACI?N DE VEH?CULOS AUTOMOTORES Y MOTOCICLETAS", "CODIGO_CII": "4520", "DESC_CIIU": "MANTENIMIENTO Y REPARACI?N DE VEH?CULOS AUTOMOTORES", "TAMANO957": "MICRO", "CIUDAD": "Cali", "COMUNA": "Comuna 09", "BARRIO": "Barrio Obrero", "DIRECCION_": "-CL 22 A # 12 - 19", "TIPO_REGIS": "MERCANTIL", "PERSONAL_O": "0.0", "NUMERO_DE_": "0", "NUMERO_DE1": "0", "INGRESOS_A": "0.0", "X": "-76.52021584630364", "Y": "3.446128018462146", "Id": 0, "area": 136572.15568900001 }, "geometry": { "type": "Point", "coordinates": [ -76.520215846303643, 3.446128018462146 ] } },
{ "type": "Feature", "properties": { "NUM_INSCRI": "1160989", "Mes_Dia_An": "9 de agosto de 2022", "Mes_Dia_A1": "4 de abril de 2025", "CATEGORIA": "PERSONA NATURAL", "NOMBRE_SEC": "COMERCIO AL POR MAYOR Y AL POR MENOR; REPARACI?N DE VEH?CULOS AUTOMOTORES Y MOTOCICLETAS", "CODIGO_CII": "4520", "DESC_CIIU": "MANTENIMIENTO Y REPARACI?N DE VEH?CULOS AUTOMOTORES", "TAMANO957": "MICRO", "CIUDAD": "Cali", "COMUNA": "Comuna 09", "BARRIO": "Barrio Obrero", "DIRECCION_": "-CL 23  12   71", "TIPO_REGIS": "MERCANTIL", "PERSONAL_O": "0.0", "NUMERO_DE_": "0", "NUMERO_DE1": "0", "INGRESOS_A": "0.0", "X": "-76.5192916167055", "Y": "3.445922733250842", "Id": 0, "area": 136572.15568900001 }, "geometry": { "type": "Point", "coordinates": [ -76.519291616705502, 3.445922733250842 ] } },
{ "type": "Feature", "properties": { "NUM_INSCRI": "1177107", "Mes_Dia_An": "8 de febrero de 2023", "Mes_Dia_A1": "29 de mayo de 2025", "CATEGORIA": "PERSONA NATURAL", "NOMBRE_SEC": "COMERCIO AL POR MAYOR Y AL POR MENOR; REPARACI?N DE VEH?CULOS AUTOMOTORES Y MOTOCICLETAS", "CODIGO_CII": "4520", "DESC_CIIU": "MANTENIMIENTO Y REPARACI?N DE VEH?CULOS AUTOMOTORES", "TAMANO957": "MICRO", "CIUDAD": "Cali", "COMUNA": "Comuna 09", "BARRIO": "Barrio Obrero", "DIRECCION_": "-CL 22 A # 13 A - 24", "TIPO_REGIS": "MERCANTIL", "PERSONAL_O": "0.0", "NUMERO_DE_": "0", "NUMERO_DE1": "0", "INGRESOS_A": "0.0", "X": "-76.52021674654021", "Y": "3.445283368010225", "Id": 0, "area": 136572.15568900001 }, "geometry": { "type": "Point", "coordinates": [ -76.520216746540214, 3.445283368010225 ] } },
{ "type": "Feature", "properties": { "NUM_INSCRI": "1178782", "Mes_Dia_An": "21 de febrero de 2023", "Mes_Dia_A1": "29 de abril de 2024", "CATEGORIA": "PERSONA NATURAL", "NOMBRE_SEC": "COMERCIO AL POR MAYOR Y AL POR MENOR; REPARACI?N DE VEH?CULOS AUTOMOTORES Y MOTOCICLETAS", "CODIGO_CII": "4520", "DESC_CIIU": "MANTENIMIENTO Y REPARACI?N DE VEH?CULOS AUTOMOTORES", "TAMANO957": "MICRO", "CIUDAD": "Cali", "COMUNA": "Comuna 09", "BARRIO": "Barrio Obrero", "DIRECCION_": "-CL 24  11   36", "TIPO_REGIS": "MERCANTIL", "PERSONAL_O": "0.0", "NUMERO_DE_": "0", "NUMERO_DE1": "0", "INGRESOS_A": null, "X": "-76.5192250176207", "Y": "3.448895287694995", "Id": 0, "area": 136572.15568900001 }, "geometry": { "type": "Point", "coordinates": [ -76.519225017620698, 3.448895287694995 ] } },
{ "type": "Feature", "properties": { "NUM_INSCRI": "1212055", "Mes_Dia_An": "26 de febrero de 2024", "Mes_Dia_A1": "31 de marzo de 2025", "CATEGORIA": "PERSONA NATURAL", "NOMBRE_SEC": "COMERCIO AL POR MAYOR Y AL POR MENOR; REPARACI?N DE VEH?CULOS AUTOMOTORES Y MOTOCICLETAS", "CODIGO_CII": "4520", "DESC_CIIU": "MANTENIMIENTO Y REPARACI?N DE VEH?CULOS AUTOMOTORES", "TAMANO957": "MICRO", "CIUDAD": "Cali", "COMUNA": "Comuna 09", "BARRIO": "Barrio Obrero", "DIRECCION_": "-CL 21  13 A   21", "TIPO_REGIS": "MERCANTIL", "PERSONAL_O": "0.0", "NUMERO_DE_": "0", "NUMERO_DE1": "0", "INGRESOS_A": "0.0", "X": "-76.52141455426046", "Y": "3.444906259293325", "Id": 0, "area": 136572.15568900001 }, "geometry": { "type": "Point", "coordinates": [ -76.52141455426046, 3.444906259293325 ] } },
{ "type": "Feature", "properties": { "NUM_INSCRI": "1212689", "Mes_Dia_An": "29 de febrero de 2024", "Mes_Dia_A1": "15 de febrero de 2025", "CATEGORIA": "PERSONA NATURAL", "NOMBRE_SEC": "COMERCIO AL POR MAYOR Y AL POR MENOR; REPARACI?N DE VEH?CULOS AUTOMOTORES Y MOTOCICLETAS", "CODIGO_CII": "4520", "DESC_CIIU": "MANTENIMIENTO Y REPARACI?N DE VEH?CULOS AUTOMOTORES", "TAMANO957": "MICRO", "CIUDAD": "Cali", "COMUNA": "Comuna 09", "BARRIO": "Barrio Obrero", "DIRECCION_": "-CL 23  12   32", "TIPO_REGIS": "MERCANTIL", "PERSONAL_O": "1.0", "NUMERO_DE_": "1", "NUMERO_DE1": "0", "INGRESOS_A": "0.0", "X": "-76.51971368437823", "Y": "3.446160574265614", "Id": 0, "area": 136572.15568900001 }, "geometry": { "type": "Point", "coordinates": [ -76.519713684378232, 3.446160574265614 ] } },
{ "type": "Feature", "properties": { "NUM_INSCRI": "1215354", "Mes_Dia_An": "22 de marzo de 2024", "Mes_Dia_A1": "28 de marzo de 2025", "CATEGORIA": "PERSONA JURIDICA", "NOMBRE_SEC": "COMERCIO AL POR MAYOR Y AL POR MENOR; REPARACI?N DE VEH?CULOS AUTOMOTORES Y MOTOCICLETAS", "CODIGO_CII": "4520", "DESC_CIIU": "MANTENIMIENTO Y REPARACI?N DE VEH?CULOS AUTOMOTORES", "TAMANO957": "MICRO", "CIUDAD": "Cali", "COMUNA": "Comuna 09", "BARRIO": "Barrio Obrero", "DIRECCION_": "-CR 13 A  23   15", "TIPO_REGIS": "MERCANTIL", "PERSONAL_O": "0.0", "NUMERO_DE_": "0", "NUMERO_DE1": "0", "INGRESOS_A": "0.0", "X": "-76.51919442397077", "Y": "3.446014071119057", "Id": 0, "area": 136572.15568900001 }, "geometry": { "type": "Point", "coordinates": [ -76.519194423970774, 3.446014071119057 ] } },
{ "type": "Feature", "properties": { "NUM_INSCRI": "1222009", "Mes_Dia_An": "30 de mayo de 2024", "Mes_Dia_A1": "20 de marzo de 2025", "CATEGORIA": "PERSONA NATURAL", "NOMBRE_SEC": "COMERCIO AL POR MAYOR Y AL POR MENOR; REPARACI?N DE VEH?CULOS AUTOMOTORES Y MOTOCICLETAS", "CODIGO_CII": "4520", "DESC_CIIU": "MANTENIMIENTO Y REPARACI?N DE VEH?CULOS AUTOMOTORES", "TAMANO957": "MICRO", "CIUDAD": "Cali", "COMUNA": "Comuna 09", "BARRIO": "Barrio Obrero", "DIRECCION_": "-CR 13 A  21   35", "TIPO_REGIS": "MERCANTIL", "PERSONAL_O": "0.0", "NUMERO_DE_": "0", "NUMERO_DE1": "0", "INGRESOS_A": "0.0", "X": "-76.52132816130691", "Y": "3.445382844799043", "Id": 0, "area": 136572.15568900001 }, "geometry": { "type": "Point", "coordinates": [ -76.521328161306911, 3.445382844799043 ] } },
{ "type": "Feature", "properties": { "NUM_INSCRI": "1243331", "Mes_Dia_An": "6 de febrero de 2025", "Mes_Dia_A1": "6 de febrero de 2025", "CATEGORIA": "PERSONA NATURAL", "NOMBRE_SEC": "COMERCIO AL POR MAYOR Y AL POR MENOR; REPARACI?N DE VEH?CULOS AUTOMOTORES Y MOTOCICLETAS", "CODIGO_CII": "4520", "DESC_CIIU": "MANTENIMIENTO Y REPARACI?N DE VEH?CULOS AUTOMOTORES", "TAMANO957": "MICRO", "CIUDAD": "Cali", "COMUNA": null, "BARRIO": null, "DIRECCION_": "-CR 13 A  22 A   07 CA", "TIPO_REGIS": "MERCANTIL", "PERSONAL_O": "0.0", "NUMERO_DE_": "0", "NUMERO_DE1": "0", "INGRESOS_A": "1000000.0", "X": "-76.52009345581544", "Y": "3.445668615381685", "Id": 0, "area": 136572.15568900001 }, "geometry": { "type": "Point", "coordinates": [ -76.520093455815442, 3.445668615381685 ] } },
{ "type": "Feature", "properties": { "NUM_INSCRI": "1245868", "Mes_Dia_An": "27 de febrero de 2025", "Mes_Dia_A1": "27 de febrero de 2025", "CATEGORIA": "PERSONA NATURAL", "NOMBRE_SEC": "COMERCIO AL POR MAYOR Y AL POR MENOR; REPARACI?N DE VEH?CULOS AUTOMOTORES Y MOTOCICLETAS", "CODIGO_CII": "4520", "DESC_CIIU": "MANTENIMIENTO Y REPARACI?N DE VEH?CULOS AUTOMOTORES", "TAMANO957": "MICRO", "CIUDAD": "Cali", "COMUNA": "Comuna 09", "BARRIO": "Barrio Obrero", "DIRECCION_": "-CL 22 A  13 A   22", "TIPO_REGIS": "MERCANTIL", "PERSONAL_O": "0.0", "NUMERO_DE_": "0", "NUMERO_DE1": "0", "INGRESOS_A": "0.0", "X": "-76.52024554433686", "Y": "3.445261663939941", "Id": 0, "area": 136572.15568900001 }, "geometry": { "type": "Point", "coordinates": [ -76.520245544336859, 3.445261663939941 ] } },
{ "type": "Feature", "properties": { "NUM_INSCRI": "1246500", "Mes_Dia_An": "5 de marzo de 2025", "Mes_Dia_A1": "5 de marzo de 2025", "CATEGORIA": "PERSONA NATURAL", "NOMBRE_SEC": "COMERCIO AL POR MAYOR Y AL POR MENOR; REPARACI?N DE VEH?CULOS AUTOMOTORES Y MOTOCICLETAS", "CODIGO_CII": "4520", "DESC_CIIU": "MANTENIMIENTO Y REPARACI?N DE VEH?CULOS AUTOMOTORES", "TAMANO957": "MICRO", "CIUDAD": "Cali", "COMUNA": "Comuna 09", "BARRIO": "Barrio Obrero", "DIRECCION_": "-CL 21  14   51", "TIPO_REGIS": "MERCANTIL", "PERSONAL_O": "0.0", "NUMERO_DE_": "0", "NUMERO_DE1": "0", "INGRESOS_A": "0.0", "X": "-76.52128496378161", "Y": "3.444273223715177", "Id": 0, "area": 136572.15568900001 }, "geometry": { "type": "Point", "coordinates": [ -76.521284963781611, 3.444273223715177 ] } },
{ "type": "Feature", "properties": { "NUM_INSCRI": "1247647", "Mes_Dia_An": "14 de marzo de 2025", "Mes_Dia_A1": "14 de marzo de 2025", "CATEGORIA": "PERSONA NATURAL", "NOMBRE_SEC": "COMERCIO AL POR MAYOR Y AL POR MENOR; REPARACI?N DE VEH?CULOS AUTOMOTORES Y MOTOCICLETAS", "CODIGO_CII": "4520", "DESC_CIIU": "MANTENIMIENTO Y REPARACI?N DE VEH?CULOS AUTOMOTORES", "TAMANO957": "MICRO", "CIUDAD": "Cali", "COMUNA": "Comuna 09", "BARRIO": "Barrio Obrero", "DIRECCION_": "-CR 13  22 A 63", "TIPO_REGIS": "MERCANTIL", "PERSONAL_O": "0.0", "NUMERO_DE_": "0", "NUMERO_DE1": "0", "INGRESOS_A": "0.0", "X": "-76.51958589435814", "Y": "3.445878421102683", "Id": 0, "area": 136572.15568900001 }, "geometry": { "type": "Point", "coordinates": [ -76.519585894358144, 3.445878421102683 ] } },
{ "type": "Feature", "properties": { "NUM_INSCRI": "1267907", "Mes_Dia_An": "8 de octubre de 2025", "Mes_Dia_A1": "8 de octubre de 2025", "CATEGORIA": "PERSONA NATURAL", "NOMBRE_SEC": "COMERCIO AL POR MAYOR Y AL POR MENOR; REPARACI?N DE VEH?CULOS AUTOMOTORES Y MOTOCICLETAS", "CODIGO_CII": "4520", "DESC_CIIU": "MANTENIMIENTO Y REPARACI?N DE VEH?CULOS AUTOMOTORES", "TAMANO957": "MICRO", "CIUDAD": "Cali", "COMUNA": "Comuna 09", "BARRIO": "Barrio Obrero", "DIRECCION_": "-CL 24  12   56", "TIPO_REGIS": "MERCANTIL", "PERSONAL_O": "0.0", "NUMERO_DE_": "0", "NUMERO_DE1": "0", "INGRESOS_A": "0.0", "X": "-76.5187039609432", "Y": "3.44616961619124", "Id": 0, "area": 136572.15568900001 }, "geometry": { "type": "Point", "coordinates": [ -76.518703960943199, 3.44616961619124 ] } },
{ "type": "Feature", "properties": { "NUM_INSCRI": "1269056", "Mes_Dia_An": "22 de octubre de 2025", "Mes_Dia_A1": "22 de octubre de 2025", "CATEGORIA": "PERSONA NATURAL", "NOMBRE_SEC": "COMERCIO AL POR MAYOR Y AL POR MENOR; REPARACI?N DE VEH?CULOS AUTOMOTORES Y MOTOCICLETAS", "CODIGO_CII": "4520", "DESC_CIIU": "MANTENIMIENTO Y REPARACI?N DE VEH?CULOS AUTOMOTORES", "TAMANO957": "MICRO", "CIUDAD": "Cali", "COMUNA": "Comuna 09", "BARRIO": "Barrio Obrero", "DIRECCION_": "-CL 22 A 13 A 36", "TIPO_REGIS": "MERCANTIL", "PERSONAL_O": "0.0", "NUMERO_DE_": "0", "NUMERO_DE1": "0", "INGRESOS_A": "0.0", "X": "-76.52019514823903", "Y": "3.44517665627367", "Id": 0, "area": 136572.15568900001 }, "geometry": { "type": "Point", "coordinates": [ -76.520195148239026, 3.44517665627367 ] } },
{ "type": "Feature", "properties": { "NUM_INSCRI": "217046", "Mes_Dia_An": "6 de febrero de 1997", "Mes_Dia_A1": "7 de marzo de 2025", "CATEGORIA": "PERSONA NATURAL", "NOMBRE_SEC": "COMERCIO AL POR MAYOR Y AL POR MENOR; REPARACI?N DE VEH?CULOS AUTOMOTORES Y MOTOCICLETAS", "CODIGO_CII": "4530", "DESC_CIIU": "COMERCIO DE PARTES, PIEZAS (AUTOPARTES) Y ACCESORIOS (LUJOS) PARA", "TAMANO957": "MICRO", "CIUDAD": "Cali", "COMUNA": "Comuna 09", "BARRIO": "Barrio Obrero", "DIRECCION_": "-CL 24 # 8 A - 46", "TIPO_REGIS": "MERCANTIL", "PERSONAL_O": "0.0", "NUMERO_DE_": "0", "NUMERO_DE1": "0", "INGRESOS_A": "8400000.0", "X": "-76.51992336508218", "Y": "3.45124113753659", "Id": 0, "area": 136572.15568900001 }, "geometry": { "type": "Point", "coordinates": [ -76.519923365082178, 3.45124113753659 ] } },
{ "type": "Feature", "properties": { "NUM_INSCRI": "332571", "Mes_Dia_An": "10 de febrero de 1993", "Mes_Dia_A1": "8 de mayo de 2025", "CATEGORIA": "PERSONA JURIDICA", "NOMBRE_SEC": "COMERCIO AL POR MAYOR Y AL POR MENOR; REPARACI?N DE VEH?CULOS AUTOMOTORES Y MOTOCICLETAS", "CODIGO_CII": "4530", "DESC_CIIU": "COMERCIO AL POR MAYOR Y AL POR MENOR DE REPUESTOS Y ACCESORIOS PA", "TAMANO957": "MICRO", "CIUDAD": "Cali", "COMUNA": "Comuna 09", "BARRIO": "Barrio Obrero", "DIRECCION_": "-CL 22 A # 14 - 42", "TIPO_REGIS": "MERCANTIL", "PERSONAL_O": "8.0", "NUMERO_DE_": "5", "NUMERO_DE1": "3", "INGRESOS_A": "515301000.0", "X": "-76.52009075650783", "Y": "3.444681079722812", "Id": 0, "area": 136572.15568900001 }, "geometry": { "type": "Point", "coordinates": [ -76.520090756507827, 3.444681079722812 ] } },
{ "type": "Feature", "properties": { "NUM_INSCRI": "360399", "Mes_Dia_An": "14 de marzo de 2003", "Mes_Dia_A1": "29 de marzo de 2025", "CATEGORIA": "PERSONA NATURAL", "NOMBRE_SEC": "COMERCIO AL POR MAYOR Y AL POR MENOR; REPARACI?N DE VEH?CULOS AUTOMOTORES Y MOTOCICLETAS", "CODIGO_CII": "4530", "DESC_CIIU": "COMERCIO DE PARTES, PIEZAS (AUTOPARTES) Y ACCESORIOS (LUJOS) PARA", "TAMANO957": "MICRO", "CIUDAD": "Cali", "COMUNA": "Comuna 09", "BARRIO": "Barrio Obrero", "DIRECCION_": "-CL 25 # 11 - 12", "TIPO_REGIS": "MERCANTIL", "PERSONAL_O": "2.0", "NUMERO_DE_": "1", "NUMERO_DE1": "1", "INGRESOS_A": "765944777.0", "X": "-76.51841687565704", "Y": "3.449318515742252", "Id": 0, "area": 136572.15568900001 }, "geometry": { "type": "Point", "coordinates": [ -76.518416875657039, 3.449318515742252 ] } },
{ "type": "Feature", "properties": { "NUM_INSCRI": "436999", "Mes_Dia_An": "16 de enero de 2006", "Mes_Dia_A1": "20 de marzo de 2024", "CATEGORIA": "PERSONA NATURAL", "NOMBRE_SEC": "COMERCIO AL POR MAYOR Y AL POR MENOR; REPARACI?N DE VEH?CULOS AUTOMOTORES Y MOTOCICLETAS", "CODIGO_CII": "4530", "DESC_CIIU": "COMERCIO DE PARTES, PIEZAS (AUTOPARTES) Y ACCESORIOS (LUJOS) PARA", "TAMANO957": "MICRO", "CIUDAD": "Cali", "COMUNA": "Comuna 09", "BARRIO": "Barrio Obrero", "DIRECCION_": "-KR 13 A # 23 - 53", "TIPO_REGIS": "MERCANTIL", "PERSONAL_O": "2.0", "NUMERO_DE_": "2", "NUMERO_DE1": "0", "INGRESOS_A": null, "X": "-76.51887674800369", "Y": "3.446076469837634", "Id": 0, "area": 136572.15568900001 }, "geometry": { "type": "Point", "coordinates": [ -76.518876748003692, 3.446076469837634 ] } },
{ "type": "Feature", "properties": { "NUM_INSCRI": "469200", "Mes_Dia_An": "29 de septiembre de 1997", "Mes_Dia_A1": "1 de abril de 2025", "CATEGORIA": "PERSONA NATURAL", "NOMBRE_SEC": "COMERCIO AL POR MAYOR Y AL POR MENOR; REPARACI?N DE VEH?CULOS AUTOMOTORES Y MOTOCICLETAS", "CODIGO_CII": "4530", "DESC_CIIU": "COMERCIO AL POR MAYOR Y AL POR MENOR DE REPUESTOS Y ACCESORIOS PA", "TAMANO957": "MICRO", "CIUDAD": "Cali", "COMUNA": "Comuna 09", "BARRIO": "Barrio Obrero", "DIRECCION_": "-KR 14 # 21 - 31", "TIPO_REGIS": "MERCANTIL", "PERSONAL_O": "0.0", "NUMERO_DE_": "0", "NUMERO_DE1": "0", "INGRESOS_A": "214034000.0", "X": "-76.52124806707717", "Y": "3.444866468613939", "Id": 0, "area": 136572.15568900001 }, "geometry": { "type": "Point", "coordinates": [ -76.521248067077167, 3.444866468613939 ] } },
{ "type": "Feature", "properties": { "NUM_INSCRI": "567212", "Mes_Dia_An": "30 de julio de 2001", "Mes_Dia_A1": "6 de marzo de 2025", "CATEGORIA": "PERSONA JURIDICA", "NOMBRE_SEC": "COMERCIO AL POR MAYOR Y AL POR MENOR; REPARACI?N DE VEH?CULOS AUTOMOTORES Y MOTOCICLETAS", "CODIGO_CII": "4530", "DESC_CIIU": "COMERCIO DE PARTES, PIEZAS (AUTOPARTES) Y ACCESORIOS (LUJOS) PARA", "TAMANO957": "PEQUENA", "CIUDAD": "Cali", "COMUNA": "Comuna 09", "BARRIO": "Barrio Obrero", "DIRECCION_": "-CL 25 # 11 - 20", "TIPO_REGIS": "MERCANTIL", "PERSONAL_O": "29.0", "NUMERO_DE_": "22", "NUMERO_DE1": "7", "INGRESOS_A": "2926488143.0", "X": "-76.51852756807668", "Y": "3.449106901220754", "Id": 0, "area": 136572.15568900001 }, "geometry": { "type": "Point", "coordinates": [ -76.518527568076678, 3.449106901220754 ] } },
{ "type": "Feature", "properties": { "NUM_INSCRI": "650370", "Mes_Dia_An": "20 de enero de 2005", "Mes_Dia_A1": "31 de marzo de 2025", "CATEGORIA": "PERSONA NATURAL", "NOMBRE_SEC": "COMERCIO AL POR MAYOR Y AL POR MENOR; REPARACI?N DE VEH?CULOS AUTOMOTORES Y MOTOCICLETAS", "CODIGO_CII": "4530", "DESC_CIIU": "COMERCIO AL POR MAYOR Y AL POR MENOR DE REPUESTOS Y ACCESORIOS PA", "TAMANO957": "MICRO", "CIUDAD": "Cali", "COMUNA": "Comuna 09", "BARRIO": "Barrio Obrero", "DIRECCION_": "-CL 23 # 12 - 27", "TIPO_REGIS": "MERCANTIL", "PERSONAL_O": "1.0", "NUMERO_DE_": "1", "NUMERO_DE1": "0", "INGRESOS_A": "14492090.0", "X": "-76.5193861090943", "Y": "3.446265476968798", "Id": 0, "area": 136572.15568900001 }, "geometry": { "type": "Point", "coordinates": [ -76.519386109094299, 3.446265476968798 ] } },
{ "type": "Feature", "properties": { "NUM_INSCRI": "675214", "Mes_Dia_An": "13 de enero de 2006", "Mes_Dia_A1": "29 de marzo de 2025", "CATEGORIA": "PERSONA NATURAL", "NOMBRE_SEC": "COMERCIO AL POR MAYOR Y AL POR MENOR; REPARACI?N DE VEH?CULOS AUTOMOTORES Y MOTOCICLETAS", "CODIGO_CII": "4530", "DESC_CIIU": "COMERCIO DE PARTES, PIEZAS (AUTOPARTES) Y ACCESORIOS (LUJOS) PARA", "TAMANO957": "MICRO", "CIUDAD": "Cali", "COMUNA": "Comuna 09", "BARRIO": "Barrio Obrero", "DIRECCION_": "-KR 13 A # 22 A - 02", "TIPO_REGIS": "MERCANTIL", "PERSONAL_O": "3.0", "NUMERO_DE_": "3", "NUMERO_DE1": "0", "INGRESOS_A": "0.0", "X": "-76.52010065535552", "Y": "3.445482322030146", "Id": 0, "area": 136572.15568900001 }, "geometry": { "type": "Point", "coordinates": [ -76.52010065535552, 3.445482322030146 ] } },
{ "type": "Feature", "properties": { "NUM_INSCRI": "675831", "Mes_Dia_An": "20 de enero de 2006", "Mes_Dia_A1": "13 de marzo de 2025", "CATEGORIA": "PERSONA NATURAL", "NOMBRE_SEC": "COMERCIO AL POR MAYOR Y AL POR MENOR; REPARACI?N DE VEH?CULOS AUTOMOTORES Y MOTOCICLETAS", "CODIGO_CII": "4530", "DESC_CIIU": "COMERCIO DE PARTES, PIEZAS (AUTOPARTES) Y ACCESORIOS (LUJOS) PARA", "TAMANO957": "MICRO", "CIUDAD": "Cali", "COMUNA": "Comuna 09", "BARRIO": "Barrio Obrero", "DIRECCION_": "-CL. 22 NRO. 14 - 14", "TIPO_REGIS": "MERCANTIL", "PERSONAL_O": "1.0", "NUMERO_DE_": "1", "NUMERO_DE1": "0", "INGRESOS_A": "0.0", "X": "-76.52085929703335", "Y": "3.444688314487193", "Id": 0, "area": 136572.15568900001 }, "geometry": { "type": "Point", "coordinates": [ -76.520859297033354, 3.444688314487193 ] } },
{ "type": "Feature", "properties": { "NUM_INSCRI": "677062", "Mes_Dia_An": "7 de febrero de 2006", "Mes_Dia_A1": "1 de agosto de 2024", "CATEGORIA": "PERSONA JURIDICA", "NOMBRE_SEC": "COMERCIO AL POR MAYOR Y AL POR MENOR; REPARACI?N DE VEH?CULOS AUTOMOTORES Y MOTOCICLETAS", "CODIGO_CII": "4530", "DESC_CIIU": "COMERCIO DE PARTES, PIEZAS (AUTOPARTES) Y ACCESORIOS (LUJOS) PARA", "TAMANO957": "MICRO", "CIUDAD": "Cali", "COMUNA": "Comuna 09", "BARRIO": "Barrio Obrero", "DIRECCION_": "-KR 12 # 22 A - 16", "TIPO_REGIS": "MERCANTIL", "PERSONAL_O": "4.0", "NUMERO_DE_": "3", "NUMERO_DE1": "1", "INGRESOS_A": null, "X": "-76.52012945281001", "Y": "3.446236538826267", "Id": 0, "area": 136572.15568900001 }, "geometry": { "type": "Point", "coordinates": [ -76.520129452810011, 3.446236538826267 ] } },
{ "type": "Feature", "properties": { "NUM_INSCRI": "699030", "Mes_Dia_An": "28 de noviembre de 2006", "Mes_Dia_A1": "1 de abril de 2025", "CATEGORIA": "PERSONA JURIDICA", "NOMBRE_SEC": "COMERCIO AL POR MAYOR Y AL POR MENOR; REPARACI?N DE VEH?CULOS AUTOMOTORES Y MOTOCICLETAS", "CODIGO_CII": "4530", "DESC_CIIU": "COMERCIO DE PARTES, PIEZAS (AUTOPARTES) Y ACCESORIOS (LUJOS) PARA", "TAMANO957": "MICRO", "CIUDAD": "Cali", "COMUNA": "Comuna 09", "BARRIO": "Barrio Obrero", "DIRECCION_": "-KR 15 # 21 - 19", "TIPO_REGIS": "MERCANTIL", "PERSONAL_O": "3.0", "NUMERO_DE_": "2", "NUMERO_DE1": "1", "INGRESOS_A": "239429179.0", "X": "-76.52114637455324", "Y": "3.444252424066458", "Id": 0, "area": 136572.15568900001 }, "geometry": { "type": "Point", "coordinates": [ -76.52114637455324, 3.444252424066458 ] } },
{ "type": "Feature", "properties": { "NUM_INSCRI": "699869", "Mes_Dia_An": "26 de diciembre de 2006", "Mes_Dia_A1": "14 de marzo de 2025", "CATEGORIA": "PERSONA NATURAL", "NOMBRE_SEC": "COMERCIO AL POR MAYOR Y AL POR MENOR; REPARACI?N DE VEH?CULOS AUTOMOTORES Y MOTOCICLETAS", "CODIGO_CII": "4530", "DESC_CIIU": "COMERCIO DE PARTES, PIEZAS (AUTOPARTES) Y ACCESORIOS (LUJOS) PARA", "TAMANO957": "MICRO", "CIUDAD": "Cali", "COMUNA": "Comuna 09", "BARRIO": "Barrio Obrero", "DIRECCION_": "-CL 22 # 14 - 34", "TIPO_REGIS": "MERCANTIL", "PERSONAL_O": "0.0", "NUMERO_DE_": "0", "NUMERO_DE1": "0", "INGRESOS_A": "0.0", "X": "-76.5209276916561", "Y": "3.444465847636587", "Id": 0, "area": 136572.15568900001 }, "geometry": { "type": "Point", "coordinates": [ -76.520927691656098, 3.444465847636587 ] } },
{ "type": "Feature", "properties": { "NUM_INSCRI": "739419", "Mes_Dia_An": "22 de mayo de 2008", "Mes_Dia_A1": "22 de marzo de 2024", "CATEGORIA": "PERSONA NATURAL", "NOMBRE_SEC": "COMERCIO AL POR MAYOR Y AL POR MENOR; REPARACI?N DE VEH?CULOS AUTOMOTORES Y MOTOCICLETAS", "CODIGO_CII": "4530", "DESC_CIIU": "COMERCIO DE PARTES, PIEZAS (AUTOPARTES) Y ACCESORIOS (LUJOS) PARA", "TAMANO957": "MICRO", "CIUDAD": "Cali", "COMUNA": "Comuna 09", "BARRIO": "Barrio Obrero", "DIRECCION_": "C 23        13A      26", "TIPO_REGIS": "MERCANTIL", "PERSONAL_O": "0.0", "NUMERO_DE_": "0", "NUMERO_DE1": "0", "INGRESOS_A": null, "X": "-76.51945450494155", "Y": "3.445377418440937", "Id": 0, "area": 136572.15568900001 }, "geometry": { "type": "Point", "coordinates": [ -76.51945450494155, 3.445377418440937 ] } },
{ "type": "Feature", "properties": { "NUM_INSCRI": "792743", "Mes_Dia_An": "1 de junio de 2010", "Mes_Dia_A1": "28 de marzo de 2025", "CATEGORIA": "PERSONA NATURAL", "NOMBRE_SEC": "COMERCIO AL POR MAYOR Y AL POR MENOR; REPARACI?N DE VEH?CULOS AUTOMOTORES Y MOTOCICLETAS", "CODIGO_CII": "4530", "DESC_CIIU": "COMERCIO DE PARTES, PIEZAS (AUTOPARTES) Y ACCESORIOS (LUJOS) PARA", "TAMANO957": "MICRO", "CIUDAD": "Cali", "COMUNA": "Comuna 09", "BARRIO": "Barrio Obrero", "DIRECCION_": "-CL 25 # 11 B - 10", "TIPO_REGIS": "MERCANTIL", "PERSONAL_O": "1.0", "NUMERO_DE_": "1", "NUMERO_DE1": "0", "INGRESOS_A": "0.0", "X": "-76.51829358668313", "Y": "3.44844040460526", "Id": 0, "area": 136572.15568900001 }, "geometry": { "type": "Point", "coordinates": [ -76.518293586683129, 3.44844040460526 ] } },
{ "type": "Feature", "properties": { "NUM_INSCRI": "813096", "Mes_Dia_An": "22 de marzo de 2011", "Mes_Dia_A1": "7 de mayo de 2025", "CATEGORIA": "PERSONA NATURAL", "NOMBRE_SEC": "COMERCIO AL POR MAYOR Y AL POR MENOR; REPARACI?N DE VEH?CULOS AUTOMOTORES Y MOTOCICLETAS", "CODIGO_CII": "4530", "DESC_CIIU": "COMERCIO DE PARTES, PIEZAS (AUTOPARTES) Y ACCESORIOS (LUJOS) PARA", "TAMANO957": "MICRO", "CIUDAD": "Cali", "COMUNA": "Comuna 09", "BARRIO": "Barrio Obrero", "DIRECCION_": "-CALLE 23 # 11-61", "TIPO_REGIS": "MERCANTIL", "PERSONAL_O": "1.0", "NUMERO_DE_": "0", "NUMERO_DE1": "1", "INGRESOS_A": "0.0", "X": "-76.51974697987407", "Y": "3.448483815127658", "Id": 0, "area": 136572.15568900001 }, "geometry": { "type": "Point", "coordinates": [ -76.519746979874071, 3.448483815127658 ] } },
{ "type": "Feature", "properties": { "NUM_INSCRI": "861406", "Mes_Dia_An": "11 de enero de 2013", "Mes_Dia_A1": "19 de marzo de 2025", "CATEGORIA": "PERSONA JURIDICA", "NOMBRE_SEC": "COMERCIO AL POR MAYOR Y AL POR MENOR; REPARACI?N DE VEH?CULOS AUTOMOTORES Y MOTOCICLETAS", "CODIGO_CII": "4530", "DESC_CIIU": "COMERCIO DE PARTES, PIEZAS (AUTOPARTES) Y ACCESORIOS (LUJOS) PARA", "TAMANO957": "MICRO", "CIUDAD": "Cali", "COMUNA": "Comuna 09", "BARRIO": "Barrio Obrero", "DIRECCION_": "-KR 15 # 21 - 45", "TIPO_REGIS": "MERCANTIL", "PERSONAL_O": "10.0", "NUMERO_DE_": "7", "NUMERO_DE1": "3", "INGRESOS_A": "99000000.0", "X": "-76.52092319195222", "Y": "3.444324771113489", "Id": 0, "area": 136572.15568900001 }, "geometry": { "type": "Point", "coordinates": [ -76.520923191952221, 3.444324771113489 ] } },
{ "type": "Feature", "properties": { "NUM_INSCRI": "919149", "Mes_Dia_An": "5 de febrero de 2015", "Mes_Dia_A1": "29 de marzo de 2025", "CATEGORIA": "PERSONA JURIDICA", "NOMBRE_SEC": "COMERCIO AL POR MAYOR Y AL POR MENOR; REPARACI?N DE VEH?CULOS AUTOMOTORES Y MOTOCICLETAS", "CODIGO_CII": "4530", "DESC_CIIU": "COMERCIO DE PARTES, PIEZAS (AUTOPARTES) Y ACCESORIOS (LUJOS) PARA", "TAMANO957": "MICRO", "CIUDAD": "Cali", "COMUNA": "Comuna 09", "BARRIO": "Barrio Obrero", "DIRECCION_": "-KR 15 # 22 - 47", "TIPO_REGIS": "MERCANTIL", "PERSONAL_O": "6.0", "NUMERO_DE_": "5", "NUMERO_DE1": "1", "INGRESOS_A": "1146789000.0", "X": "-76.52017804981215", "Y": "3.444531864207759", "Id": 0, "area": 136572.15568900001 }, "geometry": { "type": "Point", "coordinates": [ -76.520178049812145, 3.444531864207759 ] } },
{ "type": "Feature", "properties": { "NUM_INSCRI": "919636", "Mes_Dia_An": "11 de febrero de 2015", "Mes_Dia_A1": "10 de marzo de 2025", "CATEGORIA": "PERSONA NATURAL", "NOMBRE_SEC": "COMERCIO AL POR MAYOR Y AL POR MENOR; REPARACI?N DE VEH?CULOS AUTOMOTORES Y MOTOCICLETAS", "CODIGO_CII": "4530", "DESC_CIIU": "COMERCIO DE PARTES, PIEZAS (AUTOPARTES) Y ACCESORIOS (LUJOS) PARA", "TAMANO957": "MICRO", "CIUDAD": "Cali", "COMUNA": "Comuna 09", "BARRIO": "Barrio Obrero", "DIRECCION_": "-CL. 22 13A 27", "TIPO_REGIS": "MERCANTIL", "PERSONAL_O": "1.0", "NUMERO_DE_": "1", "NUMERO_DE1": "0", "INGRESOS_A": "0.0", "X": "-76.52079810186615", "Y": "3.445084413973805", "Id": 0, "area": 136572.15568900001 }, "geometry": { "type": "Point", "coordinates": [ -76.520798101866148, 3.445084413973805 ] } },
{ "type": "Feature", "properties": { "NUM_INSCRI": "937692", "Mes_Dia_An": "2 de octubre de 2015", "Mes_Dia_A1": "30 de abril de 2025", "CATEGORIA": "PERSONA NATURAL", "NOMBRE_SEC": "COMERCIO AL POR MAYOR Y AL POR MENOR; REPARACI?N DE VEH?CULOS AUTOMOTORES Y MOTOCICLETAS", "CODIGO_CII": "4530", "DESC_CIIU": "COMERCIO DE PARTES, PIEZAS (AUTOPARTES) Y ACCESORIOS (LUJOS) PARA", "TAMANO957": "MICRO", "CIUDAD": "Cali", "COMUNA": "Comuna 09", "BARRIO": "Belalcazar", "DIRECCION_": "-KR 15 # 21 - 45", "TIPO_REGIS": "MERCANTIL", "PERSONAL_O": "1.0", "NUMERO_DE_": "1", "NUMERO_DE1": "0", "INGRESOS_A": "0.0", "X": "-76.52092319195222", "Y": "3.444324771113489", "Id": 0, "area": 136572.15568900001 }, "geometry": { "type": "Point", "coordinates": [ -76.520923191952221, 3.444324771113489 ] } },
{ "type": "Feature", "properties": { "NUM_INSCRI": "939808", "Mes_Dia_An": "3 de noviembre de 2015", "Mes_Dia_A1": "21 de marzo de 2025", "CATEGORIA": "PERSONA NATURAL", "NOMBRE_SEC": "COMERCIO AL POR MAYOR Y AL POR MENOR; REPARACI?N DE VEH?CULOS AUTOMOTORES Y MOTOCICLETAS", "CODIGO_CII": "4530", "DESC_CIIU": "COMERCIO DE PARTES, PIEZAS (AUTOPARTES) Y ACCESORIOS (LUJOS) PARA", "TAMANO957": "MICRO", "CIUDAD": "Cali", "COMUNA": "Comuna 09", "BARRIO": "Barrio Obrero", "DIRECCION_": "-KR 14 # 21 - 16", "TIPO_REGIS": "MERCANTIL", "PERSONAL_O": "0.0", "NUMERO_DE_": "0", "NUMERO_DE1": "0", "INGRESOS_A": "0.0", "X": "-76.52130386259437", "Y": "3.44463948006262", "Id": 0, "area": 136572.15568900001 }, "geometry": { "type": "Point", "coordinates": [ -76.521303862594365, 3.44463948006262 ] } },
{ "type": "Feature", "properties": { "NUM_INSCRI": "957400", "Mes_Dia_An": "17 de junio de 2016", "Mes_Dia_A1": "28 de marzo de 2025", "CATEGORIA": "PERSONA NATURAL", "NOMBRE_SEC": "COMERCIO AL POR MAYOR Y AL POR MENOR; REPARACI?N DE VEH?CULOS AUTOMOTORES Y MOTOCICLETAS", "CODIGO_CII": "4530", "DESC_CIIU": "COMERCIO DE PARTES, PIEZAS (AUTOPARTES) Y ACCESORIOS (LUJOS) PARA", "TAMANO957": "MICRO", "CIUDAD": "Cali", "COMUNA": "Comuna 09", "BARRIO": "Barrio Obrero", "DIRECCION_": "-CL 25 # 11 B - 20", "TIPO_REGIS": "MERCANTIL", "PERSONAL_O": "8.0", "NUMERO_DE_": "8", "NUMERO_DE1": "0", "INGRESOS_A": "1300312922.0", "X": "-76.51841957779575", "Y": "3.448275815633336", "Id": 0, "area": 136572.15568900001 }, "geometry": { "type": "Point", "coordinates": [ -76.518419577795754, 3.448275815633336 ] } },
{ "type": "Feature", "properties": { "NUM_INSCRI": "982754", "Mes_Dia_An": "5 de abril de 2017", "Mes_Dia_A1": "11 de marzo de 2025", "CATEGORIA": "PERSONA NATURAL", "NOMBRE_SEC": "COMERCIO AL POR MAYOR Y AL POR MENOR; REPARACI?N DE VEH?CULOS AUTOMOTORES Y MOTOCICLETAS", "CODIGO_CII": "4530", "DESC_CIIU": "COMERCIO DE PARTES, PIEZAS (AUTOPARTES) Y ACCESORIOS (LUJOS) PARA", "TAMANO957": "MICRO", "CIUDAD": "Cali", "COMUNA": "Comuna 09", "BARRIO": "Barrio Obrero", "DIRECCION_": "-KR 15 # 22 - 37", "TIPO_REGIS": "MERCANTIL", "PERSONAL_O": "2.0", "NUMERO_DE_": "0", "NUMERO_DE1": "2", "INGRESOS_A": "0.0", "X": "-76.52027974192858", "Y": "3.444524629549947", "Id": 0, "area": 136572.15568900001 }, "geometry": { "type": "Point", "coordinates": [ -76.520279741928576, 3.444524629549947 ] } },
{ "type": "Feature", "properties": { "NUM_INSCRI": "990844", "Mes_Dia_An": "11 de julio de 2017", "Mes_Dia_A1": "25 de febrero de 2025", "CATEGORIA": "PERSONA NATURAL", "NOMBRE_SEC": "COMERCIO AL POR MAYOR Y AL POR MENOR; REPARACI?N DE VEH?CULOS AUTOMOTORES Y MOTOCICLETAS", "CODIGO_CII": "4530", "DESC_CIIU": "COMERCIO DE PARTES, PIEZAS (AUTOPARTES) Y ACCESORIOS (LUJOS) PARA", "TAMANO957": "MICRO", "CIUDAD": "Cali", "COMUNA": "Comuna 09", "BARRIO": "Barrio Obrero", "DIRECCION_": "-CL 25 # 11 B - 28", "TIPO_REGIS": "MERCANTIL", "PERSONAL_O": "1.0", "NUMERO_DE_": "1", "NUMERO_DE1": "0", "INGRESOS_A": "21860000.0", "X": "-76.5182989866286", "Y": "3.448295710758762", "Id": 0, "area": 136572.15568900001 }, "geometry": { "type": "Point", "coordinates": [ -76.518298986628594, 3.448295710758762 ] } },
{ "type": "Feature", "properties": { "NUM_INSCRI": "1005973", "Mes_Dia_An": "30 de enero de 2018", "Mes_Dia_A1": "25 de febrero de 2025", "CATEGORIA": "PERSONA NATURAL", "NOMBRE_SEC": "COMERCIO AL POR MAYOR Y AL POR MENOR; REPARACI?N DE VEH?CULOS AUTOMOTORES Y MOTOCICLETAS", "CODIGO_CII": "4530", "DESC_CIIU": "COMERCIO DE PARTES, PIEZAS (AUTOPARTES) Y ACCESORIOS (LUJOS) PARA", "TAMANO957": "MICRO", "CIUDAD": "Cali", "COMUNA": "Comuna 09", "BARRIO": "Barrio Obrero", "DIRECCION_": "-KR 15 # 22 A - 53", "TIPO_REGIS": "MERCANTIL", "PERSONAL_O": "1.0", "NUMERO_DE_": "1", "NUMERO_DE1": "0", "INGRESOS_A": "0.0", "X": "-76.51945810507631", "Y": "3.445021109792377", "Id": 0, "area": 136572.15568900001 }, "geometry": { "type": "Point", "coordinates": [ -76.519458105076311, 3.445021109792377 ] } },
{ "type": "Feature", "properties": { "NUM_INSCRI": "1006587", "Mes_Dia_An": "5 de febrero de 2018", "Mes_Dia_A1": "30 de septiembre de 2025", "CATEGORIA": "PERSONA NATURAL", "NOMBRE_SEC": "COMERCIO AL POR MAYOR Y AL POR MENOR; REPARACI?N DE VEH?CULOS AUTOMOTORES Y MOTOCICLETAS", "CODIGO_CII": "4530", "DESC_CIIU": "COMERCIO DE PARTES, PIEZAS (AUTOPARTES) Y ACCESORIOS (LUJOS) PARA", "TAMANO957": "MICRO", "CIUDAD": "Cali", "COMUNA": "Comuna 09", "BARRIO": "Barrio Obrero", "DIRECCION_": "-CL 23 # 12 - 23", "TIPO_REGIS": "MERCANTIL", "PERSONAL_O": "1.0", "NUMERO_DE_": "1", "NUMERO_DE1": "0", "INGRESOS_A": "0.0", "X": "-76.51937710967289", "Y": "3.446348675930409", "Id": 0, "area": 136572.15568900001 }, "geometry": { "type": "Point", "coordinates": [ -76.519377109672888, 3.446348675930409 ] } },
{ "type": "Feature", "properties": { "NUM_INSCRI": "1012014", "Mes_Dia_An": "22 de marzo de 2018", "Mes_Dia_A1": "17 de febrero de 2025", "CATEGORIA": "PERSONA NATURAL", "NOMBRE_SEC": "COMERCIO AL POR MAYOR Y AL POR MENOR; REPARACI?N DE VEH?CULOS AUTOMOTORES Y MOTOCICLETAS", "CODIGO_CII": "4530", "DESC_CIIU": "COMERCIO DE PARTES, PIEZAS (AUTOPARTES) Y ACCESORIOS (LUJOS) PARA", "TAMANO957": "MICRO", "CIUDAD": "Cali", "COMUNA": "Comuna 09", "BARRIO": "Barrio Obrero", "DIRECCION_": "-KR 14 # 21 - 11", "TIPO_REGIS": "MERCANTIL", "PERSONAL_O": "1.0", "NUMERO_DE_": "1", "NUMERO_DE1": "0", "INGRESOS_A": "0.0", "X": "-76.52139925534763", "Y": "3.444799547577662", "Id": 0, "area": 136572.15568900001 }, "geometry": { "type": "Point", "coordinates": [ -76.521399255347632, 3.444799547577662 ] } },
{ "type": "Feature", "properties": { "NUM_INSCRI": "1028349", "Mes_Dia_An": "10 de septiembre de 2018", "Mes_Dia_A1": "9 de mayo de 2025", "CATEGORIA": "PERSONA NATURAL", "NOMBRE_SEC": "COMERCIO AL POR MAYOR Y AL POR MENOR; REPARACI?N DE VEH?CULOS AUTOMOTORES Y MOTOCICLETAS", "CODIGO_CII": "4530", "DESC_CIIU": "COMERCIO DE PARTES, PIEZAS (AUTOPARTES) Y ACCESORIOS (LUJOS) PARA", "TAMANO957": "MICRO", "CIUDAD": "Cali", "COMUNA": "Comuna 09", "BARRIO": "Barrio Obrero", "DIRECCION_": "-CL 23  12   10", "TIPO_REGIS": "MERCANTIL", "PERSONAL_O": "2.0", "NUMERO_DE_": "1", "NUMERO_DE1": "1", "INGRESOS_A": "245410526.0", "X": "-76.5195768944785", "Y": "3.446427353448436", "Id": 0, "area": 136572.15568900001 }, "geometry": { "type": "Point", "coordinates": [ -76.519576894478504, 3.446427353448436 ] } },
{ "type": "Feature", "properties": { "NUM_INSCRI": "1034053", "Mes_Dia_An": "15 de noviembre de 2018", "Mes_Dia_A1": "31 de marzo de 2025", "CATEGORIA": "PERSONA NATURAL", "NOMBRE_SEC": "COMERCIO AL POR MAYOR Y AL POR MENOR; REPARACI?N DE VEH?CULOS AUTOMOTORES Y MOTOCICLETAS", "CODIGO_CII": "4530", "DESC_CIIU": "COMERCIO DE PARTES, PIEZAS (AUTOPARTES) Y ACCESORIOS (LUJOS) PARA", "TAMANO957": "MICRO", "CIUDAD": "Cali", "COMUNA": "Comuna 09", "BARRIO": "Barrio Obrero", "DIRECCION_": "-CL 23 # 12 - 83", "TIPO_REGIS": "MERCANTIL", "PERSONAL_O": "1.0", "NUMERO_DE_": "0", "NUMERO_DE1": "1", "INGRESOS_A": "0.0", "X": "-76.51927001849175", "Y": "3.44581692583135", "Id": 0, "area": 136572.15568900001 }, "geometry": { "type": "Point", "coordinates": [ -76.519270018491753, 3.44581692583135 ] } },
{ "type": "Feature", "properties": { "NUM_INSCRI": "1052479", "Mes_Dia_An": "24 de mayo de 2019", "Mes_Dia_A1": "31 de marzo de 2025", "CATEGORIA": "PERSONA JURIDICA", "NOMBRE_SEC": "COMERCIO AL POR MAYOR Y AL POR MENOR; REPARACI?N DE VEH?CULOS AUTOMOTORES Y MOTOCICLETAS", "CODIGO_CII": "4530", "DESC_CIIU": "COMERCIO DE PARTES, PIEZAS (AUTOPARTES) Y ACCESORIOS (LUJOS) PARA", "TAMANO957": "MICRO", "CIUDAD": "Cali", "COMUNA": "Comuna 09", "BARRIO": "Barrio Obrero", "DIRECCION_": "-CL 22 A # 14 - 24", "TIPO_REGIS": "MERCANTIL", "PERSONAL_O": "12.0", "NUMERO_DE_": "12", "NUMERO_DE1": "0", "INGRESOS_A": "1516899554.0", "X": "-76.52012495378865", "Y": "3.444840242996743", "Id": 0, "area": 136572.15568900001 }, "geometry": { "type": "Point", "coordinates": [ -76.520124953788653, 3.444840242996743 ] } },
{ "type": "Feature", "properties": { "NUM_INSCRI": "1060926", "Mes_Dia_An": "15 de agosto de 2019", "Mes_Dia_A1": "1 de abril de 2025", "CATEGORIA": "PERSONA JURIDICA", "NOMBRE_SEC": "COMERCIO AL POR MAYOR Y AL POR MENOR; REPARACI?N DE VEH?CULOS AUTOMOTORES Y MOTOCICLETAS", "CODIGO_CII": "4530", "DESC_CIIU": "COMERCIO DE PARTES, PIEZAS (AUTOPARTES) Y ACCESORIOS (LUJOS) PARA", "TAMANO957": "MICRO", "CIUDAD": "Cali", "COMUNA": "Comuna 09", "BARRIO": "Barrio Obrero", "DIRECCION_": "-CL 23 # 13 A - 08", "TIPO_REGIS": "MERCANTIL", "PERSONAL_O": "6.0", "NUMERO_DE_": "5", "NUMERO_DE1": "1", "INGRESOS_A": "517869839.0", "X": "-76.51940770829036", "Y": "3.445575468117358", "Id": 0, "area": 136572.15568900001 }, "geometry": { "type": "Point", "coordinates": [ -76.519407708290359, 3.445575468117358 ] } },
{ "type": "Feature", "properties": { "NUM_INSCRI": "1067254", "Mes_Dia_An": "17 de octubre de 2019", "Mes_Dia_A1": "13 de marzo de 2025", "CATEGORIA": "PERSONA NATURAL", "NOMBRE_SEC": "COMERCIO AL POR MAYOR Y AL POR MENOR; REPARACI?N DE VEH?CULOS AUTOMOTORES Y MOTOCICLETAS", "CODIGO_CII": "4530", "DESC_CIIU": "COMERCIO DE PARTES, PIEZAS (AUTOPARTES) Y ACCESORIOS (LUJOS) PARA", "TAMANO957": "MICRO", "CIUDAD": "Cali", "COMUNA": "Comuna 09", "BARRIO": "Barrio Obrero", "DIRECCION_": "-C 25 # 11 - 18", "TIPO_REGIS": "MERCANTIL", "PERSONAL_O": "0.0", "NUMERO_DE_": "0", "NUMERO_DE1": "0", "INGRESOS_A": "0.0", "X": "-76.51853656728207", "Y": "3.449172917812326", "Id": 0, "area": 136572.15568900001 }, "geometry": { "type": "Point", "coordinates": [ -76.518536567282069, 3.449172917812326 ] } },
{ "type": "Feature", "properties": { "NUM_INSCRI": "1072424", "Mes_Dia_An": "10 de enero de 2020", "Mes_Dia_A1": "31 de marzo de 2025", "CATEGORIA": "PERSONA NATURAL", "NOMBRE_SEC": "COMERCIO AL POR MAYOR Y AL POR MENOR; REPARACI?N DE VEH?CULOS AUTOMOTORES Y MOTOCICLETAS", "CODIGO_CII": "4530", "DESC_CIIU": "COMERCIO DE PARTES, PIEZAS (AUTOPARTES) Y ACCESORIOS (LUJOS) PARA", "TAMANO957": "MICRO", "CIUDAD": "Cali", "COMUNA": "Comuna 09", "BARRIO": "Barrio Obrero", "DIRECCION_": "-CL 22  11 D   111", "TIPO_REGIS": "MERCANTIL", "PERSONAL_O": "0.0", "NUMERO_DE_": "0", "NUMERO_DE1": "0", "INGRESOS_A": "0.0", "X": "-76.52107618096383", "Y": "3.446018593649857", "Id": 0, "area": 136572.15568900001 }, "geometry": { "type": "Point", "coordinates": [ -76.521076180963831, 3.446018593649857 ] } },
{ "type": "Feature", "properties": { "NUM_INSCRI": "1076272", "Mes_Dia_An": "10 de febrero de 2020", "Mes_Dia_A1": "26 de marzo de 2025", "CATEGORIA": "PERSONA NATURAL", "NOMBRE_SEC": "COMERCIO AL POR MAYOR Y AL POR MENOR; REPARACI?N DE VEH?CULOS AUTOMOTORES Y MOTOCICLETAS", "CODIGO_CII": "4530", "DESC_CIIU": "COMERCIO DE PARTES, PIEZAS (AUTOPARTES) Y ACCESORIOS (LUJOS) PARA", "TAMANO957": "MICRO", "CIUDAD": "Cali", "COMUNA": "Comuna 09", "BARRIO": "Barrio Obrero", "DIRECCION_": "-KR 14 # 22 - 18", "TIPO_REGIS": "MERCANTIL", "PERSONAL_O": "1.0", "NUMERO_DE_": "1", "NUMERO_DE1": "0", "INGRESOS_A": "0.0", "X": "-76.52054972098757", "Y": "3.444785078559468", "Id": 0, "area": 136572.15568900001 }, "geometry": { "type": "Point", "coordinates": [ -76.520549720987574, 3.444785078559468 ] } },
{ "type": "Feature", "properties": { "NUM_INSCRI": "1093907", "Mes_Dia_An": "11 de septiembre de 2020", "Mes_Dia_A1": "6 de junio de 2025", "CATEGORIA": "PERSONA NATURAL", "NOMBRE_SEC": "COMERCIO AL POR MAYOR Y AL POR MENOR; REPARACI?N DE VEH?CULOS AUTOMOTORES Y MOTOCICLETAS", "CODIGO_CII": "4530", "DESC_CIIU": "COMERCIO DE PARTES, PIEZAS (AUTOPARTES) Y ACCESORIOS (LUJOS) PARA", "TAMANO957": "MICRO", "CIUDAD": "Cali", "COMUNA": "Comuna 09", "BARRIO": "Barrio Obrero", "DIRECCION_": "-CL 23 # 13 A - 61", "TIPO_REGIS": "MERCANTIL", "PERSONAL_O": "0.0", "NUMERO_DE_": "0", "NUMERO_DE1": "0", "INGRESOS_A": "0.0", "X": "-76.51901983868069", "Y": "3.445118777542963", "Id": 0, "area": 136572.15568900001 }, "geometry": { "type": "Point", "coordinates": [ -76.519019838680691, 3.445118777542963 ] } },
{ "type": "Feature", "properties": { "NUM_INSCRI": "1098336", "Mes_Dia_An": "21 de octubre de 2020", "Mes_Dia_A1": "27 de noviembre de 2025", "CATEGORIA": "PERSONA NATURAL", "NOMBRE_SEC": "COMERCIO AL POR MAYOR Y AL POR MENOR; REPARACI?N DE VEH?CULOS AUTOMOTORES Y MOTOCICLETAS", "CODIGO_CII": "4530", "DESC_CIIU": "COMERCIO DE PARTES, PIEZAS (AUTOPARTES) Y ACCESORIOS (LUJOS) PARA", "TAMANO957": "MICRO", "CIUDAD": "Cali", "COMUNA": "Comuna 09", "BARRIO": "Barrio Obrero", "DIRECCION_": "-CARRERA 13A # 22A -18", "TIPO_REGIS": "MERCANTIL", "PERSONAL_O": "2.0", "NUMERO_DE_": "1", "NUMERO_DE1": "1", "INGRESOS_A": "0.0", "X": "-76.51996026608452", "Y": "3.445511260725066", "Id": 0, "area": 136572.15568900001 }, "geometry": { "type": "Point", "coordinates": [ -76.519960266084524, 3.445511260725066 ] } },
{ "type": "Feature", "properties": { "NUM_INSCRI": "1100225", "Mes_Dia_An": "6 de noviembre de 2020", "Mes_Dia_A1": "28 de febrero de 2025", "CATEGORIA": "PERSONA NATURAL", "NOMBRE_SEC": "COMERCIO AL POR MAYOR Y AL POR MENOR; REPARACI?N DE VEH?CULOS AUTOMOTORES Y MOTOCICLETAS", "CODIGO_CII": "4530", "DESC_CIIU": "COMERCIO DE PARTES, PIEZAS (AUTOPARTES) Y ACCESORIOS (LUJOS) PARA", "TAMANO957": "MICRO", "CIUDAD": "Cali", "COMUNA": "Comuna 09", "BARRIO": "Barrio Obrero", "DIRECCION_": "-CL 25 # 8 - 38", "TIPO_REGIS": "MERCANTIL", "PERSONAL_O": "0.0", "NUMERO_DE_": "0", "NUMERO_DE1": "0", "INGRESOS_A": "0.0", "X": "-76.51906392376804", "Y": "3.452476460301148", "Id": 0, "area": 136572.15568900001 }, "geometry": { "type": "Point", "coordinates": [ -76.519063923768044, 3.452476460301148 ] } },
{ "type": "Feature", "properties": { "NUM_INSCRI": "1100764", "Mes_Dia_An": "11 de noviembre de 2020", "Mes_Dia_A1": "22 de mayo de 2024", "CATEGORIA": "PERSONA NATURAL", "NOMBRE_SEC": "COMERCIO AL POR MAYOR Y AL POR MENOR; REPARACI?N DE VEH?CULOS AUTOMOTORES Y MOTOCICLETAS", "CODIGO_CII": "4530", "DESC_CIIU": "COMERCIO DE PARTES, PIEZAS (AUTOPARTES) Y ACCESORIOS (LUJOS) PARA", "TAMANO957": "MICRO", "CIUDAD": "Cali", "COMUNA": "Comuna 09", "BARRIO": "Barrio Obrero", "DIRECCION_": "-CL 22 # 14 - 22", "TIPO_REGIS": "MERCANTIL", "PERSONAL_O": "0.0", "NUMERO_DE_": "0", "NUMERO_DE1": "0", "INGRESOS_A": null, "X": "-76.52086019694097", "Y": "3.444615063214803", "Id": 0, "area": 136572.15568900001 }, "geometry": { "type": "Point", "coordinates": [ -76.520860196940973, 3.444615063214803 ] } },
{ "type": "Feature", "properties": { "NUM_INSCRI": "1106238", "Mes_Dia_An": "27 de enero de 2021", "Mes_Dia_A1": "30 de enero de 2025", "CATEGORIA": "PERSONA JURIDICA", "NOMBRE_SEC": "COMERCIO AL POR MAYOR Y AL POR MENOR; REPARACI?N DE VEH?CULOS AUTOMOTORES Y MOTOCICLETAS", "CODIGO_CII": "4530", "DESC_CIIU": "COMERCIO DE PARTES, PIEZAS (AUTOPARTES) Y ACCESORIOS (LUJOS) PARA", "TAMANO957": "MICRO", "CIUDAD": "Cali", "COMUNA": null, "BARRIO": null, "DIRECCION_": "-KR 15 # 21 - 29", "TIPO_REGIS": "MERCANTIL", "PERSONAL_O": "6.0", "NUMERO_DE_": "3", "NUMERO_DE1": "3", "INGRESOS_A": "959460587.0", "X": "-76.5210644809484", "Y": "3.444292214928102", "Id": 0, "area": 136572.15568900001 }, "geometry": { "type": "Point", "coordinates": [ -76.521064480948397, 3.444292214928102 ] } },
{ "type": "Feature", "properties": { "NUM_INSCRI": "1115864", "Mes_Dia_An": "14 de abril de 2021", "Mes_Dia_A1": "14 de octubre de 2025", "CATEGORIA": "PERSONA NATURAL", "NOMBRE_SEC": "COMERCIO AL POR MAYOR Y AL POR MENOR; REPARACI?N DE VEH?CULOS AUTOMOTORES Y MOTOCICLETAS", "CODIGO_CII": "4530", "DESC_CIIU": "COMERCIO DE PARTES, PIEZAS (AUTOPARTES) Y ACCESORIOS (LUJOS) PARA", "TAMANO957": "MICRO", "CIUDAD": "Cali", "COMUNA": "Comuna 09", "BARRIO": "Belalcazar", "DIRECCION_": "-CRA 15 21 37", "TIPO_REGIS": "MERCANTIL", "PERSONAL_O": "1.0", "NUMERO_DE_": "1", "NUMERO_DE1": "0", "INGRESOS_A": "0.0", "X": "-76.52097088820285", "Y": "3.444229815740684", "Id": 0, "area": 136572.15568900001 }, "geometry": { "type": "Point", "coordinates": [ -76.520970888202854, 3.444229815740684 ] } },
{ "type": "Feature", "properties": { "NUM_INSCRI": "1118814", "Mes_Dia_An": "2 de junio de 2021", "Mes_Dia_A1": "19 de marzo de 2025", "CATEGORIA": "PERSONA NATURAL", "NOMBRE_SEC": "COMERCIO AL POR MAYOR Y AL POR MENOR; REPARACI?N DE VEH?CULOS AUTOMOTORES Y MOTOCICLETAS", "CODIGO_CII": "4530", "DESC_CIIU": "COMERCIO DE PARTES, PIEZAS (AUTOPARTES) Y ACCESORIOS (LUJOS) PARA", "TAMANO957": "MICRO", "CIUDAD": "Cali", "COMUNA": "Comuna 09", "BARRIO": "Belalcazar", "DIRECCION_": "-KR 15 # 21 - 13", "TIPO_REGIS": "MERCANTIL", "PERSONAL_O": "0.0", "NUMERO_DE_": "0", "NUMERO_DE1": "0", "INGRESOS_A": "5000000.0", "X": "-76.52117607218261", "Y": "3.44416018170421", "Id": 0, "area": 136572.15568900001 }, "geometry": { "type": "Point", "coordinates": [ -76.521176072182612, 3.44416018170421 ] } },
{ "type": "Feature", "properties": { "NUM_INSCRI": "1126184", "Mes_Dia_An": "18 de agosto de 2021", "Mes_Dia_A1": "17 de marzo de 2025", "CATEGORIA": "PERSONA NATURAL", "NOMBRE_SEC": "COMERCIO AL POR MAYOR Y AL POR MENOR; REPARACI?N DE VEH?CULOS AUTOMOTORES Y MOTOCICLETAS", "CODIGO_CII": "4530", "DESC_CIIU": "COMERCIO DE PARTES, PIEZAS (AUTOPARTES) Y ACCESORIOS (LUJOS) PARA", "TAMANO957": "MICRO", "CIUDAD": "Cali", "COMUNA": "Comuna 09", "BARRIO": "Barrio Obrero", "DIRECCION_": "-CL 21  14   05", "TIPO_REGIS": "MERCANTIL", "PERSONAL_O": "1.0", "NUMERO_DE_": "0", "NUMERO_DE1": "1", "INGRESOS_A": "276548000.0", "X": "-76.52139745532438", "Y": "3.444613254220786", "Id": 0, "area": 136572.15568900001 }, "geometry": { "type": "Point", "coordinates": [ -76.521397455324376, 3.444613254220786 ] } },
{ "type": "Feature", "properties": { "NUM_INSCRI": "1149907", "Mes_Dia_An": "19 de abril de 2022", "Mes_Dia_A1": "20 de marzo de 2025", "CATEGORIA": "PERSONA NATURAL", "NOMBRE_SEC": "COMERCIO AL POR MAYOR Y AL POR MENOR; REPARACI?N DE VEH?CULOS AUTOMOTORES Y MOTOCICLETAS", "CODIGO_CII": "4530", "DESC_CIIU": "COMERCIO DE PARTES, PIEZAS (AUTOPARTES) Y ACCESORIOS (LUJOS) PARA", "TAMANO957": "MICRO", "CIUDAD": "Cali", "COMUNA": "Comuna 09", "BARRIO": "Barrio Obrero", "DIRECCION_": "-CL 21 # 11 D - 89", "TIPO_REGIS": "MERCANTIL", "PERSONAL_O": "0.0", "NUMERO_DE_": "0", "NUMERO_DE1": "0", "INGRESOS_A": "0.0", "X": "-76.52163863823012", "Y": "3.446026732208511", "Id": 0, "area": 136572.15568900001 }, "geometry": { "type": "Point", "coordinates": [ -76.521638638230115, 3.446026732208511 ] } },
{ "type": "Feature", "properties": { "NUM_INSCRI": "1151992", "Mes_Dia_An": "9 de mayo de 2022", "Mes_Dia_A1": "26 de junio de 2025", "CATEGORIA": "PERSONA NATURAL", "NOMBRE_SEC": "COMERCIO AL POR MAYOR Y AL POR MENOR; REPARACI?N DE VEH?CULOS AUTOMOTORES Y MOTOCICLETAS", "CODIGO_CII": "4530", "DESC_CIIU": "COMERCIO DE PARTES, PIEZAS (AUTOPARTES) Y ACCESORIOS (LUJOS) PARA", "TAMANO957": "MICRO", "CIUDAD": "Cali", "COMUNA": "Comuna 09", "BARRIO": "Barrio Obrero", "DIRECCION_": "-CL 22 # 14 - 64", "TIPO_REGIS": "MERCANTIL", "PERSONAL_O": "1.0", "NUMERO_DE_": "1", "NUMERO_DE1": "0", "INGRESOS_A": "7193000.0", "X": "-76.52072160761652", "Y": "3.444257850252927", "Id": 0, "area": 136572.15568900001 }, "geometry": { "type": "Point", "coordinates": [ -76.520721607616522, 3.444257850252927 ] } },
{ "type": "Feature", "properties": { "NUM_INSCRI": "1154437", "Mes_Dia_An": "3 de junio de 2022", "Mes_Dia_A1": "28 de marzo de 2025", "CATEGORIA": "PERSONA NATURAL", "NOMBRE_SEC": "COMERCIO AL POR MAYOR Y AL POR MENOR; REPARACI?N DE VEH?CULOS AUTOMOTORES Y MOTOCICLETAS", "CODIGO_CII": "4530", "DESC_CIIU": "COMERCIO DE PARTES, PIEZAS (AUTOPARTES) Y ACCESORIOS (LUJOS) PARA", "TAMANO957": "MICRO", "CIUDAD": "Cali", "COMUNA": "Comuna 09", "BARRIO": "Barrio Obrero", "DIRECCION_": "-KR 14 # 22 - 25", "TIPO_REGIS": "MERCANTIL", "PERSONAL_O": "0.0", "NUMERO_DE_": "0", "NUMERO_DE1": "0", "INGRESOS_A": "0.0", "X": "-76.52058931793574", "Y": "3.445079892319256", "Id": 0, "area": 136572.15568900001 }, "geometry": { "type": "Point", "coordinates": [ -76.520589317935745, 3.445079892319256 ] } },
{ "type": "Feature", "properties": { "NUM_INSCRI": "1167635", "Mes_Dia_An": "10 de octubre de 2022", "Mes_Dia_A1": "19 de marzo de 2025", "CATEGORIA": "PERSONA JURIDICA", "NOMBRE_SEC": "COMERCIO AL POR MAYOR Y AL POR MENOR; REPARACI?N DE VEH?CULOS AUTOMOTORES Y MOTOCICLETAS", "CODIGO_CII": "4530", "DESC_CIIU": "COMERCIO DE PARTES, PIEZAS (AUTOPARTES) Y ACCESORIOS (LUJOS) PARA", "TAMANO957": "MICRO", "CIUDAD": "Cali", "COMUNA": "Comuna 09", "BARRIO": "Belalcazar", "DIRECCION_": "-KR 15 # 21 - 13", "TIPO_REGIS": "MERCANTIL", "PERSONAL_O": "1.0", "NUMERO_DE_": "1", "NUMERO_DE1": "0", "INGRESOS_A": "15000000.0", "X": "-76.52117607218261", "Y": "3.44416018170421", "Id": 0, "area": 136572.15568900001 }, "geometry": { "type": "Point", "coordinates": [ -76.521176072182612, 3.44416018170421 ] } },
{ "type": "Feature", "properties": { "NUM_INSCRI": "1176554", "Mes_Dia_An": "2 de febrero de 2023", "Mes_Dia_A1": "1 de abril de 2024", "CATEGORIA": "PERSONA JURIDICA", "NOMBRE_SEC": "COMERCIO AL POR MAYOR Y AL POR MENOR; REPARACI?N DE VEH?CULOS AUTOMOTORES Y MOTOCICLETAS", "CODIGO_CII": "4530", "DESC_CIIU": "COMERCIO DE PARTES, PIEZAS (AUTOPARTES) Y ACCESORIOS (LUJOS) PARA", "TAMANO957": "MICRO", "CIUDAD": "Cali", "COMUNA": null, "BARRIO": null, "DIRECCION_": "-KR 15 # 22 - 01", "TIPO_REGIS": "MERCANTIL", "PERSONAL_O": "3.0", "NUMERO_DE_": "1", "NUMERO_DE1": "2", "INGRESOS_A": null, "X": "-76.52056411987421", "Y": "3.444426961228899", "Id": 0, "area": 136572.15568900001 }, "geometry": { "type": "Point", "coordinates": [ -76.520564119874209, 3.444426961228899 ] } },
{ "type": "Feature", "properties": { "NUM_INSCRI": "1178345", "Mes_Dia_An": "17 de febrero de 2023", "Mes_Dia_A1": "6 de abril de 2025", "CATEGORIA": "PERSONA JURIDICA", "NOMBRE_SEC": "COMERCIO AL POR MAYOR Y AL POR MENOR; REPARACI?N DE VEH?CULOS AUTOMOTORES Y MOTOCICLETAS", "CODIGO_CII": "4530", "DESC_CIIU": "COMERCIO DE PARTES, PIEZAS (AUTOPARTES) Y ACCESORIOS (LUJOS) PARA", "TAMANO957": "MICRO", "CIUDAD": "Cali", "COMUNA": "Comuna 09", "BARRIO": "Barrio Obrero", "DIRECCION_": "-CL 24  10   52", "TIPO_REGIS": "MERCANTIL", "PERSONAL_O": "1.0", "NUMERO_DE_": "1", "NUMERO_DE1": "0", "INGRESOS_A": "493383330.0", "X": "-76.51938160532892", "Y": "3.449594340098797", "Id": 0, "area": 136572.15568900001 }, "geometry": { "type": "Point", "coordinates": [ -76.519381605328917, 3.449594340098797 ] } },
{ "type": "Feature", "properties": { "NUM_INSCRI": "1180027", "Mes_Dia_An": "3 de marzo de 2023", "Mes_Dia_A1": "1 de abril de 2025", "CATEGORIA": "PERSONA NATURAL", "NOMBRE_SEC": "COMERCIO AL POR MAYOR Y AL POR MENOR; REPARACI?N DE VEH?CULOS AUTOMOTORES Y MOTOCICLETAS", "CODIGO_CII": "4530", "DESC_CIIU": "COMERCIO DE PARTES, PIEZAS (AUTOPARTES) Y ACCESORIOS (LUJOS) PARA", "TAMANO957": "MICRO", "CIUDAD": "Cali", "COMUNA": "Comuna 09", "BARRIO": "Barrio Obrero", "DIRECCION_": "-KR 14 # 21 - 40", "TIPO_REGIS": "MERCANTIL", "PERSONAL_O": "0.0", "NUMERO_DE_": "0", "NUMERO_DE1": "0", "INGRESOS_A": "0.0", "X": "-76.52108877923791", "Y": "3.44461958479903", "Id": 0, "area": 136572.15568900001 }, "geometry": { "type": "Point", "coordinates": [ -76.521088779237914, 3.44461958479903 ] } },
{ "type": "Feature", "properties": { "NUM_INSCRI": "1206592", "Mes_Dia_An": "10 de enero de 2024", "Mes_Dia_A1": "27 de marzo de 2025", "CATEGORIA": "PERSONA NATURAL", "NOMBRE_SEC": "COMERCIO AL POR MAYOR Y AL POR MENOR; REPARACI?N DE VEH?CULOS AUTOMOTORES Y MOTOCICLETAS", "CODIGO_CII": "4530", "DESC_CIIU": "COMERCIO DE PARTES, PIEZAS (AUTOPARTES) Y ACCESORIOS (LUJOS) PARA", "TAMANO957": "MICRO", "CIUDAD": "Cali", "COMUNA": "Comuna 09", "BARRIO": "Barrio Obrero", "DIRECCION_": "-CL 23  11 B   21", "TIPO_REGIS": "MERCANTIL", "PERSONAL_O": "0.0", "NUMERO_DE_": "0", "NUMERO_DE1": "0", "INGRESOS_A": "0.0", "X": "-76.51973078144603", "Y": "3.448043403177742", "Id": 0, "area": 136572.15568900001 }, "geometry": { "type": "Point", "coordinates": [ -76.519730781446029, 3.448043403177742 ] } },
{ "type": "Feature", "properties": { "NUM_INSCRI": "1207080", "Mes_Dia_An": "12 de enero de 2024", "Mes_Dia_A1": "14 de noviembre de 2025", "CATEGORIA": "PERSONA NATURAL", "NOMBRE_SEC": "COMERCIO AL POR MAYOR Y AL POR MENOR; REPARACI?N DE VEH?CULOS AUTOMOTORES Y MOTOCICLETAS", "CODIGO_CII": "4530", "DESC_CIIU": "COMERCIO DE PARTES, PIEZAS (AUTOPARTES) Y ACCESORIOS (LUJOS) PARA", "TAMANO957": "MICRO", "CIUDAD": "Cali", "COMUNA": "Comuna 09", "BARRIO": "Barrio Obrero", "DIRECCION_": "-CR 15   21   53", "TIPO_REGIS": "MERCANTIL", "PERSONAL_O": "0.0", "NUMERO_DE_": "0", "NUMERO_DE1": "0", "INGRESOS_A": "0.0", "X": "-76.52085479727756", "Y": "3.444347379554486", "Id": 0, "area": 136572.15568900001 }, "geometry": { "type": "Point", "coordinates": [ -76.520854797277565, 3.444347379554486 ] } },
{ "type": "Feature", "properties": { "NUM_INSCRI": "1207094", "Mes_Dia_An": "12 de enero de 2024", "Mes_Dia_A1": "12 de enero de 2024", "CATEGORIA": "PERSONA NATURAL", "NOMBRE_SEC": "COMERCIO AL POR MAYOR Y AL POR MENOR; REPARACI?N DE VEH?CULOS AUTOMOTORES Y MOTOCICLETAS", "CODIGO_CII": "4530", "DESC_CIIU": "COMERCIO DE PARTES, PIEZAS (AUTOPARTES) Y ACCESORIOS (LUJOS) PARA", "TAMANO957": "MICRO", "CIUDAD": "Cali", "COMUNA": null, "BARRIO": null, "DIRECCION_": "-CR 15  21   37", "TIPO_REGIS": "MERCANTIL", "PERSONAL_O": "0.0", "NUMERO_DE_": "0", "NUMERO_DE1": "0", "INGRESOS_A": null, "X": "-76.52097088820285", "Y": "3.444229815740684", "Id": 0, "area": 136572.15568900001 }, "geometry": { "type": "Point", "coordinates": [ -76.520970888202854, 3.444229815740684 ] } },
{ "type": "Feature", "properties": { "NUM_INSCRI": "1207429", "Mes_Dia_An": "16 de enero de 2024", "Mes_Dia_A1": "16 de enero de 2024", "CATEGORIA": "PERSONA NATURAL", "NOMBRE_SEC": "COMERCIO AL POR MAYOR Y AL POR MENOR; REPARACI?N DE VEH?CULOS AUTOMOTORES Y MOTOCICLETAS", "CODIGO_CII": "4530", "DESC_CIIU": "COMERCIO DE PARTES, PIEZAS (AUTOPARTES) Y ACCESORIOS (LUJOS) PARA", "TAMANO957": "MICRO", "CIUDAD": "Cali", "COMUNA": null, "BARRIO": null, "DIRECCION_": "-CR 11  22   58", "TIPO_REGIS": "MERCANTIL", "PERSONAL_O": "0.0", "NUMERO_DE_": "0", "NUMERO_DE1": "0", "INGRESOS_A": null, "X": "-76.52114637729659", "Y": "3.448752403273956", "Id": 0, "area": 136572.15568900001 }, "geometry": { "type": "Point", "coordinates": [ -76.521146377296589, 3.448752403273956 ] } },
{ "type": "Feature", "properties": { "NUM_INSCRI": "1224513", "Mes_Dia_An": "27 de junio de 2024", "Mes_Dia_A1": "20 de marzo de 2025", "CATEGORIA": "PERSONA NATURAL", "NOMBRE_SEC": "COMERCIO AL POR MAYOR Y AL POR MENOR; REPARACI?N DE VEH?CULOS AUTOMOTORES Y MOTOCICLETAS", "CODIGO_CII": "4530", "DESC_CIIU": "COMERCIO DE PARTES, PIEZAS (AUTOPARTES) Y ACCESORIOS (LUJOS) PARA", "TAMANO957": "MICRO", "CIUDAD": "Cali", "COMUNA": "Comuna 09", "BARRIO": "Barrio Obrero", "DIRECCION_": "-CL 22 A  12   55", "TIPO_REGIS": "MERCANTIL", "PERSONAL_O": "0.0", "NUMERO_DE_": "0", "NUMERO_DE1": "0", "INGRESOS_A": "0.0", "X": "-76.52016365036738", "Y": "3.445880230194887", "Id": 0, "area": 136572.15568900001 }, "geometry": { "type": "Point", "coordinates": [ -76.52016365036738, 3.445880230194887 ] } },
{ "type": "Feature", "properties": { "NUM_INSCRI": "1226403", "Mes_Dia_An": "17 de julio de 2024", "Mes_Dia_A1": "25 de febrero de 2025", "CATEGORIA": "PERSONA NATURAL", "NOMBRE_SEC": "COMERCIO AL POR MAYOR Y AL POR MENOR; REPARACI?N DE VEH?CULOS AUTOMOTORES Y MOTOCICLETAS", "CODIGO_CII": "4530", "DESC_CIIU": "COMERCIO DE PARTES, PIEZAS (AUTOPARTES) Y ACCESORIOS (LUJOS) PARA", "TAMANO957": "MICRO", "CIUDAD": "Cali", "COMUNA": "Comuna 09", "BARRIO": "Barrio Obrero", "DIRECCION_": "-CL 25  11 B   02", "TIPO_REGIS": "MERCANTIL", "PERSONAL_O": "0.0", "NUMERO_DE_": "0", "NUMERO_DE1": "0", "INGRESOS_A": "0.0", "X": "-76.51828908686333", "Y": "3.448503708157832", "Id": 0, "area": 136572.15568900001 }, "geometry": { "type": "Point", "coordinates": [ -76.518289086863334, 3.448503708157832 ] } },
{ "type": "Feature", "properties": { "NUM_INSCRI": "1242587", "Mes_Dia_An": "30 de enero de 2025", "Mes_Dia_A1": "30 de enero de 2025", "CATEGORIA": "PERSONA NATURAL", "NOMBRE_SEC": "COMERCIO AL POR MAYOR Y AL POR MENOR; REPARACI?N DE VEH?CULOS AUTOMOTORES Y MOTOCICLETAS", "CODIGO_CII": "4530", "DESC_CIIU": "COMERCIO DE PARTES, PIEZAS (AUTOPARTES) Y ACCESORIOS (LUJOS) PARA", "TAMANO957": "MICRO", "CIUDAD": "Cali", "COMUNA": "Comuna 09", "BARRIO": "Barrio Obrero", "DIRECCION_": "-CR 14  22   71", "TIPO_REGIS": "MERCANTIL", "PERSONAL_O": "0.0", "NUMERO_DE_": "0", "NUMERO_DE1": "0", "INGRESOS_A": "0.0", "X": "-76.52020234768628", "Y": "3.445174847603064", "Id": 0, "area": 136572.15568900001 }, "geometry": { "type": "Point", "coordinates": [ -76.520202347686279, 3.445174847603064 ] } },
{ "type": "Feature", "properties": { "NUM_INSCRI": "1242873", "Mes_Dia_An": "3 de febrero de 2025", "Mes_Dia_A1": "3 de febrero de 2025", "CATEGORIA": "PERSONA NATURAL", "NOMBRE_SEC": "COMERCIO AL POR MAYOR Y AL POR MENOR; REPARACI?N DE VEH?CULOS AUTOMOTORES Y MOTOCICLETAS", "CODIGO_CII": "4530", "DESC_CIIU": "COMERCIO DE PARTES, PIEZAS (AUTOPARTES) Y ACCESORIOS (LUJOS) PARA", "TAMANO957": "MICRO", "CIUDAD": "Cali", "COMUNA": "Comuna 09", "BARRIO": "Guayaquil", "DIRECCION_": "-CR 15  21   33 LC 101", "TIPO_REGIS": "MERCANTIL", "PERSONAL_O": "0.0", "NUMERO_DE_": "0", "NUMERO_DE1": "0", "INGRESOS_A": "0.0", "X": "-76.52100508553481", "Y": "3.444218059348243", "Id": 0, "area": 136572.15568900001 }, "geometry": { "type": "Point", "coordinates": [ -76.52100508553481, 3.444218059348243 ] } },
{ "type": "Feature", "properties": { "NUM_INSCRI": "1245681", "Mes_Dia_An": "26 de febrero de 2025", "Mes_Dia_A1": "26 de febrero de 2025", "CATEGORIA": "PERSONA NATURAL", "NOMBRE_SEC": "COMERCIO AL POR MAYOR Y AL POR MENOR; REPARACI?N DE VEH?CULOS AUTOMOTORES Y MOTOCICLETAS", "CODIGO_CII": "4530", "DESC_CIIU": "COMERCIO DE PARTES, PIEZAS (AUTOPARTES) Y ACCESORIOS (LUJOS) PARA", "TAMANO957": "MICRO", "CIUDAD": "Cali", "COMUNA": "Comuna 09", "BARRIO": "Barrio Obrero", "DIRECCION_": "-CL 22  14   07", "TIPO_REGIS": "MERCANTIL", "PERSONAL_O": "0.0", "NUMERO_DE_": "0", "NUMERO_DE1": "0", "INGRESOS_A": "0.0", "X": "-76.52070720881969", "Y": "3.44480406961901", "Id": 0, "area": 136572.15568900001 }, "geometry": { "type": "Point", "coordinates": [ -76.520707208819687, 3.44480406961901 ] } },
{ "type": "Feature", "properties": { "NUM_INSCRI": "1255616", "Mes_Dia_An": "5 de junio de 2025", "Mes_Dia_A1": "5 de junio de 2025", "CATEGORIA": "PERSONA NATURAL", "NOMBRE_SEC": "COMERCIO AL POR MAYOR Y AL POR MENOR; REPARACI?N DE VEH?CULOS AUTOMOTORES Y MOTOCICLETAS", "CODIGO_CII": "4530", "DESC_CIIU": "COMERCIO DE PARTES, PIEZAS (AUTOPARTES) Y ACCESORIOS (LUJOS) PARA", "TAMANO957": "MICRO", "CIUDAD": "Cali", "COMUNA": "Comuna 09", "BARRIO": "Barrio Obrero", "DIRECCION_": "-CL 21  14   09", "TIPO_REGIS": "MERCANTIL", "PERSONAL_O": "0.0", "NUMERO_DE_": "0", "NUMERO_DE1": "0", "INGRESOS_A": "0.0", "X": "-76.52138575620107", "Y": "3.444578889436648", "Id": 0, "area": 136572.15568900001 }, "geometry": { "type": "Point", "coordinates": [ -76.52138575620107, 3.444578889436648 ] } },
{ "type": "Feature", "properties": { "NUM_INSCRI": "1260282", "Mes_Dia_An": "23 de julio de 2025", "Mes_Dia_A1": "23 de julio de 2025", "CATEGORIA": "PERSONA NATURAL", "NOMBRE_SEC": "COMERCIO AL POR MAYOR Y AL POR MENOR; REPARACI?N DE VEH?CULOS AUTOMOTORES Y MOTOCICLETAS", "CODIGO_CII": "4530", "DESC_CIIU": "COMERCIO DE PARTES, PIEZAS (AUTOPARTES) Y ACCESORIOS (LUJOS) PARA", "TAMANO957": "MICRO", "CIUDAD": "Cali", "COMUNA": "Comuna 09", "BARRIO": "Barrio Obrero", "DIRECCION_": "-CL 22  13 A   23", "TIPO_REGIS": "MERCANTIL", "PERSONAL_O": "0.0", "NUMERO_DE_": "0", "NUMERO_DE1": "0", "INGRESOS_A": "0.0", "X": "-76.52073240693106", "Y": "3.445132343832097", "Id": 0, "area": 136572.15568900001 }, "geometry": { "type": "Point", "coordinates": [ -76.52073240693106, 3.445132343832097 ] } },
{ "type": "Feature", "properties": { "NUM_INSCRI": "172938", "Mes_Dia_An": "19 de abril de 2000", "Mes_Dia_A1": "26 de marzo de 2025", "CATEGORIA": "PERSONA NATURAL", "NOMBRE_SEC": "COMERCIO AL POR MAYOR Y AL POR MENOR; REPARACI?N DE VEH?CULOS AUTOMOTORES Y MOTOCICLETAS", "CODIGO_CII": "4541", "DESC_CIIU": "COMERCIO, MANTENIMIENTO Y REPARACION DE MOTOCICLETAS Y DE SUS PAR", "TAMANO957": "PEQUENA", "CIUDAD": "Cali", "COMUNA": "Comuna 09", "BARRIO": "Barrio Obrero", "DIRECCION_": "-KR 11 D # 21 - 02", "TIPO_REGIS": "MERCANTIL", "PERSONAL_O": "9.0", "NUMERO_DE_": "8", "NUMERO_DE1": "1", "INGRESOS_A": "3649315782.0", "X": "-76.52184112386576", "Y": "3.446791800770741", "Id": 0, "area": 136572.15568900001 }, "geometry": { "type": "Point", "coordinates": [ -76.521841123865755, 3.446791800770741 ] } },
{ "type": "Feature", "properties": { "NUM_INSCRI": "1170815", "Mes_Dia_An": "17 de noviembre de 2022", "Mes_Dia_A1": "31 de marzo de 2025", "CATEGORIA": "PERSONA JURIDICA", "NOMBRE_SEC": "COMERCIO AL POR MAYOR Y AL POR MENOR; REPARACI?N DE VEH?CULOS AUTOMOTORES Y MOTOCICLETAS", "CODIGO_CII": "4541", "DESC_CIIU": "COMERCIO DE MOTOCICLETAS Y DE SUS PARTES, PIEZAS Y ACCESORIOS", "TAMANO957": "MICRO", "CIUDAD": "Cali", "COMUNA": "Comuna 09", "BARRIO": "Sucre", "DIRECCION_": "-CL 21 # 11 B - 07", "TIPO_REGIS": "MERCANTIL", "PERSONAL_O": "4.0", "NUMERO_DE_": "4", "NUMERO_DE1": "0", "INGRESOS_A": "949348321.0", "X": "-76.52204990940429", "Y": "3.447587616713095", "Id": 0, "area": 136572.15568900001 }, "geometry": { "type": "Point", "coordinates": [ -76.522049909404288, 3.447587616713095 ] } },
{ "type": "Feature", "properties": { "NUM_INSCRI": "1272183", "Mes_Dia_An": "3 de diciembre de 2025", "Mes_Dia_A1": "3 de diciembre de 2025", "CATEGORIA": "PERSONA JURIDICA", "NOMBRE_SEC": "COMERCIO AL POR MAYOR Y AL POR MENOR; REPARACI?N DE VEH?CULOS AUTOMOTORES Y MOTOCICLETAS", "CODIGO_CII": "4541", "DESC_CIIU": "COMERCIO DE MOTOCICLETAS Y DE SUS PARTES, PIEZAS Y ACCESORIOS", "TAMANO957": "MICRO", "CIUDAD": "Cali", "COMUNA": "Comuna 09", "BARRIO": "Barrio Obrero", "DIRECCION_": "-CR 8 # 21-02", "TIPO_REGIS": "MERCANTIL", "PERSONAL_O": "1.0", "NUMERO_DE_": "1", "NUMERO_DE1": "0", "INGRESOS_A": "0.0", "X": "-76.52297505090158", "Y": "3.45166707720053", "Id": 0, "area": 136572.15568900001 }, "geometry": { "type": "Point", "coordinates": [ -76.522975050901579, 3.45166707720053 ] } },
{ "type": "Feature", "properties": { "NUM_INSCRI": "1269716", "Mes_Dia_An": "29 de octubre de 2025", "Mes_Dia_A1": "29 de octubre de 2025", "CATEGORIA": "PERSONA NATURAL", "NOMBRE_SEC": "COMERCIO AL POR MAYOR Y AL POR MENOR; REPARACI?N DE VEH?CULOS AUTOMOTORES Y MOTOCICLETAS", "CODIGO_CII": "4542", "DESC_CIIU": "MANTENIMIENTO Y REPARACI?N DE MOTOCICLETAS Y DE SUS PARTES Y PIEZ", "TAMANO957": "MICRO", "CIUDAD": "Cali", "COMUNA": "Comuna 09", "BARRIO": "Barrio Obrero", "DIRECCION_": "-CL 21  11 B   67", "TIPO_REGIS": "MERCANTIL", "PERSONAL_O": "0.0", "NUMERO_DE_": "0", "NUMERO_DE1": "0", "INGRESOS_A": "0.0", "X": "-76.52189512018985", "Y": "3.447067623374389", "Id": 0, "area": 136572.15568900001 }, "geometry": { "type": "Point", "coordinates": [ -76.521895120189853, 3.447067623374389 ] } },
{ "type": "Feature", "properties": { "NUM_INSCRI": "504550", "Mes_Dia_An": "18 de julio de 2002", "Mes_Dia_A1": "25 de marzo de 2025", "CATEGORIA": "PERSONA NATURAL", "NOMBRE_SEC": "COMERCIO AL POR MAYOR Y AL POR MENOR; REPARACI?N DE VEH?CULOS AUTOMOTORES Y MOTOCICLETAS", "CODIGO_CII": "4620", "DESC_CIIU": "COMERCIO AL POR MAYOR DE MATERIAS PRIMAS AGROPECUARIAS; ANIMALES", "TAMANO957": "MICRO", "CIUDAD": "Cali", "COMUNA": "Comuna 09", "BARRIO": "Barrio Obrero", "DIRECCION_": "-KR 9 # 22 - 68", "TIPO_REGIS": "MERCANTIL", "PERSONAL_O": "1.0", "NUMERO_DE_": "1", "NUMERO_DE1": "0", "INGRESOS_A": "530493463.0", "X": "-76.52138486121461", "Y": "3.450334992146231", "Id": 0, "area": 136572.15568900001 }, "geometry": { "type": "Point", "coordinates": [ -76.521384861214614, 3.450334992146231 ] } },
{ "type": "Feature", "properties": { "NUM_INSCRI": "1009819", "Mes_Dia_An": "5 de marzo de 2018", "Mes_Dia_A1": "28 de marzo de 2025", "CATEGORIA": "PERSONA NATURAL", "NOMBRE_SEC": "COMERCIO AL POR MAYOR Y AL POR MENOR; REPARACI?N DE VEH?CULOS AUTOMOTORES Y MOTOCICLETAS", "CODIGO_CII": "4620", "DESC_CIIU": "COMERCIO AL POR MAYOR DE MATERIAS PRIMAS AGROPECUARIAS; ANIMALES", "TAMANO957": "MICRO", "CIUDAD": "Cali", "COMUNA": "Comuna 09", "BARRIO": "Barrio Obrero", "DIRECCION_": "-CL 22 A # 9 - 34", "TIPO_REGIS": "MERCANTIL", "PERSONAL_O": "1.0", "NUMERO_DE_": "1", "NUMERO_DE1": "0", "INGRESOS_A": "100000000.0", "X": "-76.52141365900316", "Y": "3.450163168169437", "Id": 0, "area": 136572.15568900001 }, "geometry": { "type": "Point", "coordinates": [ -76.521413659003159, 3.450163168169437 ] } },
{ "type": "Feature", "properties": { "NUM_INSCRI": "1081546", "Mes_Dia_An": "30 de marzo de 2020", "Mes_Dia_A1": "18 de marzo de 2024", "CATEGORIA": "PERSONA JURIDICA", "NOMBRE_SEC": "COMERCIO AL POR MAYOR Y AL POR MENOR; REPARACI?N DE VEH?CULOS AUTOMOTORES Y MOTOCICLETAS", "CODIGO_CII": "4631", "DESC_CIIU": "COMERCIO AL POR MAYOR DE PRODUCTOS ALIMENTICIOS", "TAMANO957": "MICRO", "CIUDAD": "Cali", "COMUNA": "Comuna 09", "BARRIO": "Barrio Obrero", "DIRECCION_": "-CL 25 # 9 - 18", "TIPO_REGIS": "MERCANTIL", "PERSONAL_O": "4.0", "NUMERO_DE_": "3", "NUMERO_DE1": "1", "INGRESOS_A": null, "X": "-76.51874984843383", "Y": "3.450937278930261", "Id": 0, "area": 136572.15568900001 }, "geometry": { "type": "Point", "coordinates": [ -76.518749848433828, 3.450937278930261 ] } },
{ "type": "Feature", "properties": { "NUM_INSCRI": "1157288", "Mes_Dia_An": "5 de julio de 2022", "Mes_Dia_A1": "28 de marzo de 2025", "CATEGORIA": "PERSONA JURIDICA", "NOMBRE_SEC": "COMERCIO AL POR MAYOR Y AL POR MENOR; REPARACI?N DE VEH?CULOS AUTOMOTORES Y MOTOCICLETAS", "CODIGO_CII": "4631", "DESC_CIIU": "COMERCIO AL POR MAYOR DE PRODUCTOS ALIMENTICIOS", "TAMANO957": "MICRO", "CIUDAD": "Cali", "COMUNA": "Comuna 09", "BARRIO": "Barrio Obrero", "DIRECCION_": "-CL 22 A # 8 A - 45", "TIPO_REGIS": "MERCANTIL", "PERSONAL_O": "0.0", "NUMERO_DE_": "0", "NUMERO_DE1": "0", "INGRESOS_A": "0.0", "X": "-76.52125977064966", "Y": "3.451011436006941", "Id": 0, "area": 136572.15568900001 }, "geometry": { "type": "Point", "coordinates": [ -76.521259770649664, 3.451011436006941 ] } },
{ "type": "Feature", "properties": { "NUM_INSCRI": "1214464", "Mes_Dia_An": "14 de marzo de 2024", "Mes_Dia_A1": "14 de marzo de 2024", "CATEGORIA": "PERSONA JURIDICA", "NOMBRE_SEC": "COMERCIO AL POR MAYOR Y AL POR MENOR; REPARACI?N DE VEH?CULOS AUTOMOTORES Y MOTOCICLETAS", "CODIGO_CII": "4631", "DESC_CIIU": "COMERCIO AL POR MAYOR DE PRODUCTOS ALIMENTICIOS", "TAMANO957": "MICRO", "CIUDAD": "Cali", "COMUNA": "Comuna 09", "BARRIO": "Barrio Obrero", "DIRECCION_": "-KR 11 B # 23 - 54", "TIPO_REGIS": "MERCANTIL", "PERSONAL_O": "1.0", "NUMERO_DE_": "0", "NUMERO_DE1": "1", "INGRESOS_A": null, "X": "-76.51931321215851", "Y": "3.448148305768164", "Id": 0, "area": 136572.15568900001 }, "geometry": { "type": "Point", "coordinates": [ -76.519313212158508, 3.448148305768164 ] } },
{ "type": "Feature", "properties": { "NUM_INSCRI": "1054730", "Mes_Dia_An": "17 de junio de 2019", "Mes_Dia_A1": "31 de marzo de 2025", "CATEGORIA": "PERSONA JURIDICA", "NOMBRE_SEC": "COMERCIO AL POR MAYOR Y AL POR MENOR; REPARACI?N DE VEH?CULOS AUTOMOTORES Y MOTOCICLETAS", "CODIGO_CII": "4632", "DESC_CIIU": "COMERCIO AL POR MAYOR DE BEBIDAS Y TABACO", "TAMANO957": "PEQUENA", "CIUDAD": "Cali", "COMUNA": "Comuna 09", "BARRIO": "Barrio Obrero", "DIRECCION_": "-CL 23 # 11 - 03", "TIPO_REGIS": "MERCANTIL", "PERSONAL_O": "15.0", "NUMERO_DE_": "9", "NUMERO_DE1": "6", "INGRESOS_A": "6092875783.0", "X": "-76.51994316511232", "Y": "3.449037269284208", "Id": 0, "area": 136572.15568900001 }, "geometry": { "type": "Point", "coordinates": [ -76.519943165112323, 3.449037269284208 ] } },
{ "type": "Feature", "properties": { "NUM_INSCRI": "1114345", "Mes_Dia_An": "30 de marzo de 2021", "Mes_Dia_A1": "12 de agosto de 2024", "CATEGORIA": "PERSONA NATURAL", "NOMBRE_SEC": "COMERCIO AL POR MAYOR Y AL POR MENOR; REPARACI?N DE VEH?CULOS AUTOMOTORES Y MOTOCICLETAS", "CODIGO_CII": "4641", "DESC_CIIU": "COMERCIO AL POR MAYOR DE PRODUCTOS TEXTILES, PRODUCTOS CONFECCION", "TAMANO957": "MICRO", "CIUDAD": "Cali", "COMUNA": "Comuna 04", "BARRIO": "Olaya Herrera", "DIRECCION_": "-KR 11 B # 23 - 47", "TIPO_REGIS": "MERCANTIL", "PERSONAL_O": "0.0", "NUMERO_DE_": "0", "NUMERO_DE1": "0", "INGRESOS_A": null, "X": "-76.51942930324664", "Y": "3.44844221531659", "Id": 0, "area": 136572.15568900001 }, "geometry": { "type": "Point", "coordinates": [ -76.519429303246639, 3.44844221531659 ] } },
{ "type": "Feature", "properties": { "NUM_INSCRI": "878253", "Mes_Dia_An": "5 de agosto de 2013", "Mes_Dia_A1": "28 de marzo de 2025", "CATEGORIA": "PERSONA NATURAL", "NOMBRE_SEC": "COMERCIO AL POR MAYOR Y AL POR MENOR; REPARACI?N DE VEH?CULOS AUTOMOTORES Y MOTOCICLETAS", "CODIGO_CII": "4643", "DESC_CIIU": "COMERCIO AL POR MAYOR DE CALZADO", "TAMANO957": "MICRO", "CIUDAD": "Cali", "COMUNA": "Comuna 09", "BARRIO": "Barrio Obrero", "DIRECCION_": "-KRA 11B # 22-21", "TIPO_REGIS": "MERCANTIL", "PERSONAL_O": "4.0", "NUMERO_DE_": "3", "NUMERO_DE1": "1", "INGRESOS_A": "0.0", "X": "-76.5213263636276", "Y": "3.448119367511545", "Id": 0, "area": 136572.15568900001 }, "geometry": { "type": "Point", "coordinates": [ -76.521326363627594, 3.448119367511545 ] } },
{ "type": "Feature", "properties": { "NUM_INSCRI": "1220950", "Mes_Dia_An": "21 de mayo de 2024", "Mes_Dia_A1": "4 de marzo de 2025", "CATEGORIA": "PERSONA JURIDICA", "NOMBRE_SEC": "COMERCIO AL POR MAYOR Y AL POR MENOR; REPARACI?N DE VEH?CULOS AUTOMOTORES Y MOTOCICLETAS", "CODIGO_CII": "4645", "DESC_CIIU": "COMERCIO AL POR MAYOR DE PRODUCTOS FARMAC?UTICOS, MEDICINALES, CO", "TAMANO957": "MICRO", "CIUDAD": "Cali", "COMUNA": "Comuna 09", "BARRIO": "Barrio Obrero", "DIRECCION_": "-CL 24  10   61", "TIPO_REGIS": "MERCANTIL", "PERSONAL_O": "2.0", "NUMERO_DE_": "0", "NUMERO_DE1": "2", "INGRESOS_A": "0.0", "X": "-76.51908732672257", "Y": "3.449510236382646", "Id": 0, "area": 136572.15568900001 }, "geometry": { "type": "Point", "coordinates": [ -76.51908732672257, 3.449510236382646 ] } },
{ "type": "Feature", "properties": { "NUM_INSCRI": "1255405", "Mes_Dia_An": "3 de junio de 2025", "Mes_Dia_A1": "27 de marzo de 2025", "CATEGORIA": "PERSONA JURIDICA", "NOMBRE_SEC": "COMERCIO AL POR MAYOR Y AL POR MENOR; REPARACI?N DE VEH?CULOS AUTOMOTORES Y MOTOCICLETAS", "CODIGO_CII": "4645", "DESC_CIIU": "COMERCIO AL POR MAYOR DE PRODUCTOS FARMAC?UTICOS, MEDICINALES, CO", "TAMANO957": "MICRO", "CIUDAD": "Cali", "COMUNA": null, "BARRIO": null, "DIRECCION_": "K  9        24       37", "TIPO_REGIS": "MERCANTIL", "PERSONAL_O": "1.0", "NUMERO_DE_": "0", "NUMERO_DE1": "1", "INGRESOS_A": "10000000.0", "X": "-76.51923311392463", "Y": "3.451129903421408", "Id": 0, "area": 136572.15568900001 }, "geometry": { "type": "Point", "coordinates": [ -76.519233113924628, 3.451129903421408 ] } },
{ "type": "Feature", "properties": { "NUM_INSCRI": "766030", "Mes_Dia_An": "29 de mayo de 2009", "Mes_Dia_A1": "28 de marzo de 2025", "CATEGORIA": "PERSONA JURIDICA", "NOMBRE_SEC": "COMERCIO AL POR MAYOR Y AL POR MENOR; REPARACI?N DE VEH?CULOS AUTOMOTORES Y MOTOCICLETAS", "CODIGO_CII": "4659", "DESC_CIIU": "COMERCIO AL POR MAYOR DE PRODUCTOS DIVERSOS NCP", "TAMANO957": "MICRO", "CIUDAD": "Cali", "COMUNA": "Comuna 09", "BARRIO": "Barrio Obrero", "DIRECCION_": "-KR 8 # 21 - 28", "TIPO_REGIS": "MERCANTIL", "PERSONAL_O": "2.0", "NUMERO_DE_": "0", "NUMERO_DE1": "2", "INGRESOS_A": "1557597000.0", "X": "-76.52284815980424", "Y": "3.451670694861519", "Id": 0, "area": 136572.15568900001 }, "geometry": { "type": "Point", "coordinates": [ -76.522848159804241, 3.451670694861519 ] } },
{ "type": "Feature", "properties": { "NUM_INSCRI": "1089276", "Mes_Dia_An": "30 de julio de 2020", "Mes_Dia_A1": "28 de marzo de 2025", "CATEGORIA": "PERSONA JURIDICA", "NOMBRE_SEC": "COMERCIO AL POR MAYOR Y AL POR MENOR; REPARACI?N DE VEH?CULOS AUTOMOTORES Y MOTOCICLETAS", "CODIGO_CII": "4659", "DESC_CIIU": "COMERCIO AL POR MAYOR DE OTROS TIPOS DE MAQUINARIA Y EQUIPO N.C.P", "TAMANO957": "MICRO", "CIUDAD": "Cali", "COMUNA": "Comuna 09", "BARRIO": "Barrio Obrero", "DIRECCION_": "-CL 24 # 8 - 74", "TIPO_REGIS": "MERCANTIL", "PERSONAL_O": "2.0", "NUMERO_DE_": "0", "NUMERO_DE1": "2", "INGRESOS_A": "1234721535.0", "X": "-76.51988646718934", "Y": "3.451941998345412", "Id": 0, "area": 136572.15568900001 }, "geometry": { "type": "Point", "coordinates": [ -76.519886467189338, 3.451941998345412 ] } },
{ "type": "Feature", "properties": { "NUM_INSCRI": "1208736", "Mes_Dia_An": "26 de enero de 2024", "Mes_Dia_A1": "29 de marzo de 2025", "CATEGORIA": "PERSONA JURIDICA", "NOMBRE_SEC": "COMERCIO AL POR MAYOR Y AL POR MENOR; REPARACI?N DE VEH?CULOS AUTOMOTORES Y MOTOCICLETAS", "CODIGO_CII": "4659", "DESC_CIIU": "COMERCIO AL POR MAYOR DE OTROS TIPOS DE MAQUINARIA Y EQUIPO N.C.P", "TAMANO957": "MICRO", "CIUDAD": "Cali", "COMUNA": "Comuna 09", "BARRIO": "Barrio Obrero", "DIRECCION_": "-CR 9  21   20", "TIPO_REGIS": "MERCANTIL", "PERSONAL_O": "0.0", "NUMERO_DE_": "0", "NUMERO_DE1": "0", "INGRESOS_A": "0.0", "X": "-76.52268976760291", "Y": "3.450185774578277", "Id": 0, "area": 136572.15568900001 }, "geometry": { "type": "Point", "coordinates": [ -76.522689767602913, 3.450185774578277 ] } },
{ "type": "Feature", "properties": { "NUM_INSCRI": "1211504", "Mes_Dia_An": "20 de febrero de 2024", "Mes_Dia_A1": "19 de febrero de 2025", "CATEGORIA": "PERSONA JURIDICA", "NOMBRE_SEC": "COMERCIO AL POR MAYOR Y AL POR MENOR; REPARACI?N DE VEH?CULOS AUTOMOTORES Y MOTOCICLETAS", "CODIGO_CII": "4659", "DESC_CIIU": "COMERCIO AL POR MAYOR DE OTROS TIPOS DE MAQUINARIA Y EQUIPO N.C.P", "TAMANO957": "PEQUENA", "CIUDAD": "Cali", "COMUNA": null, "BARRIO": null, "DIRECCION_": "-CL 21 # 13 A - 13 PI 4", "TIPO_REGIS": "MERCANTIL", "PERSONAL_O": "33.0", "NUMERO_DE_": "28", "NUMERO_DE1": "5", "INGRESOS_A": "7037225200.0", "X": "-76.52151354669907", "Y": "3.444983127817665", "Id": 0, "area": 136572.15568900001 }, "geometry": { "type": "Point", "coordinates": [ -76.521513546699069, 3.444983127817665 ] } },
{ "type": "Feature", "properties": { "NUM_INSCRI": "1223175", "Mes_Dia_An": "14 de junio de 2024", "Mes_Dia_A1": "12 de marzo de 2025", "CATEGORIA": "PERSONA NATURAL", "NOMBRE_SEC": "COMERCIO AL POR MAYOR Y AL POR MENOR; REPARACI?N DE VEH?CULOS AUTOMOTORES Y MOTOCICLETAS", "CODIGO_CII": "4659", "DESC_CIIU": "COMERCIO AL POR MAYOR DE OTROS TIPOS DE MAQUINARIA Y EQUIPO N.C.P", "TAMANO957": "MICRO", "CIUDAD": "Cali", "COMUNA": "Comuna 09", "BARRIO": "Barrio Obrero", "DIRECCION_": "-CR 10  22 A   45", "TIPO_REGIS": "MERCANTIL", "PERSONAL_O": "0.0", "NUMERO_DE_": "0", "NUMERO_DE1": "0", "INGRESOS_A": "140000000.0", "X": "-76.52061451626595", "Y": "3.450045604793779", "Id": 0, "area": 136572.15568900001 }, "geometry": { "type": "Point", "coordinates": [ -76.520614516265951, 3.450045604793779 ] } },
{ "type": "Feature", "properties": { "NUM_INSCRI": "1065625", "Mes_Dia_An": "30 de septiembre de 2019", "Mes_Dia_A1": "16 de abril de 2025", "CATEGORIA": "PERSONA NATURAL", "NOMBRE_SEC": "COMERCIO AL POR MAYOR Y AL POR MENOR; REPARACI?N DE VEH?CULOS AUTOMOTORES Y MOTOCICLETAS", "CODIGO_CII": "4661", "DESC_CIIU": "COMERCIO AL POR MAYOR DE COMBUSTIBLES S?LIDOS, L?QUIDOS, GASEOSOS", "TAMANO957": "MICRO", "CIUDAD": "Cali", "COMUNA": "Comuna 09", "BARRIO": "Barrio Obrero", "DIRECCION_": "-CL 23 # 11 - 54", "TIPO_REGIS": "MERCANTIL", "PERSONAL_O": "0.0", "NUMERO_DE_": "0", "NUMERO_DE1": "0", "INGRESOS_A": "0.0", "X": "-76.52003405878874", "Y": "3.448499189053706", "Id": 0, "area": 136572.15568900001 }, "geometry": { "type": "Point", "coordinates": [ -76.520034058788738, 3.448499189053706 ] } },
{ "type": "Feature", "properties": { "NUM_INSCRI": "1078838", "Mes_Dia_An": "28 de febrero de 2020", "Mes_Dia_A1": "26 de marzo de 2024", "CATEGORIA": "PERSONA JURIDICA", "NOMBRE_SEC": "COMERCIO AL POR MAYOR Y AL POR MENOR; REPARACI?N DE VEH?CULOS AUTOMOTORES Y MOTOCICLETAS", "CODIGO_CII": "4661", "DESC_CIIU": "COMERCIO AL POR MAYOR DE COMBUSTIBLES S?LIDOS, L?QUIDOS, GASEOSOS", "TAMANO957": "MICRO", "CIUDAD": "Cali", "COMUNA": "Comuna 09", "BARRIO": "Barrio Obrero", "DIRECCION_": "-CL 23 # 12 - 52 LC 1", "TIPO_REGIS": "MERCANTIL", "PERSONAL_O": "0.0", "NUMERO_DE_": "0", "NUMERO_DE1": "0", "INGRESOS_A": null, "X": "-76.51953729793918", "Y": "3.445989654461592", "Id": 0, "area": 136572.15568900001 }, "geometry": { "type": "Point", "coordinates": [ -76.519537297939181, 3.445989654461592 ] } },
{ "type": "Feature", "properties": { "NUM_INSCRI": "925049", "Mes_Dia_An": "23 de abril de 2015", "Mes_Dia_A1": "12 de marzo de 2025", "CATEGORIA": "PERSONA NATURAL", "NOMBRE_SEC": "COMERCIO AL POR MAYOR Y AL POR MENOR; REPARACI?N DE VEH?CULOS AUTOMOTORES Y MOTOCICLETAS", "CODIGO_CII": "4662", "DESC_CIIU": "COMERCIO AL POR MAYOR DE METALES Y PRODUCTOS METAL?FEROS", "TAMANO957": "MICRO", "CIUDAD": "Cali", "COMUNA": "Comuna 09", "BARRIO": "Barrio Obrero", "DIRECCION_": "-CRA 13 A # 22A - 19", "TIPO_REGIS": "MERCANTIL", "PERSONAL_O": "1.0", "NUMERO_DE_": "1", "NUMERO_DE1": "0", "INGRESOS_A": "0.0", "X": "-76.51998726391105", "Y": "3.445690319403393", "Id": 0, "area": 136572.15568900001 }, "geometry": { "type": "Point", "coordinates": [ -76.519987263911048, 3.445690319403393 ] } },
{ "type": "Feature", "properties": { "NUM_INSCRI": "693447", "Mes_Dia_An": "5 de septiembre de 2006", "Mes_Dia_A1": "21 de abril de 2025", "CATEGORIA": "PERSONA JURIDICA", "NOMBRE_SEC": "COMERCIO AL POR MAYOR Y AL POR MENOR; REPARACI?N DE VEH?CULOS AUTOMOTORES Y MOTOCICLETAS", "CODIGO_CII": "4663", "DESC_CIIU": "COMERCIO AL POR MAYOR DE MATERIALES DE CONSTRUCCI?N, VIDRIO, ART?", "TAMANO957": "PEQUENA", "CIUDAD": "Cali", "COMUNA": "Comuna 09", "BARRIO": "Barrio Obrero", "DIRECCION_": "-KR 8 # 23 - 58", "TIPO_REGIS": "MERCANTIL", "PERSONAL_O": "62.0", "NUMERO_DE_": "48", "NUMERO_DE1": "14", "INGRESOS_A": "8600161432.0", "X": "-76.52025274150762", "Y": "3.452295594127334", "Id": 0, "area": 136572.15568900001 }, "geometry": { "type": "Point", "coordinates": [ -76.520252741507619, 3.452295594127334 ] } },
{ "type": "Feature", "properties": { "NUM_INSCRI": "806175", "Mes_Dia_An": "6 de diciembre de 2010", "Mes_Dia_A1": "29 de marzo de 2025", "CATEGORIA": "PERSONA JURIDICA", "NOMBRE_SEC": "COMERCIO AL POR MAYOR Y AL POR MENOR; REPARACI?N DE VEH?CULOS AUTOMOTORES Y MOTOCICLETAS", "CODIGO_CII": "4663", "DESC_CIIU": "COMERCIO AL POR MAYOR DE MATERIALES DE CONSTRUCCI?N, ART?CULOS DE", "TAMANO957": "PEQUENA", "CIUDAD": "Cali", "COMUNA": "Comuna 09", "BARRIO": "Barrio Obrero", "DIRECCION_": "-CL 22 A # 11 D - 43", "TIPO_REGIS": "MERCANTIL", "PERSONAL_O": "11.0", "NUMERO_DE_": "6", "NUMERO_DE1": "5", "INGRESOS_A": "2847775396.0", "X": "-76.52035263576946", "Y": "3.446834305432098", "Id": 0, "area": 136572.15568900001 }, "geometry": { "type": "Point", "coordinates": [ -76.520352635769456, 3.446834305432098 ] } },
{ "type": "Feature", "properties": { "NUM_INSCRI": "921921", "Mes_Dia_An": "10 de marzo de 2015", "Mes_Dia_A1": "28 de marzo de 2025", "CATEGORIA": "PERSONA NATURAL", "NOMBRE_SEC": "COMERCIO AL POR MAYOR Y AL POR MENOR; REPARACI?N DE VEH?CULOS AUTOMOTORES Y MOTOCICLETAS", "CODIGO_CII": "4663", "DESC_CIIU": "COMERCIO AL POR MAYOR DE MATERIALES DE CONSTRUCCI?N, ART?CULOS DE", "TAMANO957": "MICRO", "CIUDAD": "Cali", "COMUNA": "Comuna 09", "BARRIO": "Barrio Obrero", "DIRECCION_": "-KR 11 # 24 - 49", "TIPO_REGIS": "MERCANTIL", "PERSONAL_O": "3.0", "NUMERO_DE_": "3", "NUMERO_DE1": "0", "INGRESOS_A": "0.0", "X": "-76.51876964956293", "Y": "3.449586200109186", "Id": 0, "area": 136572.15568900001 }, "geometry": { "type": "Point", "coordinates": [ -76.518769649562927, 3.449586200109186 ] } },
{ "type": "Feature", "properties": { "NUM_INSCRI": "975367", "Mes_Dia_An": "30 de enero de 2017", "Mes_Dia_A1": "9 de abril de 2025", "CATEGORIA": "PERSONA JURIDICA", "NOMBRE_SEC": "COMERCIO AL POR MAYOR Y AL POR MENOR; REPARACI?N DE VEH?CULOS AUTOMOTORES Y MOTOCICLETAS", "CODIGO_CII": "4663", "DESC_CIIU": "COMERCIO AL POR MAYOR DE MATERIALES DE CONSTRUCCI?N, ART?CULOS DE", "TAMANO957": "MICRO", "CIUDAD": "Cali", "COMUNA": "Comuna 03", "BARRIO": "San Nicolas", "DIRECCION_": "-CALLE 23 #11 B 44", "TIPO_REGIS": "MERCANTIL", "PERSONAL_O": "1.0", "NUMERO_DE_": "1", "NUMERO_DE1": "0", "INGRESOS_A": "140774000.0", "X": "-76.52004305852466", "Y": "3.447768485064526", "Id": 0, "area": 136572.15568900001 }, "geometry": { "type": "Point", "coordinates": [ -76.520043058524664, 3.447768485064526 ] } },
{ "type": "Feature", "properties": { "NUM_INSCRI": "1019792", "Mes_Dia_An": "12 de junio de 2018", "Mes_Dia_A1": "27 de marzo de 2025", "CATEGORIA": "PERSONA JURIDICA", "NOMBRE_SEC": "COMERCIO AL POR MAYOR Y AL POR MENOR; REPARACI?N DE VEH?CULOS AUTOMOTORES Y MOTOCICLETAS", "CODIGO_CII": "4663", "DESC_CIIU": "COMERCIO AL POR MAYOR DE MATERIALES DE CONSTRUCCI?N, ART?CULOS DE", "TAMANO957": "PEQUE?A", "CIUDAD": "Cali", "COMUNA": "Comuna 03", "BARRIO": "San Juan Bosco", "DIRECCION_": "-KR 8 A # 23 - 64", "TIPO_REGIS": "MERCANTIL", "PERSONAL_O": "17.0", "NUMERO_DE_": "13", "NUMERO_DE1": "4", "INGRESOS_A": "2279951320.0", "X": "-76.51997826095202", "Y": "3.451663462747073", "Id": 0, "area": 136572.15568900001 }, "geometry": { "type": "Point", "coordinates": [ -76.519978260952016, 3.451663462747073 ] } },
{ "type": "Feature", "properties": { "NUM_INSCRI": "1027995", "Mes_Dia_An": "6 de septiembre de 2018", "Mes_Dia_A1": "10 de marzo de 2025", "CATEGORIA": "PERSONA JURIDICA", "NOMBRE_SEC": "COMERCIO AL POR MAYOR Y AL POR MENOR; REPARACI?N DE VEH?CULOS AUTOMOTORES Y MOTOCICLETAS", "CODIGO_CII": "4663", "DESC_CIIU": "COMERCIO AL POR MAYOR DE MATERIALES DE CONSTRUCCI?N, ART?CULOS DE", "TAMANO957": "MICRO", "CIUDAD": "Cali", "COMUNA": "Comuna 09", "BARRIO": "Barrio Obrero", "DIRECCION_": "-CL 23 # 8 A - 42", "TIPO_REGIS": "MERCANTIL", "PERSONAL_O": "4.0", "NUMERO_DE_": "2", "NUMERO_DE1": "2", "INGRESOS_A": "1436749000.0", "X": "-76.52075040672374", "Y": "3.451128999999118", "Id": 0, "area": 136572.15568900001 }, "geometry": { "type": "Point", "coordinates": [ -76.520750406723735, 3.451128999999118 ] } },
{ "type": "Feature", "properties": { "NUM_INSCRI": "1102048", "Mes_Dia_An": "26 de noviembre de 2020", "Mes_Dia_A1": "28 de marzo de 2025", "CATEGORIA": "PERSONA JURIDICA", "NOMBRE_SEC": "COMERCIO AL POR MAYOR Y AL POR MENOR; REPARACI?N DE VEH?CULOS AUTOMOTORES Y MOTOCICLETAS", "CODIGO_CII": "4663", "DESC_CIIU": "COMERCIO AL POR MAYOR DE MATERIALES DE CONSTRUCCI?N, ART?CULOS DE", "TAMANO957": "MICRO", "CIUDAD": "Cali", "COMUNA": "Comuna 09", "BARRIO": "Barrio Obrero", "DIRECCION_": "-KR 9 # 23 - 76", "TIPO_REGIS": "MERCANTIL", "PERSONAL_O": "0.0", "NUMERO_DE_": "0", "NUMERO_DE1": "0", "INGRESOS_A": "987228000.0", "X": "-76.51968758207994", "Y": "3.450840516247174", "Id": 0, "area": 136572.15568900001 }, "geometry": { "type": "Point", "coordinates": [ -76.519687582079939, 3.450840516247174 ] } },
{ "type": "Feature", "properties": { "NUM_INSCRI": "1111927", "Mes_Dia_An": "11 de marzo de 2021", "Mes_Dia_A1": "31 de marzo de 2025", "CATEGORIA": "PERSONA JURIDICA", "NOMBRE_SEC": "COMERCIO AL POR MAYOR Y AL POR MENOR; REPARACI?N DE VEH?CULOS AUTOMOTORES Y MOTOCICLETAS", "CODIGO_CII": "4663", "DESC_CIIU": "COMERCIO AL POR MAYOR DE MATERIALES DE CONSTRUCCI?N, ART?CULOS DE", "TAMANO957": "PEQUENA", "CIUDAD": "Cali", "COMUNA": "Comuna 09", "BARRIO": "Barrio Obrero", "DIRECCION_": "-KR 9 # 22 - 17", "TIPO_REGIS": "MERCANTIL", "PERSONAL_O": "25.0", "NUMERO_DE_": "18", "NUMERO_DE1": "7", "INGRESOS_A": "6654860294.0", "X": "-76.52180423153698", "Y": "3.450566501854417", "Id": 0, "area": 136572.15568900001 }, "geometry": { "type": "Point", "coordinates": [ -76.521804231536976, 3.450566501854417 ] } },
{ "type": "Feature", "properties": { "NUM_INSCRI": "1161103", "Mes_Dia_An": "9 de agosto de 2022", "Mes_Dia_A1": "26 de marzo de 2025", "CATEGORIA": "PERSONA JURIDICA", "NOMBRE_SEC": "COMERCIO AL POR MAYOR Y AL POR MENOR; REPARACI?N DE VEH?CULOS AUTOMOTORES Y MOTOCICLETAS", "CODIGO_CII": "4663", "DESC_CIIU": "COMERCIO AL POR MAYOR DE MATERIALES DE CONSTRUCCI?N, ART?CULOS DE", "TAMANO957": "PEQUENA", "CIUDAD": "Cali", "COMUNA": null, "BARRIO": null, "DIRECCION_": "-CL 22 8 A 34", "TIPO_REGIS": "MERCANTIL", "PERSONAL_O": "14.0", "NUMERO_DE_": "10", "NUMERO_DE1": "4", "INGRESOS_A": "3207865461.0", "X": "-76.52244408645765", "Y": "3.450823332387549", "Id": 0, "area": 136572.15568900001 }, "geometry": { "type": "Point", "coordinates": [ -76.522444086457654, 3.450823332387549 ] } },
{ "type": "Feature", "properties": { "NUM_INSCRI": "1208724", "Mes_Dia_An": "26 de enero de 2024", "Mes_Dia_A1": "31 de marzo de 2025", "CATEGORIA": "PERSONA JURIDICA", "NOMBRE_SEC": "COMERCIO AL POR MAYOR Y AL POR MENOR; REPARACI?N DE VEH?CULOS AUTOMOTORES Y MOTOCICLETAS", "CODIGO_CII": "4663", "DESC_CIIU": "COMERCIO AL POR MAYOR DE MATERIALES DE CONSTRUCCI?N, ART?CULOS DE", "TAMANO957": "PEQUENA", "CIUDAD": "Cali", "COMUNA": "Comuna 09", "BARRIO": "Barrio Obrero", "DIRECCION_": "-KR 8 A # 22 A - 24", "TIPO_REGIS": "MERCANTIL", "PERSONAL_O": "9.0", "NUMERO_DE_": "8", "NUMERO_DE1": "1", "INGRESOS_A": "3006395092.0", "X": "-76.52111398113082", "Y": "3.451293589112555", "Id": 0, "area": 136572.15568900001 }, "geometry": { "type": "Point", "coordinates": [ -76.521113981130824, 3.451293589112555 ] } },
{ "type": "Feature", "properties": { "NUM_INSCRI": "1211143", "Mes_Dia_An": "16 de febrero de 2024", "Mes_Dia_A1": "6 de junio de 2025", "CATEGORIA": "PERSONA JURIDICA", "NOMBRE_SEC": "COMERCIO AL POR MAYOR Y AL POR MENOR; REPARACI?N DE VEH?CULOS AUTOMOTORES Y MOTOCICLETAS", "CODIGO_CII": "4663", "DESC_CIIU": "COMERCIO AL POR MAYOR DE MATERIALES DE CONSTRUCCI?N, ART?CULOS DE", "TAMANO957": "MICRO", "CIUDAD": "Cali", "COMUNA": "Comuna 09", "BARRIO": "Barrio Obrero", "DIRECCION_": "-CR 8 A  21   24", "TIPO_REGIS": "MERCANTIL", "PERSONAL_O": "1.0", "NUMERO_DE_": "1", "NUMERO_DE1": "0", "INGRESOS_A": "207026051.0", "X": "-76.52281666051343", "Y": "3.451034946332191", "Id": 0, "area": 136572.15568900001 }, "geometry": { "type": "Point", "coordinates": [ -76.522816660513428, 3.451034946332191 ] } },
{ "type": "Feature", "properties": { "NUM_INSCRI": "1087577", "Mes_Dia_An": "15 de julio de 2020", "Mes_Dia_A1": "29 de marzo de 2025", "CATEGORIA": "PERSONA JURIDICA", "NOMBRE_SEC": "COMERCIO AL POR MAYOR Y AL POR MENOR; REPARACI?N DE VEH?CULOS AUTOMOTORES Y MOTOCICLETAS", "CODIGO_CII": "4664", "DESC_CIIU": "COMERCIO AL POR MAYOR DE PRODUCTOS QU?MICOS B?SICOS, CAUCHOS Y PL", "TAMANO957": "MICRO", "CIUDAD": "Cali", "COMUNA": "Comuna 09", "BARRIO": "Barrio Obrero", "DIRECCION_": "-CL 22 # 11 B - 18 LC 101 BRR OBRERO", "TIPO_REGIS": "MERCANTIL", "PERSONAL_O": "2.0", "NUMERO_DE_": "1", "NUMERO_DE1": "1", "INGRESOS_A": "0.0", "X": "-76.5215801443989", "Y": "3.447649112224929", "Id": 0, "area": 136572.15568900001 }, "geometry": { "type": "Point", "coordinates": [ -76.521580144398897, 3.447649112224929 ] } },
{ "type": "Feature", "properties": { "NUM_INSCRI": "1248312", "Mes_Dia_An": "20 de marzo de 2025", "Mes_Dia_A1": "25 de marzo de 2025", "CATEGORIA": "PERSONA JURIDICA", "NOMBRE_SEC": "COMERCIO AL POR MAYOR Y AL POR MENOR; REPARACI?N DE VEH?CULOS AUTOMOTORES Y MOTOCICLETAS", "CODIGO_CII": "4664", "DESC_CIIU": "COMERCIO AL POR MAYOR DE PRODUCTOS QU?MICOS B?SICOS, CAUCHOS Y PL", "TAMANO957": "MICRO", "CIUDAD": "Cali", "COMUNA": "Comuna 09", "BARRIO": "Barrio Obrero", "DIRECCION_": "-K 12        23       73", "TIPO_REGIS": "MERCANTIL", "PERSONAL_O": "2.0", "NUMERO_DE_": "0", "NUMERO_DE1": "2", "INGRESOS_A": "0.0", "X": "-76.51885604823158", "Y": "3.446830686573422", "Id": 0, "area": 136572.15568900001 }, "geometry": { "type": "Point", "coordinates": [ -76.518856048231584, 3.446830686573422 ] } },
{ "type": "Feature", "properties": { "NUM_INSCRI": "723424", "Mes_Dia_An": "5 de octubre de 2007", "Mes_Dia_A1": "14 de marzo de 2025", "CATEGORIA": "PERSONA NATURAL", "NOMBRE_SEC": "COMERCIO AL POR MAYOR Y AL POR MENOR; REPARACI?N DE VEH?CULOS AUTOMOTORES Y MOTOCICLETAS", "CODIGO_CII": "4665", "DESC_CIIU": "COMERCIO AL POR MAYOR DE DESPERDICIOS, DESECHOS Y CHATARRA", "TAMANO957": "MICRO", "CIUDAD": "Cali", "COMUNA": "Comuna 09", "BARRIO": "Barrio Obrero", "DIRECCION_": "-KR 8 A # 21 - 16", "TIPO_REGIS": "MERCANTIL", "PERSONAL_O": "3.0", "NUMERO_DE_": "3", "NUMERO_DE1": "0", "INGRESOS_A": "1198812350.0", "X": "-76.5228877554459", "Y": "3.451019572438629", "Id": 0, "area": 136572.15568900001 }, "geometry": { "type": "Point", "coordinates": [ -76.522887755445893, 3.451019572438629 ] } },
{ "type": "Feature", "properties": { "NUM_INSCRI": "920507", "Mes_Dia_An": "20 de febrero de 2015", "Mes_Dia_A1": "24 de febrero de 2025", "CATEGORIA": "PERSONA NATURAL", "NOMBRE_SEC": "COMERCIO AL POR MAYOR Y AL POR MENOR; REPARACI?N DE VEH?CULOS AUTOMOTORES Y MOTOCICLETAS", "CODIGO_CII": "4665", "DESC_CIIU": "COMERCIO AL POR MAYOR DE DESPERDICIOS, DESECHOS Y CHATARRA", "TAMANO957": "MICRO", "CIUDAD": "Cali", "COMUNA": "Comuna 09", "BARRIO": "Barrio Obrero", "DIRECCION_": "-KR 10 # 21 - 50", "TIPO_REGIS": "MERCANTIL", "PERSONAL_O": "1.0", "NUMERO_DE_": "1", "NUMERO_DE1": "0", "INGRESOS_A": "0.0", "X": "-76.52213630578923", "Y": "3.449295908449304", "Id": 0, "area": 136572.15568900001 }, "geometry": { "type": "Point", "coordinates": [ -76.522136305789232, 3.449295908449304 ] } },
{ "type": "Feature", "properties": { "NUM_INSCRI": "1040362", "Mes_Dia_An": "6 de febrero de 2019", "Mes_Dia_A1": "27 de marzo de 2025", "CATEGORIA": "PERSONA JURIDICA", "NOMBRE_SEC": "COMERCIO AL POR MAYOR Y AL POR MENOR; REPARACI?N DE VEH?CULOS AUTOMOTORES Y MOTOCICLETAS", "CODIGO_CII": "4665", "DESC_CIIU": "COMERCIO AL POR MAYOR DE DESPERDICIOS, DESECHOS Y CHATARRA", "TAMANO957": "MICRO", "CIUDAD": "Cali", "COMUNA": "Comuna 09", "BARRIO": "Barrio Obrero", "DIRECCION_": "-CALLE 21 # 8 - 43 BARRIO OBRERO", "TIPO_REGIS": "MERCANTIL", "PERSONAL_O": "3.0", "NUMERO_DE_": "2", "NUMERO_DE1": "1", "INGRESOS_A": "600000.0", "X": "-76.52295705141138", "Y": "3.451366837507875", "Id": 0, "area": 136572.15568900001 }, "geometry": { "type": "Point", "coordinates": [ -76.522957051411382, 3.451366837507875 ] } },
{ "type": "Feature", "properties": { "NUM_INSCRI": "1184914", "Mes_Dia_An": "20 de abril de 2023", "Mes_Dia_A1": "7 de abril de 2025", "CATEGORIA": "PERSONA JURIDICA", "NOMBRE_SEC": "COMERCIO AL POR MAYOR Y AL POR MENOR; REPARACI?N DE VEH?CULOS AUTOMOTORES Y MOTOCICLETAS", "CODIGO_CII": "4665", "DESC_CIIU": "COMERCIO AL POR MAYOR DE DESPERDICIOS, DESECHOS Y CHATARRA", "TAMANO957": "MICRO", "CIUDAD": "Cali", "COMUNA": "Comuna 09", "BARRIO": "Barrio Obrero", "DIRECCION_": "-CARRERA 13A  21 05", "TIPO_REGIS": "MERCANTIL", "PERSONAL_O": "13.0", "NUMERO_DE_": "8", "NUMERO_DE1": "5", "INGRESOS_A": "1044847727.0", "X": "-76.52158914113241", "Y": "3.445225489970184", "Id": 0, "area": 136572.15568900001 }, "geometry": { "type": "Point", "coordinates": [ -76.521589141132409, 3.445225489970184 ] } },
{ "type": "Feature", "properties": { "NUM_INSCRI": "1233561", "Mes_Dia_An": "30 de septiembre de 2024", "Mes_Dia_A1": "30 de enero de 2025", "CATEGORIA": "PERSONA JURIDICA", "NOMBRE_SEC": "COMERCIO AL POR MAYOR Y AL POR MENOR; REPARACI?N DE VEH?CULOS AUTOMOTORES Y MOTOCICLETAS", "CODIGO_CII": "4665", "DESC_CIIU": "COMERCIO AL POR MAYOR DE DESPERDICIOS, DESECHOS Y CHATARRA", "TAMANO957": "MICRO", "CIUDAD": "Cali", "COMUNA": "Comuna 09", "BARRIO": "Barrio Obrero", "DIRECCION_": "-CR 13 A  22 A   19", "TIPO_REGIS": "MERCANTIL", "PERSONAL_O": "1.0", "NUMERO_DE_": "0", "NUMERO_DE1": "1", "INGRESOS_A": "12500000.0", "X": "-76.51998726391105", "Y": "3.445690319403393", "Id": 0, "area": 136572.15568900001 }, "geometry": { "type": "Point", "coordinates": [ -76.519987263911048, 3.445690319403393 ] } },
{ "type": "Feature", "properties": { "NUM_INSCRI": "1236133", "Mes_Dia_An": "30 de octubre de 2024", "Mes_Dia_A1": "21 de marzo de 2025", "CATEGORIA": "PERSONA NATURAL", "NOMBRE_SEC": "COMERCIO AL POR MAYOR Y AL POR MENOR; REPARACI?N DE VEH?CULOS AUTOMOTORES Y MOTOCICLETAS", "CODIGO_CII": "4665", "DESC_CIIU": "COMERCIO AL POR MAYOR DE DESPERDICIOS, DESECHOS Y CHATARRA", "TAMANO957": "MICRO", "CIUDAD": "Cali", "COMUNA": "Comuna 09", "BARRIO": "Barrio Obrero", "DIRECCION_": "-CALLE 23 # 13A-42", "TIPO_REGIS": "MERCANTIL", "PERSONAL_O": "0.0", "NUMERO_DE_": "0", "NUMERO_DE1": "0", "INGRESOS_A": "0.0", "X": "-76.51936451196053", "Y": "3.44528155864353", "Id": 0, "area": 136572.15568900001 }, "geometry": { "type": "Point", "coordinates": [ -76.519364511960532, 3.44528155864353 ] } },
{ "type": "Feature", "properties": { "NUM_INSCRI": "709555", "Mes_Dia_An": "11 de abril de 2007", "Mes_Dia_A1": "20 de agosto de 2024", "CATEGORIA": "PERSONA JURIDICA", "NOMBRE_SEC": "COMERCIO AL POR MAYOR Y AL POR MENOR; REPARACI?N DE VEH?CULOS AUTOMOTORES Y MOTOCICLETAS", "CODIGO_CII": "4669", "DESC_CIIU": "COMERCIO AL POR MAYOR DE OTROS PRODUCTOS N.C.P.", "TAMANO957": "MICRO", "CIUDAD": "Cali", "COMUNA": "Comuna 09", "BARRIO": "Barrio Obrero", "DIRECCION_": "-KR 14 # 22 - 50", "TIPO_REGIS": "MERCANTIL", "PERSONAL_O": "6.0", "NUMERO_DE_": "4", "NUMERO_DE1": "2", "INGRESOS_A": null, "X": "-76.52025454376475", "Y": "3.444891790238901", "Id": 0, "area": 136572.15568900001 }, "geometry": { "type": "Point", "coordinates": [ -76.52025454376475, 3.444891790238901 ] } },
{ "type": "Feature", "properties": { "NUM_INSCRI": "769057", "Mes_Dia_An": "9 de julio de 2009", "Mes_Dia_A1": "31 de marzo de 2025", "CATEGORIA": "PERSONA JURIDICA", "NOMBRE_SEC": "COMERCIO AL POR MAYOR Y AL POR MENOR; REPARACI?N DE VEH?CULOS AUTOMOTORES Y MOTOCICLETAS", "CODIGO_CII": "4669", "DESC_CIIU": "COMERCIO AL POR MAYOR DE OTROS PRODUCTOS N.C.P.", "TAMANO957": "MICRO", "CIUDAD": "Cali", "COMUNA": "Comuna 09", "BARRIO": "Barrio Obrero", "DIRECCION_": "-CL 24 # 11 - 39", "TIPO_REGIS": "MERCANTIL", "PERSONAL_O": "6.0", "NUMERO_DE_": "5", "NUMERO_DE1": "1", "INGRESOS_A": "1420129000.0", "X": "-76.51904323086752", "Y": "3.448908852470201", "Id": 0, "area": 136572.15568900001 }, "geometry": { "type": "Point", "coordinates": [ -76.519043230867524, 3.448908852470201 ] } },
{ "type": "Feature", "properties": { "NUM_INSCRI": "1191888", "Mes_Dia_An": "4 de julio de 2023", "Mes_Dia_A1": "31 de marzo de 2025", "CATEGORIA": "PERSONA JURIDICA", "NOMBRE_SEC": "COMERCIO AL POR MAYOR Y AL POR MENOR; REPARACI?N DE VEH?CULOS AUTOMOTORES Y MOTOCICLETAS", "CODIGO_CII": "4669", "DESC_CIIU": "COMERCIO AL POR MAYOR DE OTROS PRODUCTOS N.C.P.", "TAMANO957": "MICRO", "CIUDAD": "Cali", "COMUNA": "Comuna 09", "BARRIO": "Barrio Obrero", "DIRECCION_": "-CL 22 A # 12 - 30", "TIPO_REGIS": "MERCANTIL", "PERSONAL_O": "3.0", "NUMERO_DE_": "2", "NUMERO_DE1": "1", "INGRESOS_A": "301114225.0", "X": "-76.52046242759931", "Y": "3.446071045310306", "Id": 0, "area": 136572.15568900001 }, "geometry": { "type": "Point", "coordinates": [ -76.520462427599313, 3.446071045310306 ] } },
{ "type": "Feature", "properties": { "NUM_INSCRI": "1230228", "Mes_Dia_An": "27 de agosto de 2024", "Mes_Dia_A1": "20 de marzo de 2025", "CATEGORIA": "PERSONA JURIDICA", "NOMBRE_SEC": "COMERCIO AL POR MAYOR Y AL POR MENOR; REPARACI?N DE VEH?CULOS AUTOMOTORES Y MOTOCICLETAS", "CODIGO_CII": "4669", "DESC_CIIU": "COMERCIO AL POR MAYOR DE OTROS PRODUCTOS N.C.P.", "TAMANO957": "MICRO", "CIUDAD": "Cali", "COMUNA": "Comuna 03", "BARRIO": "San Nicolas", "DIRECCION_": "-CR 13 A  22 A   55", "TIPO_REGIS": "MERCANTIL", "PERSONAL_O": "11.0", "NUMERO_DE_": "8", "NUMERO_DE1": "3", "INGRESOS_A": "457405343.0", "X": "-76.51967048803091", "Y": "3.445756335735494", "Id": 0, "area": 136572.15568900001 }, "geometry": { "type": "Point", "coordinates": [ -76.519670488030911, 3.445756335735494 ] } },
{ "type": "Feature", "properties": { "NUM_INSCRI": "779548", "Mes_Dia_An": "30 de noviembre de 2009", "Mes_Dia_A1": "22 de marzo de 2024", "CATEGORIA": "PERSONA JURIDICA", "NOMBRE_SEC": "COMERCIO AL POR MAYOR Y AL POR MENOR; REPARACI?N DE VEH?CULOS AUTOMOTORES Y MOTOCICLETAS", "CODIGO_CII": "4690", "DESC_CIIU": "COMERCIO AL POR MAYOR NO ESPECIALIZADO", "TAMANO957": "MICRO", "CIUDAD": "Cali", "COMUNA": "Comuna 09", "BARRIO": "Barrio Obrero", "DIRECCION_": "-CL 22 A # 11D - 17", "TIPO_REGIS": "MERCANTIL", "PERSONAL_O": "2.0", "NUMERO_DE_": "2", "NUMERO_DE1": "0", "INGRESOS_A": null, "X": "-76.52040033214644", "Y": "3.447064911286948", "Id": 0, "area": 136572.15568900001 }, "geometry": { "type": "Point", "coordinates": [ -76.520400332146437, 3.447064911286948 ] } },
{ "type": "Feature", "properties": { "NUM_INSCRI": "957869", "Mes_Dia_An": "23 de junio de 2016", "Mes_Dia_A1": "31 de marzo de 2025", "CATEGORIA": "PERSONA JURIDICA", "NOMBRE_SEC": "COMERCIO AL POR MAYOR Y AL POR MENOR; REPARACI?N DE VEH?CULOS AUTOMOTORES Y MOTOCICLETAS", "CODIGO_CII": "4690", "DESC_CIIU": "COMERCIO AL POR MAYOR NO ESPECIALIZADO", "TAMANO957": "MICRO", "CIUDAD": "Cali", "COMUNA": "Comuna 09", "BARRIO": "Barrio Obrero", "DIRECCION_": "-KR 11 # 23 - 37", "TIPO_REGIS": "MERCANTIL", "PERSONAL_O": "4.0", "NUMERO_DE_": "4", "NUMERO_DE1": "0", "INGRESOS_A": "1117719000.0", "X": "-76.51973438002206", "Y": "3.449381821371621", "Id": 0, "area": 136572.15568900001 }, "geometry": { "type": "Point", "coordinates": [ -76.519734380022058, 3.449381821371621 ] } },
{ "type": "Feature", "properties": { "NUM_INSCRI": "965608", "Mes_Dia_An": "14 de septiembre de 2016", "Mes_Dia_A1": "9 de abril de 2025", "CATEGORIA": "PERSONA JURIDICA", "NOMBRE_SEC": "COMERCIO AL POR MAYOR Y AL POR MENOR; REPARACI?N DE VEH?CULOS AUTOMOTORES Y MOTOCICLETAS", "CODIGO_CII": "4690", "DESC_CIIU": "COMERCIO AL POR MAYOR NO ESPECIALIZADO", "TAMANO957": "MICRO", "CIUDAD": "Cali", "COMUNA": "Comuna 09", "BARRIO": "Barrio Obrero", "DIRECCION_": "-CL 23 # 8 A - 59", "TIPO_REGIS": "MERCANTIL", "PERSONAL_O": "0.0", "NUMERO_DE_": "0", "NUMERO_DE1": "0", "INGRESOS_A": "33054200.0", "X": "-76.52039223204001", "Y": "3.451072931135115", "Id": 0, "area": 136572.15568900001 }, "geometry": { "type": "Point", "coordinates": [ -76.52039223204001, 3.451072931135115 ] } },
{ "type": "Feature", "properties": { "NUM_INSCRI": "1045443", "Mes_Dia_An": "15 de marzo de 2019", "Mes_Dia_A1": "10 de marzo de 2025", "CATEGORIA": "PERSONA JURIDICA", "NOMBRE_SEC": "COMERCIO AL POR MAYOR Y AL POR MENOR; REPARACI?N DE VEH?CULOS AUTOMOTORES Y MOTOCICLETAS", "CODIGO_CII": "4690", "DESC_CIIU": "COMERCIO AL POR MAYOR NO ESPECIALIZADO", "TAMANO957": "MICRO", "CIUDAD": "Cali", "COMUNA": "Comuna 09", "BARRIO": "Barrio Obrero", "DIRECCION_": "-CL 23 # 8 A - 47", "TIPO_REGIS": "MERCANTIL", "PERSONAL_O": "3.0", "NUMERO_DE_": "3", "NUMERO_DE1": "0", "INGRESOS_A": "189045000.0", "X": "-76.5204156303692", "Y": "3.451178738517664", "Id": 0, "area": 136572.15568900001 }, "geometry": { "type": "Point", "coordinates": [ -76.5204156303692, 3.451178738517664 ] } },
{ "type": "Feature", "properties": { "NUM_INSCRI": "1217317", "Mes_Dia_An": "12 de abril de 2024", "Mes_Dia_A1": "30 de marzo de 2025", "CATEGORIA": "PERSONA NATURAL", "NOMBRE_SEC": "COMERCIO AL POR MAYOR Y AL POR MENOR; REPARACI?N DE VEH?CULOS AUTOMOTORES Y MOTOCICLETAS", "CODIGO_CII": "4690", "DESC_CIIU": "COMERCIO AL POR MAYOR NO ESPECIALIZADO", "TAMANO957": "MICRO", "CIUDAD": "Cali", "COMUNA": "Comuna 09", "BARRIO": "Barrio Obrero", "DIRECCION_": "-CR 9  21   16", "TIPO_REGIS": "MERCANTIL", "PERSONAL_O": "1.0", "NUMERO_DE_": "0", "NUMERO_DE1": "1", "INGRESOS_A": "0.0", "X": "-76.52268526764637", "Y": "3.450060071802642", "Id": 0, "area": 136572.15568900001 }, "geometry": { "type": "Point", "coordinates": [ -76.522685267646366, 3.450060071802642 ] } },
{ "type": "Feature", "properties": { "NUM_INSCRI": "564375", "Mes_Dia_An": "29 de junio de 2001", "Mes_Dia_A1": "10 de marzo de 2025", "CATEGORIA": "PERSONA NATURAL", "NOMBRE_SEC": "COMERCIO AL POR MAYOR Y AL POR MENOR; REPARACI?N DE VEH?CULOS AUTOMOTORES Y MOTOCICLETAS", "CODIGO_CII": "4711", "DESC_CIIU": "COMERCIO AL POR MENOR EN ESTABLECIMIENTOS NO ESPECIALIZADOS CON S", "TAMANO957": "MICRO", "CIUDAD": "Cali", "COMUNA": "Comuna 09", "BARRIO": "Barrio Obrero", "DIRECCION_": "-CL 22 A # 11 D - 07", "TIPO_REGIS": "MERCANTIL", "PERSONAL_O": "1.0", "NUMERO_DE_": "1", "NUMERO_DE1": "0", "INGRESOS_A": "88700000.0", "X": "-76.52041923071766", "Y": "3.447153536281296", "Id": 0, "area": 136572.15568900001 }, "geometry": { "type": "Point", "coordinates": [ -76.520419230717664, 3.447153536281296 ] } },
{ "type": "Feature", "properties": { "NUM_INSCRI": "640954", "Mes_Dia_An": "9 de agosto de 2004", "Mes_Dia_A1": "31 de marzo de 2025", "CATEGORIA": "PERSONA NATURAL", "NOMBRE_SEC": "COMERCIO AL POR MAYOR Y AL POR MENOR; REPARACI?N DE VEH?CULOS AUTOMOTORES Y MOTOCICLETAS", "CODIGO_CII": "4711", "DESC_CIIU": "COMERCIO AL POR MENOR EN ESTABLECIMIENTOS NO ESPECIALIZADOS CON S", "TAMANO957": "MICRO", "CIUDAD": "Cali", "COMUNA": "Comuna 09", "BARRIO": "Barrio Obrero", "DIRECCION_": "-CRA 10 # 22 - 47", "TIPO_REGIS": "MERCANTIL", "PERSONAL_O": "0.0", "NUMERO_DE_": "0", "NUMERO_DE1": "0", "INGRESOS_A": "0.0", "X": "-76.52147305436455", "Y": "3.449761642667571", "Id": 0, "area": 136572.15568900001 }, "geometry": { "type": "Point", "coordinates": [ -76.521473054364549, 3.449761642667571 ] } },
{ "type": "Feature", "properties": { "NUM_INSCRI": "645405", "Mes_Dia_An": "8 de octubre de 2004", "Mes_Dia_A1": "21 de marzo de 2025", "CATEGORIA": "PERSONA NATURAL", "NOMBRE_SEC": "COMERCIO AL POR MAYOR Y AL POR MENOR; REPARACI?N DE VEH?CULOS AUTOMOTORES Y MOTOCICLETAS", "CODIGO_CII": "4711", "DESC_CIIU": "COMERCIO AL POR MENOR EN TIENDAS PEQUE?AS Y GRANEROS", "TAMANO957": "MICRO", "CIUDAD": "Cali", "COMUNA": "Comuna 09", "BARRIO": "Barrio Obrero", "DIRECCION_": "-KR 9 # 23 - 01", "TIPO_REGIS": "MERCANTIL", "PERSONAL_O": "0.0", "NUMERO_DE_": "0", "NUMERO_DE1": "0", "INGRESOS_A": "0.0", "X": "-76.52038593252252", "Y": "3.450872168414885", "Id": 0, "area": 136572.15568900001 }, "geometry": { "type": "Point", "coordinates": [ -76.520385932522515, 3.450872168414885 ] } },
{ "type": "Feature", "properties": { "NUM_INSCRI": "739392", "Mes_Dia_An": "11 de noviembre de 2011", "Mes_Dia_A1": "25 de marzo de 2025", "CATEGORIA": "PERSONA NATURAL", "NOMBRE_SEC": "COMERCIO AL POR MAYOR Y AL POR MENOR; REPARACI?N DE VEH?CULOS AUTOMOTORES Y MOTOCICLETAS", "CODIGO_CII": "4711", "DESC_CIIU": "COMERCIO AL POR MENOR, EN ESTABLECIMIENTOS NO ESPECIALIZADOS, CON", "TAMANO957": "MICRO", "CIUDAD": "Cali", "COMUNA": "Comuna 09", "BARRIO": "Barrio Obrero", "DIRECCION_": "-CL 22 A # 11 - 69", "TIPO_REGIS": "MERCANTIL", "PERSONAL_O": "1.0", "NUMERO_DE_": "1", "NUMERO_DE1": "0", "INGRESOS_A": "0.0", "X": "-76.52064871365071", "Y": "3.44826587034868", "Id": 0, "area": 136572.15568900001 }, "geometry": { "type": "Point", "coordinates": [ -76.520648713650715, 3.44826587034868 ] } },
{ "type": "Feature", "properties": { "NUM_INSCRI": "802608", "Mes_Dia_An": "5 de octubre de 2010", "Mes_Dia_A1": "24 de marzo de 2025", "CATEGORIA": "PERSONA NATURAL", "NOMBRE_SEC": "COMERCIO AL POR MAYOR Y AL POR MENOR; REPARACI?N DE VEH?CULOS AUTOMOTORES Y MOTOCICLETAS", "CODIGO_CII": "4711", "DESC_CIIU": "COMERCIO AL POR MENOR EN ESTABLECIMIENTOS NO ESPECIALIZADOS CON S", "TAMANO957": "MICRO", "CIUDAD": "Cali", "COMUNA": "Comuna 09", "BARRIO": "Barrio Obrero", "DIRECCION_": "-CL 22 A # 9 - 44", "TIPO_REGIS": "MERCANTIL", "PERSONAL_O": "1.0", "NUMERO_DE_": "1", "NUMERO_DE1": "0", "INGRESOS_A": "0.0", "X": "-76.5213938603442", "Y": "3.450073638864747", "Id": 0, "area": 136572.15568900001 }, "geometry": { "type": "Point", "coordinates": [ -76.521393860344205, 3.450073638864747 ] } },
{ "type": "Feature", "properties": { "NUM_INSCRI": "823608", "Mes_Dia_An": "26 de julio de 2011", "Mes_Dia_A1": "26 de mayo de 2025", "CATEGORIA": "PERSONA NATURAL", "NOMBRE_SEC": "COMERCIO AL POR MAYOR Y AL POR MENOR; REPARACI?N DE VEH?CULOS AUTOMOTORES Y MOTOCICLETAS", "CODIGO_CII": "4711", "DESC_CIIU": "COMERCIO AL POR MENOR EN ESTABLECIMIENTOS NO ESPECIALIZADOS CON S", "TAMANO957": "MICRO", "CIUDAD": "Cali", "COMUNA": "Comuna 09", "BARRIO": "Barrio Obrero", "DIRECCION_": "-K 10        24       24", "TIPO_REGIS": "MERCANTIL", "PERSONAL_O": "0.0", "NUMERO_DE_": "0", "NUMERO_DE1": "0", "INGRESOS_A": "0.0", "X": "-76.51910262493415", "Y": "3.449956978684624", "Id": 0, "area": 136572.15568900001 }, "geometry": { "type": "Point", "coordinates": [ -76.519102624934149, 3.449956978684624 ] } },
{ "type": "Feature", "properties": { "NUM_INSCRI": "923297", "Mes_Dia_An": "27 de marzo de 2015", "Mes_Dia_A1": "14 de marzo de 2025", "CATEGORIA": "PERSONA NATURAL", "NOMBRE_SEC": "COMERCIO AL POR MAYOR Y AL POR MENOR; REPARACI?N DE VEH?CULOS AUTOMOTORES Y MOTOCICLETAS", "CODIGO_CII": "4711", "DESC_CIIU": "COMERCIO AL POR MENOR EN ESTABLECIMIENTOS NO ESPECIALIZADOS CON S", "TAMANO957": "MICRO", "CIUDAD": "Cali", "COMUNA": "Comuna 09", "BARRIO": "Barrio Obrero", "DIRECCION_": "-CL 23 # 11 D - 47", "TIPO_REGIS": "MERCANTIL", "PERSONAL_O": "0.0", "NUMERO_DE_": "0", "NUMERO_DE1": "0", "INGRESOS_A": "0.0", "X": "-76.51937350917726", "Y": "3.446967242197481", "Id": 0, "area": 136572.15568900001 }, "geometry": { "type": "Point", "coordinates": [ -76.519373509177257, 3.446967242197481 ] } },
{ "type": "Feature", "properties": { "NUM_INSCRI": "964647", "Mes_Dia_An": "5 de septiembre de 2016", "Mes_Dia_A1": "3 de enero de 2025", "CATEGORIA": "PERSONA NATURAL", "NOMBRE_SEC": "COMERCIO AL POR MAYOR Y AL POR MENOR; REPARACI?N DE VEH?CULOS AUTOMOTORES Y MOTOCICLETAS", "CODIGO_CII": "4711", "DESC_CIIU": "COMERCIO AL POR MENOR EN ESTABLECIMIENTOS NO ESPECIALIZADOS CON S", "TAMANO957": "MICRO", "CIUDAD": "Cali", "COMUNA": "Comuna 09", "BARRIO": "Barrio Obrero", "DIRECCION_": "-CL. 22 A NRO. 10 - 44", "TIPO_REGIS": "MERCANTIL", "PERSONAL_O": "1.0", "NUMERO_DE_": "1", "NUMERO_DE1": "0", "INGRESOS_A": "0.0", "X": "-76.5212030734484", "Y": "3.449198241186259", "Id": 0, "area": 136572.15568900001 }, "geometry": { "type": "Point", "coordinates": [ -76.521203073448405, 3.449198241186259 ] } },
{ "type": "Feature", "properties": { "NUM_INSCRI": "974044", "Mes_Dia_An": "18 de enero de 2017", "Mes_Dia_A1": "20 de junio de 2025", "CATEGORIA": "PERSONA NATURAL", "NOMBRE_SEC": "COMERCIO AL POR MAYOR Y AL POR MENOR; REPARACI?N DE VEH?CULOS AUTOMOTORES Y MOTOCICLETAS", "CODIGO_CII": "4711", "DESC_CIIU": "COMERCIO AL POR MENOR EN ESTABLECIMIENTOS NO ESPECIALIZADOS CON S", "TAMANO957": "MICRO", "CIUDAD": "Cali", "COMUNA": "Comuna 09", "BARRIO": "Barrio Obrero", "DIRECCION_": "-CL 24 # 9 - 56", "TIPO_REGIS": "MERCANTIL", "PERSONAL_O": "1.0", "NUMERO_DE_": "1", "NUMERO_DE1": "0", "INGRESOS_A": "0.0", "X": "-76.51955619186799", "Y": "3.45039829552957", "Id": 0, "area": 136572.15568900001 }, "geometry": { "type": "Point", "coordinates": [ -76.519556191867991, 3.45039829552957 ] } },
{ "type": "Feature", "properties": { "NUM_INSCRI": "976820", "Mes_Dia_An": "10 de febrero de 2017", "Mes_Dia_A1": "28 de julio de 2025", "CATEGORIA": "PERSONA NATURAL", "NOMBRE_SEC": "COMERCIO AL POR MAYOR Y AL POR MENOR; REPARACI?N DE VEH?CULOS AUTOMOTORES Y MOTOCICLETAS", "CODIGO_CII": "4711", "DESC_CIIU": "COMERCIO AL POR MENOR EN ESTABLECIMIENTOS NO ESPECIALIZADOS CON S", "TAMANO957": "MICRO", "CIUDAD": "Cali", "COMUNA": "Comuna 09", "BARRIO": "Barrio Obrero", "DIRECCION_": "-CL. 21 NO. 10 29", "TIPO_REGIS": "MERCANTIL", "PERSONAL_O": "2.0", "NUMERO_DE_": "2", "NUMERO_DE1": "0", "INGRESOS_A": "0.0", "X": "-76.5224692812936", "Y": "3.449129509902432", "Id": 0, "area": 136572.15568900001 }, "geometry": { "type": "Point", "coordinates": [ -76.522469281293596, 3.449129509902432 ] } },
{ "type": "Feature", "properties": { "NUM_INSCRI": "997388", "Mes_Dia_An": "25 de septiembre de 2017", "Mes_Dia_A1": "13 de marzo de 2025", "CATEGORIA": "PERSONA NATURAL", "NOMBRE_SEC": "COMERCIO AL POR MAYOR Y AL POR MENOR; REPARACI?N DE VEH?CULOS AUTOMOTORES Y MOTOCICLETAS", "CODIGO_CII": "4711", "DESC_CIIU": "COMERCIO AL POR MENOR EN ESTABLECIMIENTOS NO ESPECIALIZADOS CON S", "TAMANO957": "MICRO", "CIUDAD": "Cali", "COMUNA": "Comuna 09", "BARRIO": "Barrio Obrero", "DIRECCION_": "-CL 24 # 10 - 38", "TIPO_REGIS": "MERCANTIL", "PERSONAL_O": "0.0", "NUMERO_DE_": "0", "NUMERO_DE1": "0", "INGRESOS_A": "0.0", "X": "-76.51940860322867", "Y": "3.449718234245887", "Id": 0, "area": 136572.15568900001 }, "geometry": { "type": "Point", "coordinates": [ -76.519408603228669, 3.449718234245887 ] } },
{ "type": "Feature", "properties": { "NUM_INSCRI": "1000277", "Mes_Dia_An": "31 de octubre de 2017", "Mes_Dia_A1": "6 de marzo de 2025", "CATEGORIA": "PERSONA NATURAL", "NOMBRE_SEC": "COMERCIO AL POR MAYOR Y AL POR MENOR; REPARACI?N DE VEH?CULOS AUTOMOTORES Y MOTOCICLETAS", "CODIGO_CII": "4711", "DESC_CIIU": "COMERCIO AL POR MENOR EN ESTABLECIMIENTOS NO ESPECIALIZADOS CON S", "TAMANO957": "MICRO", "CIUDAD": "Cali", "COMUNA": "Comuna 09", "BARRIO": "Barrio Obrero", "DIRECCION_": "-CL 22 # 9 - 38", "TIPO_REGIS": "MERCANTIL", "PERSONAL_O": "0.0", "NUMERO_DE_": "0", "NUMERO_DE1": "0", "INGRESOS_A": "112595000.0", "X": "-76.52225329848164", "Y": "3.449965117330004", "Id": 0, "area": 136572.15568900001 }, "geometry": { "type": "Point", "coordinates": [ -76.522253298481644, 3.449965117330004 ] } },
{ "type": "Feature", "properties": { "NUM_INSCRI": "1006119", "Mes_Dia_An": "31 de enero de 2018", "Mes_Dia_A1": "4 de marzo de 2025", "CATEGORIA": "PERSONA NATURAL", "NOMBRE_SEC": "COMERCIO AL POR MAYOR Y AL POR MENOR; REPARACI?N DE VEH?CULOS AUTOMOTORES Y MOTOCICLETAS", "CODIGO_CII": "4711", "DESC_CIIU": "COMERCIO AL POR MENOR EN ESTABLECIMIENTOS NO ESPECIALIZADOS CON S", "TAMANO957": "MICRO", "CIUDAD": "Cali", "COMUNA": "Comuna 09", "BARRIO": "Barrio Obrero", "DIRECCION_": "-CL 22  9   29", "TIPO_REGIS": "MERCANTIL", "PERSONAL_O": "0.0", "NUMERO_DE_": "0", "NUMERO_DE1": "0", "INGRESOS_A": "1700000.0", "X": "-76.52193922128752", "Y": "3.450126994087994", "Id": 0, "area": 136572.15568900001 }, "geometry": { "type": "Point", "coordinates": [ -76.521939221287525, 3.450126994087994 ] } },
{ "type": "Feature", "properties": { "NUM_INSCRI": "1006178", "Mes_Dia_An": "31 de enero de 2018", "Mes_Dia_A1": "5 de marzo de 2025", "CATEGORIA": "PERSONA NATURAL", "NOMBRE_SEC": "COMERCIO AL POR MAYOR Y AL POR MENOR; REPARACI?N DE VEH?CULOS AUTOMOTORES Y MOTOCICLETAS", "CODIGO_CII": "4711", "DESC_CIIU": "COMERCIO AL POR MENOR EN ESTABLECIMIENTOS NO ESPECIALIZADOS CON S", "TAMANO957": "MICRO", "CIUDAD": "Cali", "COMUNA": "Comuna 09", "BARRIO": "Barrio Obrero", "DIRECCION_": "-CL 23 # 9 - 55", "TIPO_REGIS": "MERCANTIL", "PERSONAL_O": "1.0", "NUMERO_DE_": "1", "NUMERO_DE1": "0", "INGRESOS_A": "0.0", "X": "-76.52012765113554", "Y": "3.450222854666737", "Id": 0, "area": 136572.15568900001 }, "geometry": { "type": "Point", "coordinates": [ -76.520127651135539, 3.450222854666737 ] } },
{ "type": "Feature", "properties": { "NUM_INSCRI": "1006657", "Mes_Dia_An": "5 de febrero de 2018", "Mes_Dia_A1": "10 de marzo de 2025", "CATEGORIA": "PERSONA NATURAL", "NOMBRE_SEC": "COMERCIO AL POR MAYOR Y AL POR MENOR; REPARACI?N DE VEH?CULOS AUTOMOTORES Y MOTOCICLETAS", "CODIGO_CII": "4711", "DESC_CIIU": "COMERCIO AL POR MENOR EN ESTABLECIMIENTOS NO ESPECIALIZADOS CON S", "TAMANO957": "MICRO", "CIUDAD": "Cali", "COMUNA": "Comuna 09", "BARRIO": "Barrio Obrero", "DIRECCION_": "-CL.  23             8           64", "TIPO_REGIS": "MERCANTIL", "PERSONAL_O": "1.0", "NUMERO_DE_": "1", "NUMERO_DE1": "0", "INGRESOS_A": "0.0", "X": "-76.52082690148713", "Y": "3.451736714151621", "Id": 0, "area": 136572.15568900001 }, "geometry": { "type": "Point", "coordinates": [ -76.520826901487126, 3.451736714151621 ] } },
{ "type": "Feature", "properties": { "NUM_INSCRI": "1016078", "Mes_Dia_An": "3 de mayo de 2018", "Mes_Dia_A1": "24 de julio de 2025", "CATEGORIA": "PERSONA NATURAL", "NOMBRE_SEC": "COMERCIO AL POR MAYOR Y AL POR MENOR; REPARACI?N DE VEH?CULOS AUTOMOTORES Y MOTOCICLETAS", "CODIGO_CII": "4711", "DESC_CIIU": "COMERCIO AL POR MENOR EN ESTABLECIMIENTOS NO ESPECIALIZADOS CON S", "TAMANO957": "MICRO", "CIUDAD": "Cali", "COMUNA": "Comuna 09", "BARRIO": "Barrio Obrero", "DIRECCION_": "-CALLE 22 # 14 - 26", "TIPO_REGIS": "MERCANTIL", "PERSONAL_O": "0.0", "NUMERO_DE_": "0", "NUMERO_DE1": "0", "INGRESOS_A": "0.0", "X": "-76.52094659021358", "Y": "3.444526438187735", "Id": 0, "area": 136572.15568900001 }, "geometry": { "type": "Point", "coordinates": [ -76.520946590213583, 3.444526438187735 ] } },
{ "type": "Feature", "properties": { "NUM_INSCRI": "1048748", "Mes_Dia_An": "16 de abril de 2019", "Mes_Dia_A1": "10 de marzo de 2025", "CATEGORIA": "PERSONA NATURAL", "NOMBRE_SEC": "COMERCIO AL POR MAYOR Y AL POR MENOR; REPARACI?N DE VEH?CULOS AUTOMOTORES Y MOTOCICLETAS", "CODIGO_CII": "4711", "DESC_CIIU": "COMERCIO AL POR MENOR EN ESTABLECIMIENTOS NO ESPECIALIZADOS CON S", "TAMANO957": "MICRO", "CIUDAD": "Cali", "COMUNA": "Comuna 09", "BARRIO": "Barrio Obrero", "DIRECCION_": "-CL 23 # 9 - 19", "TIPO_REGIS": "MERCANTIL", "PERSONAL_O": "0.0", "NUMERO_DE_": "0", "NUMERO_DE1": "0", "INGRESOS_A": "0.0", "X": "-76.52028513975931", "Y": "3.45056740696421", "Id": 0, "area": 136572.15568900001 }, "geometry": { "type": "Point", "coordinates": [ -76.520285139759309, 3.45056740696421 ] } },
{ "type": "Feature", "properties": { "NUM_INSCRI": "1069576", "Mes_Dia_An": "13 de noviembre de 2019", "Mes_Dia_A1": "7 de abril de 2025", "CATEGORIA": "PERSONA NATURAL", "NOMBRE_SEC": "COMERCIO AL POR MAYOR Y AL POR MENOR; REPARACI?N DE VEH?CULOS AUTOMOTORES Y MOTOCICLETAS", "CODIGO_CII": "4711", "DESC_CIIU": "COMERCIO AL POR MENOR EN ESTABLECIMIENTOS NO ESPECIALIZADOS CON S", "TAMANO957": "MICRO", "CIUDAD": "Cali", "COMUNA": "Comuna 09", "BARRIO": "Barrio Obrero", "DIRECCION_": "-KR 9 # 22 - 67", "TIPO_REGIS": "MERCANTIL", "PERSONAL_O": "1.0", "NUMERO_DE_": "1", "NUMERO_DE1": "0", "INGRESOS_A": "0.0", "X": "-76.52147665493634", "Y": "3.450631614460877", "Id": 0, "area": 136572.15568900001 }, "geometry": { "type": "Point", "coordinates": [ -76.521476654936336, 3.450631614460877 ] } },
{ "type": "Feature", "properties": { "NUM_INSCRI": "1076427", "Mes_Dia_An": "11 de febrero de 2020", "Mes_Dia_A1": "29 de marzo de 2025", "CATEGORIA": "PERSONA NATURAL", "NOMBRE_SEC": "COMERCIO AL POR MAYOR Y AL POR MENOR; REPARACI?N DE VEH?CULOS AUTOMOTORES Y MOTOCICLETAS", "CODIGO_CII": "4711", "DESC_CIIU": "COMERCIO AL POR MENOR EN ESTABLECIMIENTOS NO ESPECIALIZADOS CON S", "TAMANO957": "MICRO", "CIUDAD": "Cali", "COMUNA": "Comuna 09", "BARRIO": "Barrio Obrero", "DIRECCION_": "-CL 22 A # 11 - 05 BARRIO OBRERO", "TIPO_REGIS": "MERCANTIL", "PERSONAL_O": "0.0", "NUMERO_DE_": "0", "NUMERO_DE1": "0", "INGRESOS_A": "0.0", "X": "-76.52077200469475", "Y": "3.448831985052668", "Id": 0, "area": 136572.15568900001 }, "geometry": { "type": "Point", "coordinates": [ -76.520772004694749, 3.448831985052668 ] } },
{ "type": "Feature", "properties": { "NUM_INSCRI": "1095620", "Mes_Dia_An": "24 de septiembre de 2020", "Mes_Dia_A1": "3 de abril de 2024", "CATEGORIA": "PERSONA NATURAL", "NOMBRE_SEC": "COMERCIO AL POR MAYOR Y AL POR MENOR; REPARACI?N DE VEH?CULOS AUTOMOTORES Y MOTOCICLETAS", "CODIGO_CII": "4711", "DESC_CIIU": "COMERCIO AL POR MENOR EN ESTABLECIMIENTOS NO ESPECIALIZADOS CON S", "TAMANO957": "MICRO", "CIUDAD": "Cali", "COMUNA": "Comuna 09", "BARRIO": "Barrio Obrero", "DIRECCION_": "-CRA 10 # 21 - 51", "TIPO_REGIS": "MERCANTIL", "PERSONAL_O": "1.0", "NUMERO_DE_": "1", "NUMERO_DE1": "0", "INGRESOS_A": null, "X": "-76.52221280093987", "Y": "3.449702859789225", "Id": 0, "area": 136572.15568900001 }, "geometry": { "type": "Point", "coordinates": [ -76.522212800939869, 3.449702859789225 ] } },
{ "type": "Feature", "properties": { "NUM_INSCRI": "1103849", "Mes_Dia_An": "24 de diciembre de 2020", "Mes_Dia_A1": "6 de agosto de 2025", "CATEGORIA": "PERSONA NATURAL", "NOMBRE_SEC": "COMERCIO AL POR MAYOR Y AL POR MENOR; REPARACI?N DE VEH?CULOS AUTOMOTORES Y MOTOCICLETAS", "CODIGO_CII": "4711", "DESC_CIIU": "COMERCIO AL POR MENOR EN ESTABLECIMIENTOS NO ESPECIALIZADOS CON S", "TAMANO957": "MICRO", "CIUDAD": "Cali", "COMUNA": "Comuna 09", "BARRIO": "Barrio Obrero", "DIRECCION_": "-CL 22 A # 11 - 05", "TIPO_REGIS": "MERCANTIL", "PERSONAL_O": "0.0", "NUMERO_DE_": "0", "NUMERO_DE1": "0", "INGRESOS_A": "0.0", "X": "-76.52077200469475", "Y": "3.448831985052668", "Id": 0, "area": 136572.15568900001 }, "geometry": { "type": "Point", "coordinates": [ -76.520772004694749, 3.448831985052668 ] } },
{ "type": "Feature", "properties": { "NUM_INSCRI": "1135580", "Mes_Dia_An": "22 de noviembre de 2021", "Mes_Dia_A1": "26 de julio de 2024", "CATEGORIA": "PERSONA NATURAL", "NOMBRE_SEC": "COMERCIO AL POR MAYOR Y AL POR MENOR; REPARACI?N DE VEH?CULOS AUTOMOTORES Y MOTOCICLETAS", "CODIGO_CII": "4711", "DESC_CIIU": "COMERCIO AL POR MENOR EN ESTABLECIMIENTOS NO ESPECIALIZADOS CON S", "TAMANO957": "MICRO", "CIUDAD": "Cali", "COMUNA": "Comuna 09", "BARRIO": "Barrio Obrero", "DIRECCION_": "-KR 11 B # 22 - 74", "TIPO_REGIS": "MERCANTIL", "PERSONAL_O": "1.0", "NUMERO_DE_": "1", "NUMERO_DE1": "0", "INGRESOS_A": null, "X": "-76.52082420064026", "Y": "3.447949352497042", "Id": 0, "area": 136572.15568900001 }, "geometry": { "type": "Point", "coordinates": [ -76.520824200640263, 3.447949352497042 ] } },
{ "type": "Feature", "properties": { "NUM_INSCRI": "1144865", "Mes_Dia_An": "7 de marzo de 2022", "Mes_Dia_A1": "4 de septiembre de 2024", "CATEGORIA": "PERSONA NATURAL", "NOMBRE_SEC": "COMERCIO AL POR MAYOR Y AL POR MENOR; REPARACI?N DE VEH?CULOS AUTOMOTORES Y MOTOCICLETAS", "CODIGO_CII": "4711", "DESC_CIIU": "COMERCIO AL POR MENOR EN ESTABLECIMIENTOS NO ESPECIALIZADOS CON S", "TAMANO957": "MICRO", "CIUDAD": "Cali", "COMUNA": "Comuna 09", "BARRIO": "Barrio Obrero", "DIRECCION_": "-CL 22 A # 11 - 49", "TIPO_REGIS": "MERCANTIL", "PERSONAL_O": "0.0", "NUMERO_DE_": "0", "NUMERO_DE1": "0", "INGRESOS_A": null, "X": "-76.520543421401", "Y": "3.448469346092363", "Id": 0, "area": 136572.15568900001 }, "geometry": { "type": "Point", "coordinates": [ -76.520543421401001, 3.448469346092363 ] } },
{ "type": "Feature", "properties": { "NUM_INSCRI": "1146767", "Mes_Dia_An": "22 de marzo de 2022", "Mes_Dia_A1": "6 de marzo de 2025", "CATEGORIA": "PERSONA NATURAL", "NOMBRE_SEC": "COMERCIO AL POR MAYOR Y AL POR MENOR; REPARACI?N DE VEH?CULOS AUTOMOTORES Y MOTOCICLETAS", "CODIGO_CII": "4711", "DESC_CIIU": "COMERCIO AL POR MENOR EN ESTABLECIMIENTOS NO ESPECIALIZADOS CON S", "TAMANO957": "MICRO", "CIUDAD": "Cali", "COMUNA": "Comuna 09", "BARRIO": "Barrio Obrero", "DIRECCION_": "-KR 11 D # 22 - 66", "TIPO_REGIS": "MERCANTIL", "PERSONAL_O": "1.0", "NUMERO_DE_": "0", "NUMERO_DE1": "1", "INGRESOS_A": "0.0", "X": "-76.52071440862771", "Y": "3.447101084754505", "Id": 0, "area": 136572.15568900001 }, "geometry": { "type": "Point", "coordinates": [ -76.520714408627711, 3.447101084754505 ] } },
{ "type": "Feature", "properties": { "NUM_INSCRI": "1153165", "Mes_Dia_An": "20 de mayo de 2022", "Mes_Dia_A1": "5 de diciembre de 2024", "CATEGORIA": "PERSONA NATURAL", "NOMBRE_SEC": "COMERCIO AL POR MAYOR Y AL POR MENOR; REPARACI?N DE VEH?CULOS AUTOMOTORES Y MOTOCICLETAS", "CODIGO_CII": "4711", "DESC_CIIU": "COMERCIO AL POR MENOR EN ESTABLECIMIENTOS NO ESPECIALIZADOS CON S", "TAMANO957": "MICRO", "CIUDAD": "Cali", "COMUNA": "Comuna 09", "BARRIO": "Barrio Obrero", "DIRECCION_": "-CL 21  8 A 15", "TIPO_REGIS": "MERCANTIL", "PERSONAL_O": "0.0", "NUMERO_DE_": "0", "NUMERO_DE1": "0", "INGRESOS_A": null, "X": "-76.52296874943193", "Y": "3.450907434501433", "Id": 0, "area": 136572.15568900001 }, "geometry": { "type": "Point", "coordinates": [ -76.522968749431925, 3.450907434501433 ] } },
{ "type": "Feature", "properties": { "NUM_INSCRI": "1169255", "Mes_Dia_An": "27 de octubre de 2022", "Mes_Dia_A1": "24 de febrero de 2025", "CATEGORIA": "PERSONA NATURAL", "NOMBRE_SEC": "COMERCIO AL POR MAYOR Y AL POR MENOR; REPARACI?N DE VEH?CULOS AUTOMOTORES Y MOTOCICLETAS", "CODIGO_CII": "4711", "DESC_CIIU": "COMERCIO AL POR MENOR EN ESTABLECIMIENTOS NO ESPECIALIZADOS CON S", "TAMANO957": "MICRO", "CIUDAD": "Cali", "COMUNA": "Comuna 09", "BARRIO": "Barrio Obrero", "DIRECCION_": "-CL 22 A  11 D 24", "TIPO_REGIS": "MERCANTIL", "PERSONAL_O": "0.0", "NUMERO_DE_": "0", "NUMERO_DE1": "0", "INGRESOS_A": "0.0", "X": "-76.52060011717613", "Y": "3.446903939376664", "Id": 0, "area": 136572.15568900001 }, "geometry": { "type": "Point", "coordinates": [ -76.52060011717613, 3.446903939376664 ] } },
{ "type": "Feature", "properties": { "NUM_INSCRI": "1211705", "Mes_Dia_An": "22 de febrero de 2024", "Mes_Dia_A1": "6 de marzo de 2025", "CATEGORIA": "PERSONA NATURAL", "NOMBRE_SEC": "COMERCIO AL POR MAYOR Y AL POR MENOR; REPARACI?N DE VEH?CULOS AUTOMOTORES Y MOTOCICLETAS", "CODIGO_CII": "4711", "DESC_CIIU": "COMERCIO AL POR MENOR EN ESTABLECIMIENTOS NO ESPECIALIZADOS CON S", "TAMANO957": "MICRO", "CIUDAD": "Cali", "COMUNA": "Comuna 09", "BARRIO": "Barrio Obrero", "DIRECCION_": "-CR 11 B  24   01", "TIPO_REGIS": "MERCANTIL", "PERSONAL_O": "0.0", "NUMERO_DE_": "0", "NUMERO_DE1": "0", "INGRESOS_A": "0.0", "X": "-76.51899463502565", "Y": "3.44853536136909", "Id": 0, "area": 136572.15568900001 }, "geometry": { "type": "Point", "coordinates": [ -76.518994635025649, 3.44853536136909 ] } },
{ "type": "Feature", "properties": { "NUM_INSCRI": "1212454", "Mes_Dia_An": "28 de febrero de 2024", "Mes_Dia_A1": "4 de abril de 2025", "CATEGORIA": "PERSONA NATURAL", "NOMBRE_SEC": "COMERCIO AL POR MAYOR Y AL POR MENOR; REPARACI?N DE VEH?CULOS AUTOMOTORES Y MOTOCICLETAS", "CODIGO_CII": "4711", "DESC_CIIU": "COMERCIO AL POR MENOR EN ESTABLECIMIENTOS NO ESPECIALIZADOS CON S", "TAMANO957": "MICRO", "CIUDAD": "Cali", "COMUNA": "Comuna 09", "BARRIO": "Barrio Obrero", "DIRECCION_": "-CL 23  8 A   02", "TIPO_REGIS": "MERCANTIL", "PERSONAL_O": "0.0", "NUMERO_DE_": "0", "NUMERO_DE1": "0", "INGRESOS_A": "0.0", "X": "-76.52067841185996", "Y": "3.451537760138291", "Id": 0, "area": 136572.15568900001 }, "geometry": { "type": "Point", "coordinates": [ -76.520678411859961, 3.451537760138291 ] } },
{ "type": "Feature", "properties": { "NUM_INSCRI": "1213610", "Mes_Dia_An": "8 de marzo de 2024", "Mes_Dia_A1": "28 de marzo de 2025", "CATEGORIA": "PERSONA NATURAL", "NOMBRE_SEC": "COMERCIO AL POR MAYOR Y AL POR MENOR; REPARACI?N DE VEH?CULOS AUTOMOTORES Y MOTOCICLETAS", "CODIGO_CII": "4711", "DESC_CIIU": "COMERCIO AL POR MENOR EN ESTABLECIMIENTOS NO ESPECIALIZADOS CON S", "TAMANO957": "MICRO", "CIUDAD": "Cali", "COMUNA": "Comuna 09", "BARRIO": "Barrio Obrero", "DIRECCION_": "-CL 24  8 A   37", "TIPO_REGIS": "MERCANTIL", "PERSONAL_O": "0.0", "NUMERO_DE_": "0", "NUMERO_DE1": "0", "INGRESOS_A": "0.0", "X": "-76.5195219931731", "Y": "3.451443708571308", "Id": 0, "area": 136572.15568900001 }, "geometry": { "type": "Point", "coordinates": [ -76.5195219931731, 3.451443708571308 ] } },
{ "type": "Feature", "properties": { "NUM_INSCRI": "1214583", "Mes_Dia_An": "15 de marzo de 2024", "Mes_Dia_A1": "15 de marzo de 2024", "CATEGORIA": "PERSONA NATURAL", "NOMBRE_SEC": "COMERCIO AL POR MAYOR Y AL POR MENOR; REPARACI?N DE VEH?CULOS AUTOMOTORES Y MOTOCICLETAS", "CODIGO_CII": "4711", "DESC_CIIU": "COMERCIO AL POR MENOR EN ESTABLECIMIENTOS NO ESPECIALIZADOS CON S", "TAMANO957": "MICRO", "CIUDAD": "Cali", "COMUNA": "Comuna 09", "BARRIO": "Barrio Obrero", "DIRECCION_": "-CR 10  21   30", "TIPO_REGIS": "MERCANTIL", "PERSONAL_O": "0.0", "NUMERO_DE_": "0", "NUMERO_DE1": "0", "INGRESOS_A": null, "X": "-76.52226949593648", "Y": "3.44919100517258", "Id": 0, "area": 136572.15568900001 }, "geometry": { "type": "Point", "coordinates": [ -76.522269495936484, 3.44919100517258 ] } },
{ "type": "Feature", "properties": { "NUM_INSCRI": "1231481", "Mes_Dia_An": "9 de septiembre de 2024", "Mes_Dia_A1": "31 de marzo de 2025", "CATEGORIA": "PERSONA NATURAL", "NOMBRE_SEC": "COMERCIO AL POR MAYOR Y AL POR MENOR; REPARACI?N DE VEH?CULOS AUTOMOTORES Y MOTOCICLETAS", "CODIGO_CII": "4711", "DESC_CIIU": "COMERCIO AL POR MENOR EN ESTABLECIMIENTOS NO ESPECIALIZADOS CON S", "TAMANO957": "MICRO", "CIUDAD": "Cali", "COMUNA": "Comuna 09", "BARRIO": "Barrio Obrero", "DIRECCION_": "-CR 10  22 A   27", "TIPO_REGIS": "MERCANTIL", "PERSONAL_O": "0.0", "NUMERO_DE_": "0", "NUMERO_DE1": "0", "INGRESOS_A": "0.0", "X": "-76.52079270346437", "Y": "3.450003100947489", "Id": 0, "area": 136572.15568900001 }, "geometry": { "type": "Point", "coordinates": [ -76.520792703464366, 3.450003100947489 ] } },
{ "type": "Feature", "properties": { "NUM_INSCRI": "1236935", "Mes_Dia_An": "12 de noviembre de 2024", "Mes_Dia_A1": "26 de noviembre de 2025", "CATEGORIA": "PERSONA NATURAL", "NOMBRE_SEC": "COMERCIO AL POR MAYOR Y AL POR MENOR; REPARACI?N DE VEH?CULOS AUTOMOTORES Y MOTOCICLETAS", "CODIGO_CII": "4711", "DESC_CIIU": "COMERCIO AL POR MENOR EN ESTABLECIMIENTOS NO ESPECIALIZADOS CON S", "TAMANO957": "MICRO", "CIUDAD": "Cali", "COMUNA": "Comuna 09", "BARRIO": "Barrio Obrero", "DIRECCION_": "-CR 9  22   43", "TIPO_REGIS": "MERCANTIL", "PERSONAL_O": "2.0", "NUMERO_DE_": "2", "NUMERO_DE1": "0", "INGRESOS_A": "0.0", "X": "-76.52151625212255", "Y": "3.450636136104733", "Id": 0, "area": 136572.15568900001 }, "geometry": { "type": "Point", "coordinates": [ -76.521516252122552, 3.450636136104733 ] } },
{ "type": "Feature", "properties": { "NUM_INSCRI": "1240612", "Mes_Dia_An": "14 de enero de 2025", "Mes_Dia_A1": "14 de enero de 2025", "CATEGORIA": "PERSONA NATURAL", "NOMBRE_SEC": "COMERCIO AL POR MAYOR Y AL POR MENOR; REPARACI?N DE VEH?CULOS AUTOMOTORES Y MOTOCICLETAS", "CODIGO_CII": "4711", "DESC_CIIU": "COMERCIO AL POR MENOR EN ESTABLECIMIENTOS NO ESPECIALIZADOS CON S", "TAMANO957": "MICRO", "CIUDAD": "Cali", "COMUNA": "Comuna 09", "BARRIO": "Barrio Obrero", "DIRECCION_": "-CL 22 A  11 D   06", "TIPO_REGIS": "MERCANTIL", "PERSONAL_O": "1.0", "NUMERO_DE_": "1", "NUMERO_DE1": "0", "INGRESOS_A": "0.0", "X": "-76.52063521455358", "Y": "3.44706400696138", "Id": 0, "area": 136572.15568900001 }, "geometry": { "type": "Point", "coordinates": [ -76.520635214553579, 3.44706400696138 ] } },
{ "type": "Feature", "properties": { "NUM_INSCRI": "1241372", "Mes_Dia_An": "21 de enero de 2025", "Mes_Dia_A1": "21 de enero de 2025", "CATEGORIA": "PERSONA NATURAL", "NOMBRE_SEC": "COMERCIO AL POR MAYOR Y AL POR MENOR; REPARACI?N DE VEH?CULOS AUTOMOTORES Y MOTOCICLETAS", "CODIGO_CII": "4711", "DESC_CIIU": "COMERCIO AL POR MENOR EN ESTABLECIMIENTOS NO ESPECIALIZADOS CON S", "TAMANO957": "MICRO", "CIUDAD": "Cali", "COMUNA": "Comuna 09", "BARRIO": "Barrio Obrero", "DIRECCION_": "-CR 12  23   01", "TIPO_REGIS": "MERCANTIL", "PERSONAL_O": "0.0", "NUMERO_DE_": "0", "NUMERO_DE1": "0", "INGRESOS_A": "0.0", "X": "-76.51948150140322", "Y": "3.446678758934984", "Id": 0, "area": 136572.15568900001 }, "geometry": { "type": "Point", "coordinates": [ -76.51948150140322, 3.446678758934984 ] } },
{ "type": "Feature", "properties": { "NUM_INSCRI": "1247551", "Mes_Dia_An": "13 de marzo de 2025", "Mes_Dia_A1": "13 de marzo de 2025", "CATEGORIA": "PERSONA NATURAL", "NOMBRE_SEC": "COMERCIO AL POR MAYOR Y AL POR MENOR; REPARACI?N DE VEH?CULOS AUTOMOTORES Y MOTOCICLETAS", "CODIGO_CII": "4711", "DESC_CIIU": "COMERCIO AL POR MENOR EN ESTABLECIMIENTOS NO ESPECIALIZADOS CON S", "TAMANO957": "MICRO", "CIUDAD": "Cali", "COMUNA": "Comuna 09", "BARRIO": "Barrio Obrero", "DIRECCION_": "-CRA 10 # 21-30 LOCAL 1", "TIPO_REGIS": "MERCANTIL", "PERSONAL_O": "1.0", "NUMERO_DE_": "0", "NUMERO_DE1": "1", "INGRESOS_A": "500000.0", "X": "-76.52226949593648", "Y": "3.44919100517258", "Id": 0, "area": 136572.15568900001 }, "geometry": { "type": "Point", "coordinates": [ -76.522269495936484, 3.44919100517258 ] } },
{ "type": "Feature", "properties": { "NUM_INSCRI": "1249527", "Mes_Dia_An": "2 de abril de 2025", "Mes_Dia_A1": "2 de abril de 2025", "CATEGORIA": "PERSONA NATURAL", "NOMBRE_SEC": "COMERCIO AL POR MAYOR Y AL POR MENOR; REPARACI?N DE VEH?CULOS AUTOMOTORES Y MOTOCICLETAS", "CODIGO_CII": "4711", "DESC_CIIU": "COMERCIO AL POR MENOR EN ESTABLECIMIENTOS NO ESPECIALIZADOS CON S", "TAMANO957": "MICRO", "CIUDAD": "Cali", "COMUNA": "Comuna 09", "BARRIO": "Barrio Obrero", "DIRECCION_": "-KR 11 B # 24 - 59", "TIPO_REGIS": "MERCANTIL", "PERSONAL_O": "2.0", "NUMERO_DE_": "2", "NUMERO_DE1": "0", "INGRESOS_A": "0.0", "X": "-76.51848257236902", "Y": "3.448638454758155", "Id": 0, "area": 136572.15568900001 }, "geometry": { "type": "Point", "coordinates": [ -76.518482572369024, 3.448638454758155 ] } },
{ "type": "Feature", "properties": { "NUM_INSCRI": "1253577", "Mes_Dia_An": "16 de mayo de 2025", "Mes_Dia_A1": "16 de mayo de 2025", "CATEGORIA": "PERSONA NATURAL", "NOMBRE_SEC": "COMERCIO AL POR MAYOR Y AL POR MENOR; REPARACI?N DE VEH?CULOS AUTOMOTORES Y MOTOCICLETAS", "CODIGO_CII": "4711", "DESC_CIIU": "COMERCIO AL POR MENOR EN ESTABLECIMIENTOS NO ESPECIALIZADOS CON S", "TAMANO957": "MICRO", "CIUDAD": "Cali", "COMUNA": "Comuna 09", "BARRIO": "Barrio Obrero", "DIRECCION_": "-CR 11 B  22   74", "TIPO_REGIS": "MERCANTIL", "PERSONAL_O": "2.0", "NUMERO_DE_": "1", "NUMERO_DE1": "1", "INGRESOS_A": "0.0", "X": "-76.52082420064026", "Y": "3.447949352497042", "Id": 0, "area": 136572.15568900001 }, "geometry": { "type": "Point", "coordinates": [ -76.520824200640263, 3.447949352497042 ] } },
{ "type": "Feature", "properties": { "NUM_INSCRI": "1253930", "Mes_Dia_An": "21 de mayo de 2025", "Mes_Dia_A1": "21 de mayo de 2025", "CATEGORIA": "PERSONA NATURAL", "NOMBRE_SEC": "COMERCIO AL POR MAYOR Y AL POR MENOR; REPARACI?N DE VEH?CULOS AUTOMOTORES Y MOTOCICLETAS", "CODIGO_CII": "4711", "DESC_CIIU": "COMERCIO AL POR MENOR EN ESTABLECIMIENTOS NO ESPECIALIZADOS CON S", "TAMANO957": "MICRO", "CIUDAD": "Cali", "COMUNA": "Comuna 09", "BARRIO": "Barrio Obrero", "DIRECCION_": "-CR 10  22 A 43", "TIPO_REGIS": "MERCANTIL", "PERSONAL_O": "0.0", "NUMERO_DE_": "0", "NUMERO_DE1": "0", "INGRESOS_A": "0.0", "X": "-76.52065861309886", "Y": "3.450030231068298", "Id": 0, "area": 136572.15568900001 }, "geometry": { "type": "Point", "coordinates": [ -76.52065861309886, 3.450030231068298 ] } },
{ "type": "Feature", "properties": { "NUM_INSCRI": "1256789", "Mes_Dia_An": "17 de junio de 2025", "Mes_Dia_A1": "17 de junio de 2025", "CATEGORIA": "PERSONA NATURAL", "NOMBRE_SEC": "COMERCIO AL POR MAYOR Y AL POR MENOR; REPARACI?N DE VEH?CULOS AUTOMOTORES Y MOTOCICLETAS", "CODIGO_CII": "4711", "DESC_CIIU": "COMERCIO AL POR MENOR EN ESTABLECIMIENTOS NO ESPECIALIZADOS CON S", "TAMANO957": "MICRO", "CIUDAD": "Cali", "COMUNA": "Comuna 09", "BARRIO": "Barrio Obrero", "DIRECCION_": "-CL 22  8   56", "TIPO_REGIS": "MERCANTIL", "PERSONAL_O": "0.0", "NUMERO_DE_": "0", "NUMERO_DE1": "0", "INGRESOS_A": "0.0", "X": "-76.5224251890776", "Y": "3.451479880773654", "Id": 0, "area": 136572.15568900001 }, "geometry": { "type": "Point", "coordinates": [ -76.522425189077595, 3.451479880773654 ] } },
{ "type": "Feature", "properties": { "NUM_INSCRI": "1258664", "Mes_Dia_An": "8 de julio de 2025", "Mes_Dia_A1": "8 de julio de 2025", "CATEGORIA": "PERSONA NATURAL", "NOMBRE_SEC": "COMERCIO AL POR MAYOR Y AL POR MENOR; REPARACI?N DE VEH?CULOS AUTOMOTORES Y MOTOCICLETAS", "CODIGO_CII": "4711", "DESC_CIIU": "COMERCIO AL POR MENOR EN ESTABLECIMIENTOS NO ESPECIALIZADOS CON S", "TAMANO957": "MICRO", "CIUDAD": "Cali", "COMUNA": "Comuna 09", "BARRIO": "Barrio Obrero", "DIRECCION_": "-CR 11 B  22   24", "TIPO_REGIS": "MERCANTIL", "PERSONAL_O": "0.0", "NUMERO_DE_": "0", "NUMERO_DE1": "0", "INGRESOS_A": "0.0", "X": "-76.52126156820867", "Y": "3.447844449226237", "Id": 0, "area": 136572.15568900001 }, "geometry": { "type": "Point", "coordinates": [ -76.521261568208672, 3.447844449226237 ] } },
{ "type": "Feature", "properties": { "NUM_INSCRI": "1267438", "Mes_Dia_An": "3 de octubre de 2025", "Mes_Dia_A1": "3 de octubre de 2025", "CATEGORIA": "PERSONA NATURAL", "NOMBRE_SEC": "COMERCIO AL POR MAYOR Y AL POR MENOR; REPARACI?N DE VEH?CULOS AUTOMOTORES Y MOTOCICLETAS", "CODIGO_CII": "4711", "DESC_CIIU": "COMERCIO AL POR MENOR EN ESTABLECIMIENTOS NO ESPECIALIZADOS CON S", "TAMANO957": "MICRO", "CIUDAD": "Cali", "COMUNA": "Comuna 09", "BARRIO": "Barrio Obrero", "DIRECCION_": "-CR 11  21   20", "TIPO_REGIS": "MERCANTIL", "PERSONAL_O": "0.0", "NUMERO_DE_": "0", "NUMERO_DE1": "0", "INGRESOS_A": "0.0", "X": "-76.52219300015422", "Y": "3.44840332811694", "Id": 0, "area": 136572.15568900001 }, "geometry": { "type": "Point", "coordinates": [ -76.522193000154218, 3.44840332811694 ] } },
{ "type": "Feature", "properties": { "NUM_INSCRI": "1267585", "Mes_Dia_An": "6 de octubre de 2025", "Mes_Dia_A1": "6 de octubre de 2025", "CATEGORIA": "PERSONA NATURAL", "NOMBRE_SEC": "COMERCIO AL POR MAYOR Y AL POR MENOR; REPARACI?N DE VEH?CULOS AUTOMOTORES Y MOTOCICLETAS", "CODIGO_CII": "4711", "DESC_CIIU": "COMERCIO AL POR MENOR EN ESTABLECIMIENTOS NO ESPECIALIZADOS CON S", "TAMANO957": "MICRO", "CIUDAD": "Cali", "COMUNA": "Comuna 09", "BARRIO": "Barrio Obrero", "DIRECCION_": "-CR 8 A  22   69", "TIPO_REGIS": "MERCANTIL", "PERSONAL_O": "0.0", "NUMERO_DE_": "0", "NUMERO_DE1": "0", "INGRESOS_A": "0.0", "X": "-76.52165304345041", "Y": "3.451568506960583", "Id": 0, "area": 136572.15568900001 }, "geometry": { "type": "Point", "coordinates": [ -76.521653043450414, 3.451568506960583 ] } },
{ "type": "Feature", "properties": { "NUM_INSCRI": "1272525", "Mes_Dia_An": "12 de diciembre de 2025", "Mes_Dia_A1": "12 de diciembre de 2025", "CATEGORIA": "PERSONA NATURAL", "NOMBRE_SEC": "COMERCIO AL POR MAYOR Y AL POR MENOR; REPARACI?N DE VEH?CULOS AUTOMOTORES Y MOTOCICLETAS", "CODIGO_CII": "4711", "DESC_CIIU": "COMERCIO AL POR MENOR EN ESTABLECIMIENTOS NO ESPECIALIZADOS CON S", "TAMANO957": "MICRO", "CIUDAD": "Cali", "COMUNA": "Comuna 09", "BARRIO": "Barrio Obrero", "DIRECCION_": "-CR 11 B  24   02", "TIPO_REGIS": "MERCANTIL", "PERSONAL_O": "0.0", "NUMERO_DE_": "0", "NUMERO_DE1": "0", "INGRESOS_A": "0.0", "X": "-76.51891544118737", "Y": "3.44833098115858", "Id": 0, "area": 136572.15568900001 }, "geometry": { "type": "Point", "coordinates": [ -76.518915441187374, 3.44833098115858 ] } },
{ "type": "Feature", "properties": { "NUM_INSCRI": "68237", "Mes_Dia_An": "21 de julio de 1993", "Mes_Dia_A1": "21 de octubre de 2024", "CATEGORIA": "PERSONA NATURAL", "NOMBRE_SEC": "COMERCIO AL POR MAYOR Y AL POR MENOR; REPARACI?N DE VEH?CULOS AUTOMOTORES Y MOTOCICLETAS", "CODIGO_CII": "4719", "DESC_CIIU": "COMERCIO AL POR MENOR EN ESTABLECIMIENTOS NO ESPECIALIZADOS, CON", "TAMANO957": "MICRO", "CIUDAD": "Cali", "COMUNA": "Comuna 09", "BARRIO": "Barrio Obrero", "DIRECCION_": "-CRA 10 #22 A 23", "TIPO_REGIS": "MERCANTIL", "PERSONAL_O": "0.0", "NUMERO_DE_": "0", "NUMERO_DE1": "0", "INGRESOS_A": null, "X": "-76.52084040000754", "Y": "3.449897293553449", "Id": 0, "area": 136572.15568900001 }, "geometry": { "type": "Point", "coordinates": [ -76.520840400007543, 3.449897293553449 ] } },
{ "type": "Feature", "properties": { "NUM_INSCRI": "300264", "Mes_Dia_An": "30 de octubre de 1991", "Mes_Dia_A1": "20 de marzo de 2025", "CATEGORIA": "PERSONA NATURAL", "NOMBRE_SEC": "COMERCIO AL POR MAYOR Y AL POR MENOR; REPARACI?N DE VEH?CULOS AUTOMOTORES Y MOTOCICLETAS", "CODIGO_CII": "4719", "DESC_CIIU": "COMERCIO AL POR MENOR EN ESTABLECIMIENTOS NO ESPECIALIZADOS, CON", "TAMANO957": "MICRO", "CIUDAD": "Cali", "COMUNA": "Comuna 09", "BARRIO": "Barrio Obrero", "DIRECCION_": "-KR 15 # 22 A - 73", "TIPO_REGIS": "MERCANTIL", "PERSONAL_O": "4.0", "NUMERO_DE_": "4", "NUMERO_DE1": "0", "INGRESOS_A": "124734000.0", "X": "-76.5193510132746", "Y": "3.445061804812514", "Id": 0, "area": 136572.15568900001 }, "geometry": { "type": "Point", "coordinates": [ -76.519351013274601, 3.445061804812514 ] } },
{ "type": "Feature", "properties": { "NUM_INSCRI": "554991", "Mes_Dia_An": "1 de marzo de 2001", "Mes_Dia_A1": "27 de marzo de 2025", "CATEGORIA": "PERSONA JURIDICA", "NOMBRE_SEC": "COMERCIO AL POR MAYOR Y AL POR MENOR; REPARACI?N DE VEH?CULOS AUTOMOTORES Y MOTOCICLETAS", "CODIGO_CII": "4719", "DESC_CIIU": "COMERCIO AL POR MENOR EN ESTABLECIMIENTOS NO ESPECIALIZADOS, CON", "TAMANO957": "MICRO", "CIUDAD": "Cali", "COMUNA": "Comuna 09", "BARRIO": "Barrio Obrero", "DIRECCION_": "-KR 11 B # 24 - 38", "TIPO_REGIS": "MERCANTIL", "PERSONAL_O": "2.0", "NUMERO_DE_": "1", "NUMERO_DE1": "1", "INGRESOS_A": "409002000.0", "X": "-76.51861036367323", "Y": "3.44831198951034", "Id": 0, "area": 136572.15568900001 }, "geometry": { "type": "Point", "coordinates": [ -76.518610363673233, 3.44831198951034 ] } },
{ "type": "Feature", "properties": { "NUM_INSCRI": "823461", "Mes_Dia_An": "22 de julio de 2011", "Mes_Dia_A1": "13 de marzo de 2025", "CATEGORIA": "PERSONA NATURAL", "NOMBRE_SEC": "COMERCIO AL POR MAYOR Y AL POR MENOR; REPARACI?N DE VEH?CULOS AUTOMOTORES Y MOTOCICLETAS", "CODIGO_CII": "4719", "DESC_CIIU": "COMERCIO AL POR MENOR EN ESTABLECIMIENTOS NO ESPECIALIZADOS, CON", "TAMANO957": "MICRO", "CIUDAD": "Cali", "COMUNA": "Comuna 09", "BARRIO": "Barrio Obrero", "DIRECCION_": "-KR 10 # 21 - 11", "TIPO_REGIS": "MERCANTIL", "PERSONAL_O": "0.0", "NUMERO_DE_": "0", "NUMERO_DE1": "0", "INGRESOS_A": "0.0", "X": "-76.52253947716818", "Y": "3.449604286474891", "Id": 0, "area": 136572.15568900001 }, "geometry": { "type": "Point", "coordinates": [ -76.522539477168181, 3.449604286474891 ] } },
{ "type": "Feature", "properties": { "NUM_INSCRI": "871975", "Mes_Dia_An": "21 de mayo de 2013", "Mes_Dia_A1": "25 de febrero de 2025", "CATEGORIA": "PERSONA NATURAL", "NOMBRE_SEC": "COMERCIO AL POR MAYOR Y AL POR MENOR; REPARACI?N DE VEH?CULOS AUTOMOTORES Y MOTOCICLETAS", "CODIGO_CII": "4719", "DESC_CIIU": "COMERCIO AL POR MENOR EN ESTABLECIMIENTOS NO ESPECIALIZADOS, CON", "TAMANO957": "MICRO", "CIUDAD": "Cali", "COMUNA": "Comuna 09", "BARRIO": "Barrio Obrero", "DIRECCION_": "-KR 10 # 22 - 25", "TIPO_REGIS": "MERCANTIL", "PERSONAL_O": "0.0", "NUMERO_DE_": "0", "NUMERO_DE1": "0", "INGRESOS_A": "0.0", "X": "-76.5216575411262", "Y": "3.449814093994825", "Id": 0, "area": 136572.15568900001 }, "geometry": { "type": "Point", "coordinates": [ -76.521657541126203, 3.449814093994825 ] } },
{ "type": "Feature", "properties": { "NUM_INSCRI": "983898", "Mes_Dia_An": "20 de abril de 2017", "Mes_Dia_A1": "1 de abril de 2025", "CATEGORIA": "PERSONA JURIDICA", "NOMBRE_SEC": "COMERCIO AL POR MAYOR Y AL POR MENOR; REPARACI?N DE VEH?CULOS AUTOMOTORES Y MOTOCICLETAS", "CODIGO_CII": "4719", "DESC_CIIU": "COMERCIO AL POR MENOR EN ESTABLECIMIENTOS NO ESPECIALIZADOS, CON", "TAMANO957": "MICRO", "CIUDAD": "Cali", "COMUNA": "Comuna 09", "BARRIO": "Barrio Obrero", "DIRECCION_": "-KR 10 # 22 A - 47", "TIPO_REGIS": "MERCANTIL", "PERSONAL_O": "1.0", "NUMERO_DE_": "1", "NUMERO_DE1": "0", "INGRESOS_A": "294962963.0", "X": "-76.52062981516045", "Y": "3.449942510421436", "Id": 0, "area": 136572.15568900001 }, "geometry": { "type": "Point", "coordinates": [ -76.520629815160447, 3.449942510421436 ] } },
{ "type": "Feature", "properties": { "NUM_INSCRI": "1008725", "Mes_Dia_An": "22 de febrero de 2018", "Mes_Dia_A1": "21 de marzo de 2025", "CATEGORIA": "PERSONA NATURAL", "NOMBRE_SEC": "COMERCIO AL POR MAYOR Y AL POR MENOR; REPARACI?N DE VEH?CULOS AUTOMOTORES Y MOTOCICLETAS", "CODIGO_CII": "4719", "DESC_CIIU": "COMERCIO AL POR MENOR EN ESTABLECIMIENTOS NO ESPECIALIZADOS, CON", "TAMANO957": "MICRO", "CIUDAD": "Cali", "COMUNA": "Comuna 09", "BARRIO": "Barrio Obrero", "DIRECCION_": "-KR 11 B # 22 - 12", "TIPO_REGIS": "MERCANTIL", "PERSONAL_O": "1.0", "NUMERO_DE_": "1", "NUMERO_DE1": "0", "INGRESOS_A": "0.0", "X": "-76.52136686038669", "Y": "3.447819127717052", "Id": 0, "area": 136572.15568900001 }, "geometry": { "type": "Point", "coordinates": [ -76.521366860386692, 3.447819127717052 ] } },
{ "type": "Feature", "properties": { "NUM_INSCRI": "1072209", "Mes_Dia_An": "8 de enero de 2020", "Mes_Dia_A1": "13 de marzo de 2025", "CATEGORIA": "PERSONA NATURAL", "NOMBRE_SEC": "COMERCIO AL POR MAYOR Y AL POR MENOR; REPARACI?N DE VEH?CULOS AUTOMOTORES Y MOTOCICLETAS", "CODIGO_CII": "4719", "DESC_CIIU": "COMERCIO AL POR MENOR EN ESTABLECIMIENTOS NO ESPECIALIZADOS, CON", "TAMANO957": "MICRO", "CIUDAD": "Cali", "COMUNA": "Comuna 09", "BARRIO": "Barrio Obrero", "DIRECCION_": "-KR 15 # 21 - 01", "TIPO_REGIS": "MERCANTIL", "PERSONAL_O": "5.0", "NUMERO_DE_": "4", "NUMERO_DE1": "1", "INGRESOS_A": "663293000.0", "X": "-76.52127776423183", "Y": "3.44412581683833", "Id": 0, "area": 136572.15568900001 }, "geometry": { "type": "Point", "coordinates": [ -76.521277764231826, 3.44412581683833 ] } },
{ "type": "Feature", "properties": { "NUM_INSCRI": "1132044", "Mes_Dia_An": "13 de octubre de 2021", "Mes_Dia_A1": "27 de marzo de 2025", "CATEGORIA": "PERSONA NATURAL", "NOMBRE_SEC": "COMERCIO AL POR MAYOR Y AL POR MENOR; REPARACI?N DE VEH?CULOS AUTOMOTORES Y MOTOCICLETAS", "CODIGO_CII": "4719", "DESC_CIIU": "COMERCIO AL POR MENOR EN ESTABLECIMIENTOS NO ESPECIALIZADOS, CON", "TAMANO957": "MICRO", "CIUDAD": "Cali", "COMUNA": "Comuna 09", "BARRIO": "Barrio Obrero", "DIRECCION_": "-CR 11 B   21   15", "TIPO_REGIS": "MERCANTIL", "PERSONAL_O": "0.0", "NUMERO_DE_": "0", "NUMERO_DE1": "0", "INGRESOS_A": "0.0", "X": "-76.52202741141754", "Y": "3.447810083560197", "Id": 0, "area": 136572.15568900001 }, "geometry": { "type": "Point", "coordinates": [ -76.52202741141754, 3.447810083560197 ] } },
{ "type": "Feature", "properties": { "NUM_INSCRI": "1141323", "Mes_Dia_An": "4 de febrero de 2022", "Mes_Dia_A1": "25 de febrero de 2025", "CATEGORIA": "PERSONA NATURAL", "NOMBRE_SEC": "COMERCIO AL POR MAYOR Y AL POR MENOR; REPARACI?N DE VEH?CULOS AUTOMOTORES Y MOTOCICLETAS", "CODIGO_CII": "4719", "DESC_CIIU": "COMERCIO AL POR MENOR EN ESTABLECIMIENTOS NO ESPECIALIZADOS, CON", "TAMANO957": "MICRO", "CIUDAD": "Cali", "COMUNA": "Comuna 09", "BARRIO": "Barrio Obrero", "DIRECCION_": "-CL 22 A  11 D 14", "TIPO_REGIS": "MERCANTIL", "PERSONAL_O": "0.0", "NUMERO_DE_": "0", "NUMERO_DE1": "0", "INGRESOS_A": "0.0", "X": "-76.52058211853034", "Y": "3.447054059260849", "Id": 0, "area": 136572.15568900001 }, "geometry": { "type": "Point", "coordinates": [ -76.520582118530342, 3.447054059260849 ] } },
{ "type": "Feature", "properties": { "NUM_INSCRI": "1152878", "Mes_Dia_An": "18 de mayo de 2022", "Mes_Dia_A1": "25 de marzo de 2025", "CATEGORIA": "PERSONA JURIDICA", "NOMBRE_SEC": "COMERCIO AL POR MAYOR Y AL POR MENOR; REPARACI?N DE VEH?CULOS AUTOMOTORES Y MOTOCICLETAS", "CODIGO_CII": "4719", "DESC_CIIU": "COMERCIO AL POR MENOR EN ESTABLECIMIENTOS NO ESPECIALIZADOS, CON", "TAMANO957": "MICRO", "CIUDAD": "Cali", "COMUNA": "Comuna 09", "BARRIO": "Barrio Obrero", "DIRECCION_": "-CL 22 A # 11 - 69", "TIPO_REGIS": "MERCANTIL", "PERSONAL_O": "9.0", "NUMERO_DE_": "5", "NUMERO_DE1": "4", "INGRESOS_A": "229385171.0", "X": "-76.52064871365071", "Y": "3.44826587034868", "Id": 0, "area": 136572.15568900001 }, "geometry": { "type": "Point", "coordinates": [ -76.520648713650715, 3.44826587034868 ] } },
{ "type": "Feature", "properties": { "NUM_INSCRI": "1254664", "Mes_Dia_An": "28 de mayo de 2025", "Mes_Dia_A1": "28 de mayo de 2025", "CATEGORIA": "PERSONA NATURAL", "NOMBRE_SEC": "COMERCIO AL POR MAYOR Y AL POR MENOR; REPARACI?N DE VEH?CULOS AUTOMOTORES Y MOTOCICLETAS", "CODIGO_CII": "4719", "DESC_CIIU": "COMERCIO AL POR MENOR EN ESTABLECIMIENTOS NO ESPECIALIZADOS, CON", "TAMANO957": "MICRO", "CIUDAD": "Cali", "COMUNA": "Comuna 09", "BARRIO": "Barrio Obrero", "DIRECCION_": "-CL 22 A  8 A   79", "TIPO_REGIS": "MERCANTIL", "PERSONAL_O": "0.0", "NUMERO_DE_": "0", "NUMERO_DE1": "0", "INGRESOS_A": "0.0", "X": "-76.52119857478063", "Y": "3.450710291970707", "Id": 0, "area": 136572.15568900001 }, "geometry": { "type": "Point", "coordinates": [ -76.521198574780627, 3.450710291970707 ] } },
{ "type": "Feature", "properties": { "NUM_INSCRI": "1262269", "Mes_Dia_An": "13 de agosto de 2025", "Mes_Dia_A1": "13 de agosto de 2025", "CATEGORIA": "PERSONA NATURAL", "NOMBRE_SEC": "COMERCIO AL POR MAYOR Y AL POR MENOR; REPARACI?N DE VEH?CULOS AUTOMOTORES Y MOTOCICLETAS", "CODIGO_CII": "4719", "DESC_CIIU": "COMERCIO AL POR MENOR EN ESTABLECIMIENTOS NO ESPECIALIZADOS, CON", "TAMANO957": "MICRO", "CIUDAD": "Cali", "COMUNA": "Comuna 09", "BARRIO": "Barrio Obrero", "DIRECCION_": "-CR 10  21   55", "TIPO_REGIS": "MERCANTIL", "PERSONAL_O": "0.0", "NUMERO_DE_": "0", "NUMERO_DE1": "0", "INGRESOS_A": "0.0", "X": "-76.52215160537733", "Y": "3.449716424942771", "Id": 0, "area": 136572.15568900001 }, "geometry": { "type": "Point", "coordinates": [ -76.522151605377331, 3.449716424942771 ] } },
{ "type": "Feature", "properties": { "NUM_INSCRI": "1075789", "Mes_Dia_An": "5 de febrero de 2020", "Mes_Dia_A1": "12 de febrero de 2025", "CATEGORIA": "PERSONA NATURAL", "NOMBRE_SEC": "COMERCIO AL POR MAYOR Y AL POR MENOR; REPARACI?N DE VEH?CULOS AUTOMOTORES Y MOTOCICLETAS", "CODIGO_CII": "4722", "DESC_CIIU": "COMERCIO AL POR MENOR DE LECHE, PRODUCTOS L?CTEOS Y HUEVOS, EN ES", "TAMANO957": "MICRO", "CIUDAD": "Cali", "COMUNA": "Comuna 08", "BARRIO": "La Floresta", "DIRECCION_": "-CL 21   11 D   53", "TIPO_REGIS": "MERCANTIL", "PERSONAL_O": "0.0", "NUMERO_DE_": "0", "NUMERO_DE1": "0", "INGRESOS_A": "0.0", "X": "-76.52162603958409", "Y": "3.446383945204606", "Id": 0, "area": 136572.15568900001 }, "geometry": { "type": "Point", "coordinates": [ -76.521626039584092, 3.446383945204606 ] } },
{ "type": "Feature", "properties": { "NUM_INSCRI": "802077", "Mes_Dia_An": "28 de septiembre de 2010", "Mes_Dia_A1": "28 de marzo de 2025", "CATEGORIA": "PERSONA NATURAL", "NOMBRE_SEC": "COMERCIO AL POR MAYOR Y AL POR MENOR; REPARACI?N DE VEH?CULOS AUTOMOTORES Y MOTOCICLETAS", "CODIGO_CII": "4723", "DESC_CIIU": "COMERCIO AL POR MENOR DE CARNES (INCLUYE AVES DE CORRAL), PRODUCT", "TAMANO957": "MEDIANA", "CIUDAD": "Cali", "COMUNA": "Comuna 09", "BARRIO": "Barrio Obrero", "DIRECCION_": "-CL 22 A # 11 - 49", "TIPO_REGIS": "MERCANTIL", "PERSONAL_O": "35.0", "NUMERO_DE_": "35", "NUMERO_DE1": "0", "INGRESOS_A": "35848000000.0", "X": "-76.520543421401", "Y": "3.448469346092363", "Id": 0, "area": 136572.15568900001 }, "geometry": { "type": "Point", "coordinates": [ -76.520543421401001, 3.448469346092363 ] } },
{ "type": "Feature", "properties": { "NUM_INSCRI": "1253411", "Mes_Dia_An": "14 de mayo de 2025", "Mes_Dia_A1": "14 de mayo de 2025", "CATEGORIA": "PERSONA NATURAL", "NOMBRE_SEC": "COMERCIO AL POR MAYOR Y AL POR MENOR; REPARACI?N DE VEH?CULOS AUTOMOTORES Y MOTOCICLETAS", "CODIGO_CII": "4723", "DESC_CIIU": "COMERCIO AL POR MENOR DE CARNES (INCLUYE AVES DE CORRAL), PRODUCT", "TAMANO957": "MICRO", "CIUDAD": "Cali", "COMUNA": "Comuna 09", "BARRIO": "Barrio Obrero", "DIRECCION_": "-CL 22  10   23", "TIPO_REGIS": "MERCANTIL", "PERSONAL_O": "0.0", "NUMERO_DE_": "0", "NUMERO_DE1": "0", "INGRESOS_A": "0.0", "X": "-76.5217313351967", "Y": "3.449311282757581", "Id": 0, "area": 136572.15568900001 }, "geometry": { "type": "Point", "coordinates": [ -76.521731335196705, 3.449311282757581 ] } },
{ "type": "Feature", "properties": { "NUM_INSCRI": "821911", "Mes_Dia_An": "5 de julio de 2011", "Mes_Dia_A1": "28 de febrero de 2025", "CATEGORIA": "PERSONA NATURAL", "NOMBRE_SEC": "COMERCIO AL POR MAYOR Y AL POR MENOR; REPARACI?N DE VEH?CULOS AUTOMOTORES Y MOTOCICLETAS", "CODIGO_CII": "4724", "DESC_CIIU": "COMERCIO AL POR MENOR DE BEBIDAS Y PRODUCTOS DEL TABACO, EN ESTAB", "TAMANO957": "MICRO", "CIUDAD": "Cali", "COMUNA": "Comuna 09", "BARRIO": "Barrio Obrero", "DIRECCION_": "-CL 22  9   73 LC 3", "TIPO_REGIS": "MERCANTIL", "PERSONAL_O": "0.0", "NUMERO_DE_": "0", "NUMERO_DE1": "0", "INGRESOS_A": "0.0", "X": "-76.52183212849936", "Y": "3.449775207303405", "Id": 0, "area": 136572.15568900001 }, "geometry": { "type": "Point", "coordinates": [ -76.521832128499355, 3.449775207303405 ] } },
{ "type": "Feature", "properties": { "NUM_INSCRI": "1071871", "Mes_Dia_An": "3 de enero de 2020", "Mes_Dia_A1": "11 de enero de 2024", "CATEGORIA": "PERSONA NATURAL", "NOMBRE_SEC": "COMERCIO AL POR MAYOR Y AL POR MENOR; REPARACI?N DE VEH?CULOS AUTOMOTORES Y MOTOCICLETAS", "CODIGO_CII": "4724", "DESC_CIIU": "COMERCIO AL POR MENOR DE BEBIDAS Y PRODUCTOS DEL TABACO, EN ESTAB", "TAMANO957": "MICRO", "CIUDAD": "Cali", "COMUNA": null, "BARRIO": null, "DIRECCION_": "-CR 11   22   22", "TIPO_REGIS": "MERCANTIL", "PERSONAL_O": "0.0", "NUMERO_DE_": "0", "NUMERO_DE1": "0", "INGRESOS_A": null, "X": "-76.52142355684778", "Y": "3.448556162016907", "Id": 0, "area": 136572.15568900001 }, "geometry": { "type": "Point", "coordinates": [ -76.521423556847779, 3.448556162016907 ] } },
{ "type": "Feature", "properties": { "NUM_INSCRI": "1111346", "Mes_Dia_An": "8 de marzo de 2021", "Mes_Dia_A1": "22 de enero de 2024", "CATEGORIA": "PERSONA NATURAL", "NOMBRE_SEC": "COMERCIO AL POR MAYOR Y AL POR MENOR; REPARACI?N DE VEH?CULOS AUTOMOTORES Y MOTOCICLETAS", "CODIGO_CII": "4724", "DESC_CIIU": "COMERCIO AL POR MENOR DE BEBIDAS Y PRODUCTOS DEL TABACO, EN ESTAB", "TAMANO957": "MICRO", "CIUDAD": "Cali", "COMUNA": "Comuna 09", "BARRIO": "Barrio Obrero", "DIRECCION_": "-CL 22 A # 14 - 18", "TIPO_REGIS": "MERCANTIL", "PERSONAL_O": "0.0", "NUMERO_DE_": "0", "NUMERO_DE1": "0", "INGRESOS_A": null, "X": "-76.52013575293094", "Y": "3.444893598866288", "Id": 0, "area": 136572.15568900001 }, "geometry": { "type": "Point", "coordinates": [ -76.52013575293094, 3.444893598866288 ] } },
{ "type": "Feature", "properties": { "NUM_INSCRI": "1122497", "Mes_Dia_An": "14 de julio de 2021", "Mes_Dia_A1": "10 de octubre de 2024", "CATEGORIA": "PERSONA NATURAL", "NOMBRE_SEC": "COMERCIO AL POR MAYOR Y AL POR MENOR; REPARACI?N DE VEH?CULOS AUTOMOTORES Y MOTOCICLETAS", "CODIGO_CII": "4724", "DESC_CIIU": "COMERCIO AL POR MENOR DE BEBIDAS Y PRODUCTOS DEL TABACO, EN ESTAB", "TAMANO957": "MICRO", "CIUDAD": "Cali", "COMUNA": "Comuna 09", "BARRIO": "Barrio Obrero", "DIRECCION_": "-CL 22 # 8A - 41", "TIPO_REGIS": "MERCANTIL", "PERSONAL_O": "1.0", "NUMERO_DE_": "0", "NUMERO_DE1": "1", "INGRESOS_A": null, "X": "-76.52197971942748", "Y": "3.450831472225301", "Id": 0, "area": 136572.15568900001 }, "geometry": { "type": "Point", "coordinates": [ -76.521979719427478, 3.450831472225301 ] } },
{ "type": "Feature", "properties": { "NUM_INSCRI": "1234507", "Mes_Dia_An": "10 de octubre de 2024", "Mes_Dia_A1": "9 de mayo de 2025", "CATEGORIA": "PERSONA NATURAL", "NOMBRE_SEC": "COMERCIO AL POR MAYOR Y AL POR MENOR; REPARACI?N DE VEH?CULOS AUTOMOTORES Y MOTOCICLETAS", "CODIGO_CII": "4724", "DESC_CIIU": "COMERCIO AL POR MENOR DE BEBIDAS Y PRODUCTOS DEL TABACO, EN ESTAB", "TAMANO957": "MICRO", "CIUDAD": "Cali", "COMUNA": "Comuna 09", "BARRIO": "Barrio Obrero", "DIRECCION_": "-CL 22  8 A   41", "TIPO_REGIS": "MERCANTIL", "PERSONAL_O": "1.0", "NUMERO_DE_": "1", "NUMERO_DE1": "0", "INGRESOS_A": "0.0", "X": "-76.52197971942748", "Y": "3.450831472225301", "Id": 0, "area": 136572.15568900001 }, "geometry": { "type": "Point", "coordinates": [ -76.521979719427478, 3.450831472225301 ] } },
{ "type": "Feature", "properties": { "NUM_INSCRI": "1257078", "Mes_Dia_An": "19 de junio de 2025", "Mes_Dia_A1": "19 de junio de 2025", "CATEGORIA": "PERSONA NATURAL", "NOMBRE_SEC": "COMERCIO AL POR MAYOR Y AL POR MENOR; REPARACI?N DE VEH?CULOS AUTOMOTORES Y MOTOCICLETAS", "CODIGO_CII": "4724", "DESC_CIIU": "COMERCIO AL POR MENOR DE BEBIDAS Y PRODUCTOS DEL TABACO, EN ESTAB", "TAMANO957": "MICRO", "CIUDAD": "Cali", "COMUNA": "Comuna 09", "BARRIO": "Barrio Obrero", "DIRECCION_": "-CALLE 21 # 9 - 15", "TIPO_REGIS": "MERCANTIL", "PERSONAL_O": "0.0", "NUMERO_DE_": "0", "NUMERO_DE1": "0", "INGRESOS_A": "0.0", "X": "-76.52278966020236", "Y": "3.450080871304547", "Id": 0, "area": 136572.15568900001 }, "geometry": { "type": "Point", "coordinates": [ -76.522789660202363, 3.450080871304547 ] } },
{ "type": "Feature", "properties": { "NUM_INSCRI": "979379", "Mes_Dia_An": "6 de marzo de 2017", "Mes_Dia_A1": "12 de marzo de 2025", "CATEGORIA": "PERSONA NATURAL", "NOMBRE_SEC": "COMERCIO AL POR MAYOR Y AL POR MENOR; REPARACI?N DE VEH?CULOS AUTOMOTORES Y MOTOCICLETAS", "CODIGO_CII": "4729", "DESC_CIIU": "COMERCIO AL POR MENOR DE OTROS PRODUCTOS ALIMENTICIOS N.C.P., EN", "TAMANO957": "MICRO", "CIUDAD": "Cali", "COMUNA": "Comuna 09", "BARRIO": "Barrio Obrero", "DIRECCION_": "-CL 23 # 9 - 33", "TIPO_REGIS": "MERCANTIL", "PERSONAL_O": "1.0", "NUMERO_DE_": "1", "NUMERO_DE1": "0", "INGRESOS_A": "0.0", "X": "-76.5201672482189", "Y": "3.450420000059569", "Id": 0, "area": 136572.15568900001 }, "geometry": { "type": "Point", "coordinates": [ -76.520167248218897, 3.450420000059569 ] } },
{ "type": "Feature", "properties": { "NUM_INSCRI": "1240771", "Mes_Dia_An": "15 de enero de 2025", "Mes_Dia_A1": "15 de enero de 2025", "CATEGORIA": "PERSONA NATURAL", "NOMBRE_SEC": "COMERCIO AL POR MAYOR Y AL POR MENOR; REPARACI?N DE VEH?CULOS AUTOMOTORES Y MOTOCICLETAS", "CODIGO_CII": "4729", "DESC_CIIU": "COMERCIO AL POR MENOR DE OTROS PRODUCTOS ALIMENTICIOS N.C.P., EN", "TAMANO957": "MICRO", "CIUDAD": "Cali", "COMUNA": "Comuna 09", "BARRIO": "Barrio Obrero", "DIRECCION_": "-CL 23  9   60", "TIPO_REGIS": "MERCANTIL", "PERSONAL_O": "0.0", "NUMERO_DE_": "0", "NUMERO_DE1": "0", "INGRESOS_A": "0.0", "X": "-76.52036703403192", "Y": "3.450044700438454", "Id": 0, "area": 136572.15568900001 }, "geometry": { "type": "Point", "coordinates": [ -76.520367034031921, 3.450044700438454 ] } },
{ "type": "Feature", "properties": { "NUM_INSCRI": "1263074", "Mes_Dia_An": "22 de agosto de 2025", "Mes_Dia_A1": "22 de agosto de 2025", "CATEGORIA": "PERSONA NATURAL", "NOMBRE_SEC": "COMERCIO AL POR MAYOR Y AL POR MENOR; REPARACI?N DE VEH?CULOS AUTOMOTORES Y MOTOCICLETAS", "CODIGO_CII": "4729", "DESC_CIIU": "COMERCIO AL POR MENOR DE OTROS PRODUCTOS ALIMENTICIOS N.C.P., EN", "TAMANO957": "MICRO", "CIUDAD": "Cali", "COMUNA": "Comuna 09", "BARRIO": "Barrio Obrero", "DIRECCION_": "-CL 22  10   23", "TIPO_REGIS": "MERCANTIL", "PERSONAL_O": "0.0", "NUMERO_DE_": "0", "NUMERO_DE1": "0", "INGRESOS_A": "0.0", "X": "-76.5217313351967", "Y": "3.449311282757581", "Id": 0, "area": 136572.15568900001 }, "geometry": { "type": "Point", "coordinates": [ -76.521731335196705, 3.449311282757581 ] } },
{ "type": "Feature", "properties": { "NUM_INSCRI": "482", "Mes_Dia_An": "17 de enero de 1970", "Mes_Dia_A1": "29 de marzo de 2025", "CATEGORIA": "PERSONA NATURAL", "NOMBRE_SEC": "COMERCIO AL POR MAYOR Y AL POR MENOR; REPARACI?N DE VEH?CULOS AUTOMOTORES Y MOTOCICLETAS", "CODIGO_CII": "4732", "DESC_CIIU": "COMERCIO AL POR MENOR DE LUBRICANTES (ACEITES, GRASAS), ADITIVOS", "TAMANO957": "MICRO", "CIUDAD": "Cali", "COMUNA": "Comuna 09", "BARRIO": "Barrio Obrero", "DIRECCION_": "-CL 25 # 11 - 62", "TIPO_REGIS": "MERCANTIL", "PERSONAL_O": "3.0", "NUMERO_DE_": "2", "NUMERO_DE1": "1", "INGRESOS_A": "487649432.0", "X": "-76.51834218211026", "Y": "3.448872677622705", "Id": 0, "area": 136572.15568900001 }, "geometry": { "type": "Point", "coordinates": [ -76.51834218211026, 3.448872677622705 ] } },
{ "type": "Feature", "properties": { "NUM_INSCRI": "445254", "Mes_Dia_An": "4 de junio de 2001", "Mes_Dia_A1": "21 de marzo de 2025", "CATEGORIA": "PERSONA NATURAL", "NOMBRE_SEC": "COMERCIO AL POR MAYOR Y AL POR MENOR; REPARACI?N DE VEH?CULOS AUTOMOTORES Y MOTOCICLETAS", "CODIGO_CII": "4732", "DESC_CIIU": "COMERCIO AL POR MENOR DE LUBRICANTES (ACEITES, GRASAS), ADITIVOS", "TAMANO957": "MICRO", "CIUDAD": "Cali", "COMUNA": "Comuna 09", "BARRIO": "Barrio Obrero", "DIRECCION_": "-CALLE 25 # 9 - 02 ESQUINA", "TIPO_REGIS": "MERCANTIL", "PERSONAL_O": "2.0", "NUMERO_DE_": "1", "NUMERO_DE1": "1", "INGRESOS_A": "141396000.0", "X": "-76.51877864612857", "Y": "3.451079259826626", "Id": 0, "area": 136572.15568900001 }, "geometry": { "type": "Point", "coordinates": [ -76.518778646128567, 3.451079259826626 ] } },
{ "type": "Feature", "properties": { "NUM_INSCRI": "455072", "Mes_Dia_An": "8 de abril de 1997", "Mes_Dia_A1": "5 de diciembre de 2024", "CATEGORIA": "PERSONA NATURAL", "NOMBRE_SEC": "COMERCIO AL POR MAYOR Y AL POR MENOR; REPARACI?N DE VEH?CULOS AUTOMOTORES Y MOTOCICLETAS", "CODIGO_CII": "4732", "DESC_CIIU": "COMERCIO AL POR MENOR DE LUBRICANTES (ACEITES, GRASAS), ADITIVOS", "TAMANO957": "MICRO", "CIUDAD": "Cali", "COMUNA": "Comuna 09", "BARRIO": "Barrio Obrero", "DIRECCION_": "-CLL  25 NRO. 11 B  50", "TIPO_REGIS": "MERCANTIL", "PERSONAL_O": "1.0", "NUMERO_DE_": "1", "NUMERO_DE1": "0", "INGRESOS_A": null, "X": "-76.5184987724399", "Y": "3.448055157672485", "Id": 0, "area": 136572.15568900001 }, "geometry": { "type": "Point", "coordinates": [ -76.518498772439898, 3.448055157672485 ] } },
{ "type": "Feature", "properties": { "NUM_INSCRI": "526819", "Mes_Dia_An": "31 de enero de 2000", "Mes_Dia_A1": "31 de mayo de 2024", "CATEGORIA": "PERSONA NATURAL", "NOMBRE_SEC": "COMERCIO AL POR MAYOR Y AL POR MENOR; REPARACI?N DE VEH?CULOS AUTOMOTORES Y MOTOCICLETAS", "CODIGO_CII": "4732", "DESC_CIIU": "COMERCIO AL POR MENOR DE LUBRICANTES (ACEITES, GRASAS), ADITIVOS", "TAMANO957": "MICRO", "CIUDAD": "Cali", "COMUNA": "Comuna 09", "BARRIO": "Barrio Obrero", "DIRECCION_": "-K 11        24       76", "TIPO_REGIS": "MERCANTIL", "PERSONAL_O": "1.0", "NUMERO_DE_": "1", "NUMERO_DE1": "0", "INGRESOS_A": null, "X": "-76.51848887034392", "Y": "3.449360115386257", "Id": 0, "area": 136572.15568900001 }, "geometry": { "type": "Point", "coordinates": [ -76.518488870343916, 3.449360115386257 ] } },
{ "type": "Feature", "properties": { "NUM_INSCRI": "1071997", "Mes_Dia_An": "7 de enero de 2020", "Mes_Dia_A1": "26 de marzo de 2024", "CATEGORIA": "PERSONA NATURAL", "NOMBRE_SEC": "COMERCIO AL POR MAYOR Y AL POR MENOR; REPARACI?N DE VEH?CULOS AUTOMOTORES Y MOTOCICLETAS", "CODIGO_CII": "4732", "DESC_CIIU": "COMERCIO AL POR MENOR DE LUBRICANTES (ACEITES, GRASAS), ADITIVOS", "TAMANO957": "MICRO", "CIUDAD": "Cali", "COMUNA": "Comuna 09", "BARRIO": "Barrio Obrero", "DIRECCION_": "-CL 23 # 12 - 52 BARRIO OBRERO", "TIPO_REGIS": "MERCANTIL", "PERSONAL_O": "0.0", "NUMERO_DE_": "0", "NUMERO_DE1": "0", "INGRESOS_A": null, "X": "-76.51953729793918", "Y": "3.445989654461592", "Id": 0, "area": 136572.15568900001 }, "geometry": { "type": "Point", "coordinates": [ -76.519537297939181, 3.445989654461592 ] } },
{ "type": "Feature", "properties": { "NUM_INSCRI": "1108135", "Mes_Dia_An": "11 de febrero de 2021", "Mes_Dia_A1": "27 de marzo de 2025", "CATEGORIA": "PERSONA NATURAL", "NOMBRE_SEC": "COMERCIO AL POR MAYOR Y AL POR MENOR; REPARACI?N DE VEH?CULOS AUTOMOTORES Y MOTOCICLETAS", "CODIGO_CII": "4732", "DESC_CIIU": "COMERCIO AL POR MENOR DE LUBRICANTES (ACEITES, GRASAS), ADITIVOS", "TAMANO957": "MICRO", "CIUDAD": "Cali", "COMUNA": "Comuna 09", "BARRIO": "Barrio Obrero", "DIRECCION_": "-CL 23 # 12 - 52", "TIPO_REGIS": "MERCANTIL", "PERSONAL_O": "1.0", "NUMERO_DE_": "0", "NUMERO_DE1": "1", "INGRESOS_A": "376756200.0", "X": "-76.51953729793918", "Y": "3.445989654461592", "Id": 0, "area": 136572.15568900001 }, "geometry": { "type": "Point", "coordinates": [ -76.519537297939181, 3.445989654461592 ] } },
{ "type": "Feature", "properties": { "NUM_INSCRI": "1155210", "Mes_Dia_An": "10 de junio de 2022", "Mes_Dia_A1": "10 de marzo de 2025", "CATEGORIA": "PERSONA NATURAL", "NOMBRE_SEC": "COMERCIO AL POR MAYOR Y AL POR MENOR; REPARACI?N DE VEH?CULOS AUTOMOTORES Y MOTOCICLETAS", "CODIGO_CII": "4732", "DESC_CIIU": "COMERCIO AL POR MENOR DE LUBRICANTES (ACEITES, GRASAS), ADITIVOS", "TAMANO957": "MICRO", "CIUDAD": "Cali", "COMUNA": "Comuna 09", "BARRIO": "Barrio Obrero", "DIRECCION_": "-KR 10 # 22 A - 03", "TIPO_REGIS": "MERCANTIL", "PERSONAL_O": "1.0", "NUMERO_DE_": "1", "NUMERO_DE1": "0", "INGRESOS_A": "12000000.0", "X": "-76.52101678729957", "Y": "3.449858407011789", "Id": 0, "area": 136572.15568900001 }, "geometry": { "type": "Point", "coordinates": [ -76.521016787299573, 3.449858407011789 ] } },
{ "type": "Feature", "properties": { "NUM_INSCRI": "627366", "Mes_Dia_An": "20 de febrero de 2004", "Mes_Dia_A1": "26 de febrero de 2025", "CATEGORIA": "PERSONA NATURAL", "NOMBRE_SEC": "COMERCIO AL POR MAYOR Y AL POR MENOR; REPARACI?N DE VEH?CULOS AUTOMOTORES Y MOTOCICLETAS", "CODIGO_CII": "4741", "DESC_CIIU": "COMERCIO AL POR MENOR DE COMPUTADORES, EQUIPOS PERIF?RICOS, PROGR", "TAMANO957": "MICRO", "CIUDAD": "Cali", "COMUNA": "Comuna 09", "BARRIO": "Barrio Obrero", "DIRECCION_": "-CL 24 # 9 - 29", "TIPO_REGIS": "MERCANTIL", "PERSONAL_O": "0.0", "NUMERO_DE_": "0", "NUMERO_DE1": "0", "INGRESOS_A": "45000000.0", "X": "-76.51933210754238", "Y": "3.450654222517385", "Id": 0, "area": 136572.15568900001 }, "geometry": { "type": "Point", "coordinates": [ -76.519332107542382, 3.450654222517385 ] } },
{ "type": "Feature", "properties": { "NUM_INSCRI": "1069389", "Mes_Dia_An": "12 de noviembre de 2019", "Mes_Dia_A1": "26 de marzo de 2025", "CATEGORIA": "PERSONA NATURAL", "NOMBRE_SEC": "COMERCIO AL POR MAYOR Y AL POR MENOR; REPARACI?N DE VEH?CULOS AUTOMOTORES Y MOTOCICLETAS", "CODIGO_CII": "4741", "DESC_CIIU": "COMERCIO AL POR MENOR DE COMPUTADORES, EQUIPOS PERIF?RICOS, PROGR", "TAMANO957": "MICRO", "CIUDAD": "Cali", "COMUNA": "Comuna 09", "BARRIO": "Barrio Obrero", "DIRECCION_": "-CR 11 B 22   13", "TIPO_REGIS": "MERCANTIL", "PERSONAL_O": "0.0", "NUMERO_DE_": "0", "NUMERO_DE1": "0", "INGRESOS_A": "1000000.0", "X": "-76.52141005743347", "Y": "3.448099472034623", "Id": 0, "area": 136572.15568900001 }, "geometry": { "type": "Point", "coordinates": [ -76.521410057433471, 3.448099472034623 ] } },
{ "type": "Feature", "properties": { "NUM_INSCRI": "1157019", "Mes_Dia_An": "1 de julio de 2022", "Mes_Dia_A1": "16 de agosto de 2024", "CATEGORIA": "PERSONA NATURAL", "NOMBRE_SEC": "COMERCIO AL POR MAYOR Y AL POR MENOR; REPARACI?N DE VEH?CULOS AUTOMOTORES Y MOTOCICLETAS", "CODIGO_CII": "4741", "DESC_CIIU": "COMERCIO AL POR MENOR DE COMPUTADORES, EQUIPOS PERIF?RICOS, PROGR", "TAMANO957": "MICRO", "CIUDAD": "Cali", "COMUNA": "Comuna 09", "BARRIO": "Barrio Obrero", "DIRECCION_": "-KR 10 # 22 A - 05", "TIPO_REGIS": "MERCANTIL", "PERSONAL_O": "1.0", "NUMERO_DE_": "1", "NUMERO_DE1": "0", "INGRESOS_A": null, "X": "-76.52099878859723", "Y": "3.449862928703215", "Id": 0, "area": 136572.15568900001 }, "geometry": { "type": "Point", "coordinates": [ -76.520998788597225, 3.449862928703215 ] } },
{ "type": "Feature", "properties": { "NUM_INSCRI": "1253737", "Mes_Dia_An": "19 de mayo de 2025", "Mes_Dia_A1": "19 de mayo de 2025", "CATEGORIA": "PERSONA NATURAL", "NOMBRE_SEC": "COMERCIO AL POR MAYOR Y AL POR MENOR; REPARACI?N DE VEH?CULOS AUTOMOTORES Y MOTOCICLETAS", "CODIGO_CII": "4751", "DESC_CIIU": "COMERCIO AL POR MENOR DE PRODUCTOS TEXTILES EN ESTABLECIMIENTOS E", "TAMANO957": "MICRO", "CIUDAD": "Cali", "COMUNA": "Comuna 09", "BARRIO": "Barrio Obrero", "DIRECCION_": "-CR 11 D  21   08", "TIPO_REGIS": "MERCANTIL", "PERSONAL_O": "0.0", "NUMERO_DE_": "0", "NUMERO_DE1": "0", "INGRESOS_A": "0.0", "X": "-76.52178892780985", "Y": "3.446807174562756", "Id": 0, "area": 136572.15568900001 }, "geometry": { "type": "Point", "coordinates": [ -76.521788927809851, 3.446807174562756 ] } },
{ "type": "Feature", "properties": { "NUM_INSCRI": "356049", "Mes_Dia_An": "16 de noviembre de 1993", "Mes_Dia_A1": "27 de septiembre de 2024", "CATEGORIA": "PERSONA NATURAL", "NOMBRE_SEC": "COMERCIO AL POR MAYOR Y AL POR MENOR; REPARACI?N DE VEH?CULOS AUTOMOTORES Y MOTOCICLETAS", "CODIGO_CII": "4752", "DESC_CIIU": "COMERCIO AL POR MENOR DE MATERIALES DE CONSTRUCCI?N, ART?CULOS DE", "TAMANO957": "MICRO", "CIUDAD": "Cali", "COMUNA": "Comuna 09", "BARRIO": "Barrio Obrero", "DIRECCION_": "-KR 9 # 22 - 14", "TIPO_REGIS": "MERCANTIL", "PERSONAL_O": "1.0", "NUMERO_DE_": "1", "NUMERO_DE1": "0", "INGRESOS_A": null, "X": "-76.521905923995", "Y": "3.450354886955492", "Id": 0, "area": 136572.15568900001 }, "geometry": { "type": "Point", "coordinates": [ -76.521905923995007, 3.450354886955492 ] } },
{ "type": "Feature", "properties": { "NUM_INSCRI": "410515", "Mes_Dia_An": "6 de septiembre de 1995", "Mes_Dia_A1": "27 de marzo de 2025", "CATEGORIA": "PERSONA NATURAL", "NOMBRE_SEC": "COMERCIO AL POR MAYOR Y AL POR MENOR; REPARACI?N DE VEH?CULOS AUTOMOTORES Y MOTOCICLETAS", "CODIGO_CII": "4752", "DESC_CIIU": "COMERCIO AL POR MENOR DE PINTURAS EN ESTABLECIMIENTOS ESPECIALIZA", "TAMANO957": "MICRO", "CIUDAD": "Cali", "COMUNA": "Comuna 09", "BARRIO": "Barrio Obrero", "DIRECCION_": "-CRA 8 22A 30", "TIPO_REGIS": "MERCANTIL", "PERSONAL_O": "5.0", "NUMERO_DE_": "5", "NUMERO_DE1": "0", "INGRESOS_A": "1042056000.0", "X": "-76.52130386848981", "Y": "3.452251281396932", "Id": 0, "area": 136572.15568900001 }, "geometry": { "type": "Point", "coordinates": [ -76.521303868489809, 3.452251281396932 ] } },
{ "type": "Feature", "properties": { "NUM_INSCRI": "475813", "Mes_Dia_An": "22 de enero de 1998", "Mes_Dia_A1": "11 de marzo de 2025", "CATEGORIA": "PERSONA NATURAL", "NOMBRE_SEC": "COMERCIO AL POR MAYOR Y AL POR MENOR; REPARACI?N DE VEH?CULOS AUTOMOTORES Y MOTOCICLETAS", "CODIGO_CII": "4752", "DESC_CIIU": "COMERCIO AL POR MENOR DE MATERIALES DE CONSTRUCCI?N, ART?CULOS DE", "TAMANO957": "MICRO", "CIUDAD": "Cali", "COMUNA": "Comuna 09", "BARRIO": "Barrio Obrero", "DIRECCION_": "-CR 15  22   43", "TIPO_REGIS": "MERCANTIL", "PERSONAL_O": "2.0", "NUMERO_DE_": "2", "NUMERO_DE1": "0", "INGRESOS_A": "0.0", "X": "-76.52023564534281", "Y": "3.444540907596293", "Id": 0, "area": 136572.15568900001 }, "geometry": { "type": "Point", "coordinates": [ -76.520235645342808, 3.444540907596293 ] } },
{ "type": "Feature", "properties": { "NUM_INSCRI": "559183", "Mes_Dia_An": "25 de abril de 2001", "Mes_Dia_A1": "4 de marzo de 2025", "CATEGORIA": "PERSONA NATURAL", "NOMBRE_SEC": "COMERCIO AL POR MAYOR Y AL POR MENOR; REPARACI?N DE VEH?CULOS AUTOMOTORES Y MOTOCICLETAS", "CODIGO_CII": "4752", "DESC_CIIU": "COMERCIO AL POR MENOR DE ART?CULOS DE FERRETER?A, PINTURAS Y PROD", "TAMANO957": "MICRO", "CIUDAD": "Cali", "COMUNA": "Comuna 09", "BARRIO": "Barrio Obrero", "DIRECCION_": "-KR 8 # 23 - 52", "TIPO_REGIS": "MERCANTIL", "PERSONAL_O": "8.0", "NUMERO_DE_": "0", "NUMERO_DE1": "8", "INGRESOS_A": "0.0", "X": "-76.52030043819909", "Y": "3.452283837766621", "Id": 0, "area": 136572.15568900001 }, "geometry": { "type": "Point", "coordinates": [ -76.520300438199087, 3.452283837766621 ] } },
{ "type": "Feature", "properties": { "NUM_INSCRI": "598435", "Mes_Dia_An": "20 de diciembre de 2002", "Mes_Dia_A1": "21 de marzo de 2025", "CATEGORIA": "PERSONA NATURAL", "NOMBRE_SEC": "COMERCIO AL POR MAYOR Y AL POR MENOR; REPARACI?N DE VEH?CULOS AUTOMOTORES Y MOTOCICLETAS", "CODIGO_CII": "4752", "DESC_CIIU": "COMERCIO AL POR MENOR DE MATERIALES DE CONSTRUCCI?N, ART?CULOS DE", "TAMANO957": "PEQUENA", "CIUDAD": "Cali", "COMUNA": "Comuna 09", "BARRIO": "Barrio Obrero", "DIRECCION_": "-KR 8 # 23 - 24", "TIPO_REGIS": "MERCANTIL", "PERSONAL_O": "6.0", "NUMERO_DE_": "4", "NUMERO_DE1": "2", "INGRESOS_A": "3851736000.0", "X": "-76.52052542256928", "Y": "3.452427627312987", "Id": 0, "area": 136572.15568900001 }, "geometry": { "type": "Point", "coordinates": [ -76.520525422569278, 3.452427627312987 ] } },
{ "type": "Feature", "properties": { "NUM_INSCRI": "686316", "Mes_Dia_An": "5 de junio de 2006", "Mes_Dia_A1": "14 de enero de 2025", "CATEGORIA": "PERSONA NATURAL", "NOMBRE_SEC": "COMERCIO AL POR MAYOR Y AL POR MENOR; REPARACI?N DE VEH?CULOS AUTOMOTORES Y MOTOCICLETAS", "CODIGO_CII": "4752", "DESC_CIIU": "COMERCIO AL POR MENOR DE ART?CULOS DE FERRETER?A, PINTURAS Y PROD", "TAMANO957": "MICRO", "CIUDAD": "Cali", "COMUNA": "Comuna 09", "BARRIO": "Barrio Obrero", "DIRECCION_": "-KR 10 # 24 - 27", "TIPO_REGIS": "MERCANTIL", "PERSONAL_O": "1.0", "NUMERO_DE_": "1", "NUMERO_DE1": "0", "INGRESOS_A": "15800000.0", "X": "-76.51914672129614", "Y": "3.450273496557507", "Id": 0, "area": 136572.15568900001 }, "geometry": { "type": "Point", "coordinates": [ -76.519146721296138, 3.450273496557507 ] } },
{ "type": "Feature", "properties": { "NUM_INSCRI": "713101", "Mes_Dia_An": "10 de abril de 2015", "Mes_Dia_A1": "25 de marzo de 2025", "CATEGORIA": "PERSONA NATURAL", "NOMBRE_SEC": "COMERCIO AL POR MAYOR Y AL POR MENOR; REPARACI?N DE VEH?CULOS AUTOMOTORES Y MOTOCICLETAS", "CODIGO_CII": "4752", "DESC_CIIU": "COMERCIO AL POR MENOR DE ART?CULOS DE FERRETER?A, PINTURAS Y PROD", "TAMANO957": "MICRO", "CIUDAD": "Cali", "COMUNA": "Comuna 09", "BARRIO": "Barrio Obrero", "DIRECCION_": "-K 10        21       38", "TIPO_REGIS": "MERCANTIL", "PERSONAL_O": "0.0", "NUMERO_DE_": "0", "NUMERO_DE1": "0", "INGRESOS_A": "0.0", "X": "-76.52220560063317", "Y": "3.449221752730107", "Id": 0, "area": 136572.15568900001 }, "geometry": { "type": "Point", "coordinates": [ -76.522205600633171, 3.449221752730107 ] } },
{ "type": "Feature", "properties": { "NUM_INSCRI": "748617", "Mes_Dia_An": "16 de septiembre de 2008", "Mes_Dia_A1": "19 de noviembre de 2024", "CATEGORIA": "PERSONA JURIDICA", "NOMBRE_SEC": "COMERCIO AL POR MAYOR Y AL POR MENOR; REPARACI?N DE VEH?CULOS AUTOMOTORES Y MOTOCICLETAS", "CODIGO_CII": "4752", "DESC_CIIU": "COMERCIO AL POR MENOR DE ART?CULOS DE FERRETER?A, PINTURAS Y PROD", "TAMANO957": "MICRO", "CIUDAD": "Cali", "COMUNA": "Comuna 09", "BARRIO": "Barrio Obrero", "DIRECCION_": "-CALLE 21 # 11B - 35", "TIPO_REGIS": "MERCANTIL", "PERSONAL_O": "3.0", "NUMERO_DE_": "3", "NUMERO_DE1": "0", "INGRESOS_A": null, "X": "-76.52188432142813", "Y": "3.447378715194886", "Id": 0, "area": 136572.15568900001 }, "geometry": { "type": "Point", "coordinates": [ -76.521884321428132, 3.447378715194886 ] } },
{ "type": "Feature", "properties": { "NUM_INSCRI": "812227", "Mes_Dia_An": "10 de marzo de 2011", "Mes_Dia_A1": "6 de octubre de 2025", "CATEGORIA": "PERSONA NATURAL", "NOMBRE_SEC": "COMERCIO AL POR MAYOR Y AL POR MENOR; REPARACI?N DE VEH?CULOS AUTOMOTORES Y MOTOCICLETAS", "CODIGO_CII": "4752", "DESC_CIIU": "COMERCIO AL POR MENOR DE MATERIALES DE CONSTRUCCI?N, ART?CULOS DE", "TAMANO957": "MICRO", "CIUDAD": "Cali", "COMUNA": "Comuna 09", "BARRIO": "Barrio Obrero", "DIRECCION_": "-KR 12 # 21 - 19", "TIPO_REGIS": "MERCANTIL", "PERSONAL_O": "1.0", "NUMERO_DE_": "1", "NUMERO_DE1": "0", "INGRESOS_A": "0.0", "X": "-76.52151534755423", "Y": "3.445982419843695", "Id": 0, "area": 136572.15568900001 }, "geometry": { "type": "Point", "coordinates": [ -76.521515347554228, 3.445982419843695 ] } },
{ "type": "Feature", "properties": { "NUM_INSCRI": "905782", "Mes_Dia_An": "29 de julio de 2014", "Mes_Dia_A1": "25 de marzo de 2025", "CATEGORIA": "PERSONA NATURAL", "NOMBRE_SEC": "COMERCIO AL POR MAYOR Y AL POR MENOR; REPARACI?N DE VEH?CULOS AUTOMOTORES Y MOTOCICLETAS", "CODIGO_CII": "4752", "DESC_CIIU": "COMERCIO AL POR MENOR DE ART?CULOS DE FERRETER?A, PINTURAS Y PROD", "TAMANO957": "MICRO", "CIUDAD": "Cali", "COMUNA": "Comuna 09", "BARRIO": "Barrio Obrero", "DIRECCION_": "-KR 11 # 22 - 15", "TIPO_REGIS": "MERCANTIL", "PERSONAL_O": "0.0", "NUMERO_DE_": "0", "NUMERO_DE1": "0", "INGRESOS_A": "0.0", "X": "-76.52154414841416", "Y": "3.448956783019907", "Id": 0, "area": 136572.15568900001 }, "geometry": { "type": "Point", "coordinates": [ -76.521544148414165, 3.448956783019907 ] } },
{ "type": "Feature", "properties": { "NUM_INSCRI": "950269", "Mes_Dia_An": "30 de marzo de 2016", "Mes_Dia_A1": "9 de diciembre de 2024", "CATEGORIA": "PERSONA NATURAL", "NOMBRE_SEC": "COMERCIO AL POR MAYOR Y AL POR MENOR; REPARACI?N DE VEH?CULOS AUTOMOTORES Y MOTOCICLETAS", "CODIGO_CII": "4752", "DESC_CIIU": "COMERCIO AL POR MENOR DE ART?CULOS DE FERRETER?A, PINTURAS Y PROD", "TAMANO957": "MICRO", "CIUDAD": "Cali", "COMUNA": "Comuna 09", "BARRIO": "Barrio Obrero", "DIRECCION_": "-CR 13 A  22   08", "TIPO_REGIS": "MERCANTIL", "PERSONAL_O": "1.0", "NUMERO_DE_": "1", "NUMERO_DE1": "0", "INGRESOS_A": null, "X": "-76.52083499908103", "Y": "3.445277037677328", "Id": 0, "area": 136572.15568900001 }, "geometry": { "type": "Point", "coordinates": [ -76.520834999081032, 3.445277037677328 ] } },
{ "type": "Feature", "properties": { "NUM_INSCRI": "952233", "Mes_Dia_An": "21 de abril de 2016", "Mes_Dia_A1": "25 de marzo de 2025", "CATEGORIA": "PERSONA JURIDICA", "NOMBRE_SEC": "COMERCIO AL POR MAYOR Y AL POR MENOR; REPARACI?N DE VEH?CULOS AUTOMOTORES Y MOTOCICLETAS", "CODIGO_CII": "4752", "DESC_CIIU": "COMERCIO AL POR MENOR DE ART?CULOS DE FERRETER?A, PINTURAS Y PROD", "TAMANO957": "MICRO", "CIUDAD": "Cali", "COMUNA": "Comuna 09", "BARRIO": "Barrio Obrero", "DIRECCION_": "-CR 8 A 22 57", "TIPO_REGIS": "MERCANTIL", "PERSONAL_O": "2.0", "NUMERO_DE_": "2", "NUMERO_DE1": "0", "INGRESOS_A": "836015000.0", "X": "-76.52174123723967", "Y": "3.451552228796822", "Id": 0, "area": 136572.15568900001 }, "geometry": { "type": "Point", "coordinates": [ -76.521741237239667, 3.451552228796822 ] } },
{ "type": "Feature", "properties": { "NUM_INSCRI": "965786", "Mes_Dia_An": "16 de septiembre de 2016", "Mes_Dia_A1": "31 de marzo de 2025", "CATEGORIA": "PERSONA JURIDICA", "NOMBRE_SEC": "COMERCIO AL POR MAYOR Y AL POR MENOR; REPARACI?N DE VEH?CULOS AUTOMOTORES Y MOTOCICLETAS", "CODIGO_CII": "4752", "DESC_CIIU": "COMERCIO AL POR MENOR DE ART?CULOS DE FERRETER?A, PINTURAS Y PROD", "TAMANO957": "MICRO", "CIUDAD": "Cali", "COMUNA": "Comuna 09", "BARRIO": "Barrio Obrero", "DIRECCION_": "-KR 8 # 22 - 80", "TIPO_REGIS": "MERCANTIL", "PERSONAL_O": "12.0", "NUMERO_DE_": "8", "NUMERO_DE1": "4", "INGRESOS_A": "2052649180.0", "X": "-76.5216539440788", "Y": "3.452174412451485", "Id": 0, "area": 136572.15568900001 }, "geometry": { "type": "Point", "coordinates": [ -76.521653944078807, 3.452174412451485 ] } },
{ "type": "Feature", "properties": { "NUM_INSCRI": "974543", "Mes_Dia_An": "23 de enero de 2017", "Mes_Dia_A1": "27 de marzo de 2025", "CATEGORIA": "PERSONA JURIDICA", "NOMBRE_SEC": "COMERCIO AL POR MAYOR Y AL POR MENOR; REPARACI?N DE VEH?CULOS AUTOMOTORES Y MOTOCICLETAS", "CODIGO_CII": "4752", "DESC_CIIU": "COMERCIO AL POR MENOR DE ART?CULOS DE FERRETER?A, PINTURAS Y PROD", "TAMANO957": "PEQUENA", "CIUDAD": "Cali", "COMUNA": "Comuna 09", "BARRIO": "Barrio Obrero", "DIRECCION_": "-CL 21 # 9 - 45", "TIPO_REGIS": "MERCANTIL", "PERSONAL_O": "20.0", "NUMERO_DE_": "15", "NUMERO_DE1": "5", "INGRESOS_A": "2245304000.0", "X": "-76.52257007533512", "Y": "3.449784249393205", "Id": 0, "area": 136572.15568900001 }, "geometry": { "type": "Point", "coordinates": [ -76.522570075335125, 3.449784249393205 ] } },
{ "type": "Feature", "properties": { "NUM_INSCRI": "976046", "Mes_Dia_An": "3 de febrero de 2017", "Mes_Dia_A1": "31 de marzo de 2025", "CATEGORIA": "PERSONA NATURAL", "NOMBRE_SEC": "COMERCIO AL POR MAYOR Y AL POR MENOR; REPARACI?N DE VEH?CULOS AUTOMOTORES Y MOTOCICLETAS", "CODIGO_CII": "4752", "DESC_CIIU": "COMERCIO AL POR MENOR DE ART?CULOS DE FERRETER?A, PINTURAS Y PROD", "TAMANO957": "MICRO", "CIUDAD": "Cali", "COMUNA": "Comuna 09", "BARRIO": "Barrio Obrero", "DIRECCION_": "-KR 11 # 22 - 01 LC 2", "TIPO_REGIS": "MERCANTIL", "PERSONAL_O": "2.0", "NUMERO_DE_": "2", "NUMERO_DE1": "0", "INGRESOS_A": "0.0", "X": "-76.52165484031417", "Y": "3.448932365810299", "Id": 0, "area": 136572.15568900001 }, "geometry": { "type": "Point", "coordinates": [ -76.52165484031417, 3.448932365810299 ] } },
{ "type": "Feature", "properties": { "NUM_INSCRI": "979005", "Mes_Dia_An": "2 de marzo de 2017", "Mes_Dia_A1": "20 de marzo de 2025", "CATEGORIA": "PERSONA NATURAL", "NOMBRE_SEC": "COMERCIO AL POR MAYOR Y AL POR MENOR; REPARACI?N DE VEH?CULOS AUTOMOTORES Y MOTOCICLETAS", "CODIGO_CII": "4752", "DESC_CIIU": "COMERCIO AL POR MENOR DE ART?CULOS DE FERRETER?A, PINTURAS Y PROD", "TAMANO957": "MICRO", "CIUDAD": "Cali", "COMUNA": "Comuna 09", "BARRIO": "Barrio Obrero", "DIRECCION_": "-KR 15 # 21 - 37", "TIPO_REGIS": "MERCANTIL", "PERSONAL_O": "1.0", "NUMERO_DE_": "0", "NUMERO_DE1": "1", "INGRESOS_A": "191276549.0", "X": "-76.52097088820285", "Y": "3.444229815740684", "Id": 0, "area": 136572.15568900001 }, "geometry": { "type": "Point", "coordinates": [ -76.520970888202854, 3.444229815740684 ] } },
{ "type": "Feature", "properties": { "NUM_INSCRI": "1036308", "Mes_Dia_An": "2 de enero de 2019", "Mes_Dia_A1": "31 de marzo de 2025", "CATEGORIA": "PERSONA NATURAL", "NOMBRE_SEC": "COMERCIO AL POR MAYOR Y AL POR MENOR; REPARACI?N DE VEH?CULOS AUTOMOTORES Y MOTOCICLETAS", "CODIGO_CII": "4752", "DESC_CIIU": "COMERCIO AL POR MENOR DE ART?CULOS DE FERRETER?A, PINTURAS Y PROD", "TAMANO957": "MICRO", "CIUDAD": "Cali", "COMUNA": "Comuna 09", "BARRIO": "Barrio Obrero", "DIRECCION_": "-KR 8 A # 21 - 46", "TIPO_REGIS": "MERCANTIL", "PERSONAL_O": "5.0", "NUMERO_DE_": "4", "NUMERO_DE1": "1", "INGRESOS_A": "0.0", "X": "-76.52262317429464", "Y": "3.451077450591693", "Id": 0, "area": 136572.15568900001 }, "geometry": { "type": "Point", "coordinates": [ -76.522623174294637, 3.451077450591693 ] } },
{ "type": "Feature", "properties": { "NUM_INSCRI": "1049969", "Mes_Dia_An": "2 de mayo de 2019", "Mes_Dia_A1": "14 de marzo de 2024", "CATEGORIA": "PERSONA NATURAL", "NOMBRE_SEC": "COMERCIO AL POR MAYOR Y AL POR MENOR; REPARACI?N DE VEH?CULOS AUTOMOTORES Y MOTOCICLETAS", "CODIGO_CII": "4752", "DESC_CIIU": "COMERCIO AL POR MENOR DE ART?CULOS DE FERRETER?A, PINTURAS Y PROD", "TAMANO957": "MICRO", "CIUDAD": "Cali", "COMUNA": "Comuna 09", "BARRIO": "Barrio Obrero", "DIRECCION_": "-CALLE 23 # 11 - 73", "TIPO_REGIS": "MERCANTIL", "PERSONAL_O": "0.0", "NUMERO_DE_": "0", "NUMERO_DE1": "0", "INGRESOS_A": null, "X": "-76.51980547567955", "Y": "3.448357208049249", "Id": 0, "area": 136572.15568900001 }, "geometry": { "type": "Point", "coordinates": [ -76.519805475679547, 3.448357208049249 ] } },
{ "type": "Feature", "properties": { "NUM_INSCRI": "1103271", "Mes_Dia_An": "10 de diciembre de 2020", "Mes_Dia_A1": "20 de marzo de 2025", "CATEGORIA": "PERSONA JURIDICA", "NOMBRE_SEC": "COMERCIO AL POR MAYOR Y AL POR MENOR; REPARACI?N DE VEH?CULOS AUTOMOTORES Y MOTOCICLETAS", "CODIGO_CII": "4752", "DESC_CIIU": "COMERCIO AL POR MENOR DE ART?CULOS DE FERRETER?A, PINTURAS Y PROD", "TAMANO957": "MICRO", "CIUDAD": "Cali", "COMUNA": "Comuna 09", "BARRIO": "Barrio Obrero", "DIRECCION_": "-KR 9 # 21 - 33", "TIPO_REGIS": "MERCANTIL", "PERSONAL_O": "20.0", "NUMERO_DE_": "15", "NUMERO_DE1": "5", "INGRESOS_A": "0.0", "X": "-76.5226132735153", "Y": "3.450387441805377", "Id": 0, "area": 136572.15568900001 }, "geometry": { "type": "Point", "coordinates": [ -76.522613273515304, 3.450387441805377 ] } },
{ "type": "Feature", "properties": { "NUM_INSCRI": "1130224", "Mes_Dia_An": "24 de septiembre de 2021", "Mes_Dia_A1": "1 de abril de 2025", "CATEGORIA": "PERSONA JURIDICA", "NOMBRE_SEC": "COMERCIO AL POR MAYOR Y AL POR MENOR; REPARACI?N DE VEH?CULOS AUTOMOTORES Y MOTOCICLETAS", "CODIGO_CII": "4752", "DESC_CIIU": "COMERCIO AL POR MENOR DE ART?CULOS DE FERRETER?A, PINTURAS Y PROD", "TAMANO957": "PEQUENA", "CIUDAD": "Cali", "COMUNA": "Comuna 09", "BARRIO": "Barrio Obrero", "DIRECCION_": "-CL 21 # 9 - 39", "TIPO_REGIS": "MERCANTIL", "PERSONAL_O": "41.0", "NUMERO_DE_": "32", "NUMERO_DE1": "9", "INGRESOS_A": "2640060353.0", "X": "-76.5227266642518", "Y": "3.449872874034666", "Id": 0, "area": 136572.15568900001 }, "geometry": { "type": "Point", "coordinates": [ -76.522726664251806, 3.449872874034666 ] } },
{ "type": "Feature", "properties": { "NUM_INSCRI": "1174109", "Mes_Dia_An": "13 de enero de 2023", "Mes_Dia_A1": "24 de febrero de 2025", "CATEGORIA": "PERSONA JURIDICA", "NOMBRE_SEC": "COMERCIO AL POR MAYOR Y AL POR MENOR; REPARACI?N DE VEH?CULOS AUTOMOTORES Y MOTOCICLETAS", "CODIGO_CII": "4752", "DESC_CIIU": "COMERCIO AL POR MENOR DE ART?CULOS DE FERRETER?A, PINTURAS Y PROD", "TAMANO957": "MICRO", "CIUDAD": "Cali", "COMUNA": "Comuna 09", "BARRIO": "Belalcazar", "DIRECCION_": "-CL 22 # 14 - 19", "TIPO_REGIS": "MERCANTIL", "PERSONAL_O": "2.0", "NUMERO_DE_": "2", "NUMERO_DE1": "0", "INGRESOS_A": "0.0", "X": "-76.52064331374604", "Y": "3.444682888510014", "Id": 0, "area": 136572.15568900001 }, "geometry": { "type": "Point", "coordinates": [ -76.520643313746035, 3.444682888510014 ] } },
{ "type": "Feature", "properties": { "NUM_INSCRI": "1194633", "Mes_Dia_An": "2 de agosto de 2023", "Mes_Dia_A1": "8 de abril de 2025", "CATEGORIA": "PERSONA JURIDICA", "NOMBRE_SEC": "COMERCIO AL POR MAYOR Y AL POR MENOR; REPARACI?N DE VEH?CULOS AUTOMOTORES Y MOTOCICLETAS", "CODIGO_CII": "4752", "DESC_CIIU": "COMERCIO AL POR MENOR DE ART?CULOS DE FERRETER?A, PINTURAS Y PROD", "TAMANO957": "PEQUENA", "CIUDAD": "Cali", "COMUNA": null, "BARRIO": null, "DIRECCION_": "-KR 8 # 22 - 66", "TIPO_REGIS": "MERCANTIL", "PERSONAL_O": "15.0", "NUMERO_DE_": "8", "NUMERO_DE1": "7", "INGRESOS_A": "3035060000.0", "X": "-76.5217430376514", "Y": "3.45198811901507", "Id": 0, "area": 136572.15568900001 }, "geometry": { "type": "Point", "coordinates": [ -76.521743037651405, 3.45198811901507 ] } },
{ "type": "Feature", "properties": { "NUM_INSCRI": "1197050", "Mes_Dia_An": "29 de agosto de 2023", "Mes_Dia_A1": "31 de marzo de 2025", "CATEGORIA": "PERSONA JURIDICA", "NOMBRE_SEC": "COMERCIO AL POR MAYOR Y AL POR MENOR; REPARACI?N DE VEH?CULOS AUTOMOTORES Y MOTOCICLETAS", "CODIGO_CII": "4752", "DESC_CIIU": "COMERCIO AL POR MENOR DE ART?CULOS DE FERRETER?A, PINTURAS Y PROD", "TAMANO957": "MICRO", "CIUDAD": "Cali", "COMUNA": "Comuna 09", "BARRIO": "Barrio Obrero", "DIRECCION_": "-CR 8 A  21   46", "TIPO_REGIS": "MERCANTIL", "PERSONAL_O": "0.0", "NUMERO_DE_": "0", "NUMERO_DE1": "0", "INGRESOS_A": "0.0", "X": "-76.52262317429464", "Y": "3.451077450591693", "Id": 0, "area": 136572.15568900001 }, "geometry": { "type": "Point", "coordinates": [ -76.522623174294637, 3.451077450591693 ] } },
{ "type": "Feature", "properties": { "NUM_INSCRI": "1203658", "Mes_Dia_An": "10 de noviembre de 2023", "Mes_Dia_A1": "28 de marzo de 2025", "CATEGORIA": "PERSONA NATURAL", "NOMBRE_SEC": "COMERCIO AL POR MAYOR Y AL POR MENOR; REPARACI?N DE VEH?CULOS AUTOMOTORES Y MOTOCICLETAS", "CODIGO_CII": "4752", "DESC_CIIU": "COMERCIO AL POR MENOR DE ART?CULOS DE FERRETER?A, PINTURAS Y PROD", "TAMANO957": "MICRO", "CIUDAD": "Cali", "COMUNA": "Comuna 09", "BARRIO": "Barrio Obrero", "DIRECCION_": "-CL 23  11 B 09", "TIPO_REGIS": "MERCANTIL", "PERSONAL_O": "0.0", "NUMERO_DE_": "0", "NUMERO_DE1": "0", "INGRESOS_A": "0.0", "X": "-76.51975327969444", "Y": "3.448149210582584", "Id": 0, "area": 136572.15568900001 }, "geometry": { "type": "Point", "coordinates": [ -76.519753279694442, 3.448149210582584 ] } },
{ "type": "Feature", "properties": { "NUM_INSCRI": "1211596", "Mes_Dia_An": "21 de febrero de 2024", "Mes_Dia_A1": "21 de febrero de 2024", "CATEGORIA": "PERSONA NATURAL", "NOMBRE_SEC": "COMERCIO AL POR MAYOR Y AL POR MENOR; REPARACI?N DE VEH?CULOS AUTOMOTORES Y MOTOCICLETAS", "CODIGO_CII": "4752", "DESC_CIIU": "COMERCIO AL POR MENOR DE ART?CULOS DE FERRETER?A, PINTURAS Y PROD", "TAMANO957": "MICRO", "CIUDAD": "Cali", "COMUNA": "Comuna 09", "BARRIO": "Sucre", "DIRECCION_": "-CR 9  21   16", "TIPO_REGIS": "MERCANTIL", "PERSONAL_O": "0.0", "NUMERO_DE_": "0", "NUMERO_DE1": "0", "INGRESOS_A": null, "X": "-76.52268526764637", "Y": "3.450060071802642", "Id": 0, "area": 136572.15568900001 }, "geometry": { "type": "Point", "coordinates": [ -76.522685267646366, 3.450060071802642 ] } },
{ "type": "Feature", "properties": { "NUM_INSCRI": "1249105", "Mes_Dia_An": "28 de marzo de 2025", "Mes_Dia_A1": "28 de marzo de 2025", "CATEGORIA": "PERSONA NATURAL", "NOMBRE_SEC": "COMERCIO AL POR MAYOR Y AL POR MENOR; REPARACI?N DE VEH?CULOS AUTOMOTORES Y MOTOCICLETAS", "CODIGO_CII": "4752", "DESC_CIIU": "COMERCIO AL POR MENOR DE ART?CULOS DE FERRETER?A, PINTURAS Y PROD", "TAMANO957": "MICRO", "CIUDAD": "Cali", "COMUNA": "Comuna 09", "BARRIO": "Barrio Obrero", "DIRECCION_": "-CL 23  8 A   61", "TIPO_REGIS": "MERCANTIL", "PERSONAL_O": "0.0", "NUMERO_DE_": "0", "NUMERO_DE1": "0", "INGRESOS_A": "0.0", "X": "-76.52038863229767", "Y": "3.451055748739618", "Id": 0, "area": 136572.15568900001 }, "geometry": { "type": "Point", "coordinates": [ -76.520388632297667, 3.451055748739618 ] } },
{ "type": "Feature", "properties": { "NUM_INSCRI": "1257650", "Mes_Dia_An": "26 de junio de 2025", "Mes_Dia_A1": "26 de junio de 2025", "CATEGORIA": "PERSONA NATURAL", "NOMBRE_SEC": "COMERCIO AL POR MAYOR Y AL POR MENOR; REPARACI?N DE VEH?CULOS AUTOMOTORES Y MOTOCICLETAS", "CODIGO_CII": "4752", "DESC_CIIU": "COMERCIO AL POR MENOR DE ART?CULOS DE FERRETER?A, PINTURAS Y PROD", "TAMANO957": "MICRO", "CIUDAD": "Cali", "COMUNA": "Comuna 09", "BARRIO": "Barrio Obrero", "DIRECCION_": "-CL 23  8 A   26", "TIPO_REGIS": "MERCANTIL", "PERSONAL_O": "0.0", "NUMERO_DE_": "0", "NUMERO_DE1": "0", "INGRESOS_A": "0.0", "X": "-76.52066221297615", "Y": "3.451332475740196", "Id": 0, "area": 136572.15568900001 }, "geometry": { "type": "Point", "coordinates": [ -76.520662212976148, 3.451332475740196 ] } },
{ "type": "Feature", "properties": { "NUM_INSCRI": "1260442", "Mes_Dia_An": "24 de julio de 2025", "Mes_Dia_A1": "24 de julio de 2025", "CATEGORIA": "PERSONA NATURAL", "NOMBRE_SEC": "COMERCIO AL POR MAYOR Y AL POR MENOR; REPARACI?N DE VEH?CULOS AUTOMOTORES Y MOTOCICLETAS", "CODIGO_CII": "4752", "DESC_CIIU": "COMERCIO AL POR MENOR DE ART?CULOS DE FERRETER?A, PINTURAS Y PROD", "TAMANO957": "MICRO", "CIUDAD": "Cali", "COMUNA": "Comuna 09", "BARRIO": "Barrio Obrero", "DIRECCION_": "-CR 15  21   21", "TIPO_REGIS": "MERCANTIL", "PERSONAL_O": "0.0", "NUMERO_DE_": "0", "NUMERO_DE1": "0", "INGRESOS_A": "0.0", "X": "-76.52111217722127", "Y": "3.444263276127284", "Id": 0, "area": 136572.15568900001 }, "geometry": { "type": "Point", "coordinates": [ -76.521112177221269, 3.444263276127284 ] } },
{ "type": "Feature", "properties": { "NUM_INSCRI": "607980", "Mes_Dia_An": "5 de mayo de 2003", "Mes_Dia_A1": "26 de marzo de 2025", "CATEGORIA": "PERSONA NATURAL", "NOMBRE_SEC": "COMERCIO AL POR MAYOR Y AL POR MENOR; REPARACI?N DE VEH?CULOS AUTOMOTORES Y MOTOCICLETAS", "CODIGO_CII": "4754", "DESC_CIIU": "COMERCIO AL POR MENOR DE ELECTRODOM?STICOS Y GASODOM?STICOS, MUEB", "TAMANO957": "MICRO", "CIUDAD": "Cali", "COMUNA": "Comuna 09", "BARRIO": "Barrio Obrero", "DIRECCION_": "-CR 11 D # 22 - 01", "TIPO_REGIS": "MERCANTIL", "PERSONAL_O": "1.0", "NUMERO_DE_": "1", "NUMERO_DE1": "0", "INGRESOS_A": "0.0", "X": "-76.52125256838528", "Y": "3.447164388080769", "Id": 0, "area": 136572.15568900001 }, "geometry": { "type": "Point", "coordinates": [ -76.521252568385279, 3.447164388080769 ] } },
{ "type": "Feature", "properties": { "NUM_INSCRI": "752403", "Mes_Dia_An": "4 de abril de 2013", "Mes_Dia_A1": "20 de enero de 2025", "CATEGORIA": "PERSONA NATURAL", "NOMBRE_SEC": "COMERCIO AL POR MAYOR Y AL POR MENOR; REPARACI?N DE VEH?CULOS AUTOMOTORES Y MOTOCICLETAS", "CODIGO_CII": "4754", "DESC_CIIU": "COMERCIO AL POR MENOR DE ELECTRODOM?STICOS Y GASODOMESTICOS DE US", "TAMANO957": "MICRO", "CIUDAD": "Cali", "COMUNA": "Comuna 09", "BARRIO": "Barrio Obrero", "DIRECCION_": "-KR 8 # 22 - 60", "TIPO_REGIS": "MERCANTIL", "PERSONAL_O": "1.0", "NUMERO_DE_": "1", "NUMERO_DE1": "0", "INGRESOS_A": "0.0", "X": "-76.5216539440788", "Y": "3.452174412451485", "Id": 0, "area": 136572.15568900001 }, "geometry": { "type": "Point", "coordinates": [ -76.521653944078807, 3.452174412451485 ] } },
{ "type": "Feature", "properties": { "NUM_INSCRI": "1202957", "Mes_Dia_An": "31 de octubre de 2023", "Mes_Dia_A1": "31 de marzo de 2025", "CATEGORIA": "PERSONA NATURAL", "NOMBRE_SEC": "COMERCIO AL POR MAYOR Y AL POR MENOR; REPARACI?N DE VEH?CULOS AUTOMOTORES Y MOTOCICLETAS", "CODIGO_CII": "4754", "DESC_CIIU": "COMERCIO AL POR MENOR DE ELECTRODOM?STICOS Y GASODOM?STICOS, MUEB", "TAMANO957": "MICRO", "CIUDAD": "Cali", "COMUNA": "Comuna 09", "BARRIO": "Barrio Obrero", "DIRECCION_": "-CL 24 # 11 - 23", "TIPO_REGIS": "MERCANTIL", "PERSONAL_O": "9.0", "NUMERO_DE_": "4", "NUMERO_DE1": "5", "INGRESOS_A": "85496000.0", "X": "-76.51897843539086", "Y": "3.449032746479717", "Id": 0, "area": 136572.15568900001 }, "geometry": { "type": "Point", "coordinates": [ -76.518978435390864, 3.449032746479717 ] } },
{ "type": "Feature", "properties": { "NUM_INSCRI": "1246194", "Mes_Dia_An": "3 de marzo de 2025", "Mes_Dia_A1": "3 de marzo de 2025", "CATEGORIA": "PERSONA JURIDICA", "NOMBRE_SEC": "COMERCIO AL POR MAYOR Y AL POR MENOR; REPARACI?N DE VEH?CULOS AUTOMOTORES Y MOTOCICLETAS", "CODIGO_CII": "4754", "DESC_CIIU": "COMERCIO AL POR MENOR DE ELECTRODOM?STICOS Y GASODOM?STICOS, MUEB", "TAMANO957": "MICRO", "CIUDAD": "Cali", "COMUNA": "Comuna 09", "BARRIO": "Barrio Obrero", "DIRECCION_": "-CR 11  22 A 02", "TIPO_REGIS": "MERCANTIL", "PERSONAL_O": "1.0", "NUMERO_DE_": "1", "NUMERO_DE1": "0", "INGRESOS_A": "0.0", "X": "-76.52079810278683", "Y": "3.448826559026861", "Id": 0, "area": 136572.15568900001 }, "geometry": { "type": "Point", "coordinates": [ -76.520798102786827, 3.448826559026861 ] } },
{ "type": "Feature", "properties": { "NUM_INSCRI": "1027576", "Mes_Dia_An": "3 de septiembre de 2018", "Mes_Dia_A1": "3 de marzo de 2025", "CATEGORIA": "PERSONA NATURAL", "NOMBRE_SEC": "COMERCIO AL POR MAYOR Y AL POR MENOR; REPARACI?N DE VEH?CULOS AUTOMOTORES Y MOTOCICLETAS", "CODIGO_CII": "4755", "DESC_CIIU": "COMERCIO AL POR MENOR DE ART?CULOS Y UTENSILIOS DE USO DOM?STICO", "TAMANO957": "MICRO", "CIUDAD": "Cali", "COMUNA": "Comuna 09", "BARRIO": "Barrio Obrero", "DIRECCION_": "-KR 10 # 24 - 35", "TIPO_REGIS": "MERCANTIL", "PERSONAL_O": "1.0", "NUMERO_DE_": "0", "NUMERO_DE1": "1", "INGRESOS_A": "0.0", "X": "-76.51907652629176", "Y": "3.450290678845128", "Id": 0, "area": 136572.15568900001 }, "geometry": { "type": "Point", "coordinates": [ -76.519076526291755, 3.450290678845128 ] } },
{ "type": "Feature", "properties": { "NUM_INSCRI": "1106521", "Mes_Dia_An": "28 de enero de 2021", "Mes_Dia_A1": "22 de marzo de 2025", "CATEGORIA": "PERSONA JURIDICA", "NOMBRE_SEC": "COMERCIO AL POR MAYOR Y AL POR MENOR; REPARACI?N DE VEH?CULOS AUTOMOTORES Y MOTOCICLETAS", "CODIGO_CII": "4755", "DESC_CIIU": "COMERCIO AL POR MENOR DE ART?CULOS Y UTENSILIOS DE USO DOM?STICO", "TAMANO957": "MICRO", "CIUDAD": "Cali", "COMUNA": "Comuna 09", "BARRIO": "Barrio Obrero", "DIRECCION_": "-CALLE 24 9-44", "TIPO_REGIS": "MERCANTIL", "PERSONAL_O": "0.0", "NUMERO_DE_": "0", "NUMERO_DE1": "0", "INGRESOS_A": "0.0", "X": "-76.51970738103324", "Y": "3.450439895160913", "Id": 0, "area": 136572.15568900001 }, "geometry": { "type": "Point", "coordinates": [ -76.519707381033243, 3.450439895160913 ] } },
{ "type": "Feature", "properties": { "NUM_INSCRI": "869931", "Mes_Dia_An": "24 de abril de 2013", "Mes_Dia_A1": "2 de octubre de 2025", "CATEGORIA": "PERSONA JURIDICA", "NOMBRE_SEC": "COMERCIO AL POR MAYOR Y AL POR MENOR; REPARACI?N DE VEH?CULOS AUTOMOTORES Y MOTOCICLETAS", "CODIGO_CII": "4759", "DESC_CIIU": "COMERCIO AL POR MENOR DE OTROS ART?CULOS DOM?STICOS EN ESTABLECIM", "TAMANO957": "MICRO", "CIUDAD": "Cali", "COMUNA": "Comuna 09", "BARRIO": "Barrio Obrero", "DIRECCION_": "-CR 13 A # 22 A 07", "TIPO_REGIS": "MERCANTIL", "PERSONAL_O": "2.0", "NUMERO_DE_": "1", "NUMERO_DE1": "1", "INGRESOS_A": "48862070.0", "X": "-76.52009345581544", "Y": "3.445668615381685", "Id": 0, "area": 136572.15568900001 }, "geometry": { "type": "Point", "coordinates": [ -76.520093455815442, 3.445668615381685 ] } },
{ "type": "Feature", "properties": { "NUM_INSCRI": "1077663", "Mes_Dia_An": "20 de febrero de 2020", "Mes_Dia_A1": "27 de marzo de 2025", "CATEGORIA": "PERSONA NATURAL", "NOMBRE_SEC": "COMERCIO AL POR MAYOR Y AL POR MENOR; REPARACI?N DE VEH?CULOS AUTOMOTORES Y MOTOCICLETAS", "CODIGO_CII": "4759", "DESC_CIIU": "COMERCIO AL POR MENOR DE OTROS ART?CULOS DOM?STICOS EN ESTABLECIM", "TAMANO957": "MICRO", "CIUDAD": "Cali", "COMUNA": "Comuna 09", "BARRIO": "Barrio Obrero", "DIRECCION_": "-CL 22 # 8 A - 65", "TIPO_REGIS": "MERCANTIL", "PERSONAL_O": "0.0", "NUMERO_DE_": "0", "NUMERO_DE1": "0", "INGRESOS_A": "0.0", "X": "-76.52193742216652", "Y": "3.450648796299169", "Id": 0, "area": 136572.15568900001 }, "geometry": { "type": "Point", "coordinates": [ -76.521937422166516, 3.450648796299169 ] } },
{ "type": "Feature", "properties": { "NUM_INSCRI": "1109988", "Mes_Dia_An": "25 de febrero de 2021", "Mes_Dia_A1": "14 de febrero de 2025", "CATEGORIA": "PERSONA NATURAL", "NOMBRE_SEC": "COMERCIO AL POR MAYOR Y AL POR MENOR; REPARACI?N DE VEH?CULOS AUTOMOTORES Y MOTOCICLETAS", "CODIGO_CII": "4759", "DESC_CIIU": "COMERCIO AL POR MENOR DE OTROS ART?CULOS DOM?STICOS EN ESTABLECIM", "TAMANO957": "MICRO", "CIUDAD": "Cali", "COMUNA": "Comuna 09", "BARRIO": "Barrio Obrero", "DIRECCION_": "-CL 21 # 11 - 47", "TIPO_REGIS": "MERCANTIL", "PERSONAL_O": "0.0", "NUMERO_DE_": "0", "NUMERO_DE1": "0", "INGRESOS_A": "0.0", "X": "-76.52219569940496", "Y": "3.448080479937509", "Id": 0, "area": 136572.15568900001 }, "geometry": { "type": "Point", "coordinates": [ -76.522195699404961, 3.448080479937509 ] } },
{ "type": "Feature", "properties": { "NUM_INSCRI": "1271619", "Mes_Dia_An": "25 de noviembre de 2025", "Mes_Dia_A1": "25 de noviembre de 2025", "CATEGORIA": "PERSONA JURIDICA", "NOMBRE_SEC": "COMERCIO AL POR MAYOR Y AL POR MENOR; REPARACI?N DE VEH?CULOS AUTOMOTORES Y MOTOCICLETAS", "CODIGO_CII": "4759", "DESC_CIIU": "COMERCIO AL POR MENOR DE OTROS ART?CULOS DOM?STICOS EN ESTABLECIM", "TAMANO957": "MICRO", "CIUDAD": "Cali", "COMUNA": "Comuna 09", "BARRIO": "Barrio Obrero", "DIRECCION_": "-CR 9  21   77", "TIPO_REGIS": "MERCANTIL", "PERSONAL_O": "0.0", "NUMERO_DE_": "0", "NUMERO_DE1": "0", "INGRESOS_A": "0.0", "X": "-76.52222630130275", "Y": "3.450471545866182", "Id": 0, "area": 136572.15568900001 }, "geometry": { "type": "Point", "coordinates": [ -76.522226301302751, 3.450471545866182 ] } },
{ "type": "Feature", "properties": { "NUM_INSCRI": "1007467", "Mes_Dia_An": "12 de febrero de 2018", "Mes_Dia_A1": "26 de marzo de 2025", "CATEGORIA": "PERSONA NATURAL", "NOMBRE_SEC": "COMERCIO AL POR MAYOR Y AL POR MENOR; REPARACI?N DE VEH?CULOS AUTOMOTORES Y MOTOCICLETAS", "CODIGO_CII": "4761", "DESC_CIIU": "COMERCIO AL POR MENOR DE LIBROS, PERI?DICOS, MATERIALES Y ART?CUL", "TAMANO957": "MICRO", "CIUDAD": "Cali", "COMUNA": "Comuna 09", "BARRIO": "Barrio Obrero", "DIRECCION_": "-KR 9 # 22 A - 68", "TIPO_REGIS": "MERCANTIL", "PERSONAL_O": "1.0", "NUMERO_DE_": "1", "NUMERO_DE1": "0", "INGRESOS_A": "0.0", "X": "-76.52054342136016", "Y": "3.450517668492687", "Id": 0, "area": 136572.15568900001 }, "geometry": { "type": "Point", "coordinates": [ -76.520543421360159, 3.450517668492687 ] } },
{ "type": "Feature", "properties": { "NUM_INSCRI": "1115005", "Mes_Dia_An": "7 de abril de 2021", "Mes_Dia_A1": "19 de marzo de 2025", "CATEGORIA": "PERSONA NATURAL", "NOMBRE_SEC": "COMERCIO AL POR MAYOR Y AL POR MENOR; REPARACI?N DE VEH?CULOS AUTOMOTORES Y MOTOCICLETAS", "CODIGO_CII": "4761", "DESC_CIIU": "COMERCIO AL POR MENOR DE LIBROS, PERI?DICOS, MATERIALES Y ART?CUL", "TAMANO957": "MICRO", "CIUDAD": "Cali", "COMUNA": "Comuna 09", "BARRIO": "Barrio Obrero", "DIRECCION_": "-CL 22 A # 11 B - 35", "TIPO_REGIS": "MERCANTIL", "PERSONAL_O": "0.0", "NUMERO_DE_": "0", "NUMERO_DE1": "0", "INGRESOS_A": "0.0", "X": "-76.52053892174949", "Y": "3.447735929087715", "Id": 0, "area": 136572.15568900001 }, "geometry": { "type": "Point", "coordinates": [ -76.520538921749491, 3.447735929087715 ] } },
{ "type": "Feature", "properties": { "NUM_INSCRI": "1240442", "Mes_Dia_An": "13 de enero de 2025", "Mes_Dia_A1": "13 de enero de 2025", "CATEGORIA": "PERSONA NATURAL", "NOMBRE_SEC": "COMERCIO AL POR MAYOR Y AL POR MENOR; REPARACI?N DE VEH?CULOS AUTOMOTORES Y MOTOCICLETAS", "CODIGO_CII": "4761", "DESC_CIIU": "COMERCIO AL POR MENOR DE LIBROS, PERI?DICOS, MATERIALES Y ART?CUL", "TAMANO957": "MICRO", "CIUDAD": "Cali", "COMUNA": "Comuna 09", "BARRIO": "Barrio Obrero", "DIRECCION_": "-CR 11  21   32", "TIPO_REGIS": "MERCANTIL", "PERSONAL_O": "0.0", "NUMERO_DE_": "0", "NUMERO_DE1": "0", "INGRESOS_A": "0.0", "X": "-76.52202741232675", "Y": "3.448404232723924", "Id": 0, "area": 136572.15568900001 }, "geometry": { "type": "Point", "coordinates": [ -76.52202741232675, 3.448404232723924 ] } },
{ "type": "Feature", "properties": { "NUM_INSCRI": "1244368", "Mes_Dia_An": "13 de febrero de 2025", "Mes_Dia_A1": "13 de febrero de 2025", "CATEGORIA": "PERSONA NATURAL", "NOMBRE_SEC": "COMERCIO AL POR MAYOR Y AL POR MENOR; REPARACI?N DE VEH?CULOS AUTOMOTORES Y MOTOCICLETAS", "CODIGO_CII": "4761", "DESC_CIIU": "COMERCIO AL POR MENOR DE LIBROS, PERI?DICOS, MATERIALES Y ART?CUL", "TAMANO957": "MICRO", "CIUDAD": "Cali", "COMUNA": "Comuna 09", "BARRIO": "Barrio Obrero", "DIRECCION_": "-CL 22 A  12   52", "TIPO_REGIS": "MERCANTIL", "PERSONAL_O": "0.0", "NUMERO_DE_": "0", "NUMERO_DE1": "0", "INGRESOS_A": "0.0", "X": "-76.52041383132486", "Y": "3.4458440568003", "Id": 0, "area": 136572.15568900001 }, "geometry": { "type": "Point", "coordinates": [ -76.520413831324859, 3.4458440568003 ] } },
{ "type": "Feature", "properties": { "NUM_INSCRI": "1265410", "Mes_Dia_An": "15 de septiembre de 2025", "Mes_Dia_A1": "15 de septiembre de 2025", "CATEGORIA": "PERSONA NATURAL", "NOMBRE_SEC": "COMERCIO AL POR MAYOR Y AL POR MENOR; REPARACI?N DE VEH?CULOS AUTOMOTORES Y MOTOCICLETAS", "CODIGO_CII": "4761", "DESC_CIIU": "COMERCIO AL POR MENOR DE LIBROS, PERI?DICOS, MATERIALES Y ART?CUL", "TAMANO957": "MICRO", "CIUDAD": "Cali", "COMUNA": "Comuna 09", "BARRIO": "Barrio Obrero", "DIRECCION_": "-CR 10  21   56", "TIPO_REGIS": "MERCANTIL", "PERSONAL_O": "1.0", "NUMERO_DE_": "0", "NUMERO_DE1": "1", "INGRESOS_A": "10000000.0", "X": "-76.522048112101", "Y": "3.449238935385575", "Id": 0, "area": 136572.15568900001 }, "geometry": { "type": "Point", "coordinates": [ -76.522048112101004, 3.449238935385575 ] } },
{ "type": "Feature", "properties": { "NUM_INSCRI": "564898", "Mes_Dia_An": "9 de junio de 2011", "Mes_Dia_A1": "31 de marzo de 2025", "CATEGORIA": "PERSONA NATURAL", "NOMBRE_SEC": "COMERCIO AL POR MAYOR Y AL POR MENOR; REPARACI?N DE VEH?CULOS AUTOMOTORES Y MOTOCICLETAS", "CODIGO_CII": "4762", "DESC_CIIU": "COMERCIO AL POR MENOR DE ART?CULOS DEPORTIVOS, EN ESTABLECIMIENTO", "TAMANO957": "MICRO", "CIUDAD": "Cali", "COMUNA": "Comuna 09", "BARRIO": "Barrio Obrero", "DIRECCION_": "-CL 22 # 8 - 18", "TIPO_REGIS": "MERCANTIL", "PERSONAL_O": "1.0", "NUMERO_DE_": "1", "NUMERO_DE1": "0", "INGRESOS_A": "0.0", "X": "-76.52250078444428", "Y": "3.451815389485364", "Id": 0, "area": 136572.15568900001 }, "geometry": { "type": "Point", "coordinates": [ -76.522500784444276, 3.451815389485364 ] } },
{ "type": "Feature", "properties": { "NUM_INSCRI": "605182", "Mes_Dia_An": "26 de marzo de 2003", "Mes_Dia_A1": "19 de junio de 2025", "CATEGORIA": "PERSONA NATURAL", "NOMBRE_SEC": "COMERCIO AL POR MAYOR Y AL POR MENOR; REPARACI?N DE VEH?CULOS AUTOMOTORES Y MOTOCICLETAS", "CODIGO_CII": "4762", "DESC_CIIU": "COMERCIO AL POR MENOR DE BICICLETAS Y OTROS VELOCIPEDOS SIN MOTOR", "TAMANO957": "MICRO", "CIUDAD": "Cali", "COMUNA": "Comuna 09", "BARRIO": "Barrio Obrero", "DIRECCION_": "-KR 8 # 22 - 48", "TIPO_REGIS": "MERCANTIL", "PERSONAL_O": "0.0", "NUMERO_DE_": "0", "NUMERO_DE1": "0", "INGRESOS_A": "0.0", "X": "-76.5216539440788", "Y": "3.452174412451485", "Id": 0, "area": 136572.15568900001 }, "geometry": { "type": "Point", "coordinates": [ -76.521653944078807, 3.452174412451485 ] } },
{ "type": "Feature", "properties": { "NUM_INSCRI": "817254", "Mes_Dia_An": "6 de mayo de 2011", "Mes_Dia_A1": "27 de marzo de 2025", "CATEGORIA": "PERSONA NATURAL", "NOMBRE_SEC": "COMERCIO AL POR MAYOR Y AL POR MENOR; REPARACI?N DE VEH?CULOS AUTOMOTORES Y MOTOCICLETAS", "CODIGO_CII": "4762", "DESC_CIIU": "COMERCIO AL POR MENOR DE ART?CULOS DEPORTIVOS, EN ESTABLECIMIENTO", "TAMANO957": "MICRO", "CIUDAD": "Cali", "COMUNA": "Comuna 09", "BARRIO": "Barrio Obrero", "DIRECCION_": "-KR 8 # 22 - 52", "TIPO_REGIS": "MERCANTIL", "PERSONAL_O": "2.0", "NUMERO_DE_": "2", "NUMERO_DE1": "0", "INGRESOS_A": "0.0", "X": "-76.5216539440788", "Y": "3.452174412451485", "Id": 0, "area": 136572.15568900001 }, "geometry": { "type": "Point", "coordinates": [ -76.521653944078807, 3.452174412451485 ] } },
{ "type": "Feature", "properties": { "NUM_INSCRI": "937305", "Mes_Dia_An": "29 de septiembre de 2015", "Mes_Dia_A1": "1 de abril de 2025", "CATEGORIA": "PERSONA NATURAL", "NOMBRE_SEC": "COMERCIO AL POR MAYOR Y AL POR MENOR; REPARACI?N DE VEH?CULOS AUTOMOTORES Y MOTOCICLETAS", "CODIGO_CII": "4762", "DESC_CIIU": "COMERCIO AL POR MENOR DE ART?CULOS DEPORTIVOS, EN ESTABLECIMIENTO", "TAMANO957": "MICRO", "CIUDAD": "Cali", "COMUNA": "Comuna 09", "BARRIO": "Barrio Obrero", "DIRECCION_": "-KR 8 # 22 - 08", "TIPO_REGIS": "MERCANTIL", "PERSONAL_O": "3.0", "NUMERO_DE_": "1", "NUMERO_DE1": "2", "INGRESOS_A": "0.0", "X": "-76.52194012407557", "Y": "3.452107491173674", "Id": 0, "area": 136572.15568900001 }, "geometry": { "type": "Point", "coordinates": [ -76.52194012407557, 3.452107491173674 ] } },
{ "type": "Feature", "properties": { "NUM_INSCRI": "956559", "Mes_Dia_An": "9 de junio de 2016", "Mes_Dia_A1": "26 de marzo de 2025", "CATEGORIA": "PERSONA NATURAL", "NOMBRE_SEC": "COMERCIO AL POR MAYOR Y AL POR MENOR; REPARACI?N DE VEH?CULOS AUTOMOTORES Y MOTOCICLETAS", "CODIGO_CII": "4762", "DESC_CIIU": "COMERCIO AL POR MENOR DE ART?CULOS DEPORTIVOS, EN ESTABLECIMIENTO", "TAMANO957": "MICRO", "CIUDAD": "Cali", "COMUNA": "Comuna 09", "BARRIO": "Barrio Obrero", "DIRECCION_": "-KR 8 # 22 - 20", "TIPO_REGIS": "MERCANTIL", "PERSONAL_O": "1.0", "NUMERO_DE_": "1", "NUMERO_DE1": "0", "INGRESOS_A": "0.0", "X": "-76.52183483143963", "Y": "3.452131908407868", "Id": 0, "area": 136572.15568900001 }, "geometry": { "type": "Point", "coordinates": [ -76.521834831439634, 3.452131908407868 ] } },
{ "type": "Feature", "properties": { "NUM_INSCRI": "992269", "Mes_Dia_An": "27 de julio de 2017", "Mes_Dia_A1": "4 de marzo de 2025", "CATEGORIA": "PERSONA NATURAL", "NOMBRE_SEC": "COMERCIO AL POR MAYOR Y AL POR MENOR; REPARACI?N DE VEH?CULOS AUTOMOTORES Y MOTOCICLETAS", "CODIGO_CII": "4762", "DESC_CIIU": "COMERCIO AL POR MENOR DE ART?CULOS DEPORTIVOS, EN ESTABLECIMIENTO", "TAMANO957": "MICRO", "CIUDAD": "Cali", "COMUNA": "Comuna 09", "BARRIO": "Barrio Obrero", "DIRECCION_": "-CL 22 # 8 - 19", "TIPO_REGIS": "MERCANTIL", "PERSONAL_O": "1.0", "NUMERO_DE_": "1", "NUMERO_DE1": "0", "INGRESOS_A": "0.0", "X": "-76.5219851210043", "Y": "3.452149090588448", "Id": 0, "area": 136572.15568900001 }, "geometry": { "type": "Point", "coordinates": [ -76.521985121004306, 3.452149090588448 ] } },
{ "type": "Feature", "properties": { "NUM_INSCRI": "1042194", "Mes_Dia_An": "21 de febrero de 2019", "Mes_Dia_A1": "6 de febrero de 2025", "CATEGORIA": "PERSONA NATURAL", "NOMBRE_SEC": "COMERCIO AL POR MAYOR Y AL POR MENOR; REPARACI?N DE VEH?CULOS AUTOMOTORES Y MOTOCICLETAS", "CODIGO_CII": "4762", "DESC_CIIU": "COMERCIO AL POR MENOR DE ART?CULOS DEPORTIVOS, EN ESTABLECIMIENTO", "TAMANO957": "MICRO", "CIUDAD": "Cali", "COMUNA": "Comuna 03", "BARRIO": "San Nicolas", "DIRECCION_": "-KR 8 # 21 - 56", "TIPO_REGIS": "MERCANTIL", "PERSONAL_O": "1.0", "NUMERO_DE_": "1", "NUMERO_DE1": "0", "INGRESOS_A": "0.0", "X": "-76.52253408198504", "Y": "3.451752085857674", "Id": 0, "area": 136572.15568900001 }, "geometry": { "type": "Point", "coordinates": [ -76.522534081985043, 3.451752085857674 ] } },
{ "type": "Feature", "properties": { "NUM_INSCRI": "1046095", "Mes_Dia_An": "21 de marzo de 2019", "Mes_Dia_A1": "4 de marzo de 2025", "CATEGORIA": "PERSONA NATURAL", "NOMBRE_SEC": "COMERCIO AL POR MAYOR Y AL POR MENOR; REPARACI?N DE VEH?CULOS AUTOMOTORES Y MOTOCICLETAS", "CODIGO_CII": "4762", "DESC_CIIU": "COMERCIO AL POR MENOR DE ART?CULOS DEPORTIVOS, EN ESTABLECIMIENTO", "TAMANO957": "MICRO", "CIUDAD": "Cali", "COMUNA": "Comuna 09", "BARRIO": "Barrio Obrero", "DIRECCION_": "-KR 8 # 22 - 32", "TIPO_REGIS": "MERCANTIL", "PERSONAL_O": "4.0", "NUMERO_DE_": "4", "NUMERO_DE1": "0", "INGRESOS_A": "0.0", "X": "-76.52205261596787", "Y": "3.451931145375657", "Id": 0, "area": 136572.15568900001 }, "geometry": { "type": "Point", "coordinates": [ -76.522052615967866, 3.451931145375657 ] } },
{ "type": "Feature", "properties": { "NUM_INSCRI": "1072204", "Mes_Dia_An": "8 de enero de 2020", "Mes_Dia_A1": "4 de marzo de 2025", "CATEGORIA": "PERSONA NATURAL", "NOMBRE_SEC": "COMERCIO AL POR MAYOR Y AL POR MENOR; REPARACI?N DE VEH?CULOS AUTOMOTORES Y MOTOCICLETAS", "CODIGO_CII": "4762", "DESC_CIIU": "COMERCIO AL POR MENOR DE ART?CULOS DEPORTIVOS, EN ESTABLECIMIENTO", "TAMANO957": "MICRO", "CIUDAD": "Cali", "COMUNA": "Comuna 09", "BARRIO": "Barrio Obrero", "DIRECCION_": "-KR 8 # 22 - 02", "TIPO_REGIS": "MERCANTIL", "PERSONAL_O": "1.0", "NUMERO_DE_": "0", "NUMERO_DE1": "1", "INGRESOS_A": "0.0", "X": "-76.52199232042354", "Y": "3.45209573472114", "Id": 0, "area": 136572.15568900001 }, "geometry": { "type": "Point", "coordinates": [ -76.521992320423536, 3.45209573472114 ] } },
{ "type": "Feature", "properties": { "NUM_INSCRI": "1116512", "Mes_Dia_An": "20 de abril de 2021", "Mes_Dia_A1": "28 de marzo de 2025", "CATEGORIA": "PERSONA NATURAL", "NOMBRE_SEC": "COMERCIO AL POR MAYOR Y AL POR MENOR; REPARACI?N DE VEH?CULOS AUTOMOTORES Y MOTOCICLETAS", "CODIGO_CII": "4762", "DESC_CIIU": "COMERCIO AL POR MENOR DE ART?CULOS DEPORTIVOS, EN ESTABLECIMIENTO", "TAMANO957": "MICRO", "CIUDAD": "Cali", "COMUNA": null, "BARRIO": null, "DIRECCION_": "-KR 8 # 22 - 12", "TIPO_REGIS": "MERCANTIL", "PERSONAL_O": "1.0", "NUMERO_DE_": "1", "NUMERO_DE1": "0", "INGRESOS_A": "0.0", "X": "-76.52190502653086", "Y": "3.452115630253041", "Id": 0, "area": 136572.15568900001 }, "geometry": { "type": "Point", "coordinates": [ -76.52190502653086, 3.452115630253041 ] } },
{ "type": "Feature", "properties": { "NUM_INSCRI": "1122056", "Mes_Dia_An": "12 de julio de 2021", "Mes_Dia_A1": "7 de marzo de 2024", "CATEGORIA": "PERSONA NATURAL", "NOMBRE_SEC": "COMERCIO AL POR MAYOR Y AL POR MENOR; REPARACI?N DE VEH?CULOS AUTOMOTORES Y MOTOCICLETAS", "CODIGO_CII": "4762", "DESC_CIIU": "COMERCIO AL POR MENOR DE ART?CULOS DEPORTIVOS, EN ESTABLECIMIENTO", "TAMANO957": "MICRO", "CIUDAD": "Cali", "COMUNA": "Comuna 03", "BARRIO": "San Nicolas", "DIRECCION_": "-KR 8 # 21 - 56", "TIPO_REGIS": "MERCANTIL", "PERSONAL_O": "0.0", "NUMERO_DE_": "0", "NUMERO_DE1": "0", "INGRESOS_A": null, "X": "-76.52253408198504", "Y": "3.451752085857674", "Id": 0, "area": 136572.15568900001 }, "geometry": { "type": "Point", "coordinates": [ -76.522534081985043, 3.451752085857674 ] } },
{ "type": "Feature", "properties": { "NUM_INSCRI": "1158188", "Mes_Dia_An": "13 de julio de 2022", "Mes_Dia_A1": "14 de marzo de 2025", "CATEGORIA": "PERSONA NATURAL", "NOMBRE_SEC": "COMERCIO AL POR MAYOR Y AL POR MENOR; REPARACI?N DE VEH?CULOS AUTOMOTORES Y MOTOCICLETAS", "CODIGO_CII": "4762", "DESC_CIIU": "COMERCIO AL POR MENOR DE ART?CULOS DEPORTIVOS, EN ESTABLECIMIENTO", "TAMANO957": "MICRO", "CIUDAD": "Cali", "COMUNA": "Comuna 09", "BARRIO": "Barrio Obrero", "DIRECCION_": "-CL 22 # 8 - 13", "TIPO_REGIS": "MERCANTIL", "PERSONAL_O": "0.0", "NUMERO_DE_": "0", "NUMERO_DE1": "0", "INGRESOS_A": "0.0", "X": "-76.5219851210043", "Y": "3.452149090588448", "Id": 0, "area": 136572.15568900001 }, "geometry": { "type": "Point", "coordinates": [ -76.521985121004306, 3.452149090588448 ] } },
{ "type": "Feature", "properties": { "NUM_INSCRI": "1176986", "Mes_Dia_An": "7 de febrero de 2023", "Mes_Dia_A1": "4 de marzo de 2025", "CATEGORIA": "PERSONA NATURAL", "NOMBRE_SEC": "COMERCIO AL POR MAYOR Y AL POR MENOR; REPARACI?N DE VEH?CULOS AUTOMOTORES Y MOTOCICLETAS", "CODIGO_CII": "4762", "DESC_CIIU": "COMERCIO AL POR MENOR DE ART?CULOS DEPORTIVOS, EN ESTABLECIMIENTO", "TAMANO957": "MICRO", "CIUDAD": "Cali", "COMUNA": "Comuna 09", "BARRIO": "Barrio Obrero", "DIRECCION_": "-CL 22 # 8 - 16", "TIPO_REGIS": "MERCANTIL", "PERSONAL_O": "0.0", "NUMERO_DE_": "0", "NUMERO_DE1": "0", "INGRESOS_A": "0.0", "X": "-76.5225052841645", "Y": "3.451832571870701", "Id": 0, "area": 136572.15568900001 }, "geometry": { "type": "Point", "coordinates": [ -76.522505284164495, 3.451832571870701 ] } },
{ "type": "Feature", "properties": { "NUM_INSCRI": "1185626", "Mes_Dia_An": "26 de abril de 2023", "Mes_Dia_A1": "5 de marzo de 2025", "CATEGORIA": "PERSONA NATURAL", "NOMBRE_SEC": "COMERCIO AL POR MAYOR Y AL POR MENOR; REPARACI?N DE VEH?CULOS AUTOMOTORES Y MOTOCICLETAS", "CODIGO_CII": "4762", "DESC_CIIU": "COMERCIO AL POR MENOR DE ART?CULOS DEPORTIVOS, EN ESTABLECIMIENTO", "TAMANO957": "MICRO", "CIUDAD": "Cali", "COMUNA": "Comuna 03", "BARRIO": "San Nicolas", "DIRECCION_": "-CL 22 # 8 - 10", "TIPO_REGIS": "MERCANTIL", "PERSONAL_O": "1.0", "NUMERO_DE_": "0", "NUMERO_DE1": "1", "INGRESOS_A": "0.0", "X": "-76.52251698345557", "Y": "3.45188592770337", "Id": 0, "area": 136572.15568900001 }, "geometry": { "type": "Point", "coordinates": [ -76.522516983455574, 3.45188592770337 ] } },
{ "type": "Feature", "properties": { "NUM_INSCRI": "1039130", "Mes_Dia_An": "28 de enero de 2019", "Mes_Dia_A1": "24 de febrero de 2025", "CATEGORIA": "PERSONA NATURAL", "NOMBRE_SEC": "COMERCIO AL POR MAYOR Y AL POR MENOR; REPARACI?N DE VEH?CULOS AUTOMOTORES Y MOTOCICLETAS", "CODIGO_CII": "4769", "DESC_CIIU": "COMERCIO AL POR MENOR DE OTROS ART?CULOS CULTURALES Y DE ENTRETEN", "TAMANO957": "MICRO", "CIUDAD": "Cali", "COMUNA": "Comuna 09", "BARRIO": "Barrio Obrero", "DIRECCION_": "-CL 22 A  11 B   21", "TIPO_REGIS": "MERCANTIL", "PERSONAL_O": "4.0", "NUMERO_DE_": "3", "NUMERO_DE1": "1", "INGRESOS_A": "1400000.0", "X": "-76.52056411988", "Y": "3.447860727543341", "Id": 0, "area": 136572.15568900001 }, "geometry": { "type": "Point", "coordinates": [ -76.520564119880007, 3.447860727543341 ] } },
{ "type": "Feature", "properties": { "NUM_INSCRI": "524876", "Mes_Dia_An": "5 de enero de 2000", "Mes_Dia_A1": "29 de marzo de 2025", "CATEGORIA": "PERSONA NATURAL", "NOMBRE_SEC": "COMERCIO AL POR MAYOR Y AL POR MENOR; REPARACI?N DE VEH?CULOS AUTOMOTORES Y MOTOCICLETAS", "CODIGO_CII": "4771", "DESC_CIIU": "COMERCIO AL POR MENOR DE PRENDAS DE VESTIR Y SUS ACCESORIOS (INCL", "TAMANO957": "MICRO", "CIUDAD": "Cali", "COMUNA": "Comuna 03", "BARRIO": "El Calvario", "DIRECCION_": "-KR 10 # 22 - 51", "TIPO_REGIS": "MERCANTIL", "PERSONAL_O": "2.0", "NUMERO_DE_": "2", "NUMERO_DE1": "0", "INGRESOS_A": "0.0", "X": "-76.52143705696595", "Y": "3.449768877394241", "Id": 0, "area": 136572.15568900001 }, "geometry": { "type": "Point", "coordinates": [ -76.521437056965951, 3.449768877394241 ] } },
{ "type": "Feature", "properties": { "NUM_INSCRI": "998293", "Mes_Dia_An": "4 de octubre de 2017", "Mes_Dia_A1": "30 de enero de 2025", "CATEGORIA": "PERSONA NATURAL", "NOMBRE_SEC": "COMERCIO AL POR MAYOR Y AL POR MENOR; REPARACI?N DE VEH?CULOS AUTOMOTORES Y MOTOCICLETAS", "CODIGO_CII": "4771", "DESC_CIIU": "COMERCIO AL POR MENOR DE PRENDAS DE VESTIR Y SUS ACCESORIOS (INCL", "TAMANO957": "MICRO", "CIUDAD": "Cali", "COMUNA": "Comuna 09", "BARRIO": "Barrio Obrero", "DIRECCION_": "-CR 10 22 58", "TIPO_REGIS": "MERCANTIL", "PERSONAL_O": "2.0", "NUMERO_DE_": "2", "NUMERO_DE1": "0", "INGRESOS_A": "0.0", "X": "-76.52130926595422", "Y": "3.449484011475209", "Id": 0, "area": 136572.15568900001 }, "geometry": { "type": "Point", "coordinates": [ -76.521309265954216, 3.449484011475209 ] } },
{ "type": "Feature", "properties": { "NUM_INSCRI": "1160166", "Mes_Dia_An": "1 de agosto de 2022", "Mes_Dia_A1": "19 de marzo de 2025", "CATEGORIA": "PERSONA NATURAL", "NOMBRE_SEC": "COMERCIO AL POR MAYOR Y AL POR MENOR; REPARACI?N DE VEH?CULOS AUTOMOTORES Y MOTOCICLETAS", "CODIGO_CII": "4771", "DESC_CIIU": "COMERCIO AL POR MENOR DE PRENDAS DE VESTIR Y SUS ACCESORIOS (INCL", "TAMANO957": "MICRO", "CIUDAD": "Cali", "COMUNA": "Comuna 09", "BARRIO": "Barrio Obrero", "DIRECCION_": "-CL 24  11 B   24", "TIPO_REGIS": "MERCANTIL", "PERSONAL_O": "0.0", "NUMERO_DE_": "0", "NUMERO_DE1": "0", "INGRESOS_A": "0.0", "X": "-76.51909182853423", "Y": "3.44811936667853", "Id": 0, "area": 136572.15568900001 }, "geometry": { "type": "Point", "coordinates": [ -76.519091828534229, 3.44811936667853 ] } },
{ "type": "Feature", "properties": { "NUM_INSCRI": "1208855", "Mes_Dia_An": "29 de enero de 2024", "Mes_Dia_A1": "29 de enero de 2024", "CATEGORIA": "PERSONA NATURAL", "NOMBRE_SEC": "COMERCIO AL POR MAYOR Y AL POR MENOR; REPARACI?N DE VEH?CULOS AUTOMOTORES Y MOTOCICLETAS", "CODIGO_CII": "4771", "DESC_CIIU": "COMERCIO AL POR MENOR DE PRENDAS DE VESTIR Y SUS ACCESORIOS (INCL", "TAMANO957": "MICRO", "CIUDAD": "Cali", "COMUNA": "Comuna 09", "BARRIO": "Barrio Obrero", "DIRECCION_": "-CL 22  11   30", "TIPO_REGIS": "MERCANTIL", "PERSONAL_O": "0.0", "NUMERO_DE_": "0", "NUMERO_DE1": "0", "INGRESOS_A": null, "X": "-76.52185732466943", "Y": "3.44828666921063", "Id": 0, "area": 136572.15568900001 }, "geometry": { "type": "Point", "coordinates": [ -76.521857324669426, 3.44828666921063 ] } },
{ "type": "Feature", "properties": { "NUM_INSCRI": "562418", "Mes_Dia_An": "11 de junio de 2001", "Mes_Dia_A1": "13 de marzo de 2025", "CATEGORIA": "PERSONA NATURAL", "NOMBRE_SEC": "COMERCIO AL POR MAYOR Y AL POR MENOR; REPARACI?N DE VEH?CULOS AUTOMOTORES Y MOTOCICLETAS", "CODIGO_CII": "4772", "DESC_CIIU": "COMERCIO AL POR MENOR DE TODO TIPO DE CALZADO Y ART?CULOS DE CUER", "TAMANO957": "MICRO", "CIUDAD": "Cali", "COMUNA": "Comuna 09", "BARRIO": "Barrio Obrero", "DIRECCION_": "-CR 11 B 22A 16", "TIPO_REGIS": "MERCANTIL", "PERSONAL_O": "1.0", "NUMERO_DE_": "1", "NUMERO_DE1": "0", "INGRESOS_A": "0.0", "X": "-76.52047772627158", "Y": "3.447945735182852", "Id": 0, "area": 136572.15568900001 }, "geometry": { "type": "Point", "coordinates": [ -76.520477726271579, 3.447945735182852 ] } },
{ "type": "Feature", "properties": { "NUM_INSCRI": "594506", "Mes_Dia_An": "13 de mayo de 2014", "Mes_Dia_A1": "4 de junio de 2025", "CATEGORIA": "PERSONA NATURAL", "NOMBRE_SEC": "COMERCIO AL POR MAYOR Y AL POR MENOR; REPARACI?N DE VEH?CULOS AUTOMOTORES Y MOTOCICLETAS", "CODIGO_CII": "4772", "DESC_CIIU": "COMERCIO AL POR MENOR DE TODO TIPO DE CALZADO Y ART?CULOS DE CUER", "TAMANO957": "MICRO", "CIUDAD": "Cali", "COMUNA": "Comuna 09", "BARRIO": "Barrio Obrero", "DIRECCION_": "-CL 22 A NRO. 11D - 24", "TIPO_REGIS": "MERCANTIL", "PERSONAL_O": "2.0", "NUMERO_DE_": "2", "NUMERO_DE1": "0", "INGRESOS_A": "7200000.0", "X": "-76.52060011717613", "Y": "3.446903939376664", "Id": 0, "area": 136572.15568900001 }, "geometry": { "type": "Point", "coordinates": [ -76.52060011717613, 3.446903939376664 ] } },
{ "type": "Feature", "properties": { "NUM_INSCRI": "634969", "Mes_Dia_An": "31 de enero de 2012", "Mes_Dia_A1": "20 de marzo de 2025", "CATEGORIA": "PERSONA NATURAL", "NOMBRE_SEC": "COMERCIO AL POR MAYOR Y AL POR MENOR; REPARACI?N DE VEH?CULOS AUTOMOTORES Y MOTOCICLETAS", "CODIGO_CII": "4772", "DESC_CIIU": "COMERCIO AL POR MENOR DE TODO TIPO DE CALZADO EN ESTABLECIMIENTOS", "TAMANO957": "MICRO", "CIUDAD": "Cali", "COMUNA": "Comuna 09", "BARRIO": "Barrio Obrero", "DIRECCION_": "-CL 22 A # 11 - 25", "TIPO_REGIS": "MERCANTIL", "PERSONAL_O": "1.0", "NUMERO_DE_": "1", "NUMERO_DE1": "0", "INGRESOS_A": "0.0", "X": "-76.52073330749012", "Y": "3.448654735083919", "Id": 0, "area": 136572.15568900001 }, "geometry": { "type": "Point", "coordinates": [ -76.520733307490119, 3.448654735083919 ] } },
{ "type": "Feature", "properties": { "NUM_INSCRI": "907534", "Mes_Dia_An": "21 de agosto de 2014", "Mes_Dia_A1": "28 de marzo de 2025", "CATEGORIA": "PERSONA NATURAL", "NOMBRE_SEC": "COMERCIO AL POR MAYOR Y AL POR MENOR; REPARACI?N DE VEH?CULOS AUTOMOTORES Y MOTOCICLETAS", "CODIGO_CII": "4772", "DESC_CIIU": "COMERCIO AL POR MENOR DE TODO TIPO DE CALZADO Y ART?CULOS DE CUER", "TAMANO957": "MICRO", "CIUDAD": "Cali", "COMUNA": "Comuna 09", "BARRIO": "Barrio Obrero", "DIRECCION_": "-KR 12 # 22 - 75", "TIPO_REGIS": "MERCANTIL", "PERSONAL_O": "0.0", "NUMERO_DE_": "0", "NUMERO_DE1": "0", "INGRESOS_A": "0.0", "X": "-76.52059831729052", "Y": "3.446349581007132", "Id": 0, "area": 136572.15568900001 }, "geometry": { "type": "Point", "coordinates": [ -76.520598317290521, 3.446349581007132 ] } },
{ "type": "Feature", "properties": { "NUM_INSCRI": "933523", "Mes_Dia_An": "11 de agosto de 2015", "Mes_Dia_A1": "24 de abril de 2025", "CATEGORIA": "PERSONA NATURAL", "NOMBRE_SEC": "COMERCIO AL POR MAYOR Y AL POR MENOR; REPARACI?N DE VEH?CULOS AUTOMOTORES Y MOTOCICLETAS", "CODIGO_CII": "4772", "DESC_CIIU": "COMERCIO AL POR MENOR DE TODO TIPO DE CALZADO Y ART?CULOS DE CUER", "TAMANO957": "MICRO", "CIUDAD": "Cali", "COMUNA": "Comuna 09", "BARRIO": "Barrio Obrero", "DIRECCION_": "-CL 22 # 13 A - 10", "TIPO_REGIS": "MERCANTIL", "PERSONAL_O": "3.0", "NUMERO_DE_": "3", "NUMERO_DE1": "0", "INGRESOS_A": "0.0", "X": "-76.52108337991372", "Y": "3.445093457226926", "Id": 0, "area": 136572.15568900001 }, "geometry": { "type": "Point", "coordinates": [ -76.521083379913719, 3.445093457226926 ] } },
{ "type": "Feature", "properties": { "NUM_INSCRI": "1054382", "Mes_Dia_An": "13 de junio de 2019", "Mes_Dia_A1": "4 de abril de 2025", "CATEGORIA": "PERSONA JURIDICA", "NOMBRE_SEC": "COMERCIO AL POR MAYOR Y AL POR MENOR; REPARACI?N DE VEH?CULOS AUTOMOTORES Y MOTOCICLETAS", "CODIGO_CII": "4772", "DESC_CIIU": "COMERCIO AL POR MENOR DE TODO TIPO DE CALZADO Y ART?CULOS DE CUER", "TAMANO957": "MICRO", "CIUDAD": "Cali", "COMUNA": "Comuna 09", "BARRIO": "Sucre", "DIRECCION_": "--KR 11 # 21  42", "TIPO_REGIS": "MERCANTIL", "PERSONAL_O": "9.0", "NUMERO_DE_": "5", "NUMERO_DE1": "4", "INGRESOS_A": "1232092931.0", "X": "-76.5219203202495", "Y": "3.448440406348203", "Id": 0, "area": 136572.15568900001 }, "geometry": { "type": "Point", "coordinates": [ -76.521920320249507, 3.448440406348203 ] } },
{ "type": "Feature", "properties": { "NUM_INSCRI": "1066385", "Mes_Dia_An": "7 de octubre de 2019", "Mes_Dia_A1": "4 de marzo de 2025", "CATEGORIA": "PERSONA NATURAL", "NOMBRE_SEC": "COMERCIO AL POR MAYOR Y AL POR MENOR; REPARACI?N DE VEH?CULOS AUTOMOTORES Y MOTOCICLETAS", "CODIGO_CII": "4772", "DESC_CIIU": "COMERCIO AL POR MENOR DE TODO TIPO DE CALZADO Y ART?CULOS DE CUER", "TAMANO957": "MICRO", "CIUDAD": "Cali", "COMUNA": "Comuna 09", "BARRIO": "Barrio Obrero", "DIRECCION_": "-KR 10 # 22 - 58", "TIPO_REGIS": "MERCANTIL", "PERSONAL_O": "1.0", "NUMERO_DE_": "1", "NUMERO_DE1": "0", "INGRESOS_A": "45000000.0", "X": "-76.52130926595422", "Y": "3.449484011475209", "Id": 0, "area": 136572.15568900001 }, "geometry": { "type": "Point", "coordinates": [ -76.521309265954216, 3.449484011475209 ] } },
{ "type": "Feature", "properties": { "NUM_INSCRI": "1160937", "Mes_Dia_An": "8 de agosto de 2022", "Mes_Dia_A1": "2 de septiembre de 2024", "CATEGORIA": "PERSONA NATURAL", "NOMBRE_SEC": "COMERCIO AL POR MAYOR Y AL POR MENOR; REPARACI?N DE VEH?CULOS AUTOMOTORES Y MOTOCICLETAS", "CODIGO_CII": "4772", "DESC_CIIU": "COMERCIO AL POR MENOR DE TODO TIPO DE CALZADO Y ART?CULOS DE CUER", "TAMANO957": "MICRO", "CIUDAD": "Cali", "COMUNA": "Comuna 09", "BARRIO": "Barrio Obrero", "DIRECCION_": "-CR 11  24   37", "TIPO_REGIS": "MERCANTIL", "PERSONAL_O": "0.0", "NUMERO_DE_": "0", "NUMERO_DE1": "0", "INGRESOS_A": null, "X": "-76.51892713822193", "Y": "3.449562687642503", "Id": 0, "area": 136572.15568900001 }, "geometry": { "type": "Point", "coordinates": [ -76.518927138221926, 3.449562687642503 ] } },
{ "type": "Feature", "properties": { "NUM_INSCRI": "1212499", "Mes_Dia_An": "28 de febrero de 2024", "Mes_Dia_A1": "18 de marzo de 2025", "CATEGORIA": "PERSONA NATURAL", "NOMBRE_SEC": "COMERCIO AL POR MAYOR Y AL POR MENOR; REPARACI?N DE VEH?CULOS AUTOMOTORES Y MOTOCICLETAS", "CODIGO_CII": "4772", "DESC_CIIU": "COMERCIO AL POR MENOR DE TODO TIPO DE CALZADO Y ART?CULOS DE CUER", "TAMANO957": "MICRO", "CIUDAD": "Cali", "COMUNA": "Comuna 09", "BARRIO": "Barrio Obrero", "DIRECCION_": "-CR 12  21   34", "TIPO_REGIS": "MERCANTIL", "PERSONAL_O": "2.0", "NUMERO_DE_": "0", "NUMERO_DE1": "2", "INGRESOS_A": "0.0", "X": "-76.52129216422821", "Y": "3.445595363946437", "Id": 0, "area": 136572.15568900001 }, "geometry": { "type": "Point", "coordinates": [ -76.521292164228214, 3.445595363946437 ] } },
{ "type": "Feature", "properties": { "NUM_INSCRI": "1212925", "Mes_Dia_An": "4 de marzo de 2024", "Mes_Dia_A1": "4 de marzo de 2024", "CATEGORIA": "PERSONA NATURAL", "NOMBRE_SEC": "COMERCIO AL POR MAYOR Y AL POR MENOR; REPARACI?N DE VEH?CULOS AUTOMOTORES Y MOTOCICLETAS", "CODIGO_CII": "4772", "DESC_CIIU": "COMERCIO AL POR MENOR DE TODO TIPO DE CALZADO Y ART?CULOS DE CUER", "TAMANO957": "MICRO", "CIUDAD": "Cali", "COMUNA": "Comuna 09", "BARRIO": "Barrio Obrero", "DIRECCION_": "-CR 11 D  22   30", "TIPO_REGIS": "MERCANTIL", "PERSONAL_O": "0.0", "NUMERO_DE_": "0", "NUMERO_DE1": "0", "INGRESOS_A": null, "X": "-76.52095919022854", "Y": "3.446922026027436", "Id": 0, "area": 136572.15568900001 }, "geometry": { "type": "Point", "coordinates": [ -76.520959190228538, 3.446922026027436 ] } },
{ "type": "Feature", "properties": { "NUM_INSCRI": "713004", "Mes_Dia_An": "22 de mayo de 2007", "Mes_Dia_A1": "29 de marzo de 2025", "CATEGORIA": "PERSONA JURIDICA", "NOMBRE_SEC": "COMERCIO AL POR MAYOR Y AL POR MENOR; REPARACI?N DE VEH?CULOS AUTOMOTORES Y MOTOCICLETAS", "CODIGO_CII": "4773", "DESC_CIIU": "COMERCIO AL POR MENOR DE PRODUCTOS FARMAC?UTICOS Y MEDICINALES, C", "TAMANO957": "MICRO", "CIUDAD": "Cali", "COMUNA": "Comuna 09", "BARRIO": "Barrio Obrero", "DIRECCION_": "-CARRERA 11B # 24 - 35", "TIPO_REGIS": "MERCANTIL", "PERSONAL_O": "1.0", "NUMERO_DE_": "1", "NUMERO_DE1": "0", "INGRESOS_A": "1359983476.0", "X": "-76.51869135687426", "Y": "3.448740645230849", "Id": 0, "area": 136572.15568900001 }, "geometry": { "type": "Point", "coordinates": [ -76.518691356874257, 3.448740645230849 ] } },
{ "type": "Feature", "properties": { "NUM_INSCRI": "750439", "Mes_Dia_An": "9 de octubre de 2008", "Mes_Dia_A1": "2 de julio de 2025", "CATEGORIA": "PERSONA JURIDICA", "NOMBRE_SEC": "COMERCIO AL POR MAYOR Y AL POR MENOR; REPARACI?N DE VEH?CULOS AUTOMOTORES Y MOTOCICLETAS", "CODIGO_CII": "4773", "DESC_CIIU": "COMERCIO AL POR MENOR DE PRODUCTOS FARMACEUTICOS, MEDICINALES Y O", "TAMANO957": "MICRO", "CIUDAD": "Cali", "COMUNA": "Comuna 09", "BARRIO": "Barrio Obrero", "DIRECCION_": "-KR 11 B # 22 A - 02", "TIPO_REGIS": "MERCANTIL", "PERSONAL_O": "7.0", "NUMERO_DE_": "6", "NUMERO_DE1": "1", "INGRESOS_A": "1752715952.0", "X": "-76.52059831735123", "Y": "3.44797286528486", "Id": 0, "area": 136572.15568900001 }, "geometry": { "type": "Point", "coordinates": [ -76.520598317351229, 3.44797286528486 ] } },
{ "type": "Feature", "properties": { "NUM_INSCRI": "1112083", "Mes_Dia_An": "12 de marzo de 2021", "Mes_Dia_A1": "27 de marzo de 2025", "CATEGORIA": "PERSONA NATURAL", "NOMBRE_SEC": "COMERCIO AL POR MAYOR Y AL POR MENOR; REPARACI?N DE VEH?CULOS AUTOMOTORES Y MOTOCICLETAS", "CODIGO_CII": "4773", "DESC_CIIU": "COMERCIO AL POR MENOR DE PRODUCTOS FARMAC?UTICOS Y MEDICINALES, C", "TAMANO957": "MICRO", "CIUDAD": "Cali", "COMUNA": "Comuna 09", "BARRIO": "Barrio Obrero", "DIRECCION_": "-CL 23 # 9 - 63", "TIPO_REGIS": "MERCANTIL", "PERSONAL_O": "2.0", "NUMERO_DE_": "0", "NUMERO_DE1": "2", "INGRESOS_A": "0.0", "X": "-76.52011235225223", "Y": "3.450177637830236", "Id": 0, "area": 136572.15568900001 }, "geometry": { "type": "Point", "coordinates": [ -76.520112352252227, 3.450177637830236 ] } },
{ "type": "Feature", "properties": { "NUM_INSCRI": "1142875", "Mes_Dia_An": "17 de febrero de 2022", "Mes_Dia_A1": "4 de abril de 2025", "CATEGORIA": "PERSONA NATURAL", "NOMBRE_SEC": "COMERCIO AL POR MAYOR Y AL POR MENOR; REPARACI?N DE VEH?CULOS AUTOMOTORES Y MOTOCICLETAS", "CODIGO_CII": "4773", "DESC_CIIU": "COMERCIO AL POR MENOR DE PRODUCTOS FARMAC?UTICOS Y MEDICINALES, C", "TAMANO957": "MICRO", "CIUDAD": "Cali", "COMUNA": "Comuna 09", "BARRIO": "Barrio Obrero", "DIRECCION_": "-CALLE 22 A # 11 B - 36", "TIPO_REGIS": "MERCANTIL", "PERSONAL_O": "1.0", "NUMERO_DE_": "0", "NUMERO_DE1": "1", "INGRESOS_A": "0.0", "X": "-76.5209186935144", "Y": "3.447584904802977", "Id": 0, "area": 136572.15568900001 }, "geometry": { "type": "Point", "coordinates": [ -76.520918693514403, 3.447584904802977 ] } },
{ "type": "Feature", "properties": { "NUM_INSCRI": "1165078", "Mes_Dia_An": "14 de septiembre de 2022", "Mes_Dia_A1": "21 de marzo de 2025", "CATEGORIA": "PERSONA NATURAL", "NOMBRE_SEC": "COMERCIO AL POR MAYOR Y AL POR MENOR; REPARACI?N DE VEH?CULOS AUTOMOTORES Y MOTOCICLETAS", "CODIGO_CII": "4773", "DESC_CIIU": "COMERCIO AL POR MENOR DE PRODUCTOS FARMAC?UTICOS Y MEDICINALES, C", "TAMANO957": "MICRO", "CIUDAD": "Cali", "COMUNA": "Comuna 09", "BARRIO": "Barrio Obrero", "DIRECCION_": "-CR 11 B  22 A   02", "TIPO_REGIS": "MERCANTIL", "PERSONAL_O": "2.0", "NUMERO_DE_": "0", "NUMERO_DE1": "2", "INGRESOS_A": "432887043.0", "X": "-76.52059831735123", "Y": "3.44797286528486", "Id": 0, "area": 136572.15568900001 }, "geometry": { "type": "Point", "coordinates": [ -76.520598317351229, 3.44797286528486 ] } },
{ "type": "Feature", "properties": { "NUM_INSCRI": "1195993", "Mes_Dia_An": "16 de agosto de 2023", "Mes_Dia_A1": "31 de marzo de 2025", "CATEGORIA": "PERSONA NATURAL", "NOMBRE_SEC": "COMERCIO AL POR MAYOR Y AL POR MENOR; REPARACI?N DE VEH?CULOS AUTOMOTORES Y MOTOCICLETAS", "CODIGO_CII": "4773", "DESC_CIIU": "COMERCIO AL POR MENOR DE PRODUCTOS FARMAC?UTICOS Y MEDICINALES, C", "TAMANO957": "MICRO", "CIUDAD": "Cali", "COMUNA": "Comuna 09", "BARRIO": "Barrio Obrero", "DIRECCION_": "-CLL 22 A # 11 D - 36", "TIPO_REGIS": "MERCANTIL", "PERSONAL_O": "1.0", "NUMERO_DE_": "1", "NUMERO_DE1": "0", "INGRESOS_A": "0.0", "X": "-76.52068021114836", "Y": "3.446780045248911", "Id": 0, "area": 136572.15568900001 }, "geometry": { "type": "Point", "coordinates": [ -76.52068021114836, 3.446780045248911 ] } },
{ "type": "Feature", "properties": { "NUM_INSCRI": "1211555", "Mes_Dia_An": "21 de febrero de 2024", "Mes_Dia_A1": "28 de marzo de 2025", "CATEGORIA": "PERSONA NATURAL", "NOMBRE_SEC": "COMERCIO AL POR MAYOR Y AL POR MENOR; REPARACI?N DE VEH?CULOS AUTOMOTORES Y MOTOCICLETAS", "CODIGO_CII": "4773", "DESC_CIIU": "COMERCIO AL POR MENOR DE PRODUCTOS FARMAC?UTICOS Y MEDICINALES, C", "TAMANO957": "MICRO", "CIUDAD": "Cali", "COMUNA": "Comuna 09", "BARRIO": "Barrio Obrero", "DIRECCION_": "-CL 22 A  8 A 54", "TIPO_REGIS": "MERCANTIL", "PERSONAL_O": "0.0", "NUMERO_DE_": "0", "NUMERO_DE1": "0", "INGRESOS_A": "0.0", "X": "-76.52152165195409", "Y": "3.450851368204524", "Id": 0, "area": 136572.15568900001 }, "geometry": { "type": "Point", "coordinates": [ -76.521521651954089, 3.450851368204524 ] } },
{ "type": "Feature", "properties": { "NUM_INSCRI": "338673", "Mes_Dia_An": "13 de abril de 1993", "Mes_Dia_A1": "13 de marzo de 2025", "CATEGORIA": "PERSONA JURIDICA", "NOMBRE_SEC": "COMERCIO AL POR MAYOR Y AL POR MENOR; REPARACI?N DE VEH?CULOS AUTOMOTORES Y MOTOCICLETAS", "CODIGO_CII": "4774", "DESC_CIIU": "COMERCIO AL POR MENOR DE OTROS PRODUCTOS NUEVOS EN ESTABLECIMIENT", "TAMANO957": "MEDIANA", "CIUDAD": "Cali", "COMUNA": "Comuna 09", "BARRIO": "Barrio Obrero", "DIRECCION_": "-KR 12 # 22 A - 34", "TIPO_REGIS": "MERCANTIL", "PERSONAL_O": "28.0", "NUMERO_DE_": "15", "NUMERO_DE1": "13", "INGRESOS_A": "7839580463.0", "X": "-76.51998996329307", "Y": "3.446379423944789", "Id": 0, "area": 136572.15568900001 }, "geometry": { "type": "Point", "coordinates": [ -76.519989963293071, 3.446379423944789 ] } },
{ "type": "Feature", "properties": { "NUM_INSCRI": "349999", "Mes_Dia_An": "1 de septiembre de 1993", "Mes_Dia_A1": "19 de marzo de 2025", "CATEGORIA": "PERSONA NATURAL", "NOMBRE_SEC": "COMERCIO AL POR MAYOR Y AL POR MENOR; REPARACI?N DE VEH?CULOS AUTOMOTORES Y MOTOCICLETAS", "CODIGO_CII": "4774", "DESC_CIIU": "COMERCIO AL POR MENOR DE OTROS PRODUCTOS NUEVOS EN ESTABLECIMIENT", "TAMANO957": "MICRO", "CIUDAD": "Cali", "COMUNA": "Comuna 09", "BARRIO": "Barrio Obrero", "DIRECCION_": "-CR 9 24 22", "TIPO_REGIS": "MERCANTIL", "PERSONAL_O": "1.0", "NUMERO_DE_": "1", "NUMERO_DE1": "0", "INGRESOS_A": "0.0", "X": "-76.51932490770713", "Y": "3.450922810470994", "Id": 0, "area": 136572.15568900001 }, "geometry": { "type": "Point", "coordinates": [ -76.51932490770713, 3.450922810470994 ] } },
{ "type": "Feature", "properties": { "NUM_INSCRI": "479577", "Mes_Dia_An": "2 de septiembre de 2009", "Mes_Dia_A1": "18 de febrero de 2025", "CATEGORIA": "PERSONA NATURAL", "NOMBRE_SEC": "COMERCIO AL POR MAYOR Y AL POR MENOR; REPARACI?N DE VEH?CULOS AUTOMOTORES Y MOTOCICLETAS", "CODIGO_CII": "4774", "DESC_CIIU": "COMERCIO AL POR MENOR DE OTROS PRODUCTOS NUEVOS EN ESTABLECIMIENT", "TAMANO957": "MICRO", "CIUDAD": "Cali", "COMUNA": "Comuna 09", "BARRIO": "Barrio Obrero", "DIRECCION_": "-KR 9 # 21 - 77", "TIPO_REGIS": "MERCANTIL", "PERSONAL_O": "2.0", "NUMERO_DE_": "2", "NUMERO_DE1": "0", "INGRESOS_A": "0.0", "X": "-76.52222630130275", "Y": "3.450471545866182", "Id": 0, "area": 136572.15568900001 }, "geometry": { "type": "Point", "coordinates": [ -76.522226301302751, 3.450471545866182 ] } },
{ "type": "Feature", "properties": { "NUM_INSCRI": "828620", "Mes_Dia_An": "26 de septiembre de 2011", "Mes_Dia_A1": "19 de mayo de 2025", "CATEGORIA": "PERSONA JURIDICA", "NOMBRE_SEC": "COMERCIO AL POR MAYOR Y AL POR MENOR; REPARACI?N DE VEH?CULOS AUTOMOTORES Y MOTOCICLETAS", "CODIGO_CII": "4774", "DESC_CIIU": "COMERCIO AL POR MENOR DE OTROS PRODUCTOS NUEVOS EN ESTABLECIMIENT", "TAMANO957": "MICRO", "CIUDAD": "Cali", "COMUNA": "Comuna 09", "BARRIO": "Barrio Obrero", "DIRECCION_": "-CL 23 # 12 - 52", "TIPO_REGIS": "MERCANTIL", "PERSONAL_O": "7.0", "NUMERO_DE_": "7", "NUMERO_DE1": "0", "INGRESOS_A": "675869000.0", "X": "-76.51953729793918", "Y": "3.445989654461592", "Id": 0, "area": 136572.15568900001 }, "geometry": { "type": "Point", "coordinates": [ -76.519537297939181, 3.445989654461592 ] } },
{ "type": "Feature", "properties": { "NUM_INSCRI": "1077271", "Mes_Dia_An": "18 de febrero de 2020", "Mes_Dia_A1": "13 de junio de 2024", "CATEGORIA": "PERSONA JURIDICA", "NOMBRE_SEC": "COMERCIO AL POR MAYOR Y AL POR MENOR; REPARACI?N DE VEH?CULOS AUTOMOTORES Y MOTOCICLETAS", "CODIGO_CII": "4774", "DESC_CIIU": "COMERCIO AL POR MENOR DE OTROS PRODUCTOS NUEVOS EN ESTABLECIMIENT", "TAMANO957": "MICRO", "CIUDAD": "Cali", "COMUNA": "Comuna 09", "BARRIO": "Barrio Obrero", "DIRECCION_": "-KR 14 # 22 - 50", "TIPO_REGIS": "MERCANTIL", "PERSONAL_O": "9.0", "NUMERO_DE_": "8", "NUMERO_DE1": "1", "INGRESOS_A": null, "X": "-76.52025454376475", "Y": "3.444891790238901", "Id": 0, "area": 136572.15568900001 }, "geometry": { "type": "Point", "coordinates": [ -76.52025454376475, 3.444891790238901 ] } },
{ "type": "Feature", "properties": { "NUM_INSCRI": "1148437", "Mes_Dia_An": "1 de abril de 2022", "Mes_Dia_A1": "4 de marzo de 2024", "CATEGORIA": "PERSONA NATURAL", "NOMBRE_SEC": "COMERCIO AL POR MAYOR Y AL POR MENOR; REPARACI?N DE VEH?CULOS AUTOMOTORES Y MOTOCICLETAS", "CODIGO_CII": "4774", "DESC_CIIU": "COMERCIO AL POR MENOR DE OTROS PRODUCTOS NUEVOS EN ESTABLECIMIENT", "TAMANO957": "MICRO", "CIUDAD": "Cali", "COMUNA": "Comuna 09", "BARRIO": "Barrio Obrero", "DIRECCION_": "-KR 15 # 22 A 63", "TIPO_REGIS": "MERCANTIL", "PERSONAL_O": "1.0", "NUMERO_DE_": "1", "NUMERO_DE1": "0", "INGRESOS_A": null, "X": "-76.5194167085443", "Y": "3.444787790877861", "Id": 0, "area": 136572.15568900001 }, "geometry": { "type": "Point", "coordinates": [ -76.519416708544298, 3.444787790877861 ] } },
{ "type": "Feature", "properties": { "NUM_INSCRI": "163687", "Mes_Dia_An": "4 de marzo de 2002", "Mes_Dia_A1": "28 de marzo de 2025", "CATEGORIA": "PERSONA NATURAL", "NOMBRE_SEC": "COMERCIO AL POR MAYOR Y AL POR MENOR; REPARACI?N DE VEH?CULOS AUTOMOTORES Y MOTOCICLETAS", "CODIGO_CII": "4775", "DESC_CIIU": "COMERCIO AL POR MENOR DE ART?CULOS DE SEGUNDA MANO", "TAMANO957": "MICRO", "CIUDAD": "Cali", "COMUNA": "Comuna 09", "BARRIO": "Barrio Obrero", "DIRECCION_": "-KR 11 # 22 - 66", "TIPO_REGIS": "MERCANTIL", "PERSONAL_O": "0.0", "NUMERO_DE_": "0", "NUMERO_DE1": "0", "INGRESOS_A": "71625000.0", "X": "-76.52107528250454", "Y": "3.448767777037533", "Id": 0, "area": 136572.15568900001 }, "geometry": { "type": "Point", "coordinates": [ -76.52107528250454, 3.448767777037533 ] } },
{ "type": "Feature", "properties": { "NUM_INSCRI": "734795", "Mes_Dia_An": "27 de marzo de 2008", "Mes_Dia_A1": "22 de enero de 2024", "CATEGORIA": "PERSONA NATURAL", "NOMBRE_SEC": "COMERCIO AL POR MAYOR Y AL POR MENOR; REPARACI?N DE VEH?CULOS AUTOMOTORES Y MOTOCICLETAS", "CODIGO_CII": "4789", "DESC_CIIU": "OTROS TIPOS DE COMERCIO AL POR MENOR NO REALIZADO EN ESTABLECIMIE", "TAMANO957": "MICRO", "CIUDAD": "Cali", "COMUNA": "Comuna 09", "BARRIO": "Barrio Obrero", "DIRECCION_": "-CL 24 # 11 B - 24", "TIPO_REGIS": "MERCANTIL", "PERSONAL_O": "0.0", "NUMERO_DE_": "0", "NUMERO_DE1": "0", "INGRESOS_A": null, "X": "-76.51909182853423", "Y": "3.44811936667853", "Id": 0, "area": 136572.15568900001 }, "geometry": { "type": "Point", "coordinates": [ -76.519091828534229, 3.44811936667853 ] } },
{ "type": "Feature", "properties": { "NUM_INSCRI": "1107889", "Mes_Dia_An": "9 de febrero de 2021", "Mes_Dia_A1": "27 de marzo de 2025", "CATEGORIA": "PERSONA NATURAL", "NOMBRE_SEC": "COMERCIO AL POR MAYOR Y AL POR MENOR; REPARACI?N DE VEH?CULOS AUTOMOTORES Y MOTOCICLETAS", "CODIGO_CII": "4791", "DESC_CIIU": "COMERCIO AL POR MENOR REALIZADO A TRAV?S DE INTERNET", "TAMANO957": "MICRO", "CIUDAD": "Cali", "COMUNA": "Comuna 09", "BARRIO": "Barrio Obrero", "DIRECCION_": "-KR 11 D # 22 A - 19", "TIPO_REGIS": "MERCANTIL", "PERSONAL_O": "0.0", "NUMERO_DE_": "0", "NUMERO_DE1": "0", "INGRESOS_A": "0.0", "X": "-76.52037693382027", "Y": "3.447470958435337", "Id": 0, "area": 136572.15568900001 }, "geometry": { "type": "Point", "coordinates": [ -76.520376933820273, 3.447470958435337 ] } },
{ "type": "Feature", "properties": { "NUM_INSCRI": "1126324", "Mes_Dia_An": "19 de agosto de 2021", "Mes_Dia_A1": "22 de julio de 2025", "CATEGORIA": "PERSONA NATURAL", "NOMBRE_SEC": "COMERCIO AL POR MAYOR Y AL POR MENOR; REPARACI?N DE VEH?CULOS AUTOMOTORES Y MOTOCICLETAS", "CODIGO_CII": "4791", "DESC_CIIU": "COMERCIO AL POR MENOR REALIZADO A TRAV?S DE INTERNET", "TAMANO957": "MICRO", "CIUDAD": "Cali", "COMUNA": "Comuna 09", "BARRIO": "Barrio Obrero", "DIRECCION_": "-CR 9  23   30", "TIPO_REGIS": "MERCANTIL", "PERSONAL_O": "0.0", "NUMERO_DE_": "0", "NUMERO_DE1": "0", "INGRESOS_A": "0.0", "X": "-76.52001515898155", "Y": "3.450587302251451", "Id": 0, "area": 136572.15568900001 }, "geometry": { "type": "Point", "coordinates": [ -76.52001515898155, 3.450587302251451 ] } },
{ "type": "Feature", "properties": { "NUM_INSCRI": "1144953", "Mes_Dia_An": "7 de marzo de 2022", "Mes_Dia_A1": "28 de marzo de 2025", "CATEGORIA": "PERSONA NATURAL", "NOMBRE_SEC": "COMERCIO AL POR MAYOR Y AL POR MENOR; REPARACI?N DE VEH?CULOS AUTOMOTORES Y MOTOCICLETAS", "CODIGO_CII": "4791", "DESC_CIIU": "COMERCIO AL POR MENOR REALIZADO A TRAV?S DE INTERNET", "TAMANO957": "MICRO", "CIUDAD": "Cali", "COMUNA": "Comuna 09", "BARRIO": "Barrio Obrero", "DIRECCION_": "-CL 22 A # 8 A - 45", "TIPO_REGIS": "MERCANTIL", "PERSONAL_O": "0.0", "NUMERO_DE_": "0", "NUMERO_DE1": "0", "INGRESOS_A": "0.0", "X": "-76.52125977064966", "Y": "3.451011436006941", "Id": 0, "area": 136572.15568900001 }, "geometry": { "type": "Point", "coordinates": [ -76.521259770649664, 3.451011436006941 ] } },
{ "type": "Feature", "properties": { "NUM_INSCRI": "1150863", "Mes_Dia_An": "27 de abril de 2022", "Mes_Dia_A1": "28 de abril de 2025", "CATEGORIA": "PERSONA NATURAL", "NOMBRE_SEC": "COMERCIO AL POR MAYOR Y AL POR MENOR; REPARACI?N DE VEH?CULOS AUTOMOTORES Y MOTOCICLETAS", "CODIGO_CII": "4791", "DESC_CIIU": "COMERCIO AL POR MENOR REALIZADO A TRAV?S DE INTERNET", "TAMANO957": "MICRO", "CIUDAD": "Cali", "COMUNA": "Comuna 09", "BARRIO": "Barrio Obrero", "DIRECCION_": "-CARRERA 8 # 22 A 20", "TIPO_REGIS": "MERCANTIL", "PERSONAL_O": "1.0", "NUMERO_DE_": "0", "NUMERO_DE1": "1", "INGRESOS_A": "0.0", "X": "-76.52133806599198", "Y": "3.452101161502338", "Id": 0, "area": 136572.15568900001 }, "geometry": { "type": "Point", "coordinates": [ -76.521338065991984, 3.452101161502338 ] } },
{ "type": "Feature", "properties": { "NUM_INSCRI": "1159740", "Mes_Dia_An": "28 de julio de 2022", "Mes_Dia_A1": "10 de marzo de 2025", "CATEGORIA": "PERSONA NATURAL", "NOMBRE_SEC": "COMERCIO AL POR MAYOR Y AL POR MENOR; REPARACI?N DE VEH?CULOS AUTOMOTORES Y MOTOCICLETAS", "CODIGO_CII": "4791", "DESC_CIIU": "COMERCIO AL POR MENOR REALIZADO A TRAV?S DE INTERNET", "TAMANO957": "MICRO", "CIUDAD": "Cali", "COMUNA": "Comuna 09", "BARRIO": "Barrio Obrero", "DIRECCION_": "-CR 8 A  23   45", "TIPO_REGIS": "MERCANTIL", "PERSONAL_O": "0.0", "NUMERO_DE_": "0", "NUMERO_DE1": "0", "INGRESOS_A": "0.0", "X": "-76.5201726472086", "Y": "3.451952850545119", "Id": 0, "area": 136572.15568900001 }, "geometry": { "type": "Point", "coordinates": [ -76.520172647208597, 3.451952850545119 ] } },
{ "type": "Feature", "properties": { "NUM_INSCRI": "1242036", "Mes_Dia_An": "27 de enero de 2025", "Mes_Dia_A1": "16 de mayo de 2024", "CATEGORIA": "PERSONA NATURAL", "NOMBRE_SEC": "COMERCIO AL POR MAYOR Y AL POR MENOR; REPARACI?N DE VEH?CULOS AUTOMOTORES Y MOTOCICLETAS", "CODIGO_CII": "4791", "DESC_CIIU": "COMERCIO AL POR MENOR REALIZADO A TRAV?S DE INTERNET", "TAMANO957": "MICRO", "CIUDAD": "Cali", "COMUNA": "Comuna 09", "BARRIO": "Barrio Obrero", "DIRECCION_": "-CARRERA 8 Nro. 22a-38", "TIPO_REGIS": "MERCANTIL", "PERSONAL_O": null, "NUMERO_DE_": "0", "NUMERO_DE1": "0", "INGRESOS_A": "0.0", "X": "-76.521200375593", "Y": "3.452120152672667", "Id": 0, "area": 136572.15568900001 }, "geometry": { "type": "Point", "coordinates": [ -76.521200375592997, 3.452120152672667 ] } },
{ "type": "Feature", "properties": { "NUM_INSCRI": "1262588", "Mes_Dia_An": "15 de agosto de 2025", "Mes_Dia_A1": "15 de agosto de 2025", "CATEGORIA": "PERSONA NATURAL", "NOMBRE_SEC": "COMERCIO AL POR MAYOR Y AL POR MENOR; REPARACI?N DE VEH?CULOS AUTOMOTORES Y MOTOCICLETAS", "CODIGO_CII": "4791", "DESC_CIIU": "COMERCIO AL POR MENOR REALIZADO A TRAV?S DE INTERNET", "TAMANO957": "MICRO", "CIUDAD": "Cali", "COMUNA": null, "BARRIO": null, "DIRECCION_": "-CL 23  13 A 36", "TIPO_REGIS": "MERCANTIL", "PERSONAL_O": "0.0", "NUMERO_DE_": "0", "NUMERO_DE1": "0", "INGRESOS_A": "0.0", "X": "-76.51952649952008", "Y": "3.445286984854322", "Id": 0, "area": 136572.15568900001 }, "geometry": { "type": "Point", "coordinates": [ -76.519526499520083, 3.445286984854322 ] } },
{ "type": "Feature", "properties": { "NUM_INSCRI": "1235547", "Mes_Dia_An": "23 de octubre de 2024", "Mes_Dia_A1": "10 de marzo de 2025", "CATEGORIA": "PERSONA JURIDICA", "NOMBRE_SEC": "COMERCIO AL POR MAYOR Y AL POR MENOR; REPARACI?N DE VEH?CULOS AUTOMOTORES Y MOTOCICLETAS", "CODIGO_CII": "4799", "DESC_CIIU": "OTROS TIPOS DE COMERCIO AL POR MENOR NO REALIZADO EN ESTABLECIMIE", "TAMANO957": "MICRO", "CIUDAD": "Cali", "COMUNA": "Comuna 09", "BARRIO": "Barrio Obrero", "DIRECCION_": "-CL 24  11   57", "TIPO_REGIS": "MERCANTIL", "PERSONAL_O": "0.0", "NUMERO_DE_": "0", "NUMERO_DE1": "0", "INGRESOS_A": "0.0", "X": "-76.51900813368724", "Y": "3.448749689169422", "Id": 0, "area": 136572.15568900001 }, "geometry": { "type": "Point", "coordinates": [ -76.519008133687237, 3.448749689169422 ] } },
{ "type": "Feature", "properties": { "NUM_INSCRI": "671449", "Mes_Dia_An": "19 de octubre de 2005", "Mes_Dia_A1": "28 de marzo de 2025", "CATEGORIA": "PERSONA JURIDICA", "NOMBRE_SEC": "TRANSPORTE Y ALMACENAMIENTO", "CODIGO_CII": "4923", "DESC_CIIU": "TRANSPORTE DE CARGA POR CARRETERA", "TAMANO957": "MICRO", "CIUDAD": "Cali", "COMUNA": "Comuna 09", "BARRIO": "Barrio Obrero", "DIRECCION_": "-CL 22 A # 14 - 24 PI 3", "TIPO_REGIS": "MERCANTIL", "PERSONAL_O": "0.0", "NUMERO_DE_": "0", "NUMERO_DE1": "0", "INGRESOS_A": "1.0", "X": "-76.52012495378865", "Y": "3.444840242996743", "Id": 0, "area": 136572.15568900001 }, "geometry": { "type": "Point", "coordinates": [ -76.520124953788653, 3.444840242996743 ] } },
{ "type": "Feature", "properties": { "NUM_INSCRI": "972193", "Mes_Dia_An": "21 de diciembre de 2016", "Mes_Dia_A1": "8 de mayo de 2025", "CATEGORIA": "PERSONA JURIDICA", "NOMBRE_SEC": "TRANSPORTE Y ALMACENAMIENTO", "CODIGO_CII": "4923", "DESC_CIIU": "TRANSPORTE DE CARGA POR CARRETERA", "TAMANO957": "MICRO", "CIUDAD": "Cali", "COMUNA": "Comuna 09", "BARRIO": "Barrio Obrero", "DIRECCION_": "-CLL 24 # 8 - 23", "TIPO_REGIS": "MERCANTIL", "PERSONAL_O": "1.0", "NUMERO_DE_": "0", "NUMERO_DE1": "1", "INGRESOS_A": "0.0", "X": "-76.51959128736307", "Y": "3.452366131930524", "Id": 0, "area": 136572.15568900001 }, "geometry": { "type": "Point", "coordinates": [ -76.51959128736307, 3.452366131930524 ] } },
{ "type": "Feature", "properties": { "NUM_INSCRI": "1162222", "Mes_Dia_An": "19 de agosto de 2022", "Mes_Dia_A1": "28 de marzo de 2025", "CATEGORIA": "PERSONA JURIDICA", "NOMBRE_SEC": "TRANSPORTE Y ALMACENAMIENTO", "CODIGO_CII": "4923", "DESC_CIIU": "TRANSPORTE DE CARGA POR CARRETERA", "TAMANO957": "MICRO", "CIUDAD": "Cali", "COMUNA": null, "BARRIO": null, "DIRECCION_": "-CL 22 A # 14 - 26", "TIPO_REGIS": "MERCANTIL", "PERSONAL_O": "3.0", "NUMERO_DE_": "2", "NUMERO_DE1": "1", "INGRESOS_A": "511510586.0", "X": "-76.52012045414405", "Y": "3.444823060597561", "Id": 0, "area": 136572.15568900001 }, "geometry": { "type": "Point", "coordinates": [ -76.520120454144049, 3.444823060597561 ] } },
{ "type": "Feature", "properties": { "NUM_INSCRI": "1228641", "Mes_Dia_An": "9 de agosto de 2024", "Mes_Dia_A1": "9 de agosto de 2024", "CATEGORIA": "PERSONA JURIDICA", "NOMBRE_SEC": "TRANSPORTE Y ALMACENAMIENTO", "CODIGO_CII": "4923", "DESC_CIIU": "TRANSPORTE DE CARGA POR CARRETERA", "TAMANO957": "MICRO", "CIUDAD": "Cali", "COMUNA": "Comuna 09", "BARRIO": "Barrio Obrero", "DIRECCION_": "-CR 14  22   53", "TIPO_REGIS": "MERCANTIL", "PERSONAL_O": "2.0", "NUMERO_DE_": "0", "NUMERO_DE1": "2", "INGRESOS_A": null, "X": "-76.5203319377181", "Y": "3.445200169070515", "Id": 0, "area": 136572.15568900001 }, "geometry": { "type": "Point", "coordinates": [ -76.520331937718097, 3.445200169070515 ] } },
{ "type": "Feature", "properties": { "NUM_INSCRI": "536906", "Mes_Dia_An": "29 de mayo de 2000", "Mes_Dia_A1": "5 de febrero de 2025", "CATEGORIA": "PERSONA NATURAL", "NOMBRE_SEC": "TRANSPORTE Y ALMACENAMIENTO", "CODIGO_CII": "5229", "DESC_CIIU": "OTRAS ACTIVIDADES COMPLEMENTARIAS AL TRANSPORTE", "TAMANO957": "MICRO", "CIUDAD": "Cali", "COMUNA": "Comuna 09", "BARRIO": "Barrio Obrero", "DIRECCION_": "-KR 9 # 22 - 80", "TIPO_REGIS": "MERCANTIL", "PERSONAL_O": "2.0", "NUMERO_DE_": "2", "NUMERO_DE1": "0", "INGRESOS_A": "0.0", "X": "-76.52132456563932", "Y": "3.450478781713366", "Id": 0, "area": 136572.15568900001 }, "geometry": { "type": "Point", "coordinates": [ -76.521324565639318, 3.450478781713366 ] } },
{ "type": "Feature", "properties": { "NUM_INSCRI": "1159989", "Mes_Dia_An": "29 de julio de 2022", "Mes_Dia_A1": "29 de marzo de 2025", "CATEGORIA": "PERSONA NATURAL", "NOMBRE_SEC": "TRANSPORTE Y ALMACENAMIENTO", "CODIGO_CII": "5310", "DESC_CIIU": "ACTIVIDADES POSTALES NACIONALES", "TAMANO957": "MICRO", "CIUDAD": "Cali", "COMUNA": "Comuna 09", "BARRIO": "Barrio Obrero", "DIRECCION_": "-CL 23 # 9 - 22", "TIPO_REGIS": "MERCANTIL", "PERSONAL_O": "0.0", "NUMERO_DE_": "0", "NUMERO_DE1": "0", "INGRESOS_A": "2000000.0", "X": "-76.52045432771219", "Y": "3.45051495547696", "Id": 0, "area": 136572.15568900001 }, "geometry": { "type": "Point", "coordinates": [ -76.520454327712187, 3.45051495547696 ] } },
{ "type": "Feature", "properties": { "NUM_INSCRI": "1238393", "Mes_Dia_An": "29 de noviembre de 2024", "Mes_Dia_A1": "21 de marzo de 2025", "CATEGORIA": "PERSONA NATURAL", "NOMBRE_SEC": "TRANSPORTE Y ALMACENAMIENTO", "CODIGO_CII": "5320", "DESC_CIIU": "ACTIVIDADES DE MENSAJER?A", "TAMANO957": "MICRO", "CIUDAD": "Cali", "COMUNA": "Comuna 13", "BARRIO": "El Poblado Ii", "DIRECCION_": "-CARRERA 14 # 22 - 09", "TIPO_REGIS": "MERCANTIL", "PERSONAL_O": "0.0", "NUMERO_DE_": "0", "NUMERO_DE1": "0", "INGRESOS_A": "0.0", "X": "-76.5207333068391", "Y": "3.445004832359383", "Id": 0, "area": 136572.15568900001 }, "geometry": { "type": "Point", "coordinates": [ -76.520733306839105, 3.445004832359383 ] } },
{ "type": "Feature", "properties": { "NUM_INSCRI": "767889", "Mes_Dia_An": "25 de junio de 2009", "Mes_Dia_A1": "26 de marzo de 2025", "CATEGORIA": "PERSONA NATURAL", "NOMBRE_SEC": "ALOJAMIENTO Y SERVICIOS DE COMIDA", "CODIGO_CII": "5511", "DESC_CIIU": "ALOJAMIENTO EN HOTELES", "TAMANO957": "MICRO", "CIUDAD": "Cali", "COMUNA": "Comuna 09", "BARRIO": "Barrio Obrero", "DIRECCION_": "-K 11         24      37", "TIPO_REGIS": "MERCANTIL", "PERSONAL_O": "4.0", "NUMERO_DE_": "4", "NUMERO_DE1": "0", "INGRESOS_A": "0.0", "X": "-76.51892713822193", "Y": "3.449562687642503", "Id": 0, "area": 136572.15568900001 }, "geometry": { "type": "Point", "coordinates": [ -76.518927138221926, 3.449562687642503 ] } },
{ "type": "Feature", "properties": { "NUM_INSCRI": "933965", "Mes_Dia_An": "18 de agosto de 2015", "Mes_Dia_A1": "13 de marzo de 2025", "CATEGORIA": "PERSONA NATURAL", "NOMBRE_SEC": "ALOJAMIENTO Y SERVICIOS DE COMIDA", "CODIGO_CII": "5511", "DESC_CIIU": "ALOJAMIENTO EN HOTELES", "TAMANO957": "MICRO", "CIUDAD": "Cali", "COMUNA": "Comuna 09", "BARRIO": "Barrio Obrero", "DIRECCION_": "-CL 22 A # 8 A - 24", "TIPO_REGIS": "MERCANTIL", "PERSONAL_O": "1.0", "NUMERO_DE_": "0", "NUMERO_DE1": "1", "INGRESOS_A": "67376958.0", "X": "-76.52157924812083", "Y": "3.451089208662973", "Id": 0, "area": 136572.15568900001 }, "geometry": { "type": "Point", "coordinates": [ -76.52157924812083, 3.451089208662973 ] } },
{ "type": "Feature", "properties": { "NUM_INSCRI": "1091068", "Mes_Dia_An": "19 de agosto de 2020", "Mes_Dia_A1": "28 de marzo de 2025", "CATEGORIA": "PERSONA NATURAL", "NOMBRE_SEC": "ALOJAMIENTO Y SERVICIOS DE COMIDA", "CODIGO_CII": "5511", "DESC_CIIU": "ALOJAMIENTO EN HOTELES", "TAMANO957": "MICRO", "CIUDAD": "Cali", "COMUNA": "Comuna 09", "BARRIO": "Barrio Obrero", "DIRECCION_": "-KR 12 # 21 - 10", "TIPO_REGIS": "MERCANTIL", "PERSONAL_O": "6.0", "NUMERO_DE_": "1", "NUMERO_DE1": "5", "INGRESOS_A": "125860000.0", "X": "-76.52160984012266", "Y": "3.445756335576722", "Id": 0, "area": 136572.15568900001 }, "geometry": { "type": "Point", "coordinates": [ -76.521609840122665, 3.445756335576722 ] } },
{ "type": "Feature", "properties": { "NUM_INSCRI": "653802", "Mes_Dia_An": "4 de marzo de 2005", "Mes_Dia_A1": "18 de marzo de 2025", "CATEGORIA": "PERSONA NATURAL", "NOMBRE_SEC": "ALOJAMIENTO Y SERVICIOS DE COMIDA", "CODIGO_CII": "5512", "DESC_CIIU": "ALOJAMIENTO EN APARTAHOTELES", "TAMANO957": "MICRO", "CIUDAD": "Cali", "COMUNA": "Comuna 09", "BARRIO": "Barrio Obrero", "DIRECCION_": "-CL 21 # 11 B - 57", "TIPO_REGIS": "MERCANTIL", "PERSONAL_O": "1.0", "NUMERO_DE_": "1", "NUMERO_DE1": "0", "INGRESOS_A": "0.0", "X": "-76.52187442186775", "Y": "3.44716077007775", "Id": 0, "area": 136572.15568900001 }, "geometry": { "type": "Point", "coordinates": [ -76.52187442186775, 3.44716077007775 ] } },
{ "type": "Feature", "properties": { "NUM_INSCRI": "1079220", "Mes_Dia_An": "3 de marzo de 2020", "Mes_Dia_A1": "14 de febrero de 2024", "CATEGORIA": "PERSONA NATURAL", "NOMBRE_SEC": "ALOJAMIENTO Y SERVICIOS DE COMIDA", "CODIGO_CII": "5512", "DESC_CIIU": "ALOJAMIENTO EN APARTAHOTELES", "TAMANO957": "MICRO", "CIUDAD": "Cali", "COMUNA": "Comuna 09", "BARRIO": "Barrio Obrero", "DIRECCION_": "-CL 22 A # 8 A - 66", "TIPO_REGIS": "MERCANTIL", "PERSONAL_O": "1.0", "NUMERO_DE_": "0", "NUMERO_DE1": "1", "INGRESOS_A": null, "X": "-76.52149015407377", "Y": "3.450732900144472", "Id": 0, "area": 136572.15568900001 }, "geometry": { "type": "Point", "coordinates": [ -76.521490154073774, 3.450732900144472 ] } },
{ "type": "Feature", "properties": { "NUM_INSCRI": "1109375", "Mes_Dia_An": "22 de febrero de 2021", "Mes_Dia_A1": "18 de marzo de 2024", "CATEGORIA": "PERSONA NATURAL", "NOMBRE_SEC": "ALOJAMIENTO Y SERVICIOS DE COMIDA", "CODIGO_CII": "5512", "DESC_CIIU": "ALOJAMIENTO EN APARTAHOTELES", "TAMANO957": "MICRO", "CIUDAD": "Cali", "COMUNA": "Comuna 09", "BARRIO": "Barrio Obrero", "DIRECCION_": "-KR 10 # 24 - 39", "TIPO_REGIS": "MERCANTIL", "PERSONAL_O": "0.0", "NUMERO_DE_": "0", "NUMERO_DE1": "0", "INGRESOS_A": null, "X": "-76.51906032722611", "Y": "3.450433563999812", "Id": 0, "area": 136572.15568900001 }, "geometry": { "type": "Point", "coordinates": [ -76.519060327226114, 3.450433563999812 ] } },
{ "type": "Feature", "properties": { "NUM_INSCRI": "1271768", "Mes_Dia_An": "26 de noviembre de 2025", "Mes_Dia_A1": "26 de noviembre de 2025", "CATEGORIA": "PERSONA NATURAL", "NOMBRE_SEC": "ALOJAMIENTO Y SERVICIOS DE COMIDA", "CODIGO_CII": "5512", "DESC_CIIU": "ALOJAMIENTO EN APARTAHOTELES", "TAMANO957": "MICRO", "CIUDAD": "Cali", "COMUNA": "Comuna 09", "BARRIO": "Barrio Obrero", "DIRECCION_": "-CR 10  24   31", "TIPO_REGIS": "MERCANTIL", "PERSONAL_O": "0.0", "NUMERO_DE_": "0", "NUMERO_DE1": "0", "INGRESOS_A": "0.0", "X": "-76.51911162379494", "Y": "3.450281635533676", "Id": 0, "area": 136572.15568900001 }, "geometry": { "type": "Point", "coordinates": [ -76.519111623794942, 3.450281635533676 ] } },
{ "type": "Feature", "properties": { "NUM_INSCRI": "1182608", "Mes_Dia_An": "28 de marzo de 2023", "Mes_Dia_A1": "2 de abril de 2024", "CATEGORIA": "PERSONA NATURAL", "NOMBRE_SEC": "ALOJAMIENTO Y SERVICIOS DE COMIDA", "CODIGO_CII": "5519", "DESC_CIIU": "OTROS TIPOS DE ALOJAMIENTO PARA VISITANTES", "TAMANO957": "MICRO", "CIUDAD": "Cali", "COMUNA": "Comuna 09", "BARRIO": "Barrio Obrero", "DIRECCION_": "-KR 15 # 21 - 13", "TIPO_REGIS": "MERCANTIL", "PERSONAL_O": "0.0", "NUMERO_DE_": "0", "NUMERO_DE1": "0", "INGRESOS_A": null, "X": "-76.52117607218261", "Y": "3.44416018170421", "Id": 0, "area": 136572.15568900001 }, "geometry": { "type": "Point", "coordinates": [ -76.521176072182612, 3.44416018170421 ] } },
{ "type": "Feature", "properties": { "NUM_INSCRI": "1184190", "Mes_Dia_An": "11 de abril de 2023", "Mes_Dia_A1": "14 de marzo de 2024", "CATEGORIA": "PERSONA NATURAL", "NOMBRE_SEC": "ALOJAMIENTO Y SERVICIOS DE COMIDA", "CODIGO_CII": "5519", "DESC_CIIU": "OTROS TIPOS DE ALOJAMIENTO PARA VISITANTES", "TAMANO957": "MICRO", "CIUDAD": "Cali", "COMUNA": "Comuna 09", "BARRIO": "Barrio Obrero", "DIRECCION_": "-CL 24  9   15", "TIPO_REGIS": "MERCANTIL", "PERSONAL_O": "0.0", "NUMERO_DE_": "0", "NUMERO_DE1": "0", "INGRESOS_A": null, "X": "-76.51945629853883", "Y": "3.450798916522859", "Id": 0, "area": 136572.15568900001 }, "geometry": { "type": "Point", "coordinates": [ -76.519456298538827, 3.450798916522859 ] } },
{ "type": "Feature", "properties": { "NUM_INSCRI": "1214466", "Mes_Dia_An": "14 de marzo de 2024", "Mes_Dia_A1": "17 de octubre de 2025", "CATEGORIA": "PERSONA NATURAL", "NOMBRE_SEC": "ALOJAMIENTO Y SERVICIOS DE COMIDA", "CODIGO_CII": "5519", "DESC_CIIU": "OTROS TIPOS DE ALOJAMIENTO PARA VISITANTES", "TAMANO957": "MICRO", "CIUDAD": "Cali", "COMUNA": "Comuna 09", "BARRIO": "Barrio Obrero", "DIRECCION_": "-CL 24  9   15", "TIPO_REGIS": "MERCANTIL", "PERSONAL_O": "1.0", "NUMERO_DE_": "1", "NUMERO_DE1": "0", "INGRESOS_A": "0.0", "X": "-76.51945629853883", "Y": "3.450798916522859", "Id": 0, "area": 136572.15568900001 }, "geometry": { "type": "Point", "coordinates": [ -76.519456298538827, 3.450798916522859 ] } },
{ "type": "Feature", "properties": { "NUM_INSCRI": "460772", "Mes_Dia_An": "16 de junio de 1997", "Mes_Dia_A1": "10 de marzo de 2025", "CATEGORIA": "PERSONA NATURAL", "NOMBRE_SEC": "ALOJAMIENTO Y SERVICIOS DE COMIDA", "CODIGO_CII": "5530", "DESC_CIIU": "SERVICIO POR HORAS", "TAMANO957": "MICRO", "CIUDAD": "Cali", "COMUNA": "Comuna 03", "BARRIO": "San Nicolas", "DIRECCION_": "-CL 25 # 8 A - 74", "TIPO_REGIS": "MERCANTIL", "PERSONAL_O": "3.0", "NUMERO_DE_": "0", "NUMERO_DE1": "3", "INGRESOS_A": "242691000.0", "X": "-76.51881914289264", "Y": "3.451283639966402", "Id": 0, "area": 136572.15568900001 }, "geometry": { "type": "Point", "coordinates": [ -76.518819142892639, 3.451283639966402 ] } },
{ "type": "Feature", "properties": { "NUM_INSCRI": "769618", "Mes_Dia_An": "16 de julio de 2009", "Mes_Dia_A1": "4 de marzo de 2025", "CATEGORIA": "PERSONA NATURAL", "NOMBRE_SEC": "ALOJAMIENTO Y SERVICIOS DE COMIDA", "CODIGO_CII": "5530", "DESC_CIIU": "SERVICIO POR HORAS", "TAMANO957": "MICRO", "CIUDAD": "Cali", "COMUNA": "Comuna 09", "BARRIO": "Barrio Obrero", "DIRECCION_": "-CL 21 # 11 B - 37", "TIPO_REGIS": "MERCANTIL", "PERSONAL_O": "0.0", "NUMERO_DE_": "0", "NUMERO_DE1": "0", "INGRESOS_A": "0.0", "X": "-76.521869022474", "Y": "3.447309081294712", "Id": 0, "area": 136572.15568900001 }, "geometry": { "type": "Point", "coordinates": [ -76.521869022473993, 3.447309081294712 ] } },
{ "type": "Feature", "properties": { "NUM_INSCRI": "821926", "Mes_Dia_An": "5 de julio de 2011", "Mes_Dia_A1": "31 de octubre de 2025", "CATEGORIA": "PERSONA NATURAL", "NOMBRE_SEC": "ALOJAMIENTO Y SERVICIOS DE COMIDA", "CODIGO_CII": "5530", "DESC_CIIU": "SERVICIO POR HORAS", "TAMANO957": "MICRO", "CIUDAD": "Cali", "COMUNA": "Comuna 09", "BARRIO": "Barrio Obrero", "DIRECCION_": "-CRA. 11 NO. 24 48", "TIPO_REGIS": "MERCANTIL", "PERSONAL_O": "2.0", "NUMERO_DE_": "2", "NUMERO_DE1": "0", "INGRESOS_A": "0.0", "X": "-76.51865985841965", "Y": "3.449122275217896", "Id": 0, "area": 136572.15568900001 }, "geometry": { "type": "Point", "coordinates": [ -76.518659858419653, 3.449122275217896 ] } },
{ "type": "Feature", "properties": { "NUM_INSCRI": "985159", "Mes_Dia_An": "4 de mayo de 2017", "Mes_Dia_A1": "4 de marzo de 2025", "CATEGORIA": "PERSONA NATURAL", "NOMBRE_SEC": "ALOJAMIENTO Y SERVICIOS DE COMIDA", "CODIGO_CII": "5530", "DESC_CIIU": "SERVICIO POR HORAS", "TAMANO957": "MICRO", "CIUDAD": "Cali", "COMUNA": "Comuna 09", "BARRIO": "Barrio Obrero", "DIRECCION_": "-KR 10 # 21 - 17", "TIPO_REGIS": "MERCANTIL", "PERSONAL_O": "1.0", "NUMERO_DE_": "1", "NUMERO_DE1": "0", "INGRESOS_A": "2000000.0", "X": "-76.52250167973402", "Y": "3.449522896259109", "Id": 0, "area": 136572.15568900001 }, "geometry": { "type": "Point", "coordinates": [ -76.52250167973402, 3.449522896259109 ] } },
{ "type": "Feature", "properties": { "NUM_INSCRI": "988944", "Mes_Dia_An": "16 de junio de 2017", "Mes_Dia_A1": "4 de abril de 2025", "CATEGORIA": "PERSONA NATURAL", "NOMBRE_SEC": "ALOJAMIENTO Y SERVICIOS DE COMIDA", "CODIGO_CII": "5530", "DESC_CIIU": "SERVICIO POR HORAS", "TAMANO957": "MICRO", "CIUDAD": "Cali", "COMUNA": "Comuna 09", "BARRIO": "Barrio Obrero", "DIRECCION_": "-KR 11 # 24 - 53", "TIPO_REGIS": "MERCANTIL", "PERSONAL_O": "1.0", "NUMERO_DE_": "0", "NUMERO_DE1": "1", "INGRESOS_A": "0.0", "X": "-76.51873185248472", "Y": "3.449486723010996", "Id": 0, "area": 136572.15568900001 }, "geometry": { "type": "Point", "coordinates": [ -76.51873185248472, 3.449486723010996 ] } },
{ "type": "Feature", "properties": { "NUM_INSCRI": "1091152", "Mes_Dia_An": "19 de agosto de 2020", "Mes_Dia_A1": "17 de enero de 2025", "CATEGORIA": "PERSONA NATURAL", "NOMBRE_SEC": "ALOJAMIENTO Y SERVICIOS DE COMIDA", "CODIGO_CII": "5530", "DESC_CIIU": "SERVICIO POR HORAS", "TAMANO957": "MICRO", "CIUDAD": "Cali", "COMUNA": "Comuna 09", "BARRIO": "Barrio Obrero", "DIRECCION_": "-CL 25 # 9 - 36", "TIPO_REGIS": "MERCANTIL", "PERSONAL_O": "3.0", "NUMERO_DE_": "0", "NUMERO_DE1": "3", "INGRESOS_A": "71147000.0", "X": "-76.51871835097418", "Y": "3.450777211295837", "Id": 0, "area": 136572.15568900001 }, "geometry": { "type": "Point", "coordinates": [ -76.518718350974183, 3.450777211295837 ] } },
{ "type": "Feature", "properties": { "NUM_INSCRI": "1095366", "Mes_Dia_An": "23 de septiembre de 2020", "Mes_Dia_A1": "29 de marzo de 2025", "CATEGORIA": "PERSONA NATURAL", "NOMBRE_SEC": "ALOJAMIENTO Y SERVICIOS DE COMIDA", "CODIGO_CII": "5530", "DESC_CIIU": "SERVICIO POR HORAS", "TAMANO957": "MICRO", "CIUDAD": "Cali", "COMUNA": "Comuna 03", "BARRIO": "San Nicolas", "DIRECCION_": "-KR 8 # 22 A - 60", "TIPO_REGIS": "MERCANTIL", "PERSONAL_O": "0.0", "NUMERO_DE_": "0", "NUMERO_DE1": "0", "INGRESOS_A": "0.0", "X": "-76.52104018683976", "Y": "3.452310063442259", "Id": 0, "area": 136572.15568900001 }, "geometry": { "type": "Point", "coordinates": [ -76.521040186839755, 3.452310063442259 ] } },
{ "type": "Feature", "properties": { "NUM_INSCRI": "1204897", "Mes_Dia_An": "29 de noviembre de 2023", "Mes_Dia_A1": "19 de marzo de 2025", "CATEGORIA": "PERSONA NATURAL", "NOMBRE_SEC": "ALOJAMIENTO Y SERVICIOS DE COMIDA", "CODIGO_CII": "5530", "DESC_CIIU": "SERVICIO DE ESTANCIA POR HORAS", "TAMANO957": "MICRO", "CIUDAD": "Cali", "COMUNA": "Comuna 09", "BARRIO": "Barrio Obrero", "DIRECCION_": "-CR 10  21   35", "TIPO_REGIS": "MERCANTIL", "PERSONAL_O": "4.0", "NUMERO_DE_": "1", "NUMERO_DE1": "3", "INGRESOS_A": "129219500.0", "X": "-76.52234419119803", "Y": "3.449561783042071", "Id": 0, "area": 136572.15568900001 }, "geometry": { "type": "Point", "coordinates": [ -76.52234419119803, 3.449561783042071 ] } },
{ "type": "Feature", "properties": { "NUM_INSCRI": "1225696", "Mes_Dia_An": "10 de julio de 2024", "Mes_Dia_A1": "19 de marzo de 2025", "CATEGORIA": "PERSONA NATURAL", "NOMBRE_SEC": "ALOJAMIENTO Y SERVICIOS DE COMIDA", "CODIGO_CII": "5530", "DESC_CIIU": "SERVICIO DE ESTANCIA POR HORAS", "TAMANO957": "MICRO", "CIUDAD": "Cali", "COMUNA": "Comuna 09", "BARRIO": "Barrio Obrero", "DIRECCION_": "-CR 8 A  24   50", "TIPO_REGIS": "MERCANTIL", "PERSONAL_O": "1.0", "NUMERO_DE_": "1", "NUMERO_DE1": "0", "INGRESOS_A": "53764500.0", "X": "-76.51926281088622", "Y": "3.451821720933013", "Id": 0, "area": 136572.15568900001 }, "geometry": { "type": "Point", "coordinates": [ -76.519262810886218, 3.451821720933013 ] } },
{ "type": "Feature", "properties": { "NUM_INSCRI": "825572", "Mes_Dia_An": "19 de agosto de 2011", "Mes_Dia_A1": "1 de abril de 2024", "CATEGORIA": "PERSONA NATURAL", "NOMBRE_SEC": "ALOJAMIENTO Y SERVICIOS DE COMIDA", "CODIGO_CII": "5590", "DESC_CIIU": "OTROS TIPOS DE ALOJAMIENTO NCP", "TAMANO957": "MICRO", "CIUDAD": "Cali", "COMUNA": "Comuna 09", "BARRIO": "Barrio Obrero", "DIRECCION_": "-KR 10 # 24 - 40", "TIPO_REGIS": "MERCANTIL", "PERSONAL_O": "2.0", "NUMERO_DE_": "1", "NUMERO_DE1": "1", "INGRESOS_A": null, "X": "-76.5189622349723", "Y": "3.449988630238602", "Id": 0, "area": 136572.15568900001 }, "geometry": { "type": "Point", "coordinates": [ -76.518962234972307, 3.449988630238602 ] } },
{ "type": "Feature", "properties": { "NUM_INSCRI": "1091966", "Mes_Dia_An": "27 de agosto de 2020", "Mes_Dia_A1": "25 de marzo de 2025", "CATEGORIA": "PERSONA NATURAL", "NOMBRE_SEC": "ALOJAMIENTO Y SERVICIOS DE COMIDA", "CODIGO_CII": "5590", "DESC_CIIU": "OTROS TIPOS DE ALOJAMIENTO N.C.P.", "TAMANO957": "MICRO", "CIUDAD": "Cali", "COMUNA": "Comuna 09", "BARRIO": "Barrio Obrero", "DIRECCION_": "-CRA 10 # 24 81", "TIPO_REGIS": "MERCANTIL", "PERSONAL_O": "0.0", "NUMERO_DE_": "0", "NUMERO_DE1": "0", "INGRESOS_A": "0.0", "X": "-76.5186742548736", "Y": "3.450388346479842", "Id": 0, "area": 136572.15568900001 }, "geometry": { "type": "Point", "coordinates": [ -76.518674254873602, 3.450388346479842 ] } },
{ "type": "Feature", "properties": { "NUM_INSCRI": "1107465", "Mes_Dia_An": "5 de febrero de 2021", "Mes_Dia_A1": "12 de abril de 2024", "CATEGORIA": "PERSONA NATURAL", "NOMBRE_SEC": "ALOJAMIENTO Y SERVICIOS DE COMIDA", "CODIGO_CII": "5590", "DESC_CIIU": "OTROS TIPOS DE ALOJAMIENTO N.C.P.", "TAMANO957": "MICRO", "CIUDAD": "Cali", "COMUNA": "Comuna 09", "BARRIO": "Barrio Obrero", "DIRECCION_": "-CR 10   24   32", "TIPO_REGIS": "MERCANTIL", "PERSONAL_O": "1.0", "NUMERO_DE_": "0", "NUMERO_DE1": "1", "INGRESOS_A": null, "X": "-76.51897573422443", "Y": "3.449854788445677", "Id": 0, "area": 136572.15568900001 }, "geometry": { "type": "Point", "coordinates": [ -76.518975734224426, 3.449854788445677 ] } },
{ "type": "Feature", "properties": { "NUM_INSCRI": "1144516", "Mes_Dia_An": "3 de marzo de 2022", "Mes_Dia_A1": "20 de febrero de 2025", "CATEGORIA": "PERSONA NATURAL", "NOMBRE_SEC": "ALOJAMIENTO Y SERVICIOS DE COMIDA", "CODIGO_CII": "5590", "DESC_CIIU": "OTROS TIPOS DE ALOJAMIENTO N.C.P.", "TAMANO957": "MICRO", "CIUDAD": "Cali", "COMUNA": "Comuna 09", "BARRIO": "Barrio Obrero", "DIRECCION_": "-CALLE 22 A # 8 - 67", "TIPO_REGIS": "MERCANTIL", "PERSONAL_O": "0.0", "NUMERO_DE_": "0", "NUMERO_DE1": "0", "INGRESOS_A": "0.0", "X": "-76.5212768699096", "Y": "3.451640854243868", "Id": 0, "area": 136572.15568900001 }, "geometry": { "type": "Point", "coordinates": [ -76.521276869909599, 3.451640854243868 ] } },
{ "type": "Feature", "properties": { "NUM_INSCRI": "269635", "Mes_Dia_An": "13 de abril de 1992", "Mes_Dia_A1": "27 de marzo de 2025", "CATEGORIA": "PERSONA NATURAL", "NOMBRE_SEC": "ALOJAMIENTO Y SERVICIOS DE COMIDA", "CODIGO_CII": "5611", "DESC_CIIU": "EXPENDIO A LA MESA DE COMIDAS PREPARADAS, EN RESTAURANTES", "TAMANO957": "MICRO", "CIUDAD": "Cali", "COMUNA": "Comuna 09", "BARRIO": "Barrio Obrero", "DIRECCION_": "-KR 11 B # 23 - 37", "TIPO_REGIS": "MERCANTIL", "PERSONAL_O": "3.0", "NUMERO_DE_": "3", "NUMERO_DE1": "0", "INGRESOS_A": "0.0", "X": "-76.51954989427584", "Y": "3.448548022837558", "Id": 0, "area": 136572.15568900001 }, "geometry": { "type": "Point", "coordinates": [ -76.519549894275841, 3.448548022837558 ] } },
{ "type": "Feature", "properties": { "NUM_INSCRI": "509412", "Mes_Dia_An": "29 de abril de 1999", "Mes_Dia_A1": "27 de marzo de 2025", "CATEGORIA": "PERSONA NATURAL", "NOMBRE_SEC": "ALOJAMIENTO Y SERVICIOS DE COMIDA", "CODIGO_CII": "5611", "DESC_CIIU": "EXPENDIO A LA MESA DE COMIDAS PREPARADAS", "TAMANO957": "MICRO", "CIUDAD": "Cali", "COMUNA": "Comuna 09", "BARRIO": "Barrio Obrero", "DIRECCION_": "-CL 22 A # 11 - 20", "TIPO_REGIS": "MERCANTIL", "PERSONAL_O": "2.0", "NUMERO_DE_": "2", "NUMERO_DE1": "0", "INGRESOS_A": "0.0", "X": "-76.5209186939145", "Y": "3.44866016105208", "Id": 0, "area": 136572.15568900001 }, "geometry": { "type": "Point", "coordinates": [ -76.520918693914496, 3.44866016105208 ] } },
{ "type": "Feature", "properties": { "NUM_INSCRI": "604045", "Mes_Dia_An": "11 de febrero de 2010", "Mes_Dia_A1": "12 de enero de 2024", "CATEGORIA": "PERSONA NATURAL", "NOMBRE_SEC": "ALOJAMIENTO Y SERVICIOS DE COMIDA", "CODIGO_CII": "5611", "DESC_CIIU": "EXPENDIO A LA MESA DE COMIDAS PREPARADAS", "TAMANO957": "MICRO", "CIUDAD": "Cali", "COMUNA": "Comuna 09", "BARRIO": "Barrio Obrero", "DIRECCION_": "-CL 23 # 11B - 05 BARRIO OBRERO", "TIPO_REGIS": "MERCANTIL", "PERSONAL_O": "4.0", "NUMERO_DE_": "1", "NUMERO_DE1": "3", "INGRESOS_A": null, "X": "-76.5197604791338", "Y": "3.448184479717106", "Id": 0, "area": 136572.15568900001 }, "geometry": { "type": "Point", "coordinates": [ -76.519760479133794, 3.448184479717106 ] } },
{ "type": "Feature", "properties": { "NUM_INSCRI": "607713", "Mes_Dia_An": "30 de abril de 2003", "Mes_Dia_A1": "4 de abril de 2025", "CATEGORIA": "PERSONA NATURAL", "NOMBRE_SEC": "ALOJAMIENTO Y SERVICIOS DE COMIDA", "CODIGO_CII": "5611", "DESC_CIIU": "EXPENDIO A LA MESA DE COMIDAS PREPARADAS, EN RESTAURANTES", "TAMANO957": "MICRO", "CIUDAD": "Cali", "COMUNA": "Comuna 09", "BARRIO": "Barrio Obrero", "DIRECCION_": "-CL 22 # 8 - 57", "TIPO_REGIS": "MERCANTIL", "PERSONAL_O": "2.0", "NUMERO_DE_": "2", "NUMERO_DE1": "0", "INGRESOS_A": "0.0", "X": "-76.52221190410933", "Y": "3.451503393919738", "Id": 0, "area": 136572.15568900001 }, "geometry": { "type": "Point", "coordinates": [ -76.522211904109326, 3.451503393919738 ] } },
{ "type": "Feature", "properties": { "NUM_INSCRI": "692281", "Mes_Dia_An": "18 de agosto de 2006", "Mes_Dia_A1": "18 de marzo de 2025", "CATEGORIA": "PERSONA NATURAL", "NOMBRE_SEC": "ALOJAMIENTO Y SERVICIOS DE COMIDA", "CODIGO_CII": "5611", "DESC_CIIU": "EXPENDIO A LA MESA DE COMIDAS PREPARADAS, EN RESTAURANTES", "TAMANO957": "MICRO", "CIUDAD": "Cali", "COMUNA": "Comuna 09", "BARRIO": "Barrio Obrero", "DIRECCION_": "-KR 10 # 22 A - 71", "TIPO_REGIS": "MERCANTIL", "PERSONAL_O": "3.0", "NUMERO_DE_": "2", "NUMERO_DE1": "1", "INGRESOS_A": "0.0", "X": "-76.52041833035797", "Y": "3.44998863157903", "Id": 0, "area": 136572.15568900001 }, "geometry": { "type": "Point", "coordinates": [ -76.52041833035797, 3.44998863157903 ] } },
{ "type": "Feature", "properties": { "NUM_INSCRI": "737363", "Mes_Dia_An": "24 de abril de 2008", "Mes_Dia_A1": "20 de junio de 2025", "CATEGORIA": "PERSONA NATURAL", "NOMBRE_SEC": "ALOJAMIENTO Y SERVICIOS DE COMIDA", "CODIGO_CII": "5611", "DESC_CIIU": "EXPENDIO A LA MESA DE COMIDAS PREPARADAS, EN RESTAURANTES", "TAMANO957": "MICRO", "CIUDAD": "Cali", "COMUNA": "Comuna 09", "BARRIO": "Barrio Obrero", "DIRECCION_": "-KR 10 # 21 - 67", "TIPO_REGIS": "MERCANTIL", "PERSONAL_O": "2.0", "NUMERO_DE_": "1", "NUMERO_DE1": "1", "INGRESOS_A": "0.0", "X": "-76.52206431154045", "Y": "3.449631417445044", "Id": 0, "area": 136572.15568900001 }, "geometry": { "type": "Point", "coordinates": [ -76.522064311540447, 3.449631417445044 ] } },
{ "type": "Feature", "properties": { "NUM_INSCRI": "743522", "Mes_Dia_An": "11 de diciembre de 2009", "Mes_Dia_A1": "24 de abril de 2025", "CATEGORIA": "PERSONA NATURAL", "NOMBRE_SEC": "ALOJAMIENTO Y SERVICIOS DE COMIDA", "CODIGO_CII": "5611", "DESC_CIIU": "EXPENDIO A LA MESA DE COMIDAS PREPARADAS", "TAMANO957": "MICRO", "CIUDAD": "Cali", "COMUNA": "Comuna 09", "BARRIO": "Barrio Obrero", "DIRECCION_": "-CARRERA 10 # 22-65", "TIPO_REGIS": "MERCANTIL", "PERSONAL_O": "6.0", "NUMERO_DE_": "1", "NUMERO_DE1": "5", "INGRESOS_A": "0.0", "X": "-76.52132816490342", "Y": "3.449880110889576", "Id": 0, "area": 136572.15568900001 }, "geometry": { "type": "Point", "coordinates": [ -76.521328164903423, 3.449880110889576 ] } },
{ "type": "Feature", "properties": { "NUM_INSCRI": "755338", "Mes_Dia_An": "16 de enero de 2009", "Mes_Dia_A1": "27 de marzo de 2025", "CATEGORIA": "PERSONA NATURAL", "NOMBRE_SEC": "ALOJAMIENTO Y SERVICIOS DE COMIDA", "CODIGO_CII": "5611", "DESC_CIIU": "EXPENDIO A LA MESA DE COMIDAS PREPARADAS", "TAMANO957": "MICRO", "CIUDAD": "Cali", "COMUNA": "Comuna 09", "BARRIO": "Barrio Obrero", "DIRECCION_": "-CALLE 24 NO. 11B-17", "TIPO_REGIS": "MERCANTIL", "PERSONAL_O": "0.0", "NUMERO_DE_": "0", "NUMERO_DE1": "0", "INGRESOS_A": "0.0", "X": "-76.51887674434361", "Y": "3.4481555397855", "Id": 0, "area": 136572.15568900001 }, "geometry": { "type": "Point", "coordinates": [ -76.518876744343615, 3.4481555397855 ] } },
{ "type": "Feature", "properties": { "NUM_INSCRI": "790346", "Mes_Dia_An": "30 de abril de 2010", "Mes_Dia_A1": "6 de marzo de 2025", "CATEGORIA": "PERSONA NATURAL", "NOMBRE_SEC": "ALOJAMIENTO Y SERVICIOS DE COMIDA", "CODIGO_CII": "5611", "DESC_CIIU": "EXPENDIO A LA MESA DE COMIDAS PREPARADAS, EN RESTAURANTES", "TAMANO957": "MICRO", "CIUDAD": "Cali", "COMUNA": "Comuna 09", "BARRIO": "Barrio Obrero", "DIRECCION_": "-KR 9 # 21 - 63", "TIPO_REGIS": "MERCANTIL", "PERSONAL_O": "2.0", "NUMERO_DE_": "2", "NUMERO_DE1": "0", "INGRESOS_A": "0.0", "X": "-76.52234959245631", "Y": "3.450444415544173", "Id": 0, "area": 136572.15568900001 }, "geometry": { "type": "Point", "coordinates": [ -76.522349592456308, 3.450444415544173 ] } },
{ "type": "Feature", "properties": { "NUM_INSCRI": "944777", "Mes_Dia_An": "29 de enero de 2016", "Mes_Dia_A1": "21 de marzo de 2025", "CATEGORIA": "PERSONA NATURAL", "NOMBRE_SEC": "ALOJAMIENTO Y SERVICIOS DE COMIDA", "CODIGO_CII": "5611", "DESC_CIIU": "EXPENDIO A LA MESA DE COMIDAS PREPARADAS", "TAMANO957": "MICRO", "CIUDAD": "Cali", "COMUNA": "Comuna 02", "BARRIO": "Granada", "DIRECCION_": "-CL 21 # 8 - 69", "TIPO_REGIS": "MERCANTIL", "PERSONAL_O": "1.0", "NUMERO_DE_": "1", "NUMERO_DE1": "0", "INGRESOS_A": "141375804.0", "X": "-76.52300114774638", "Y": "3.451147083609777", "Id": 0, "area": 136572.15568900001 }, "geometry": { "type": "Point", "coordinates": [ -76.523001147746385, 3.451147083609777 ] } },
{ "type": "Feature", "properties": { "NUM_INSCRI": "973938", "Mes_Dia_An": "18 de enero de 2017", "Mes_Dia_A1": "4 de marzo de 2025", "CATEGORIA": "PERSONA NATURAL", "NOMBRE_SEC": "ALOJAMIENTO Y SERVICIOS DE COMIDA", "CODIGO_CII": "5611", "DESC_CIIU": "EXPENDIO A LA MESA DE COMIDAS PREPARADAS", "TAMANO957": "MICRO", "CIUDAD": "Cali", "COMUNA": "Comuna 09", "BARRIO": "Barrio Obrero", "DIRECCION_": "-KR 11 B # 22 A - 22", "TIPO_REGIS": "MERCANTIL", "PERSONAL_O": "3.0", "NUMERO_DE_": "3", "NUMERO_DE1": "0", "INGRESOS_A": "0.0", "X": "-76.52042103046956", "Y": "3.44792131808707", "Id": 0, "area": 136572.15568900001 }, "geometry": { "type": "Point", "coordinates": [ -76.520421030469564, 3.44792131808707 ] } },
{ "type": "Feature", "properties": { "NUM_INSCRI": "1027018", "Mes_Dia_An": "28 de agosto de 2018", "Mes_Dia_A1": "17 de octubre de 2025", "CATEGORIA": "PERSONA NATURAL", "NOMBRE_SEC": "ALOJAMIENTO Y SERVICIOS DE COMIDA", "CODIGO_CII": "5611", "DESC_CIIU": "EXPENDIO A LA MESA DE COMIDAS PREPARADAS", "TAMANO957": "MICRO", "CIUDAD": "Cali", "COMUNA": "Comuna 09", "BARRIO": "Barrio Obrero", "DIRECCION_": "-KR 10 # 24 - 61", "TIPO_REGIS": "MERCANTIL", "PERSONAL_O": "2.0", "NUMERO_DE_": "0", "NUMERO_DE1": "2", "INGRESOS_A": "0.0", "X": "-76.51884974241493", "Y": "3.450345842993933", "Id": 0, "area": 136572.15568900001 }, "geometry": { "type": "Point", "coordinates": [ -76.518849742414929, 3.450345842993933 ] } },
{ "type": "Feature", "properties": { "NUM_INSCRI": "1027412", "Mes_Dia_An": "31 de agosto de 2018", "Mes_Dia_A1": "8 de abril de 2025", "CATEGORIA": "PERSONA NATURAL", "NOMBRE_SEC": "ALOJAMIENTO Y SERVICIOS DE COMIDA", "CODIGO_CII": "5611", "DESC_CIIU": "EXPENDIO A LA MESA DE COMIDAS PREPARADAS", "TAMANO957": "MICRO", "CIUDAD": "Cali", "COMUNA": "Comuna 09", "BARRIO": "Barrio Obrero", "DIRECCION_": "-KR 10 # 22 - 46", "TIPO_REGIS": "MERCANTIL", "PERSONAL_O": "0.0", "NUMERO_DE_": "0", "NUMERO_DE1": "0", "INGRESOS_A": "0.0", "X": "-76.52141455831293", "Y": "3.449460498634761", "Id": 0, "area": 136572.15568900001 }, "geometry": { "type": "Point", "coordinates": [ -76.521414558312927, 3.449460498634761 ] } },
{ "type": "Feature", "properties": { "NUM_INSCRI": "1132615", "Mes_Dia_An": "20 de octubre de 2021", "Mes_Dia_A1": "22 de marzo de 2024", "CATEGORIA": "PERSONA NATURAL", "NOMBRE_SEC": "ALOJAMIENTO Y SERVICIOS DE COMIDA", "CODIGO_CII": "5611", "DESC_CIIU": "EXPENDIO A LA MESA DE COMIDAS PREPARADAS", "TAMANO957": "MICRO", "CIUDAD": "Cali", "COMUNA": "Comuna 09", "BARRIO": "Barrio Obrero", "DIRECCION_": "-KR 9 # 23 - 76", "TIPO_REGIS": "MERCANTIL", "PERSONAL_O": "3.0", "NUMERO_DE_": "2", "NUMERO_DE1": "1", "INGRESOS_A": null, "X": "-76.51968758207994", "Y": "3.450840516247174", "Id": 0, "area": 136572.15568900001 }, "geometry": { "type": "Point", "coordinates": [ -76.519687582079939, 3.450840516247174 ] } },
{ "type": "Feature", "properties": { "NUM_INSCRI": "1132872", "Mes_Dia_An": "22 de octubre de 2021", "Mes_Dia_A1": "26 de febrero de 2025", "CATEGORIA": "PERSONA NATURAL", "NOMBRE_SEC": "ALOJAMIENTO Y SERVICIOS DE COMIDA", "CODIGO_CII": "5611", "DESC_CIIU": "EXPENDIO A LA MESA DE COMIDAS PREPARADAS", "TAMANO957": "MICRO", "CIUDAD": "Cali", "COMUNA": "Comuna 09", "BARRIO": "Barrio Obrero", "DIRECCION_": "-CARRERA 11 # 23 - 46", "TIPO_REGIS": "MERCANTIL", "PERSONAL_O": "0.0", "NUMERO_DE_": "0", "NUMERO_DE1": "0", "INGRESOS_A": "0.0", "X": "-76.51957869159367", "Y": "3.449102381211762", "Id": 0, "area": 136572.15568900001 }, "geometry": { "type": "Point", "coordinates": [ -76.519578691593665, 3.449102381211762 ] } },
{ "type": "Feature", "properties": { "NUM_INSCRI": "1134923", "Mes_Dia_An": "12 de noviembre de 2021", "Mes_Dia_A1": "13 de marzo de 2025", "CATEGORIA": "PERSONA NATURAL", "NOMBRE_SEC": "ALOJAMIENTO Y SERVICIOS DE COMIDA", "CODIGO_CII": "5611", "DESC_CIIU": "EXPENDIO A LA MESA DE COMIDAS PREPARADAS", "TAMANO957": "MICRO", "CIUDAD": "Cali", "COMUNA": "Comuna 09", "BARRIO": "Barrio Obrero", "DIRECCION_": "-CALLE 22 # 8A - 04", "TIPO_REGIS": "MERCANTIL", "PERSONAL_O": "5.0", "NUMERO_DE_": "1", "NUMERO_DE1": "4", "INGRESOS_A": "0.0", "X": "-76.52234959376908", "Y": "3.451147085063216", "Id": 0, "area": 136572.15568900001 }, "geometry": { "type": "Point", "coordinates": [ -76.522349593769079, 3.451147085063216 ] } },
{ "type": "Feature", "properties": { "NUM_INSCRI": "1176472", "Mes_Dia_An": "2 de febrero de 2023", "Mes_Dia_A1": "31 de marzo de 2025", "CATEGORIA": "PERSONA NATURAL", "NOMBRE_SEC": "ALOJAMIENTO Y SERVICIOS DE COMIDA", "CODIGO_CII": "5611", "DESC_CIIU": "EXPENDIO A LA MESA DE COMIDAS PREPARADAS", "TAMANO957": "MICRO", "CIUDAD": "Cali", "COMUNA": "Comuna 09", "BARRIO": "Barrio Obrero", "DIRECCION_": "-KR 14 # 22 - 05", "TIPO_REGIS": "MERCANTIL", "PERSONAL_O": "1.0", "NUMERO_DE_": "0", "NUMERO_DE1": "1", "INGRESOS_A": "0.0", "X": "-76.5207684041325", "Y": "3.444993980312182", "Id": 0, "area": 136572.15568900001 }, "geometry": { "type": "Point", "coordinates": [ -76.520768404132497, 3.444993980312182 ] } },
{ "type": "Feature", "properties": { "NUM_INSCRI": "1215633", "Mes_Dia_An": "27 de marzo de 2024", "Mes_Dia_A1": "27 de marzo de 2024", "CATEGORIA": "PERSONA NATURAL", "NOMBRE_SEC": "ALOJAMIENTO Y SERVICIOS DE COMIDA", "CODIGO_CII": "5611", "DESC_CIIU": "EXPENDIO A LA MESA DE COMIDAS PREPARADAS", "TAMANO957": "MICRO", "CIUDAD": "Cali", "COMUNA": "Comuna 09", "BARRIO": "Barrio Obrero", "DIRECCION_": "-CR 11 B  21   02", "TIPO_REGIS": "MERCANTIL", "PERSONAL_O": "0.0", "NUMERO_DE_": "0", "NUMERO_DE1": "0", "INGRESOS_A": null, "X": "-76.52201751172251", "Y": "3.447527930545315", "Id": 0, "area": 136572.15568900001 }, "geometry": { "type": "Point", "coordinates": [ -76.52201751172251, 3.447527930545315 ] } },
{ "type": "Feature", "properties": { "NUM_INSCRI": "1216818", "Mes_Dia_An": "9 de abril de 2024", "Mes_Dia_A1": "31 de marzo de 2025", "CATEGORIA": "PERSONA NATURAL", "NOMBRE_SEC": "ALOJAMIENTO Y SERVICIOS DE COMIDA", "CODIGO_CII": "5611", "DESC_CIIU": "EXPENDIO A LA MESA DE COMIDAS PREPARADAS", "TAMANO957": "MICRO", "CIUDAD": "Cali", "COMUNA": "Comuna 09", "BARRIO": "Barrio Obrero", "DIRECCION_": "-CL 22 A  11   77", "TIPO_REGIS": "MERCANTIL", "PERSONAL_O": "1.0", "NUMERO_DE_": "1", "NUMERO_DE1": "0", "INGRESOS_A": "0.0", "X": "-76.52063341477219", "Y": "3.448195332093227", "Id": 0, "area": 136572.15568900001 }, "geometry": { "type": "Point", "coordinates": [ -76.520633414772192, 3.448195332093227 ] } },
{ "type": "Feature", "properties": { "NUM_INSCRI": "1222270", "Mes_Dia_An": "4 de junio de 2024", "Mes_Dia_A1": "4 de junio de 2024", "CATEGORIA": "PERSONA NATURAL", "NOMBRE_SEC": "ALOJAMIENTO Y SERVICIOS DE COMIDA", "CODIGO_CII": "5611", "DESC_CIIU": "EXPENDIO A LA MESA DE COMIDAS PREPARADAS", "TAMANO957": "MICRO", "CIUDAD": "Cali", "COMUNA": "Comuna 09", "BARRIO": "Barrio Obrero", "DIRECCION_": "-CR 12  22   44", "TIPO_REGIS": "MERCANTIL", "PERSONAL_O": "0.0", "NUMERO_DE_": "0", "NUMERO_DE1": "0", "INGRESOS_A": null, "X": "-76.52072160787978", "Y": "3.445843152461936", "Id": 0, "area": 136572.15568900001 }, "geometry": { "type": "Point", "coordinates": [ -76.520721607879779, 3.445843152461936 ] } },
{ "type": "Feature", "properties": { "NUM_INSCRI": "1225058", "Mes_Dia_An": "4 de julio de 2024", "Mes_Dia_A1": "12 de noviembre de 2025", "CATEGORIA": "PERSONA NATURAL", "NOMBRE_SEC": "ALOJAMIENTO Y SERVICIOS DE COMIDA", "CODIGO_CII": "5611", "DESC_CIIU": "EXPENDIO A LA MESA DE COMIDAS PREPARADAS", "TAMANO957": "MICRO", "CIUDAD": "Cali", "COMUNA": "Comuna 09", "BARRIO": "Barrio Obrero", "DIRECCION_": "-CR 13 A  23   16", "TIPO_REGIS": "MERCANTIL", "PERSONAL_O": "0.0", "NUMERO_DE_": "0", "NUMERO_DE1": "0", "INGRESOS_A": "0.0", "X": "-76.51911793040195", "Y": "3.445604406493956", "Id": 0, "area": 136572.15568900001 }, "geometry": { "type": "Point", "coordinates": [ -76.519117930401947, 3.445604406493956 ] } },
{ "type": "Feature", "properties": { "NUM_INSCRI": "1235092", "Mes_Dia_An": "17 de octubre de 2024", "Mes_Dia_A1": "17 de octubre de 2024", "CATEGORIA": "PERSONA NATURAL", "NOMBRE_SEC": "ALOJAMIENTO Y SERVICIOS DE COMIDA", "CODIGO_CII": "5611", "DESC_CIIU": "EXPENDIO A LA MESA DE COMIDAS PREPARADAS", "TAMANO957": "MICRO", "CIUDAD": "Cali", "COMUNA": "Comuna 09", "BARRIO": "Barrio Obrero", "DIRECCION_": "-CR 10  22 A   11", "TIPO_REGIS": "MERCANTIL", "PERSONAL_O": "0.0", "NUMERO_DE_": "0", "NUMERO_DE1": "0", "INGRESOS_A": null, "X": "-76.52090069569923", "Y": "3.449980492500319", "Id": 0, "area": 136572.15568900001 }, "geometry": { "type": "Point", "coordinates": [ -76.520900695699225, 3.449980492500319 ] } },
{ "type": "Feature", "properties": { "NUM_INSCRI": "1250104", "Mes_Dia_An": "7 de abril de 2025", "Mes_Dia_A1": "7 de abril de 2025", "CATEGORIA": "PERSONA NATURAL", "NOMBRE_SEC": "ALOJAMIENTO Y SERVICIOS DE COMIDA", "CODIGO_CII": "5611", "DESC_CIIU": "EXPENDIO A LA MESA DE COMIDAS PREPARADAS", "TAMANO957": "MICRO", "CIUDAD": "Cali", "COMUNA": "Comuna 09", "BARRIO": "Barrio Obrero", "DIRECCION_": "-CL 22 A  11 B   70", "TIPO_REGIS": "MERCANTIL", "PERSONAL_O": "0.0", "NUMERO_DE_": "0", "NUMERO_DE1": "0", "INGRESOS_A": "0.0", "X": "-76.5206514133705", "Y": "3.44738956815174", "Id": 0, "area": 136572.15568900001 }, "geometry": { "type": "Point", "coordinates": [ -76.520651413370501, 3.44738956815174 ] } },
{ "type": "Feature", "properties": { "NUM_INSCRI": "1256431", "Mes_Dia_An": "12 de junio de 2025", "Mes_Dia_A1": "12 de junio de 2025", "CATEGORIA": "PERSONA NATURAL", "NOMBRE_SEC": "ALOJAMIENTO Y SERVICIOS DE COMIDA", "CODIGO_CII": "5611", "DESC_CIIU": "EXPENDIO A LA MESA DE COMIDAS PREPARADAS", "TAMANO957": "MICRO", "CIUDAD": "Cali", "COMUNA": "Comuna 09", "BARRIO": "Barrio Obrero", "DIRECCION_": "-CL 22 A  12   70", "TIPO_REGIS": "MERCANTIL", "PERSONAL_O": "0.0", "NUMERO_DE_": "0", "NUMERO_DE1": "0", "INGRESOS_A": "0.0", "X": "-76.52039043312624", "Y": "3.445738249405833", "Id": 0, "area": 136572.15568900001 }, "geometry": { "type": "Point", "coordinates": [ -76.520390433126238, 3.445738249405833 ] } },
{ "type": "Feature", "properties": { "NUM_INSCRI": "1261232", "Mes_Dia_An": "1 de agosto de 2025", "Mes_Dia_A1": "1 de agosto de 2025", "CATEGORIA": "PERSONA NATURAL", "NOMBRE_SEC": "ALOJAMIENTO Y SERVICIOS DE COMIDA", "CODIGO_CII": "5611", "DESC_CIIU": "EXPENDIO A LA MESA DE COMIDAS PREPARADAS", "TAMANO957": "MICRO", "CIUDAD": "Cali", "COMUNA": "Comuna 09", "BARRIO": "Barrio Obrero", "DIRECCION_": "-CR 15  21   45", "TIPO_REGIS": "MERCANTIL", "PERSONAL_O": "0.0", "NUMERO_DE_": "0", "NUMERO_DE1": "0", "INGRESOS_A": "0.0", "X": "-76.52092319195222", "Y": "3.444324771113489", "Id": 0, "area": 136572.15568900001 }, "geometry": { "type": "Point", "coordinates": [ -76.520923191952221, 3.444324771113489 ] } },
{ "type": "Feature", "properties": { "NUM_INSCRI": "1268163", "Mes_Dia_An": "10 de octubre de 2025", "Mes_Dia_A1": "10 de octubre de 2025", "CATEGORIA": "PERSONA NATURAL", "NOMBRE_SEC": "ALOJAMIENTO Y SERVICIOS DE COMIDA", "CODIGO_CII": "5611", "DESC_CIIU": "EXPENDIO A LA MESA DE COMIDAS PREPARADAS", "TAMANO957": "MICRO", "CIUDAD": "Cali", "COMUNA": "Comuna 09", "BARRIO": "Barrio Obrero", "DIRECCION_": "-CL 22 A  11   34", "TIPO_REGIS": "MERCANTIL", "PERSONAL_O": "0.0", "NUMERO_DE_": "0", "NUMERO_DE1": "0", "INGRESOS_A": "0.0", "X": "-76.52089169584936", "Y": "3.448537171281848", "Id": 0, "area": 136572.15568900001 }, "geometry": { "type": "Point", "coordinates": [ -76.520891695849357, 3.448537171281848 ] } },
{ "type": "Feature", "properties": { "NUM_INSCRI": "483180", "Mes_Dia_An": "22 de abril de 1998", "Mes_Dia_A1": "28 de marzo de 2025", "CATEGORIA": "PERSONA NATURAL", "NOMBRE_SEC": "ALOJAMIENTO Y SERVICIOS DE COMIDA", "CODIGO_CII": "5613", "DESC_CIIU": "EXPENDIO A LA MESA DE COMIDAS PREPARADAS, EN CAFETERIAS", "TAMANO957": "MICRO", "CIUDAD": "Cali", "COMUNA": "Comuna 09", "BARRIO": "Barrio Obrero", "DIRECCION_": "-KR 8 A # 22 - 73", "TIPO_REGIS": "MERCANTIL", "PERSONAL_O": "1.0", "NUMERO_DE_": "1", "NUMERO_DE1": "0", "INGRESOS_A": "0.0", "X": "-76.5215648495596", "Y": "3.451490734113729", "Id": 0, "area": 136572.15568900001 }, "geometry": { "type": "Point", "coordinates": [ -76.521564849559596, 3.451490734113729 ] } },
{ "type": "Feature", "properties": { "NUM_INSCRI": "557981", "Mes_Dia_An": "16 de enero de 2013", "Mes_Dia_A1": "13 de marzo de 2025", "CATEGORIA": "PERSONA NATURAL", "NOMBRE_SEC": "ALOJAMIENTO Y SERVICIOS DE COMIDA", "CODIGO_CII": "5613", "DESC_CIIU": "EXPENDIO DE COMIDAS PREPARADAS EN CAFETER?AS", "TAMANO957": "MICRO", "CIUDAD": "Cali", "COMUNA": "Comuna 09", "BARRIO": "Barrio Obrero", "DIRECCION_": "-KR 10 # 22 - 55", "TIPO_REGIS": "MERCANTIL", "PERSONAL_O": "4.0", "NUMERO_DE_": "1", "NUMERO_DE1": "3", "INGRESOS_A": "0.0", "X": "-76.52139476010184", "Y": "3.449869258794303", "Id": 0, "area": 136572.15568900001 }, "geometry": { "type": "Point", "coordinates": [ -76.521394760101842, 3.449869258794303 ] } },
{ "type": "Feature", "properties": { "NUM_INSCRI": "1027031", "Mes_Dia_An": "28 de agosto de 2018", "Mes_Dia_A1": "12 de febrero de 2025", "CATEGORIA": "PERSONA NATURAL", "NOMBRE_SEC": "ALOJAMIENTO Y SERVICIOS DE COMIDA", "CODIGO_CII": "5613", "DESC_CIIU": "EXPENDIO DE COMIDAS PREPARADAS EN CAFETER?AS", "TAMANO957": "MICRO", "CIUDAD": "Cali", "COMUNA": "Comuna 09", "BARRIO": "Barrio Obrero", "DIRECCION_": "-CL 22 A # 11 - 62 LC 1", "TIPO_REGIS": "MERCANTIL", "PERSONAL_O": "3.0", "NUMERO_DE_": "3", "NUMERO_DE1": "0", "INGRESOS_A": "0.0", "X": "-76.52086919741066", "Y": "3.448258635609994", "Id": 0, "area": 136572.15568900001 }, "geometry": { "type": "Point", "coordinates": [ -76.520869197410661, 3.448258635609994 ] } },
{ "type": "Feature", "properties": { "NUM_INSCRI": "1122371", "Mes_Dia_An": "13 de julio de 2021", "Mes_Dia_A1": "16 de septiembre de 2025", "CATEGORIA": "PERSONA NATURAL", "NOMBRE_SEC": "ALOJAMIENTO Y SERVICIOS DE COMIDA", "CODIGO_CII": "5613", "DESC_CIIU": "EXPENDIO DE COMIDAS PREPARADAS EN CAFETER?AS", "TAMANO957": "MICRO", "CIUDAD": "Cali", "COMUNA": "Comuna 09", "BARRIO": "Barrio Obrero", "DIRECCION_": "-CLL 23 # 12 - 13", "TIPO_REGIS": "MERCANTIL", "PERSONAL_O": "0.0", "NUMERO_DE_": "0", "NUMERO_DE1": "0", "INGRESOS_A": "0.0", "X": "-76.51939510820331", "Y": "3.446437300945353", "Id": 0, "area": 136572.15568900001 }, "geometry": { "type": "Point", "coordinates": [ -76.519395108203312, 3.446437300945353 ] } },
{ "type": "Feature", "properties": { "NUM_INSCRI": "978471", "Mes_Dia_An": "27 de febrero de 2017", "Mes_Dia_A1": "21 de abril de 2025", "CATEGORIA": "PERSONA NATURAL", "NOMBRE_SEC": "ALOJAMIENTO Y SERVICIOS DE COMIDA", "CODIGO_CII": "5619", "DESC_CIIU": "OTROS TIPOS DE EXPENDIO DE COMIDAS PREPARADAS N.C.P.", "TAMANO957": "MICRO", "CIUDAD": "Cali", "COMUNA": "Comuna 09", "BARRIO": "Barrio Obrero", "DIRECCION_": "-CL 23 # 9 - 62", "TIPO_REGIS": "MERCANTIL", "PERSONAL_O": "2.0", "NUMERO_DE_": "2", "NUMERO_DE1": "0", "INGRESOS_A": "0.0", "X": "-76.52037693329865", "Y": "3.450161359860422", "Id": 0, "area": 136572.15568900001 }, "geometry": { "type": "Point", "coordinates": [ -76.52037693329865, 3.450161359860422 ] } },
{ "type": "Feature", "properties": { "NUM_INSCRI": "1059087", "Mes_Dia_An": "30 de julio de 2019", "Mes_Dia_A1": "31 de marzo de 2025", "CATEGORIA": "PERSONA NATURAL", "NOMBRE_SEC": "ALOJAMIENTO Y SERVICIOS DE COMIDA", "CODIGO_CII": "5619", "DESC_CIIU": "OTROS TIPOS DE EXPENDIO DE COMIDAS PREPARADAS N.C.P.", "TAMANO957": "MICRO", "CIUDAD": "Cali", "COMUNA": "Comuna 09", "BARRIO": "Barrio Obrero", "DIRECCION_": "-CL 22 A # 11 B - 20", "TIPO_REGIS": "MERCANTIL", "PERSONAL_O": "0.0", "NUMERO_DE_": "0", "NUMERO_DE1": "0", "INGRESOS_A": "0.0", "X": "-76.52074770625602", "Y": "3.447726885703578", "Id": 0, "area": 136572.15568900001 }, "geometry": { "type": "Point", "coordinates": [ -76.520747706256017, 3.447726885703578 ] } },
{ "type": "Feature", "properties": { "NUM_INSCRI": "1066400", "Mes_Dia_An": "7 de octubre de 2019", "Mes_Dia_A1": "26 de febrero de 2025", "CATEGORIA": "PERSONA NATURAL", "NOMBRE_SEC": "ALOJAMIENTO Y SERVICIOS DE COMIDA", "CODIGO_CII": "5619", "DESC_CIIU": "OTROS TIPOS DE EXPENDIO DE COMIDAS PREPARADAS N.C.P.", "TAMANO957": "MICRO", "CIUDAD": "Cali", "COMUNA": "Comuna 09", "BARRIO": "Barrio Obrero", "DIRECCION_": "-CR 11 B 21 59", "TIPO_REGIS": "MERCANTIL", "PERSONAL_O": "1.0", "NUMERO_DE_": "1", "NUMERO_DE1": "0", "INGRESOS_A": "0.0", "X": "-76.52164763970345", "Y": "3.447930360842899", "Id": 0, "area": 136572.15568900001 }, "geometry": { "type": "Point", "coordinates": [ -76.521647639703446, 3.447930360842899 ] } },
{ "type": "Feature", "properties": { "NUM_INSCRI": "1085065", "Mes_Dia_An": "24 de junio de 2020", "Mes_Dia_A1": "5 de marzo de 2025", "CATEGORIA": "PERSONA NATURAL", "NOMBRE_SEC": "ALOJAMIENTO Y SERVICIOS DE COMIDA", "CODIGO_CII": "5619", "DESC_CIIU": "OTROS TIPOS DE EXPENDIO DE COMIDAS PREPARADAS N.C.P.", "TAMANO957": "MICRO", "CIUDAD": "Cali", "COMUNA": "Comuna 09", "BARRIO": "Barrio Obrero", "DIRECCION_": "-KR 11 D # 22 - 54 BARRIO OBRERO", "TIPO_REGIS": "MERCANTIL", "PERSONAL_O": "0.0", "NUMERO_DE_": "0", "NUMERO_DE1": "0", "INGRESOS_A": "0.0", "X": "-76.52076660469204", "Y": "3.446969051594192", "Id": 0, "area": 136572.15568900001 }, "geometry": { "type": "Point", "coordinates": [ -76.520766604692042, 3.446969051594192 ] } },
{ "type": "Feature", "properties": { "NUM_INSCRI": "1109258", "Mes_Dia_An": "22 de febrero de 2021", "Mes_Dia_A1": "28 de marzo de 2025", "CATEGORIA": "PERSONA NATURAL", "NOMBRE_SEC": "ALOJAMIENTO Y SERVICIOS DE COMIDA", "CODIGO_CII": "5619", "DESC_CIIU": "OTROS TIPOS DE EXPENDIO DE COMIDAS PREPARADAS N.C.P.", "TAMANO957": "MICRO", "CIUDAD": "Cali", "COMUNA": "Comuna 09", "BARRIO": "Barrio Obrero", "DIRECCION_": "-CR 11 D   22 A   01", "TIPO_REGIS": "MERCANTIL", "PERSONAL_O": "0.0", "NUMERO_DE_": "0", "NUMERO_DE1": "0", "INGRESOS_A": "0.0", "X": "-76.52046692712496", "Y": "3.447400420190778", "Id": 0, "area": 136572.15568900001 }, "geometry": { "type": "Point", "coordinates": [ -76.520466927124957, 3.447400420190778 ] } },
{ "type": "Feature", "properties": { "NUM_INSCRI": "1127534", "Mes_Dia_An": "31 de agosto de 2021", "Mes_Dia_A1": "17 de marzo de 2025", "CATEGORIA": "PERSONA NATURAL", "NOMBRE_SEC": "ALOJAMIENTO Y SERVICIOS DE COMIDA", "CODIGO_CII": "5619", "DESC_CIIU": "OTROS TIPOS DE EXPENDIO DE COMIDAS PREPARADAS N.C.P.", "TAMANO957": "MICRO", "CIUDAD": "Cali", "COMUNA": "Comuna 09", "BARRIO": "Barrio Obrero", "DIRECCION_": "-CALLE 24 # 9-51", "TIPO_REGIS": "MERCANTIL", "PERSONAL_O": "0.0", "NUMERO_DE_": "0", "NUMERO_DE1": "0", "INGRESOS_A": "0.0", "X": "-76.51927721169125", "Y": "3.450473355128497", "Id": 0, "area": 136572.15568900001 }, "geometry": { "type": "Point", "coordinates": [ -76.519277211691247, 3.450473355128497 ] } },
{ "type": "Feature", "properties": { "NUM_INSCRI": "1218025", "Mes_Dia_An": "19 de abril de 2024", "Mes_Dia_A1": "19 de abril de 2024", "CATEGORIA": "PERSONA NATURAL", "NOMBRE_SEC": "ALOJAMIENTO Y SERVICIOS DE COMIDA", "CODIGO_CII": "5619", "DESC_CIIU": "OTROS TIPOS DE EXPENDIO DE COMIDAS PREPARADAS N.C.P.", "TAMANO957": "MICRO", "CIUDAD": "Cali", "COMUNA": "Comuna 09", "BARRIO": "Barrio Obrero", "DIRECCION_": "-CR 11 B  22   58", "TIPO_REGIS": "MERCANTIL", "PERSONAL_O": "0.0", "NUMERO_DE_": "0", "NUMERO_DE1": "0", "INGRESOS_A": null, "X": "-76.52096369030727", "Y": "3.447915891992954", "Id": 0, "area": 136572.15568900001 }, "geometry": { "type": "Point", "coordinates": [ -76.520963690307269, 3.447915891992954 ] } },
{ "type": "Feature", "properties": { "NUM_INSCRI": "1267140", "Mes_Dia_An": "1 de octubre de 2025", "Mes_Dia_A1": "1 de octubre de 2025", "CATEGORIA": "PERSONA NATURAL", "NOMBRE_SEC": "ALOJAMIENTO Y SERVICIOS DE COMIDA", "CODIGO_CII": "5619", "DESC_CIIU": "OTROS TIPOS DE EXPENDIO DE COMIDAS PREPARADAS N.C.P.", "TAMANO957": "MICRO", "CIUDAD": "Cali", "COMUNA": "Comuna 09", "BARRIO": "Barrio Obrero", "DIRECCION_": "-CL 23  9   18", "TIPO_REGIS": "MERCANTIL", "PERSONAL_O": "0.0", "NUMERO_DE_": "0", "NUMERO_DE1": "0", "INGRESOS_A": "0.0", "X": "-76.52046692681647", "Y": "3.450489634054037", "Id": 0, "area": 136572.15568900001 }, "geometry": { "type": "Point", "coordinates": [ -76.520466926816468, 3.450489634054037 ] } },
{ "type": "Feature", "properties": { "NUM_INSCRI": "1250244", "Mes_Dia_An": "8 de abril de 2025", "Mes_Dia_A1": "8 de abril de 2025", "CATEGORIA": "PERSONA NATURAL", "NOMBRE_SEC": "ALOJAMIENTO Y SERVICIOS DE COMIDA", "CODIGO_CII": "5629", "DESC_CIIU": "ACTIVIDADES DE OTROS SERVICIOS DE COMIDAS", "TAMANO957": "MICRO", "CIUDAD": "Cali", "COMUNA": "Comuna 09", "BARRIO": "Barrio Obrero", "DIRECCION_": "-CL 22 A  11 B 53", "TIPO_REGIS": "MERCANTIL", "PERSONAL_O": "0.0", "NUMERO_DE_": "0", "NUMERO_DE1": "0", "INGRESOS_A": "0.0", "X": "-76.52050292443258", "Y": "3.44754149670942", "Id": 0, "area": 136572.15568900001 }, "geometry": { "type": "Point", "coordinates": [ -76.520502924432577, 3.44754149670942 ] } },
{ "type": "Feature", "properties": { "NUM_INSCRI": "168122", "Mes_Dia_An": "21 de septiembre de 1992", "Mes_Dia_A1": "7 de marzo de 2025", "CATEGORIA": "PERSONA NATURAL", "NOMBRE_SEC": "ALOJAMIENTO Y SERVICIOS DE COMIDA", "CODIGO_CII": "5630", "DESC_CIIU": "EXPENDIO DE BEBIDAS ALCOHOLICAS PARA EL CONSUMO DENTRO DEL ESTABL", "TAMANO957": "MICRO", "CIUDAD": "Cali", "COMUNA": "Comuna 09", "BARRIO": "Barrio Obrero", "DIRECCION_": "-KR 10 # 21 - 69", "TIPO_REGIS": "MERCANTIL", "PERSONAL_O": "2.0", "NUMERO_DE_": "1", "NUMERO_DE1": "1", "INGRESOS_A": "0.0", "X": "-76.52204721278093", "Y": "3.44963503481838", "Id": 0, "area": 136572.15568900001 }, "geometry": { "type": "Point", "coordinates": [ -76.522047212780933, 3.44963503481838 ] } },
{ "type": "Feature", "properties": { "NUM_INSCRI": "412128", "Mes_Dia_An": "27 de enero de 2003", "Mes_Dia_A1": "17 de marzo de 2025", "CATEGORIA": "PERSONA NATURAL", "NOMBRE_SEC": "ALOJAMIENTO Y SERVICIOS DE COMIDA", "CODIGO_CII": "5630", "DESC_CIIU": "EXPENDIO DE BEBIDAS ALCOHOLICAS PARA EL CONSUMO DENTRO DEL ESTABL", "TAMANO957": "MICRO", "CIUDAD": "Cali", "COMUNA": "Comuna 09", "BARRIO": "Barrio Obrero", "DIRECCION_": "-KR 11 # 22 - 80", "TIPO_REGIS": "MERCANTIL", "PERSONAL_O": "2.0", "NUMERO_DE_": "2", "NUMERO_DE1": "0", "INGRESOS_A": "30000000.0", "X": "-76.52095199153008", "Y": "3.448793098521411", "Id": 0, "area": 136572.15568900001 }, "geometry": { "type": "Point", "coordinates": [ -76.520951991530083, 3.448793098521411 ] } },
{ "type": "Feature", "properties": { "NUM_INSCRI": "599506", "Mes_Dia_An": "17 de enero de 2003", "Mes_Dia_A1": "5 de junio de 2025", "CATEGORIA": "PERSONA NATURAL", "NOMBRE_SEC": "ALOJAMIENTO Y SERVICIOS DE COMIDA", "CODIGO_CII": "5630", "DESC_CIIU": "EXPENDIO DE BEBIDAS ALCOH?LICAS PARA EL CONSUMO DENTRO DEL ESTABL", "TAMANO957": "MICRO", "CIUDAD": "Cali", "COMUNA": "Comuna 09", "BARRIO": "Barrio Obrero", "DIRECCION_": "-KR 10 # 24 - 01", "TIPO_REGIS": "MERCANTIL", "PERSONAL_O": "0.0", "NUMERO_DE_": "0", "NUMERO_DE1": "0", "INGRESOS_A": "0.0", "X": "-76.5193042100947", "Y": "3.450222853930948", "Id": 0, "area": 136572.15568900001 }, "geometry": { "type": "Point", "coordinates": [ -76.519304210094703, 3.450222853930948 ] } },
{ "type": "Feature", "properties": { "NUM_INSCRI": "681556", "Mes_Dia_An": "21 de abril de 2010", "Mes_Dia_A1": "21 de marzo de 2025", "CATEGORIA": "PERSONA NATURAL", "NOMBRE_SEC": "ALOJAMIENTO Y SERVICIOS DE COMIDA", "CODIGO_CII": "5630", "DESC_CIIU": "EXPENDIO DE BEBIDAS ALCOHOLICAS PARA EL CONSUMO DENTRO DEL ESTABL", "TAMANO957": "MICRO", "CIUDAD": "Cali", "COMUNA": "Comuna 09", "BARRIO": "Barrio Obrero", "DIRECCION_": "-KR 9 # 22 A - 47", "TIPO_REGIS": "MERCANTIL", "PERSONAL_O": "1.0", "NUMERO_DE_": "1", "NUMERO_DE1": "0", "INGRESOS_A": "0.0", "X": "-76.52082690122113", "Y": "3.450774500044313", "Id": 0, "area": 136572.15568900001 }, "geometry": { "type": "Point", "coordinates": [ -76.520826901221128, 3.450774500044313 ] } },
{ "type": "Feature", "properties": { "NUM_INSCRI": "753132", "Mes_Dia_An": "21 de noviembre de 2008", "Mes_Dia_A1": "4 de abril de 2024", "CATEGORIA": "PERSONA NATURAL", "NOMBRE_SEC": "ALOJAMIENTO Y SERVICIOS DE COMIDA", "CODIGO_CII": "5630", "DESC_CIIU": "EXPENDIO DE BEBIDAS ALCOHOLICAS PARA EL CONSUMO DENTRO DEL ESTABL", "TAMANO957": "MICRO", "CIUDAD": "Cali", "COMUNA": "Comuna 09", "BARRIO": "Barrio Obrero", "DIRECCION_": "-CL 22 A # 13 A - 22", "TIPO_REGIS": "MERCANTIL", "PERSONAL_O": "1.0", "NUMERO_DE_": "1", "NUMERO_DE1": "0", "INGRESOS_A": null, "X": "-76.52024554433686", "Y": "3.445261663939941", "Id": 0, "area": 136572.15568900001 }, "geometry": { "type": "Point", "coordinates": [ -76.520245544336859, 3.445261663939941 ] } },
{ "type": "Feature", "properties": { "NUM_INSCRI": "754058", "Mes_Dia_An": "12 de diciembre de 2008", "Mes_Dia_A1": "4 de marzo de 2025", "CATEGORIA": "PERSONA NATURAL", "NOMBRE_SEC": "ALOJAMIENTO Y SERVICIOS DE COMIDA", "CODIGO_CII": "5630", "DESC_CIIU": "EXPENDIO DE BEBIDAS ALCOHOLICAS PARA EL CONSUMO DENTRO DEL ESTABL", "TAMANO957": "MICRO", "CIUDAD": "Cali", "COMUNA": "Comuna 09", "BARRIO": "Barrio Obrero", "DIRECCION_": "-KR 10 # 21 - 62", "TIPO_REGIS": "MERCANTIL", "PERSONAL_O": "1.0", "NUMERO_DE_": "1", "NUMERO_DE1": "0", "INGRESOS_A": "4800000.0", "X": "-76.52203101346916", "Y": "3.44932123004322", "Id": 0, "area": 136572.15568900001 }, "geometry": { "type": "Point", "coordinates": [ -76.52203101346916, 3.44932123004322 ] } },
{ "type": "Feature", "properties": { "NUM_INSCRI": "866144", "Mes_Dia_An": "6 de marzo de 2013", "Mes_Dia_A1": "26 de marzo de 2025", "CATEGORIA": "PERSONA NATURAL", "NOMBRE_SEC": "ALOJAMIENTO Y SERVICIOS DE COMIDA", "CODIGO_CII": "5630", "DESC_CIIU": "EXPENDIO DE BEBIDAS ALCOH?LICAS PARA EL CONSUMO DENTRO DEL ESTABL", "TAMANO957": "MICRO", "CIUDAD": "Cali", "COMUNA": "Comuna 09", "BARRIO": "Barrio Obrero", "DIRECCION_": "-KR 8 A # 22 A - 74", "TIPO_REGIS": "MERCANTIL", "PERSONAL_O": "1.0", "NUMERO_DE_": "1", "NUMERO_DE1": "0", "INGRESOS_A": "0.0", "X": "-76.52072520856716", "Y": "3.451499777995803", "Id": 0, "area": 136572.15568900001 }, "geometry": { "type": "Point", "coordinates": [ -76.520725208567157, 3.451499777995803 ] } },
{ "type": "Feature", "properties": { "NUM_INSCRI": "899323", "Mes_Dia_An": "6 de mayo de 2014", "Mes_Dia_A1": "31 de marzo de 2025", "CATEGORIA": "PERSONA NATURAL", "NOMBRE_SEC": "ALOJAMIENTO Y SERVICIOS DE COMIDA", "CODIGO_CII": "5630", "DESC_CIIU": "EXPENDIO DE BEBIDAS ALCOH?LICAS PARA EL CONSUMO DENTRO DEL ESTABL", "TAMANO957": "MICRO", "CIUDAD": "Cali", "COMUNA": "Comuna 09", "BARRIO": "Barrio Obrero", "DIRECCION_": "-KR 9 # 24 - 67 PI 5", "TIPO_REGIS": "MERCANTIL", "PERSONAL_O": "1.0", "NUMERO_DE_": "1", "NUMERO_DE1": "0", "INGRESOS_A": "12128000.0", "X": "-76.51896943245356", "Y": "3.451190493564709", "Id": 0, "area": 136572.15568900001 }, "geometry": { "type": "Point", "coordinates": [ -76.518969432453559, 3.451190493564709 ] } },
{ "type": "Feature", "properties": { "NUM_INSCRI": "992428", "Mes_Dia_An": "28 de julio de 2017", "Mes_Dia_A1": "19 de marzo de 2025", "CATEGORIA": "PERSONA NATURAL", "NOMBRE_SEC": "ALOJAMIENTO Y SERVICIOS DE COMIDA", "CODIGO_CII": "5630", "DESC_CIIU": "EXPENDIO DE BEBIDAS ALCOH?LICAS PARA EL CONSUMO DENTRO DEL ESTABL", "TAMANO957": "MICRO", "CIUDAD": "Cali", "COMUNA": "Comuna 09", "BARRIO": "Barrio Obrero", "DIRECCION_": "-KR 10 # 22 A - 11", "TIPO_REGIS": "MERCANTIL", "PERSONAL_O": "0.0", "NUMERO_DE_": "0", "NUMERO_DE1": "0", "INGRESOS_A": "0.0", "X": "-76.52090069569923", "Y": "3.449980492500319", "Id": 0, "area": 136572.15568900001 }, "geometry": { "type": "Point", "coordinates": [ -76.520900695699225, 3.449980492500319 ] } },
{ "type": "Feature", "properties": { "NUM_INSCRI": "1001310", "Mes_Dia_An": "17 de noviembre de 2017", "Mes_Dia_A1": "9 de abril de 2025", "CATEGORIA": "PERSONA NATURAL", "NOMBRE_SEC": "ALOJAMIENTO Y SERVICIOS DE COMIDA", "CODIGO_CII": "5630", "DESC_CIIU": "EXPENDIO DE BEBIDAS ALCOH?LICAS PARA EL CONSUMO DENTRO DEL ESTABL", "TAMANO957": "MICRO", "CIUDAD": "Cali", "COMUNA": "Comuna 09", "BARRIO": "Barrio Obrero", "DIRECCION_": "-KR 10 # 21 - 55", "TIPO_REGIS": "MERCANTIL", "PERSONAL_O": "8.0", "NUMERO_DE_": "7", "NUMERO_DE1": "1", "INGRESOS_A": "0.0", "X": "-76.52215160537733", "Y": "3.449716424942771", "Id": 0, "area": 136572.15568900001 }, "geometry": { "type": "Point", "coordinates": [ -76.522151605377331, 3.449716424942771 ] } },
{ "type": "Feature", "properties": { "NUM_INSCRI": "1015489", "Mes_Dia_An": "26 de abril de 2018", "Mes_Dia_A1": "9 de mayo de 2025", "CATEGORIA": "PERSONA NATURAL", "NOMBRE_SEC": "ALOJAMIENTO Y SERVICIOS DE COMIDA", "CODIGO_CII": "5630", "DESC_CIIU": "EXPENDIO DE BEBIDAS ALCOH?LICAS PARA EL CONSUMO DENTRO DEL ESTABL", "TAMANO957": "MICRO", "CIUDAD": "Cali", "COMUNA": "Comuna 09", "BARRIO": "Barrio Obrero", "DIRECCION_": "-CRA. 10 NO. 22 A 01", "TIPO_REGIS": "MERCANTIL", "PERSONAL_O": "0.0", "NUMERO_DE_": "0", "NUMERO_DE1": "0", "INGRESOS_A": "0.0", "X": "-76.52097899004313", "Y": "3.449910858551558", "Id": 0, "area": 136572.15568900001 }, "geometry": { "type": "Point", "coordinates": [ -76.520978990043133, 3.449910858551558 ] } },
{ "type": "Feature", "properties": { "NUM_INSCRI": "1040842", "Mes_Dia_An": "11 de febrero de 2019", "Mes_Dia_A1": "26 de marzo de 2024", "CATEGORIA": "PERSONA NATURAL", "NOMBRE_SEC": "ALOJAMIENTO Y SERVICIOS DE COMIDA", "CODIGO_CII": "5630", "DESC_CIIU": "EXPENDIO DE BEBIDAS ALCOH?LICAS PARA EL CONSUMO DENTRO DEL ESTABL", "TAMANO957": "MICRO", "CIUDAD": "Cali", "COMUNA": "Comuna 09", "BARRIO": "Barrio Obrero", "DIRECCION_": "-KR 12 # 22 A - 01", "TIPO_REGIS": "MERCANTIL", "PERSONAL_O": "1.0", "NUMERO_DE_": "0", "NUMERO_DE1": "1", "INGRESOS_A": null, "X": "-76.52031933835872", "Y": "3.446490657495453", "Id": 0, "area": 136572.15568900001 }, "geometry": { "type": "Point", "coordinates": [ -76.520319338358718, 3.446490657495453 ] } },
{ "type": "Feature", "properties": { "NUM_INSCRI": "1042439", "Mes_Dia_An": "22 de febrero de 2019", "Mes_Dia_A1": "30 de agosto de 2024", "CATEGORIA": "PERSONA NATURAL", "NOMBRE_SEC": "ALOJAMIENTO Y SERVICIOS DE COMIDA", "CODIGO_CII": "5630", "DESC_CIIU": "EXPENDIO DE BEBIDAS ALCOH?LICAS PARA EL CONSUMO DENTRO DEL ESTABL", "TAMANO957": "MICRO", "CIUDAD": "Cali", "COMUNA": "Comuna 09", "BARRIO": "Barrio Obrero", "DIRECCION_": "-CR 8 A 21 63", "TIPO_REGIS": "MERCANTIL", "PERSONAL_O": "1.0", "NUMERO_DE_": "1", "NUMERO_DE1": "0", "INGRESOS_A": null, "X": "-76.52251248254922", "Y": "3.451287256909797", "Id": 0, "area": 136572.15568900001 }, "geometry": { "type": "Point", "coordinates": [ -76.522512482549217, 3.451287256909797 ] } },
{ "type": "Feature", "properties": { "NUM_INSCRI": "1053252", "Mes_Dia_An": "4 de junio de 2019", "Mes_Dia_A1": "6 de marzo de 2025", "CATEGORIA": "PERSONA NATURAL", "NOMBRE_SEC": "ALOJAMIENTO Y SERVICIOS DE COMIDA", "CODIGO_CII": "5630", "DESC_CIIU": "EXPENDIO DE BEBIDAS ALCOH?LICAS PARA EL CONSUMO DENTRO DEL ESTABL", "TAMANO957": "MICRO", "CIUDAD": "Cali", "COMUNA": "Comuna 09", "BARRIO": "Barrio Obrero", "DIRECCION_": "-KR 9 # 22 - 55", "TIPO_REGIS": "MERCANTIL", "PERSONAL_O": "1.0", "NUMERO_DE_": "1", "NUMERO_DE1": "0", "INGRESOS_A": "0.0", "X": "-76.52145685636238", "Y": "3.450649701211349", "Id": 0, "area": 136572.15568900001 }, "geometry": { "type": "Point", "coordinates": [ -76.521456856362377, 3.450649701211349 ] } },
{ "type": "Feature", "properties": { "NUM_INSCRI": "1096493", "Mes_Dia_An": "1 de octubre de 2020", "Mes_Dia_A1": "2 de abril de 2025", "CATEGORIA": "PERSONA NATURAL", "NOMBRE_SEC": "ALOJAMIENTO Y SERVICIOS DE COMIDA", "CODIGO_CII": "5630", "DESC_CIIU": "EXPENDIO DE BEBIDAS ALCOH?LICAS PARA EL CONSUMO DENTRO DEL ESTABL", "TAMANO957": "MICRO", "CIUDAD": "Cali", "COMUNA": "Comuna 09", "BARRIO": "Barrio Obrero", "DIRECCION_": "-CRA 10 # 21 - 04", "TIPO_REGIS": "MERCANTIL", "PERSONAL_O": "0.0", "NUMERO_DE_": "0", "NUMERO_DE1": "0", "INGRESOS_A": "0.0", "X": "-76.52253947633305", "Y": "3.449200048013894", "Id": 0, "area": 136572.15568900001 }, "geometry": { "type": "Point", "coordinates": [ -76.522539476333051, 3.449200048013894 ] } },
{ "type": "Feature", "properties": { "NUM_INSCRI": "1098232", "Mes_Dia_An": "20 de octubre de 2020", "Mes_Dia_A1": "21 de marzo de 2025", "CATEGORIA": "PERSONA NATURAL", "NOMBRE_SEC": "ALOJAMIENTO Y SERVICIOS DE COMIDA", "CODIGO_CII": "5630", "DESC_CIIU": "EXPENDIO DE BEBIDAS ALCOH?LICAS PARA EL CONSUMO DENTRO DEL ESTABL", "TAMANO957": "MICRO", "CIUDAD": "Cali", "COMUNA": "Comuna 09", "BARRIO": "Barrio Obrero", "DIRECCION_": "-CL 21 # 13 A - 19", "TIPO_REGIS": "MERCANTIL", "PERSONAL_O": "0.0", "NUMERO_DE_": "0", "NUMERO_DE1": "0", "INGRESOS_A": "0.0", "X": "-76.52149734789728", "Y": "3.444931580642617", "Id": 0, "area": 136572.15568900001 }, "geometry": { "type": "Point", "coordinates": [ -76.521497347897281, 3.444931580642617 ] } },
{ "type": "Feature", "properties": { "NUM_INSCRI": "1121220", "Mes_Dia_An": "1 de julio de 2021", "Mes_Dia_A1": "20 de febrero de 2025", "CATEGORIA": "PERSONA NATURAL", "NOMBRE_SEC": "ALOJAMIENTO Y SERVICIOS DE COMIDA", "CODIGO_CII": "5630", "DESC_CIIU": "EXPENDIO DE BEBIDAS ALCOH?LICAS PARA EL CONSUMO DENTRO DEL ESTABL", "TAMANO957": "MICRO", "CIUDAD": "Cali", "COMUNA": "Comuna 09", "BARRIO": "Barrio Obrero", "DIRECCION_": "-CRA 10 # 21 - 64", "TIPO_REGIS": "MERCANTIL", "PERSONAL_O": "2.0", "NUMERO_DE_": "1", "NUMERO_DE1": "1", "INGRESOS_A": "0.0", "X": "-76.5219797170886", "Y": "3.449252500539399", "Id": 0, "area": 136572.15568900001 }, "geometry": { "type": "Point", "coordinates": [ -76.521979717088598, 3.449252500539399 ] } },
{ "type": "Feature", "properties": { "NUM_INSCRI": "1142512", "Mes_Dia_An": "15 de febrero de 2022", "Mes_Dia_A1": "3 de marzo de 2025", "CATEGORIA": "PERSONA NATURAL", "NOMBRE_SEC": "ALOJAMIENTO Y SERVICIOS DE COMIDA", "CODIGO_CII": "5630", "DESC_CIIU": "EXPENDIO DE BEBIDAS ALCOH?LICAS PARA EL CONSUMO DENTRO DEL ESTABL", "TAMANO957": "MICRO", "CIUDAD": "Cali", "COMUNA": "Comuna 09", "BARRIO": "Barrio Obrero", "DIRECCION_": "-CALLE 22 A # 10 - 74", "TIPO_REGIS": "MERCANTIL", "PERSONAL_O": "1.0", "NUMERO_DE_": "1", "NUMERO_DE1": "0", "INGRESOS_A": "0.0", "X": "-76.52102308642914", "Y": "3.448992052544169", "Id": 0, "area": 136572.15568900001 }, "geometry": { "type": "Point", "coordinates": [ -76.521023086429139, 3.448992052544169 ] } },
{ "type": "Feature", "properties": { "NUM_INSCRI": "1160526", "Mes_Dia_An": "4 de agosto de 2022", "Mes_Dia_A1": "1 de abril de 2024", "CATEGORIA": "PERSONA NATURAL", "NOMBRE_SEC": "ALOJAMIENTO Y SERVICIOS DE COMIDA", "CODIGO_CII": "5630", "DESC_CIIU": "EXPENDIO DE BEBIDAS ALCOH?LICAS PARA EL CONSUMO DENTRO DEL ESTABL", "TAMANO957": "MICRO", "CIUDAD": "Cali", "COMUNA": "Comuna 09", "BARRIO": "Barrio Obrero", "DIRECCION_": "-KR 11 D # 22 - 80", "TIPO_REGIS": "MERCANTIL", "PERSONAL_O": "0.0", "NUMERO_DE_": "0", "NUMERO_DE1": "0", "INGRESOS_A": null, "X": "-76.52059201779117", "Y": "3.447131832212172", "Id": 0, "area": 136572.15568900001 }, "geometry": { "type": "Point", "coordinates": [ -76.520592017791174, 3.447131832212172 ] } },
{ "type": "Feature", "properties": { "NUM_INSCRI": "1179246", "Mes_Dia_An": "24 de febrero de 2023", "Mes_Dia_A1": "10 de marzo de 2025", "CATEGORIA": "PERSONA NATURAL", "NOMBRE_SEC": "ALOJAMIENTO Y SERVICIOS DE COMIDA", "CODIGO_CII": "5630", "DESC_CIIU": "EXPENDIO DE BEBIDAS ALCOH?LICAS PARA EL CONSUMO DENTRO DEL ESTABL", "TAMANO957": "MICRO", "CIUDAD": "Cali", "COMUNA": "Comuna 09", "BARRIO": "Barrio Obrero", "DIRECCION_": "-CR 10  21   05", "TIPO_REGIS": "MERCANTIL", "PERSONAL_O": "4.0", "NUMERO_DE_": "1", "NUMERO_DE1": "3", "INGRESOS_A": "0.0", "X": "-76.52260607212698", "Y": "3.44949667027834", "Id": 0, "area": 136572.15568900001 }, "geometry": { "type": "Point", "coordinates": [ -76.522606072126976, 3.44949667027834 ] } },
{ "type": "Feature", "properties": { "NUM_INSCRI": "1183268", "Mes_Dia_An": "31 de marzo de 2023", "Mes_Dia_A1": "21 de abril de 2025", "CATEGORIA": "PERSONA NATURAL", "NOMBRE_SEC": "ALOJAMIENTO Y SERVICIOS DE COMIDA", "CODIGO_CII": "5630", "DESC_CIIU": "EXPENDIO DE BEBIDAS ALCOH?LICAS PARA EL CONSUMO DENTRO DEL ESTABL", "TAMANO957": "MICRO", "CIUDAD": "Cali", "COMUNA": "Comuna 09", "BARRIO": "Barrio Obrero", "DIRECCION_": "-CR 10  22 A   15", "TIPO_REGIS": "MERCANTIL", "PERSONAL_O": "0.0", "NUMERO_DE_": "0", "NUMERO_DE1": "0", "INGRESOS_A": "0.0", "X": "-76.5209114948873", "Y": "3.449881919807849", "Id": 0, "area": 136572.15568900001 }, "geometry": { "type": "Point", "coordinates": [ -76.520911494887301, 3.449881919807849 ] } },
{ "type": "Feature", "properties": { "NUM_INSCRI": "1194992", "Mes_Dia_An": "4 de agosto de 2023", "Mes_Dia_A1": "6 de marzo de 2025", "CATEGORIA": "PERSONA NATURAL", "NOMBRE_SEC": "ALOJAMIENTO Y SERVICIOS DE COMIDA", "CODIGO_CII": "5630", "DESC_CIIU": "EXPENDIO DE BEBIDAS ALCOH?LICAS PARA EL CONSUMO DENTRO DEL ESTABL", "TAMANO957": "MICRO", "CIUDAD": "Cali", "COMUNA": "Comuna 09", "BARRIO": "Barrio Obrero", "DIRECCION_": "-CL 23  10   15", "TIPO_REGIS": "MERCANTIL", "PERSONAL_O": "0.0", "NUMERO_DE_": "0", "NUMERO_DE1": "0", "INGRESOS_A": "0.0", "X": "-76.5200817547076", "Y": "3.449654026928139", "Id": 0, "area": 136572.15568900001 }, "geometry": { "type": "Point", "coordinates": [ -76.520081754707604, 3.449654026928139 ] } },
{ "type": "Feature", "properties": { "NUM_INSCRI": "1205228", "Mes_Dia_An": "5 de diciembre de 2023", "Mes_Dia_A1": "11 de septiembre de 2025", "CATEGORIA": "PERSONA NATURAL", "NOMBRE_SEC": "ALOJAMIENTO Y SERVICIOS DE COMIDA", "CODIGO_CII": "5630", "DESC_CIIU": "EXPENDIO DE BEBIDAS ALCOH?LICAS PARA EL CONSUMO DENTRO DEL ESTABL", "TAMANO957": "MICRO", "CIUDAD": "Cali", "COMUNA": "Comuna 09", "BARRIO": "Barrio Obrero", "DIRECCION_": "-CR 10 # 22 - 22 BARRIO OBRERO", "TIPO_REGIS": "MERCANTIL", "PERSONAL_O": "0.0", "NUMERO_DE_": "0", "NUMERO_DE1": "0", "INGRESOS_A": "0.0", "X": "-76.52162514301585", "Y": "3.449414377255339", "Id": 0, "area": 136572.15568900001 }, "geometry": { "type": "Point", "coordinates": [ -76.521625143015854, 3.449414377255339 ] } },
{ "type": "Feature", "properties": { "NUM_INSCRI": "1209259", "Mes_Dia_An": "31 de enero de 2024", "Mes_Dia_A1": "10 de marzo de 2025", "CATEGORIA": "PERSONA NATURAL", "NOMBRE_SEC": "ALOJAMIENTO Y SERVICIOS DE COMIDA", "CODIGO_CII": "5630", "DESC_CIIU": "EXPENDIO DE BEBIDAS ALCOH?LICAS PARA EL CONSUMO DENTRO DEL ESTABL", "TAMANO957": "MICRO", "CIUDAD": "Cali", "COMUNA": "Comuna 09", "BARRIO": "Barrio Obrero", "DIRECCION_": "-CL 21  8   27", "TIPO_REGIS": "MERCANTIL", "PERSONAL_O": "0.0", "NUMERO_DE_": "0", "NUMERO_DE1": "0", "INGRESOS_A": "0.0", "X": "-76.52294265288653", "Y": "3.451552226539453", "Id": 0, "area": 136572.15568900001 }, "geometry": { "type": "Point", "coordinates": [ -76.522942652886528, 3.451552226539453 ] } },
{ "type": "Feature", "properties": { "NUM_INSCRI": "1209580", "Mes_Dia_An": "2 de febrero de 2024", "Mes_Dia_A1": "2 de febrero de 2024", "CATEGORIA": "PERSONA NATURAL", "NOMBRE_SEC": "ALOJAMIENTO Y SERVICIOS DE COMIDA", "CODIGO_CII": "5630", "DESC_CIIU": "EXPENDIO DE BEBIDAS ALCOH?LICAS PARA EL CONSUMO DENTRO DEL ESTABL", "TAMANO957": "MICRO", "CIUDAD": "Cali", "COMUNA": "Comuna 09", "BARRIO": "Barrio Obrero", "DIRECCION_": "-CL 23  8 A 18", "TIPO_REGIS": "MERCANTIL", "PERSONAL_O": "0.0", "NUMERO_DE_": "0", "NUMERO_DE1": "0", "INGRESOS_A": null, "X": "-76.52064691405948", "Y": "3.451396683637795", "Id": 0, "area": 136572.15568900001 }, "geometry": { "type": "Point", "coordinates": [ -76.520646914059483, 3.451396683637795 ] } },
{ "type": "Feature", "properties": { "NUM_INSCRI": "1216471", "Mes_Dia_An": "5 de abril de 2024", "Mes_Dia_A1": "28 de marzo de 2025", "CATEGORIA": "PERSONA NATURAL", "NOMBRE_SEC": "ALOJAMIENTO Y SERVICIOS DE COMIDA", "CODIGO_CII": "5630", "DESC_CIIU": "EXPENDIO DE BEBIDAS ALCOH?LICAS PARA EL CONSUMO DENTRO DEL ESTABL", "TAMANO957": "MICRO", "CIUDAD": "Cali", "COMUNA": "Comuna 09", "BARRIO": "Barrio Obrero", "DIRECCION_": "-CR 10  24   02", "TIPO_REGIS": "MERCANTIL", "PERSONAL_O": "0.0", "NUMERO_DE_": "0", "NUMERO_DE1": "0", "INGRESOS_A": "0.0", "X": "-76.51929611108282", "Y": "3.449914475143166", "Id": 0, "area": 136572.15568900001 }, "geometry": { "type": "Point", "coordinates": [ -76.519296111082824, 3.449914475143166 ] } },
{ "type": "Feature", "properties": { "NUM_INSCRI": "1223463", "Mes_Dia_An": "18 de junio de 2024", "Mes_Dia_A1": "7 de abril de 2025", "CATEGORIA": "PERSONA NATURAL", "NOMBRE_SEC": "ALOJAMIENTO Y SERVICIOS DE COMIDA", "CODIGO_CII": "5630", "DESC_CIIU": "EXPENDIO DE BEBIDAS ALCOH?LICAS PARA EL CONSUMO DENTRO DEL ESTABL", "TAMANO957": "MICRO", "CIUDAD": "Cali", "COMUNA": "Comuna 09", "BARRIO": "Barrio Obrero", "DIRECCION_": "-CL 22 A  11   61", "TIPO_REGIS": "MERCANTIL", "PERSONAL_O": "1.0", "NUMERO_DE_": "0", "NUMERO_DE1": "1", "INGRESOS_A": "60800000.0", "X": "-76.5206640125316", "Y": "3.448337312940404", "Id": 0, "area": 136572.15568900001 }, "geometry": { "type": "Point", "coordinates": [ -76.520664012531597, 3.448337312940404 ] } },
{ "type": "Feature", "properties": { "NUM_INSCRI": "1224531", "Mes_Dia_An": "27 de junio de 2024", "Mes_Dia_A1": "29 de marzo de 2025", "CATEGORIA": "PERSONA NATURAL", "NOMBRE_SEC": "ALOJAMIENTO Y SERVICIOS DE COMIDA", "CODIGO_CII": "5630", "DESC_CIIU": "EXPENDIO DE BEBIDAS ALCOH?LICAS PARA EL CONSUMO DENTRO DEL ESTABL", "TAMANO957": "MICRO", "CIUDAD": "Cali", "COMUNA": "Comuna 09", "BARRIO": "Barrio Obrero", "DIRECCION_": "-CR 11  22   68", "TIPO_REGIS": "MERCANTIL", "PERSONAL_O": "0.0", "NUMERO_DE_": "0", "NUMERO_DE1": "0", "INGRESOS_A": "0.0", "X": "-76.5210581837567", "Y": "3.448771394393087", "Id": 0, "area": 136572.15568900001 }, "geometry": { "type": "Point", "coordinates": [ -76.521058183756693, 3.448771394393087 ] } },
{ "type": "Feature", "properties": { "NUM_INSCRI": "1226764", "Mes_Dia_An": "19 de julio de 2024", "Mes_Dia_A1": "19 de julio de 2024", "CATEGORIA": "PERSONA NATURAL", "NOMBRE_SEC": "ALOJAMIENTO Y SERVICIOS DE COMIDA", "CODIGO_CII": "5630", "DESC_CIIU": "EXPENDIO DE BEBIDAS ALCOH?LICAS PARA EL CONSUMO DENTRO DEL ESTABL", "TAMANO957": "MICRO", "CIUDAD": "Cali", "COMUNA": "Comuna 09", "BARRIO": "Barrio Obrero", "DIRECCION_": "-CL 22  9   50", "TIPO_REGIS": "MERCANTIL", "PERSONAL_O": "0.0", "NUMERO_DE_": "0", "NUMERO_DE1": "0", "INGRESOS_A": null, "X": "-76.52208681022682", "Y": "3.449826754113807", "Id": 0, "area": 136572.15568900001 }, "geometry": { "type": "Point", "coordinates": [ -76.522086810226824, 3.449826754113807 ] } },
{ "type": "Feature", "properties": { "NUM_INSCRI": "1226955", "Mes_Dia_An": "22 de julio de 2024", "Mes_Dia_A1": "10 de abril de 2025", "CATEGORIA": "PERSONA NATURAL", "NOMBRE_SEC": "ALOJAMIENTO Y SERVICIOS DE COMIDA", "CODIGO_CII": "5630", "DESC_CIIU": "EXPENDIO DE BEBIDAS ALCOH?LICAS PARA EL CONSUMO DENTRO DEL ESTABL", "TAMANO957": "MICRO", "CIUDAD": "Cali", "COMUNA": "Comuna 09", "BARRIO": "Barrio Obrero", "DIRECCION_": "-CR 11  22   22", "TIPO_REGIS": "MERCANTIL", "PERSONAL_O": "0.0", "NUMERO_DE_": "0", "NUMERO_DE1": "0", "INGRESOS_A": "0.0", "X": "-76.52142355684778", "Y": "3.448556162016907", "Id": 0, "area": 136572.15568900001 }, "geometry": { "type": "Point", "coordinates": [ -76.521423556847779, 3.448556162016907 ] } },
{ "type": "Feature", "properties": { "NUM_INSCRI": "1232861", "Mes_Dia_An": "23 de septiembre de 2024", "Mes_Dia_A1": "31 de marzo de 2025", "CATEGORIA": "PERSONA NATURAL", "NOMBRE_SEC": "ALOJAMIENTO Y SERVICIOS DE COMIDA", "CODIGO_CII": "5630", "DESC_CIIU": "EXPENDIO DE BEBIDAS ALCOH?LICAS PARA EL CONSUMO DENTRO DEL ESTABL", "TAMANO957": "MICRO", "CIUDAD": "Cali", "COMUNA": "Comuna 09", "BARRIO": "Barrio Obrero", "DIRECCION_": "-CR 10  23   25", "TIPO_REGIS": "MERCANTIL", "PERSONAL_O": "0.0", "NUMERO_DE_": "0", "NUMERO_DE1": "0", "INGRESOS_A": "0.0", "X": "-76.51999086101414", "Y": "3.450081778086349", "Id": 0, "area": 136572.15568900001 }, "geometry": { "type": "Point", "coordinates": [ -76.519990861014136, 3.450081778086349 ] } },
{ "type": "Feature", "properties": { "NUM_INSCRI": "1237941", "Mes_Dia_An": "25 de noviembre de 2024", "Mes_Dia_A1": "27 de marzo de 2025", "CATEGORIA": "PERSONA NATURAL", "NOMBRE_SEC": "ALOJAMIENTO Y SERVICIOS DE COMIDA", "CODIGO_CII": "5630", "DESC_CIIU": "EXPENDIO DE BEBIDAS ALCOH?LICAS PARA EL CONSUMO DENTRO DEL ESTABL", "TAMANO957": "MICRO", "CIUDAD": "Cali", "COMUNA": "Comuna 09", "BARRIO": "Barrio Obrero", "DIRECCION_": "-CR 9  22   43", "TIPO_REGIS": "MERCANTIL", "PERSONAL_O": "0.0", "NUMERO_DE_": "0", "NUMERO_DE1": "0", "INGRESOS_A": "0.0", "X": "-76.52151625212255", "Y": "3.450636136104733", "Id": 0, "area": 136572.15568900001 }, "geometry": { "type": "Point", "coordinates": [ -76.521516252122552, 3.450636136104733 ] } },
{ "type": "Feature", "properties": { "NUM_INSCRI": "1241617", "Mes_Dia_An": "22 de enero de 2025", "Mes_Dia_A1": "22 de enero de 2025", "CATEGORIA": "PERSONA NATURAL", "NOMBRE_SEC": "ALOJAMIENTO Y SERVICIOS DE COMIDA", "CODIGO_CII": "5630", "DESC_CIIU": "EXPENDIO DE BEBIDAS ALCOH?LICAS PARA EL CONSUMO DENTRO DEL ESTABL", "TAMANO957": "MICRO", "CIUDAD": "Cali", "COMUNA": "Comuna 09", "BARRIO": "Barrio Obrero", "DIRECCION_": "-CR 8 A  22   02", "TIPO_REGIS": "MERCANTIL", "PERSONAL_O": "0.0", "NUMERO_DE_": "0", "NUMERO_DE1": "0", "INGRESOS_A": "0.0", "X": "-76.52219840449011", "Y": "3.45117150242376", "Id": 0, "area": 136572.15568900001 }, "geometry": { "type": "Point", "coordinates": [ -76.522198404490112, 3.45117150242376 ] } },
{ "type": "Feature", "properties": { "NUM_INSCRI": "1241974", "Mes_Dia_An": "24 de enero de 2025", "Mes_Dia_A1": "24 de enero de 2025", "CATEGORIA": "PERSONA NATURAL", "NOMBRE_SEC": "ALOJAMIENTO Y SERVICIOS DE COMIDA", "CODIGO_CII": "5630", "DESC_CIIU": "EXPENDIO DE BEBIDAS ALCOH?LICAS PARA EL CONSUMO DENTRO DEL ESTABL", "TAMANO957": "MICRO", "CIUDAD": "Cali", "COMUNA": "Comuna 09", "BARRIO": "Barrio Obrero", "DIRECCION_": "-CL 23  8 A   18", "TIPO_REGIS": "MERCANTIL", "PERSONAL_O": "0.0", "NUMERO_DE_": "0", "NUMERO_DE1": "0", "INGRESOS_A": "0.0", "X": "-76.52064691405948", "Y": "3.451396683637795", "Id": 0, "area": 136572.15568900001 }, "geometry": { "type": "Point", "coordinates": [ -76.520646914059483, 3.451396683637795 ] } },
{ "type": "Feature", "properties": { "NUM_INSCRI": "1242951", "Mes_Dia_An": "3 de febrero de 2025", "Mes_Dia_A1": "3 de febrero de 2025", "CATEGORIA": "PERSONA NATURAL", "NOMBRE_SEC": "ALOJAMIENTO Y SERVICIOS DE COMIDA", "CODIGO_CII": "5630", "DESC_CIIU": "EXPENDIO DE BEBIDAS ALCOH?LICAS PARA EL CONSUMO DENTRO DEL ESTABL", "TAMANO957": "MICRO", "CIUDAD": "Cali", "COMUNA": "Comuna 09", "BARRIO": "Barrio Obrero", "DIRECCION_": "-CR 10  23   73", "TIPO_REGIS": "MERCANTIL", "PERSONAL_O": "0.0", "NUMERO_DE_": "0", "NUMERO_DE1": "0", "INGRESOS_A": "0.0", "X": "-76.51956879120115", "Y": "3.450174020069701", "Id": 0, "area": 136572.15568900001 }, "geometry": { "type": "Point", "coordinates": [ -76.519568791201152, 3.450174020069701 ] } },
{ "type": "Feature", "properties": { "NUM_INSCRI": "1244227", "Mes_Dia_An": "12 de febrero de 2025", "Mes_Dia_A1": "12 de febrero de 2025", "CATEGORIA": "PERSONA NATURAL", "NOMBRE_SEC": "ALOJAMIENTO Y SERVICIOS DE COMIDA", "CODIGO_CII": "5630", "DESC_CIIU": "EXPENDIO DE BEBIDAS ALCOH?LICAS PARA EL CONSUMO DENTRO DEL ESTABL", "TAMANO957": "MICRO", "CIUDAD": "Cali", "COMUNA": "Comuna 09", "BARRIO": "Barrio Obrero", "DIRECCION_": "-CL 23  13 A   42", "TIPO_REGIS": "MERCANTIL", "PERSONAL_O": "0.0", "NUMERO_DE_": "0", "NUMERO_DE1": "0", "INGRESOS_A": "0.0", "X": "-76.51936451196053", "Y": "3.44528155864353", "Id": 0, "area": 136572.15568900001 }, "geometry": { "type": "Point", "coordinates": [ -76.519364511960532, 3.44528155864353 ] } },
{ "type": "Feature", "properties": { "NUM_INSCRI": "1251909", "Mes_Dia_An": "28 de abril de 2025", "Mes_Dia_A1": "28 de abril de 2025", "CATEGORIA": "PERSONA NATURAL", "NOMBRE_SEC": "ALOJAMIENTO Y SERVICIOS DE COMIDA", "CODIGO_CII": "5630", "DESC_CIIU": "EXPENDIO DE BEBIDAS ALCOH?LICAS PARA EL CONSUMO DENTRO DEL ESTABL", "TAMANO957": "MICRO", "CIUDAD": "Cali", "COMUNA": "Comuna 09", "BARRIO": "Barrio Obrero", "DIRECCION_": "-CL 22  9   50", "TIPO_REGIS": "MERCANTIL", "PERSONAL_O": "0.0", "NUMERO_DE_": "0", "NUMERO_DE1": "0", "INGRESOS_A": "0.0", "X": "-76.52208681022682", "Y": "3.449826754113807", "Id": 0, "area": 136572.15568900001 }, "geometry": { "type": "Point", "coordinates": [ -76.522086810226824, 3.449826754113807 ] } },
{ "type": "Feature", "properties": { "NUM_INSCRI": "1252773", "Mes_Dia_An": "7 de mayo de 2025", "Mes_Dia_A1": "7 de mayo de 2025", "CATEGORIA": "PERSONA NATURAL", "NOMBRE_SEC": "ALOJAMIENTO Y SERVICIOS DE COMIDA", "CODIGO_CII": "5630", "DESC_CIIU": "EXPENDIO DE BEBIDAS ALCOH?LICAS PARA EL CONSUMO DENTRO DEL ESTABL", "TAMANO957": "MICRO", "CIUDAD": "Cali", "COMUNA": "Comuna 09", "BARRIO": "Barrio Obrero", "DIRECCION_": "-CL 22 A  8 A   34", "TIPO_REGIS": "MERCANTIL", "PERSONAL_O": "0.0", "NUMERO_DE_": "0", "NUMERO_DE1": "0", "INGRESOS_A": "0.0", "X": "-76.52156214925876", "Y": "3.451021383438371", "Id": 0, "area": 136572.15568900001 }, "geometry": { "type": "Point", "coordinates": [ -76.521562149258756, 3.451021383438371 ] } },
{ "type": "Feature", "properties": { "NUM_INSCRI": "1252833", "Mes_Dia_An": "7 de mayo de 2025", "Mes_Dia_A1": "7 de mayo de 2025", "CATEGORIA": "PERSONA NATURAL", "NOMBRE_SEC": "ALOJAMIENTO Y SERVICIOS DE COMIDA", "CODIGO_CII": "5630", "DESC_CIIU": "EXPENDIO DE BEBIDAS ALCOH?LICAS PARA EL CONSUMO DENTRO DEL ESTABL", "TAMANO957": "MICRO", "CIUDAD": "Cali", "COMUNA": "Comuna 09", "BARRIO": "Barrio Obrero", "DIRECCION_": "-CR 10  24   03", "TIPO_REGIS": "MERCANTIL", "PERSONAL_O": "0.0", "NUMERO_DE_": "0", "NUMERO_DE1": "0", "INGRESOS_A": "0.0", "X": "-76.51935640635854", "Y": "3.450221949662246", "Id": 0, "area": 136572.15568900001 }, "geometry": { "type": "Point", "coordinates": [ -76.51935640635854, 3.450221949662246 ] } },
{ "type": "Feature", "properties": { "NUM_INSCRI": "1256461", "Mes_Dia_An": "13 de junio de 2025", "Mes_Dia_A1": "13 de junio de 2025", "CATEGORIA": "PERSONA NATURAL", "NOMBRE_SEC": "ALOJAMIENTO Y SERVICIOS DE COMIDA", "CODIGO_CII": "5630", "DESC_CIIU": "EXPENDIO DE BEBIDAS ALCOH?LICAS PARA EL CONSUMO DENTRO DEL ESTABL", "TAMANO957": "MICRO", "CIUDAD": "Cali", "COMUNA": "Comuna 09", "BARRIO": "Barrio Obrero", "DIRECCION_": "-CR 11 B  22   18", "TIPO_REGIS": "MERCANTIL", "PERSONAL_O": "0.0", "NUMERO_DE_": "0", "NUMERO_DE1": "0", "INGRESOS_A": "0.0", "X": "-76.52131376433172", "Y": "3.447831788473465", "Id": 0, "area": 136572.15568900001 }, "geometry": { "type": "Point", "coordinates": [ -76.521313764331722, 3.447831788473465 ] } },
{ "type": "Feature", "properties": { "NUM_INSCRI": "1257801", "Mes_Dia_An": "27 de junio de 2025", "Mes_Dia_A1": "27 de junio de 2025", "CATEGORIA": "PERSONA NATURAL", "NOMBRE_SEC": "ALOJAMIENTO Y SERVICIOS DE COMIDA", "CODIGO_CII": "5630", "DESC_CIIU": "EXPENDIO DE BEBIDAS ALCOH?LICAS PARA EL CONSUMO DENTRO DEL ESTABL", "TAMANO957": "MICRO", "CIUDAD": "Cali", "COMUNA": "Comuna 09", "BARRIO": "Barrio Obrero", "DIRECCION_": "-CR 12  22 A   06", "TIPO_REGIS": "MERCANTIL", "PERSONAL_O": "0.0", "NUMERO_DE_": "0", "NUMERO_DE1": "0", "INGRESOS_A": "0.0", "X": "-76.52023564473438", "Y": "3.446324259524991", "Id": 0, "area": 136572.15568900001 }, "geometry": { "type": "Point", "coordinates": [ -76.520235644734385, 3.446324259524991 ] } },
{ "type": "Feature", "properties": { "NUM_INSCRI": "1257817", "Mes_Dia_An": "27 de junio de 2025", "Mes_Dia_A1": "27 de junio de 2025", "CATEGORIA": "PERSONA NATURAL", "NOMBRE_SEC": "ALOJAMIENTO Y SERVICIOS DE COMIDA", "CODIGO_CII": "5630", "DESC_CIIU": "EXPENDIO DE BEBIDAS ALCOH?LICAS PARA EL CONSUMO DENTRO DEL ESTABL", "TAMANO957": "MICRO", "CIUDAD": "Cali", "COMUNA": "Comuna 09", "BARRIO": "Barrio Obrero", "DIRECCION_": "-CR 10  21   51", "TIPO_REGIS": "MERCANTIL", "PERSONAL_O": "0.0", "NUMERO_DE_": "0", "NUMERO_DE1": "0", "INGRESOS_A": "0.0", "X": "-76.52221280093987", "Y": "3.449702859789225", "Id": 0, "area": 136572.15568900001 }, "geometry": { "type": "Point", "coordinates": [ -76.522212800939869, 3.449702859789225 ] } },
{ "type": "Feature", "properties": { "NUM_INSCRI": "1258927", "Mes_Dia_An": "9 de julio de 2025", "Mes_Dia_A1": "9 de julio de 2025", "CATEGORIA": "PERSONA NATURAL", "NOMBRE_SEC": "ALOJAMIENTO Y SERVICIOS DE COMIDA", "CODIGO_CII": "5630", "DESC_CIIU": "EXPENDIO DE BEBIDAS ALCOH?LICAS PARA EL CONSUMO DENTRO DEL ESTABL", "TAMANO957": "MICRO", "CIUDAD": "Cali", "COMUNA": "Comuna 09", "BARRIO": "Barrio Obrero", "DIRECCION_": "-CL 22  9   73 LC 3", "TIPO_REGIS": "MERCANTIL", "PERSONAL_O": "0.0", "NUMERO_DE_": "0", "NUMERO_DE1": "0", "INGRESOS_A": "0.0", "X": "-76.52183212849936", "Y": "3.449775207303405", "Id": 0, "area": 136572.15568900001 }, "geometry": { "type": "Point", "coordinates": [ -76.521832128499355, 3.449775207303405 ] } },
{ "type": "Feature", "properties": { "NUM_INSCRI": "1262909", "Mes_Dia_An": "21 de agosto de 2025", "Mes_Dia_A1": "21 de agosto de 2025", "CATEGORIA": "PERSONA NATURAL", "NOMBRE_SEC": "ALOJAMIENTO Y SERVICIOS DE COMIDA", "CODIGO_CII": "5630", "DESC_CIIU": "EXPENDIO DE BEBIDAS ALCOH?LICAS PARA EL CONSUMO DENTRO DEL ESTABL", "TAMANO957": "MICRO", "CIUDAD": "Cali", "COMUNA": "Comuna 09", "BARRIO": "Barrio Obrero", "DIRECCION_": "-CR 14  21   65", "TIPO_REGIS": "MERCANTIL", "PERSONAL_O": "0.0", "NUMERO_DE_": "0", "NUMERO_DE1": "0", "INGRESOS_A": "0.0", "X": "-76.52093399135158", "Y": "3.444941528733974", "Id": 0, "area": 136572.15568900001 }, "geometry": { "type": "Point", "coordinates": [ -76.520933991351583, 3.444941528733974 ] } },
{ "type": "Feature", "properties": { "NUM_INSCRI": "1263628", "Mes_Dia_An": "28 de agosto de 2025", "Mes_Dia_A1": "28 de agosto de 2025", "CATEGORIA": "PERSONA NATURAL", "NOMBRE_SEC": "ALOJAMIENTO Y SERVICIOS DE COMIDA", "CODIGO_CII": "5630", "DESC_CIIU": "EXPENDIO DE BEBIDAS ALCOH?LICAS PARA EL CONSUMO DENTRO DEL ESTABL", "TAMANO957": "MICRO", "CIUDAD": "Cali", "COMUNA": "Comuna 09", "BARRIO": "Barrio Obrero", "DIRECCION_": "-CL 22 A  11 D   29", "TIPO_REGIS": "MERCANTIL", "PERSONAL_O": "0.0", "NUMERO_DE_": "0", "NUMERO_DE1": "0", "INGRESOS_A": "0.0", "X": "-76.52037873378464", "Y": "3.446958199558567", "Id": 0, "area": 136572.15568900001 }, "geometry": { "type": "Point", "coordinates": [ -76.520378733784639, 3.446958199558567 ] } },
{ "type": "Feature", "properties": { "NUM_INSCRI": "1264202", "Mes_Dia_An": "3 de septiembre de 2025", "Mes_Dia_A1": "3 de septiembre de 2025", "CATEGORIA": "PERSONA NATURAL", "NOMBRE_SEC": "ALOJAMIENTO Y SERVICIOS DE COMIDA", "CODIGO_CII": "5630", "DESC_CIIU": "EXPENDIO DE BEBIDAS ALCOH?LICAS PARA EL CONSUMO DENTRO DEL ESTABL", "TAMANO957": "MICRO", "CIUDAD": "Cali", "COMUNA": "Comuna 09", "BARRIO": "Barrio Obrero", "DIRECCION_": "-CR 10  21   51", "TIPO_REGIS": "MERCANTIL", "PERSONAL_O": "0.0", "NUMERO_DE_": "0", "NUMERO_DE1": "0", "INGRESOS_A": "0.0", "X": "-76.52221280093987", "Y": "3.449702859789225", "Id": 0, "area": 136572.15568900001 }, "geometry": { "type": "Point", "coordinates": [ -76.522212800939869, 3.449702859789225 ] } },
{ "type": "Feature", "properties": { "NUM_INSCRI": "1266196", "Mes_Dia_An": "22 de septiembre de 2025", "Mes_Dia_A1": "22 de septiembre de 2025", "CATEGORIA": "PERSONA NATURAL", "NOMBRE_SEC": "ALOJAMIENTO Y SERVICIOS DE COMIDA", "CODIGO_CII": "5630", "DESC_CIIU": "EXPENDIO DE BEBIDAS ALCOH?LICAS PARA EL CONSUMO DENTRO DEL ESTABL", "TAMANO957": "MICRO", "CIUDAD": "Cali", "COMUNA": "Comuna 09", "BARRIO": "Barrio Obrero", "DIRECCION_": "-CR 10  22 A   02", "TIPO_REGIS": "MERCANTIL", "PERSONAL_O": "0.0", "NUMERO_DE_": "0", "NUMERO_DE1": "0", "INGRESOS_A": "0.0", "X": "-76.52096189112653", "Y": "3.449559975959687", "Id": 0, "area": 136572.15568900001 }, "geometry": { "type": "Point", "coordinates": [ -76.520961891126532, 3.449559975959687 ] } },
{ "type": "Feature", "properties": { "NUM_INSCRI": "1269453", "Mes_Dia_An": "27 de octubre de 2025", "Mes_Dia_A1": "27 de octubre de 2025", "CATEGORIA": "PERSONA NATURAL", "NOMBRE_SEC": "ALOJAMIENTO Y SERVICIOS DE COMIDA", "CODIGO_CII": "5630", "DESC_CIIU": "EXPENDIO DE BEBIDAS ALCOH?LICAS PARA EL CONSUMO DENTRO DEL ESTABL", "TAMANO957": "MICRO", "CIUDAD": "Cali", "COMUNA": "Comuna 09", "BARRIO": "Barrio Obrero", "DIRECCION_": "-CR 10  23   71", "TIPO_REGIS": "MERCANTIL", "PERSONAL_O": "1.0", "NUMERO_DE_": "0", "NUMERO_DE1": "1", "INGRESOS_A": "0.0", "X": "-76.51958588997968", "Y": "3.45017040274113", "Id": 0, "area": 136572.15568900001 }, "geometry": { "type": "Point", "coordinates": [ -76.51958588997968, 3.45017040274113 ] } },
{ "type": "Feature", "properties": { "NUM_INSCRI": "1269669", "Mes_Dia_An": "29 de octubre de 2025", "Mes_Dia_A1": "29 de octubre de 2025", "CATEGORIA": "PERSONA NATURAL", "NOMBRE_SEC": "ALOJAMIENTO Y SERVICIOS DE COMIDA", "CODIGO_CII": "5630", "DESC_CIIU": "EXPENDIO DE BEBIDAS ALCOH?LICAS PARA EL CONSUMO DENTRO DEL ESTABL", "TAMANO957": "MICRO", "CIUDAD": "Cali", "COMUNA": "Comuna 09", "BARRIO": "Barrio Obrero", "DIRECCION_": "-CL 22  8 A 06", "TIPO_REGIS": "MERCANTIL", "PERSONAL_O": "0.0", "NUMERO_DE_": "0", "NUMERO_DE1": "0", "INGRESOS_A": "0.0", "X": "-76.52234509405321", "Y": "3.451128998340319", "Id": 0, "area": 136572.15568900001 }, "geometry": { "type": "Point", "coordinates": [ -76.522345094053208, 3.451128998340319 ] } },
{ "type": "Feature", "properties": { "NUM_INSCRI": "1270171", "Mes_Dia_An": "5 de noviembre de 2025", "Mes_Dia_A1": "5 de noviembre de 2025", "CATEGORIA": "PERSONA NATURAL", "NOMBRE_SEC": "ALOJAMIENTO Y SERVICIOS DE COMIDA", "CODIGO_CII": "5630", "DESC_CIIU": "EXPENDIO DE BEBIDAS ALCOH?LICAS PARA EL CONSUMO DENTRO DEL ESTABL", "TAMANO957": "MICRO", "CIUDAD": "Cali", "COMUNA": null, "BARRIO": null, "DIRECCION_": "-CL 22 A 11 B 19", "TIPO_REGIS": "MERCANTIL", "PERSONAL_O": "3.0", "NUMERO_DE_": "1", "NUMERO_DE1": "2", "INGRESOS_A": "2000000.0", "X": "-76.52056771961348", "Y": "3.447877909939326", "Id": 0, "area": 136572.15568900001 }, "geometry": { "type": "Point", "coordinates": [ -76.520567719613481, 3.447877909939326 ] } },
{ "type": "Feature", "properties": { "NUM_INSCRI": "1270218", "Mes_Dia_An": "5 de noviembre de 2025", "Mes_Dia_A1": "5 de noviembre de 2025", "CATEGORIA": "PERSONA NATURAL", "NOMBRE_SEC": "ALOJAMIENTO Y SERVICIOS DE COMIDA", "CODIGO_CII": "5630", "DESC_CIIU": "EXPENDIO DE BEBIDAS ALCOH?LICAS PARA EL CONSUMO DENTRO DEL ESTABL", "TAMANO957": "MICRO", "CIUDAD": "Cali", "COMUNA": "Comuna 09", "BARRIO": "Barrio Obrero", "DIRECCION_": "-CR 8  24   24", "TIPO_REGIS": "MERCANTIL", "PERSONAL_O": "0.0", "NUMERO_DE_": "0", "NUMERO_DE1": "0", "INGRESOS_A": "0.0", "X": "-76.51966958168258", "Y": "3.452633815624387", "Id": 0, "area": 136572.15568900001 }, "geometry": { "type": "Point", "coordinates": [ -76.519669581682578, 3.452633815624387 ] } },
{ "type": "Feature", "properties": { "NUM_INSCRI": "1272668", "Mes_Dia_An": "16 de diciembre de 2025", "Mes_Dia_A1": "16 de diciembre de 2025", "CATEGORIA": "PERSONA NATURAL", "NOMBRE_SEC": "ALOJAMIENTO Y SERVICIOS DE COMIDA", "CODIGO_CII": "5630", "DESC_CIIU": "EXPENDIO DE BEBIDAS ALCOH?LICAS PARA EL CONSUMO DENTRO DEL ESTABL", "TAMANO957": "MICRO", "CIUDAD": "Cali", "COMUNA": "Comuna 09", "BARRIO": "Barrio Obrero", "DIRECCION_": "-CR 10  22 A 03", "TIPO_REGIS": "MERCANTIL", "PERSONAL_O": "0.0", "NUMERO_DE_": "0", "NUMERO_DE1": "0", "INGRESOS_A": "0.0", "X": "-76.52101678729957", "Y": "3.449858407011789", "Id": 0, "area": 136572.15568900001 }, "geometry": { "type": "Point", "coordinates": [ -76.521016787299573, 3.449858407011789 ] } },
{ "type": "Feature", "properties": { "NUM_INSCRI": "1272733", "Mes_Dia_An": "17 de diciembre de 2025", "Mes_Dia_A1": "17 de diciembre de 2025", "CATEGORIA": "PERSONA NATURAL", "NOMBRE_SEC": "ALOJAMIENTO Y SERVICIOS DE COMIDA", "CODIGO_CII": "5630", "DESC_CIIU": "EXPENDIO DE BEBIDAS ALCOH?LICAS PARA EL CONSUMO DENTRO DEL ESTABL", "TAMANO957": "MICRO", "CIUDAD": "Cali", "COMUNA": "Comuna 09", "BARRIO": "Barrio Obrero", "DIRECCION_": "-CL 22 A  11 B   48", "TIPO_REGIS": "MERCANTIL", "PERSONAL_O": "0.0", "NUMERO_DE_": "0", "NUMERO_DE1": "0", "INGRESOS_A": "0.0", "X": "-76.52085029857696", "Y": "3.447508036212005", "Id": 0, "area": 136572.15568900001 }, "geometry": { "type": "Point", "coordinates": [ -76.52085029857696, 3.447508036212005 ] } },
{ "type": "Feature", "properties": { "NUM_INSCRI": "757236", "Mes_Dia_An": "9 de febrero de 2009", "Mes_Dia_A1": "28 de marzo de 2025", "CATEGORIA": "PERSONA NATURAL", "NOMBRE_SEC": "INFORMACI?N Y COMUNICACIONES", "CODIGO_CII": "5911", "DESC_CIIU": "ACTIVIDADES DE PRODUCCI?N DE PEL?CULAS CINEMATOGR?FICAS, VIDEOS,", "TAMANO957": "MICRO", "CIUDAD": "Cali", "COMUNA": "Comuna 09", "BARRIO": "Barrio Obrero", "DIRECCION_": "-CL 24 # 9 - 72", "TIPO_REGIS": "MERCANTIL", "PERSONAL_O": "1.0", "NUMERO_DE_": "1", "NUMERO_DE1": "0", "INGRESOS_A": "0.0", "X": "-76.51961108816148", "Y": "3.450183063478994", "Id": 0, "area": 136572.15568900001 }, "geometry": { "type": "Point", "coordinates": [ -76.519611088161483, 3.450183063478994 ] } },
{ "type": "Feature", "properties": { "NUM_INSCRI": "1253409", "Mes_Dia_An": "14 de mayo de 2025", "Mes_Dia_A1": "14 de mayo de 2025", "CATEGORIA": "PERSONA NATURAL", "NOMBRE_SEC": "INFORMACI?N Y COMUNICACIONES", "CODIGO_CII": "6190", "DESC_CIIU": "OTRAS ACTIVIDADES DE TELECOMUNICACIONES", "TAMANO957": "MICRO", "CIUDAD": "Cali", "COMUNA": "Comuna 09", "BARRIO": "Barrio Obrero", "DIRECCION_": "-CR 9  21   70", "TIPO_REGIS": "MERCANTIL", "PERSONAL_O": "0.0", "NUMERO_DE_": "0", "NUMERO_DE1": "0", "INGRESOS_A": "0.0", "X": "-76.52224969929695", "Y": "3.450280730805705", "Id": 0, "area": 136572.15568900001 }, "geometry": { "type": "Point", "coordinates": [ -76.52224969929695, 3.450280730805705 ] } },
{ "type": "Feature", "properties": { "NUM_INSCRI": "1217778", "Mes_Dia_An": "17 de abril de 2024", "Mes_Dia_A1": "17 de abril de 2024", "CATEGORIA": "PERSONA JURIDICA", "NOMBRE_SEC": "INFORMACI?N Y COMUNICACIONES", "CODIGO_CII": "6201", "DESC_CIIU": "ACTIVIDADES DE DESARROLLO DE SISTEMAS INFORM?TICOS (PLANIFICACI?N", "TAMANO957": "MICRO", "CIUDAD": "Cali", "COMUNA": "Comuna 12", "BARRIO": "Nueva Floresta Del Ict", "DIRECCION_": "-CL 25  9   54", "TIPO_REGIS": "MERCANTIL", "PERSONAL_O": "1.0", "NUMERO_DE_": "1", "NUMERO_DE1": "0", "INGRESOS_A": null, "X": "-76.5186868535233", "Y": "3.450618047996412", "Id": 0, "area": 136572.15568900001 }, "geometry": { "type": "Point", "coordinates": [ -76.518686853523306, 3.450618047996412 ] } },
{ "type": "Feature", "properties": { "NUM_INSCRI": "1202914", "Mes_Dia_An": "31 de octubre de 2023", "Mes_Dia_A1": "31 de marzo de 2025", "CATEGORIA": "PERSONA JURIDICA", "NOMBRE_SEC": "INFORMACI?N Y COMUNICACIONES", "CODIGO_CII": "6311", "DESC_CIIU": "PROCESAMIENTO DE DATOS, ALOJAMIENTO (HOSTING) Y ACTIVIDADES RELAC", "TAMANO957": "MICRO", "CIUDAD": "Cali", "COMUNA": "Comuna 22", "BARRIO": "Urbanizacion Ciudad Jardin", "DIRECCION_": "-CL 22 # 14 - 15", "TIPO_REGIS": "MERCANTIL", "PERSONAL_O": "2.0", "NUMERO_DE_": "1", "NUMERO_DE1": "1", "INGRESOS_A": "691431066.0", "X": "-76.52068561047956", "Y": "3.444735340033583", "Id": 0, "area": 136572.15568900001 }, "geometry": { "type": "Point", "coordinates": [ -76.520685610479561, 3.444735340033583 ] } },
{ "type": "Feature", "properties": { "NUM_INSCRI": "364703", "Mes_Dia_An": "7 de marzo de 1994", "Mes_Dia_A1": "26 de marzo de 2025", "CATEGORIA": "PERSONA JURIDICA", "NOMBRE_SEC": "ACTIVIDADES INMOBILIARIAS", "CODIGO_CII": "6810", "DESC_CIIU": "ACTIVIDADES INMOBILIARIAS REALIZADAS CON BIENES PROPIOS O ARRENDA", "TAMANO957": "MICRO", "CIUDAD": "Cali", "COMUNA": "Comuna 09", "BARRIO": "Barrio Obrero", "DIRECCION_": "-KR 15 # 22 - 09", "TIPO_REGIS": "MERCANTIL", "PERSONAL_O": "0.0", "NUMERO_DE_": "0", "NUMERO_DE1": "0", "INGRESOS_A": "0.0", "X": "-76.52044262930326", "Y": "3.444468560709372", "Id": 0, "area": 136572.15568900001 }, "geometry": { "type": "Point", "coordinates": [ -76.520442629303261, 3.444468560709372 ] } },
{ "type": "Feature", "properties": { "NUM_INSCRI": "790096", "Mes_Dia_An": "28 de abril de 2010", "Mes_Dia_A1": "27 de marzo de 2025", "CATEGORIA": "PERSONA JURIDICA", "NOMBRE_SEC": "ACTIVIDADES INMOBILIARIAS", "CODIGO_CII": "6810", "DESC_CIIU": "ACTIVIDADES INMOBILIARIAS REALIZADAS CON BIENES PROPIOS O ARRENDA", "TAMANO957": "MICRO", "CIUDAD": "Cali", "COMUNA": "Comuna 09", "BARRIO": "Barrio Obrero", "DIRECCION_": "-KR 12 # 23 - 20", "TIPO_REGIS": "MERCANTIL", "PERSONAL_O": "1.0", "NUMERO_DE_": "1", "NUMERO_DE1": "0", "INGRESOS_A": "0.0", "X": "-76.51929791558858", "Y": "3.446405649037686", "Id": 0, "area": 136572.15568900001 }, "geometry": { "type": "Point", "coordinates": [ -76.519297915588581, 3.446405649037686 ] } },
{ "type": "Feature", "properties": { "NUM_INSCRI": "1047946", "Mes_Dia_An": "8 de abril de 2019", "Mes_Dia_A1": "31 de marzo de 2025", "CATEGORIA": "PERSONA JURIDICA", "NOMBRE_SEC": "ACTIVIDADES INMOBILIARIAS", "CODIGO_CII": "6810", "DESC_CIIU": "ACTIVIDADES INMOBILIARIAS REALIZADAS CON BIENES PROPIOS O ARRENDA", "TAMANO957": "MICRO", "CIUDAD": "Cali", "COMUNA": "Comuna 09", "BARRIO": "Barrio Obrero", "DIRECCION_": "-KR 12 # 22 A - 51", "TIPO_REGIS": "MERCANTIL", "PERSONAL_O": "3.0", "NUMERO_DE_": "3", "NUMERO_DE1": "0", "INGRESOS_A": "16337187.0", "X": "-76.51985677312985", "Y": "3.446697750358214", "Id": 0, "area": 136572.15568900001 }, "geometry": { "type": "Point", "coordinates": [ -76.519856773129845, 3.446697750358214 ] } },
{ "type": "Feature", "properties": { "NUM_INSCRI": "1239272", "Mes_Dia_An": "17 de diciembre de 2024", "Mes_Dia_A1": "31 de marzo de 2025", "CATEGORIA": "PERSONA JURIDICA", "NOMBRE_SEC": "ACTIVIDADES PROFESIONALES, CIENT?FICAS Y T?CNICAS", "CODIGO_CII": "7020", "DESC_CIIU": "ACTIVIDADES DE CONSULTOR?A DE GESTI?N", "TAMANO957": "MICRO", "CIUDAD": "Cali", "COMUNA": "Area de expansi?n urbana", "BARRIO": "Bochalema", "DIRECCION_": "-CR 11  24   113 CA 38", "TIPO_REGIS": "MERCANTIL", "PERSONAL_O": "1.0", "NUMERO_DE_": "0", "NUMERO_DE1": "1", "INGRESOS_A": "0.0", "X": "-76.51841777504451", "Y": "3.449562686626548", "Id": 0, "area": 136572.15568900001 }, "geometry": { "type": "Point", "coordinates": [ -76.518417775044512, 3.449562686626548 ] } },
{ "type": "Feature", "properties": { "NUM_INSCRI": "1254282", "Mes_Dia_An": "23 de mayo de 2025", "Mes_Dia_A1": "23 de mayo de 2025", "CATEGORIA": "PERSONA JURIDICA", "NOMBRE_SEC": "ACTIVIDADES PROFESIONALES, CIENT?FICAS Y T?CNICAS", "CODIGO_CII": "7020", "DESC_CIIU": "ACTIVIDADES DE CONSULTOR?A DE GESTI?N", "TAMANO957": "MICRO", "CIUDAD": "Cali", "COMUNA": "Comuna 09", "BARRIO": "Barrio Obrero", "DIRECCION_": "-CL 24  11   57", "TIPO_REGIS": "MERCANTIL", "PERSONAL_O": "0.0", "NUMERO_DE_": "0", "NUMERO_DE1": "0", "INGRESOS_A": "0.0", "X": "-76.51900813368724", "Y": "3.448749689169422", "Id": 0, "area": 136572.15568900001 }, "geometry": { "type": "Point", "coordinates": [ -76.519008133687237, 3.448749689169422 ] } },
{ "type": "Feature", "properties": { "NUM_INSCRI": "1246266", "Mes_Dia_An": "4 de marzo de 2025", "Mes_Dia_A1": "31 de marzo de 2025", "CATEGORIA": "PERSONA JURIDICA", "NOMBRE_SEC": "ACTIVIDADES PROFESIONALES, CIENT?FICAS Y T?CNICAS", "CODIGO_CII": "7111", "DESC_CIIU": "ACTIVIDADES DE ARQUITECTURA", "TAMANO957": "PEQUE?A", "CIUDAD": "Cali", "COMUNA": "Comuna 09", "BARRIO": "Barrio Obrero", "DIRECCION_": "-C 23         9       54", "TIPO_REGIS": "MERCANTIL", "PERSONAL_O": "10.0", "NUMERO_DE_": "8", "NUMERO_DE1": "2", "INGRESOS_A": "2265052460.0", "X": "-76.52039223218969", "Y": "3.450231898117097", "Id": 0, "area": 136572.15568900001 }, "geometry": { "type": "Point", "coordinates": [ -76.520392232189693, 3.450231898117097 ] } },
{ "type": "Feature", "properties": { "NUM_INSCRI": "798688", "Mes_Dia_An": "20 de agosto de 2010", "Mes_Dia_A1": "28 de marzo de 2025", "CATEGORIA": "PERSONA NATURAL", "NOMBRE_SEC": "ACTIVIDADES PROFESIONALES, CIENT?FICAS Y T?CNICAS", "CODIGO_CII": "7112", "DESC_CIIU": "ACTIVIDADES DE INGENIER?A Y OTRAS ACTIVIDADES CONEXAS DE CONSULTO", "TAMANO957": "MICRO", "CIUDAD": "Cali", "COMUNA": "Comuna 09", "BARRIO": "Barrio Obrero", "DIRECCION_": "-CL 23 # 12 - 14", "TIPO_REGIS": "MERCANTIL", "PERSONAL_O": "1.0", "NUMERO_DE_": "1", "NUMERO_DE1": "0", "INGRESOS_A": "0.0", "X": "-76.51956969505909", "Y": "3.44639208431122", "Id": 0, "area": 136572.15568900001 }, "geometry": { "type": "Point", "coordinates": [ -76.51956969505909, 3.44639208431122 ] } },
{ "type": "Feature", "properties": { "NUM_INSCRI": "1239718", "Mes_Dia_An": "2 de enero de 2025", "Mes_Dia_A1": "2 de enero de 2025", "CATEGORIA": "PERSONA NATURAL", "NOMBRE_SEC": "ACTIVIDADES PROFESIONALES, CIENT?FICAS Y T?CNICAS", "CODIGO_CII": "7112", "DESC_CIIU": "ACTIVIDADES DE INGENIER?A Y OTRAS ACTIVIDADES CONEXAS DE CONSULTO", "TAMANO957": "MICRO", "CIUDAD": "Cali", "COMUNA": "Comuna 09", "BARRIO": "Barrio Obrero", "DIRECCION_": "-CL 23  12   08", "TIPO_REGIS": "MERCANTIL", "PERSONAL_O": "0.0", "NUMERO_DE_": "0", "NUMERO_DE1": "0", "INGRESOS_A": "0.0", "X": "-76.51958049418793", "Y": "3.446445440185342", "Id": 0, "area": 136572.15568900001 }, "geometry": { "type": "Point", "coordinates": [ -76.519580494187935, 3.446445440185342 ] } },
{ "type": "Feature", "properties": { "NUM_INSCRI": "810065", "Mes_Dia_An": "11 de febrero de 2011", "Mes_Dia_A1": "21 de mayo de 2025", "CATEGORIA": "PERSONA NATURAL", "NOMBRE_SEC": "ACTIVIDADES PROFESIONALES, CIENT?FICAS Y T?CNICAS", "CODIGO_CII": "7210", "DESC_CIIU": "INVESTIGACIONES Y DESARROLLO EXPERIMENTAL EN EL CAMPO DE LAS CIEN", "TAMANO957": "MICRO", "CIUDAD": "Cali", "COMUNA": "Comuna 09", "BARRIO": "Barrio Obrero", "DIRECCION_": "-CRA 11 # 23 - 67", "TIPO_REGIS": "MERCANTIL", "PERSONAL_O": "2.0", "NUMERO_DE_": "2", "NUMERO_DE1": "0", "INGRESOS_A": "0.0", "X": "-76.51943470181523", "Y": "3.449320326173344", "Id": 0, "area": 136572.15568900001 }, "geometry": { "type": "Point", "coordinates": [ -76.519434701815229, 3.449320326173344 ] } },
{ "type": "Feature", "properties": { "NUM_INSCRI": "826158", "Mes_Dia_An": "26 de agosto de 2011", "Mes_Dia_A1": "24 de julio de 2025", "CATEGORIA": "PERSONA NATURAL", "NOMBRE_SEC": "ACTIVIDADES PROFESIONALES, CIENT?FICAS Y T?CNICAS", "CODIGO_CII": "7310", "DESC_CIIU": "PUBLICIDAD", "TAMANO957": "MICRO", "CIUDAD": "Cali", "COMUNA": "Comuna 09", "BARRIO": "Barrio Obrero", "DIRECCION_": "-CL 21 # 8 - 37", "TIPO_REGIS": "MERCANTIL", "PERSONAL_O": "0.0", "NUMERO_DE_": "0", "NUMERO_DE1": "0", "INGRESOS_A": "200473712.0", "X": "-76.52300204842096", "Y": "3.451436471308424", "Id": 0, "area": 136572.15568900001 }, "geometry": { "type": "Point", "coordinates": [ -76.523002048420963, 3.451436471308424 ] } },
{ "type": "Feature", "properties": { "NUM_INSCRI": "923449", "Mes_Dia_An": "31 de marzo de 2015", "Mes_Dia_A1": "26 de marzo de 2025", "CATEGORIA": "PERSONA JURIDICA", "NOMBRE_SEC": "ACTIVIDADES PROFESIONALES, CIENT?FICAS Y T?CNICAS", "CODIGO_CII": "7310", "DESC_CIIU": "PUBLICIDAD", "TAMANO957": "PEQUE?A", "CIUDAD": "Cali", "COMUNA": "Comuna 09", "BARRIO": "Barrio Obrero", "DIRECCION_": "-KR 12 # 22 - 73", "TIPO_REGIS": "MERCANTIL", "PERSONAL_O": "8.0", "NUMERO_DE_": "6", "NUMERO_DE1": "2", "INGRESOS_A": "1609566993.0", "X": "-76.52065051334144", "Y": "3.446343250647102", "Id": 0, "area": 136572.15568900001 }, "geometry": { "type": "Point", "coordinates": [ -76.520650513341437, 3.446343250647102 ] } },
{ "type": "Feature", "properties": { "NUM_INSCRI": "940992", "Mes_Dia_An": "23 de noviembre de 2015", "Mes_Dia_A1": "31 de marzo de 2025", "CATEGORIA": "PERSONA NATURAL", "NOMBRE_SEC": "ACTIVIDADES PROFESIONALES, CIENT?FICAS Y T?CNICAS", "CODIGO_CII": "7310", "DESC_CIIU": "PUBLICIDAD", "TAMANO957": "MICRO", "CIUDAD": "Cali", "COMUNA": "Comuna 09", "BARRIO": "Barrio Obrero", "DIRECCION_": "-KR 8 A # 24 - 25", "TIPO_REGIS": "MERCANTIL", "PERSONAL_O": "1.0", "NUMERO_DE_": "0", "NUMERO_DE1": "1", "INGRESOS_A": "741629323.0", "X": "-76.51950669356803", "Y": "3.452060466086535", "Id": 0, "area": 136572.15568900001 }, "geometry": { "type": "Point", "coordinates": [ -76.519506693568033, 3.452060466086535 ] } },
{ "type": "Feature", "properties": { "NUM_INSCRI": "942056", "Mes_Dia_An": "17 de diciembre de 2015", "Mes_Dia_A1": "29 de marzo de 2025", "CATEGORIA": "PERSONA NATURAL", "NOMBRE_SEC": "ACTIVIDADES PROFESIONALES, CIENT?FICAS Y T?CNICAS", "CODIGO_CII": "7310", "DESC_CIIU": "PUBLICIDAD", "TAMANO957": "MICRO", "CIUDAD": "Cali", "COMUNA": "Comuna 09", "BARRIO": "Barrio Obrero", "DIRECCION_": "-CARRERA 11B # 22A28", "TIPO_REGIS": "MERCANTIL", "PERSONAL_O": "2.0", "NUMERO_DE_": "2", "NUMERO_DE1": "0", "INGRESOS_A": "0.0", "X": "-76.52037783366447", "Y": "3.447931265782574", "Id": 0, "area": 136572.15568900001 }, "geometry": { "type": "Point", "coordinates": [ -76.520377833664469, 3.447931265782574 ] } },
{ "type": "Feature", "properties": { "NUM_INSCRI": "1062846", "Mes_Dia_An": "3 de septiembre de 2019", "Mes_Dia_A1": "31 de marzo de 2025", "CATEGORIA": "PERSONA NATURAL", "NOMBRE_SEC": "ACTIVIDADES PROFESIONALES, CIENT?FICAS Y T?CNICAS", "CODIGO_CII": "7310", "DESC_CIIU": "PUBLICIDAD", "TAMANO957": "MICRO", "CIUDAD": "Cali", "COMUNA": "Comuna 09", "BARRIO": "Barrio Obrero", "DIRECCION_": "-CL 23 NRO 9 - 67", "TIPO_REGIS": "MERCANTIL", "PERSONAL_O": "0.0", "NUMERO_DE_": "0", "NUMERO_DE1": "0", "INGRESOS_A": "0.0", "X": "-76.52010695266236", "Y": "3.450128803651904", "Id": 0, "area": 136572.15568900001 }, "geometry": { "type": "Point", "coordinates": [ -76.52010695266236, 3.450128803651904 ] } },
{ "type": "Feature", "properties": { "NUM_INSCRI": "1077985", "Mes_Dia_An": "24 de febrero de 2020", "Mes_Dia_A1": "15 de mayo de 2025", "CATEGORIA": "PERSONA JURIDICA", "NOMBRE_SEC": "ACTIVIDADES PROFESIONALES, CIENT?FICAS Y T?CNICAS", "CODIGO_CII": "7310", "DESC_CIIU": "PUBLICIDAD", "TAMANO957": "MICRO", "CIUDAD": "Cali", "COMUNA": "Comuna 09", "BARRIO": "Barrio Obrero", "DIRECCION_": "-KR 11 B # 24 - 35", "TIPO_REGIS": "MERCANTIL", "PERSONAL_O": "1.0", "NUMERO_DE_": "1", "NUMERO_DE1": "0", "INGRESOS_A": "774288771.0", "X": "-76.51869135687426", "Y": "3.448740645230849", "Id": 0, "area": 136572.15568900001 }, "geometry": { "type": "Point", "coordinates": [ -76.518691356874257, 3.448740645230849 ] } },
{ "type": "Feature", "properties": { "NUM_INSCRI": "1160999", "Mes_Dia_An": "9 de agosto de 2022", "Mes_Dia_A1": "1 de abril de 2024", "CATEGORIA": "PERSONA NATURAL", "NOMBRE_SEC": "ACTIVIDADES PROFESIONALES, CIENT?FICAS Y T?CNICAS", "CODIGO_CII": "7310", "DESC_CIIU": "PUBLICIDAD", "TAMANO957": "MICRO", "CIUDAD": "Cali", "COMUNA": null, "BARRIO": null, "DIRECCION_": "-CR 12  22 A   24", "TIPO_REGIS": "MERCANTIL", "PERSONAL_O": "0.0", "NUMERO_DE_": "0", "NUMERO_DE1": "0", "INGRESOS_A": null, "X": "-76.52003855968469", "Y": "3.44625824286031", "Id": 0, "area": 136572.15568900001 }, "geometry": { "type": "Point", "coordinates": [ -76.520038559684693, 3.44625824286031 ] } },
{ "type": "Feature", "properties": { "NUM_INSCRI": "1185599", "Mes_Dia_An": "25 de abril de 2023", "Mes_Dia_A1": "31 de marzo de 2025", "CATEGORIA": "PERSONA NATURAL", "NOMBRE_SEC": "ACTIVIDADES PROFESIONALES, CIENT?FICAS Y T?CNICAS", "CODIGO_CII": "7310", "DESC_CIIU": "PUBLICIDAD", "TAMANO957": "MICRO", "CIUDAD": "Cali", "COMUNA": "Comuna 08", "BARRIO": "Municipal", "DIRECCION_": "-CL 23 # 13 A - 03", "TIPO_REGIS": "MERCANTIL", "PERSONAL_O": "0.0", "NUMERO_DE_": "0", "NUMERO_DE1": "0", "INGRESOS_A": "0.0", "X": "-76.51925831952978", "Y": "3.445709309751449", "Id": 0, "area": 136572.15568900001 }, "geometry": { "type": "Point", "coordinates": [ -76.519258319529783, 3.445709309751449 ] } },
{ "type": "Feature", "properties": { "NUM_INSCRI": "1199496", "Mes_Dia_An": "20 de septiembre de 2023", "Mes_Dia_A1": "20 de mayo de 2025", "CATEGORIA": "PERSONA JURIDICA", "NOMBRE_SEC": "ACTIVIDADES PROFESIONALES, CIENT?FICAS Y T?CNICAS", "CODIGO_CII": "7310", "DESC_CIIU": "PUBLICIDAD", "TAMANO957": "MICRO", "CIUDAD": "Cali", "COMUNA": "Comuna 09", "BARRIO": "Barrio Obrero", "DIRECCION_": "-KR 12 # 21 - 28", "TIPO_REGIS": "MERCANTIL", "PERSONAL_O": "0.0", "NUMERO_DE_": "0", "NUMERO_DE1": "0", "INGRESOS_A": "51279167.0", "X": "-76.52134076051303", "Y": "3.44559445957114", "Id": 0, "area": 136572.15568900001 }, "geometry": { "type": "Point", "coordinates": [ -76.521340760513027, 3.44559445957114 ] } },
{ "type": "Feature", "properties": { "NUM_INSCRI": "765065", "Mes_Dia_An": "18 de mayo de 2009", "Mes_Dia_A1": "31 de marzo de 2025", "CATEGORIA": "PERSONA JURIDICA", "NOMBRE_SEC": "ACTIVIDADES PROFESIONALES, CIENT?FICAS Y T?CNICAS", "CODIGO_CII": "7410", "DESC_CIIU": "ACTIVIDADES ESPECIALIZADAS DE DISE?O", "TAMANO957": "MEDIANA", "CIUDAD": "Cali", "COMUNA": "Comuna 09", "BARRIO": "Barrio Obrero", "DIRECCION_": "-CL 23 # 11 - 51", "TIPO_REGIS": "MERCANTIL", "PERSONAL_O": "22.0", "NUMERO_DE_": "14", "NUMERO_DE1": "8", "INGRESOS_A": "9664679454.0", "X": "-76.51977217795239", "Y": "3.448570631464415", "Id": 0, "area": 136572.15568900001 }, "geometry": { "type": "Point", "coordinates": [ -76.51977217795239, 3.448570631464415 ] } },
{ "type": "Feature", "properties": { "NUM_INSCRI": "1010068", "Mes_Dia_An": "6 de marzo de 2018", "Mes_Dia_A1": "27 de marzo de 2025", "CATEGORIA": "PERSONA JURIDICA", "NOMBRE_SEC": "ACTIVIDADES PROFESIONALES, CIENT?FICAS Y T?CNICAS", "CODIGO_CII": "7410", "DESC_CIIU": "ACTIVIDADES ESPECIALIZADAS DE DISE?O", "TAMANO957": "MICRO", "CIUDAD": "Cali", "COMUNA": "Comuna 09", "BARRIO": "Barrio Obrero", "DIRECCION_": "-KR 12 # 23 - 59", "TIPO_REGIS": "MERCANTIL", "PERSONAL_O": "0.0", "NUMERO_DE_": "0", "NUMERO_DE1": "0", "INGRESOS_A": "156761148.0", "X": "-76.51900723678527", "Y": "3.446883138359144", "Id": 0, "area": 136572.15568900001 }, "geometry": { "type": "Point", "coordinates": [ -76.519007236785271, 3.446883138359144 ] } },
{ "type": "Feature", "properties": { "NUM_INSCRI": "1045720", "Mes_Dia_An": "19 de marzo de 2019", "Mes_Dia_A1": "31 de marzo de 2025", "CATEGORIA": "PERSONA NATURAL", "NOMBRE_SEC": "ACTIVIDADES DE SERVICIOS ADMINISTRATIVOS Y DE APOYO", "CODIGO_CII": "7730", "DESC_CIIU": "ALQUILER Y ARRENDAMIENTO DE OTROS TIPOS DE MAQUINARIA, EQUIPO Y B", "TAMANO957": "MICRO", "CIUDAD": "Cali", "COMUNA": "Comuna 09", "BARRIO": "Barrio Obrero", "DIRECCION_": "-KR 8 A # 23 - 34", "TIPO_REGIS": "MERCANTIL", "PERSONAL_O": "2.0", "NUMERO_DE_": "1", "NUMERO_DE1": "1", "INGRESOS_A": "171063000.0", "X": "-76.5202365429138", "Y": "3.451469934847119", "Id": 0, "area": 136572.15568900001 }, "geometry": { "type": "Point", "coordinates": [ -76.520236542913807, 3.451469934847119 ] } },
{ "type": "Feature", "properties": { "NUM_INSCRI": "1062281", "Mes_Dia_An": "28 de agosto de 2019", "Mes_Dia_A1": "28 de marzo de 2025", "CATEGORIA": "PERSONA JURIDICA", "NOMBRE_SEC": "ACTIVIDADES DE SERVICIOS ADMINISTRATIVOS Y DE APOYO", "CODIGO_CII": "7730", "DESC_CIIU": "ALQUILER Y ARRENDAMIENTO DE OTROS TIPOS DE MAQUINARIA, EQUIPO Y B", "TAMANO957": "MICRO", "CIUDAD": "Cali", "COMUNA": "Comuna 09", "BARRIO": "Barrio Obrero", "DIRECCION_": "-CL 23 # 10 - 31", "TIPO_REGIS": "MERCANTIL", "PERSONAL_O": "11.0", "NUMERO_DE_": "8", "NUMERO_DE1": "3", "INGRESOS_A": "0.0", "X": "-76.5200493571222", "Y": "3.449512950401731", "Id": 0, "area": 136572.15568900001 }, "geometry": { "type": "Point", "coordinates": [ -76.520049357122204, 3.449512950401731 ] } },
{ "type": "Feature", "properties": { "NUM_INSCRI": "1158186", "Mes_Dia_An": "13 de julio de 2022", "Mes_Dia_A1": "11 de marzo de 2025", "CATEGORIA": "PERSONA NATURAL", "NOMBRE_SEC": "ACTIVIDADES DE SERVICIOS ADMINISTRATIVOS Y DE APOYO", "CODIGO_CII": "7730", "DESC_CIIU": "ALQUILER Y ARRENDAMIENTO DE OTROS TIPOS DE MAQUINARIA, EQUIPO Y B", "TAMANO957": "MICRO", "CIUDAD": "Cali", "COMUNA": "Comuna 09", "BARRIO": "Barrio Obrero", "DIRECCION_": "-CR 13 A 22 A 61", "TIPO_REGIS": "MERCANTIL", "PERSONAL_O": "1.0", "NUMERO_DE_": "0", "NUMERO_DE1": "1", "INGRESOS_A": "0.0", "X": "-76.51961739206968", "Y": "3.445767187724138", "Id": 0, "area": 136572.15568900001 }, "geometry": { "type": "Point", "coordinates": [ -76.519617392069676, 3.445767187724138 ] } },
{ "type": "Feature", "properties": { "NUM_INSCRI": "1232814", "Mes_Dia_An": "23 de septiembre de 2024", "Mes_Dia_A1": "17 de marzo de 2025", "CATEGORIA": "PERSONA JURIDICA", "NOMBRE_SEC": "ACTIVIDADES DE SERVICIOS ADMINISTRATIVOS Y DE APOYO", "CODIGO_CII": "7730", "DESC_CIIU": "ALQUILER Y ARRENDAMIENTO DE OTROS TIPOS DE MAQUINARIA, EQUIPO Y B", "TAMANO957": "MICRO", "CIUDAD": "Cali", "COMUNA": "Comuna 09", "BARRIO": "Barrio Obrero", "DIRECCION_": "-CR 13 A 22 A 61", "TIPO_REGIS": "MERCANTIL", "PERSONAL_O": "6.0", "NUMERO_DE_": "4", "NUMERO_DE1": "2", "INGRESOS_A": "0.0", "X": "-76.51961739206968", "Y": "3.445767187724138", "Id": 0, "area": 136572.15568900001 }, "geometry": { "type": "Point", "coordinates": [ -76.519617392069676, 3.445767187724138 ] } },
{ "type": "Feature", "properties": { "NUM_INSCRI": "1256357", "Mes_Dia_An": "12 de junio de 2025", "Mes_Dia_A1": "12 de junio de 2025", "CATEGORIA": "PERSONA JURIDICA", "NOMBRE_SEC": "ACTIVIDADES DE SERVICIOS ADMINISTRATIVOS Y DE APOYO", "CODIGO_CII": "8020", "DESC_CIIU": "ACTIVIDADES DE SERVICIOS DE SISTEMAS DE SEGURIDAD", "TAMANO957": "MICRO", "CIUDAD": "Cali", "COMUNA": null, "BARRIO": null, "DIRECCION_": "-CR 15   21   53", "TIPO_REGIS": "MERCANTIL", "PERSONAL_O": "1.0", "NUMERO_DE_": "0", "NUMERO_DE1": "1", "INGRESOS_A": "0.0", "X": "-76.52085479727756", "Y": "3.444347379554486", "Id": 0, "area": 136572.15568900001 }, "geometry": { "type": "Point", "coordinates": [ -76.520854797277565, 3.444347379554486 ] } },
{ "type": "Feature", "properties": { "NUM_INSCRI": "1273021", "Mes_Dia_An": "29 de diciembre de 2025", "Mes_Dia_A1": "29 de diciembre de 2025", "CATEGORIA": "PERSONA JURIDICA", "NOMBRE_SEC": "ACTIVIDADES DE SERVICIOS ADMINISTRATIVOS Y DE APOYO", "CODIGO_CII": "8220", "DESC_CIIU": "ACTIVIDADES DE CENTROS DE LLAMADAS (CALL CENTER)", "TAMANO957": "MICRO", "CIUDAD": "Cali", "COMUNA": "Comuna 17", "BARRIO": "Lili", "DIRECCION_": "-CL 22  14   64", "TIPO_REGIS": "MERCANTIL", "PERSONAL_O": "2.0", "NUMERO_DE_": "1", "NUMERO_DE1": "1", "INGRESOS_A": "0.0", "X": "-76.52072160761652", "Y": "3.444257850252927", "Id": 0, "area": 136572.15568900001 }, "geometry": { "type": "Point", "coordinates": [ -76.520721607616522, 3.444257850252927 ] } },
{ "type": "Feature", "properties": { "NUM_INSCRI": "63656", "Mes_Dia_An": "12 de marzo de 1992", "Mes_Dia_A1": "21 de marzo de 2025", "CATEGORIA": "PERSONA NATURAL", "NOMBRE_SEC": "ACTIVIDADES DE SERVICIOS ADMINISTRATIVOS Y DE APOYO", "CODIGO_CII": "8299", "DESC_CIIU": "OTRAS ACTIVIDADES DE SERVICIO DE APOYO A LAS EMPRESAS N.C.P.", "TAMANO957": "MICRO", "CIUDAD": "Cali", "COMUNA": "Comuna 09", "BARRIO": "Barrio Obrero", "DIRECCION_": "-KR 11 # 22 - 11", "TIPO_REGIS": "MERCANTIL", "PERSONAL_O": "1.0", "NUMERO_DE_": "1", "NUMERO_DE1": "0", "INGRESOS_A": "2960900.0", "X": "-76.52158824518585", "Y": "3.448945026597267", "Id": 0, "area": 136572.15568900001 }, "geometry": { "type": "Point", "coordinates": [ -76.521588245185853, 3.448945026597267 ] } },
{ "type": "Feature", "properties": { "NUM_INSCRI": "1151972", "Mes_Dia_An": "9 de mayo de 2022", "Mes_Dia_A1": "4 de abril de 2025", "CATEGORIA": "PERSONA NATURAL", "NOMBRE_SEC": "EDUCACI?N", "CODIGO_CII": "8511", "DESC_CIIU": "EDUCACI?N DE LA PRIMERA INFANCIA", "TAMANO957": "MICRO", "CIUDAD": "Cali", "COMUNA": "Comuna 17", "BARRIO": "Santa Anita La Selva", "DIRECCION_": "-CL 22 # 9 - 08", "TIPO_REGIS": "MERCANTIL", "PERSONAL_O": "0.0", "NUMERO_DE_": "0", "NUMERO_DE1": "0", "INGRESOS_A": "0.0", "X": "-76.52215520604501", "Y": "3.45027349627659", "Id": 0, "area": 136572.15568900001 }, "geometry": { "type": "Point", "coordinates": [ -76.522155206045014, 3.45027349627659 ] } },
{ "type": "Feature", "properties": { "NUM_INSCRI": "1200784", "Mes_Dia_An": "5 de octubre de 2023", "Mes_Dia_A1": "31 de marzo de 2025", "CATEGORIA": "PERSONA JURIDICA", "NOMBRE_SEC": "EDUCACI?N", "CODIGO_CII": "8551", "DESC_CIIU": "FORMACI?N PARA EL TRABAJO", "TAMANO957": "MICRO", "CIUDAD": "Cali", "COMUNA": "Comuna 09", "BARRIO": "Barrio Obrero", "DIRECCION_": "-KR 10 # 24 - 47", "TIPO_REGIS": "MERCANTIL", "PERSONAL_O": "2.0", "NUMERO_DE_": "2", "NUMERO_DE1": "0", "INGRESOS_A": "0.0", "X": "-76.51899913158103", "Y": "3.450441702930042", "Id": 0, "area": 136572.15568900001 }, "geometry": { "type": "Point", "coordinates": [ -76.518999131581026, 3.450441702930042 ] } },
{ "type": "Feature", "properties": { "NUM_INSCRI": "18568", "Mes_Dia_An": "23 de octubre de 2017", "Mes_Dia_A1": "8 de junio de 2025", "CATEGORIA": "0", "NOMBRE_SEC": "EDUCACI?N", "CODIGO_CII": "8560", "DESC_CIIU": "ACTIVIDADES DE APOYO A LA EDUCACI?N", "TAMANO957": "MICRO", "CIUDAD": "Cali", "COMUNA": "Comuna 09", "BARRIO": "Barrio Obrero", "DIRECCION_": "-CALLE 23 # 11-51", "TIPO_REGIS": "ESAL", "PERSONAL_O": "0.0", "NUMERO_DE_": "0", "NUMERO_DE1": "0", "INGRESOS_A": "871300000.0", "X": "-76.51977217795239", "Y": "3.448570631464415", "Id": 0, "area": 136572.15568900001 }, "geometry": { "type": "Point", "coordinates": [ -76.51977217795239, 3.448570631464415 ] } },
{ "type": "Feature", "properties": { "NUM_INSCRI": "468751", "Mes_Dia_An": "23 de septiembre de 1997", "Mes_Dia_A1": "31 de marzo de 2025", "CATEGORIA": "PERSONA NATURAL", "NOMBRE_SEC": "ACTIVIDADES DE ATENCI?N DE LA SALUD HUMANA Y DE ASISTENCIA SOCIAL", "CODIGO_CII": "8621", "DESC_CIIU": "ACTIVIDADES DE LA PRACTICA MEDICA", "TAMANO957": "MICRO", "CIUDAD": "Cali", "COMUNA": "Comuna 09", "BARRIO": "Barrio Obrero", "DIRECCION_": "-CL 22 A # 9 - 66 PI 2", "TIPO_REGIS": "MERCANTIL", "PERSONAL_O": "1.0", "NUMERO_DE_": "1", "NUMERO_DE1": "0", "INGRESOS_A": "0.0", "X": "-76.52120397387952", "Y": "3.449938892860313", "Id": 0, "area": 136572.15568900001 }, "geometry": { "type": "Point", "coordinates": [ -76.521203973879523, 3.449938892860313 ] } },
{ "type": "Feature", "properties": { "NUM_INSCRI": "709203", "Mes_Dia_An": "9 de abril de 2007", "Mes_Dia_A1": "19 de febrero de 2025", "CATEGORIA": "PERSONA NATURAL", "NOMBRE_SEC": "ACTIVIDADES DE ATENCI?N DE LA SALUD HUMANA Y DE ASISTENCIA SOCIAL", "CODIGO_CII": "8622", "DESC_CIIU": "ACTIVIDADES DE LA PRACTICA ODONTOLOGICA", "TAMANO957": "MICRO", "CIUDAD": "Cali", "COMUNA": "Comuna 09", "BARRIO": "Barrio Obrero", "DIRECCION_": "C 22        10       27", "TIPO_REGIS": "MERCANTIL", "PERSONAL_O": "1.0", "NUMERO_DE_": "1", "NUMERO_DE1": "0", "INGRESOS_A": "0.0", "X": "-76.521759233176", "Y": "3.449313995732573", "Id": 0, "area": 136572.15568900001 }, "geometry": { "type": "Point", "coordinates": [ -76.521759233175999, 3.449313995732573 ] } },
{ "type": "Feature", "properties": { "NUM_INSCRI": "739210", "Mes_Dia_An": "20 de mayo de 2008", "Mes_Dia_A1": "6 de marzo de 2025", "CATEGORIA": "PERSONA NATURAL", "NOMBRE_SEC": "ACTIVIDADES DE ATENCI?N DE LA SALUD HUMANA Y DE ASISTENCIA SOCIAL", "CODIGO_CII": "8622", "DESC_CIIU": "ACTIVIDADES DE LA PRACTICA ODONTOLOGICA", "TAMANO957": "MICRO", "CIUDAD": "Cali", "COMUNA": "Comuna 09", "BARRIO": "Barrio Obrero", "DIRECCION_": "-KR 10 # 22 - 16 PI 2", "TIPO_REGIS": "MERCANTIL", "PERSONAL_O": "7.0", "NUMERO_DE_": "7", "NUMERO_DE1": "0", "INGRESOS_A": "0.0", "X": "-76.5216224431223", "Y": "3.449333891300722", "Id": 0, "area": 136572.15568900001 }, "geometry": { "type": "Point", "coordinates": [ -76.521622443122297, 3.449333891300722 ] } },
{ "type": "Feature", "properties": { "NUM_INSCRI": "819838", "Mes_Dia_An": "9 de junio de 2011", "Mes_Dia_A1": "10 de marzo de 2025", "CATEGORIA": "PERSONA NATURAL", "NOMBRE_SEC": "ACTIVIDADES DE ATENCI?N DE LA SALUD HUMANA Y DE ASISTENCIA SOCIAL", "CODIGO_CII": "8622", "DESC_CIIU": "ACTIVIDADES DE LA PRACTICA ODONTOLOGICA", "TAMANO957": "MICRO", "CIUDAD": "Cali", "COMUNA": "Comuna 09", "BARRIO": "Barrio Obrero", "DIRECCION_": "-KR 11 # 23 - 23", "TIPO_REGIS": "MERCANTIL", "PERSONAL_O": "0.0", "NUMERO_DE_": "0", "NUMERO_DE1": "0", "INGRESOS_A": "0.0", "X": "-76.51982077387589", "Y": "3.44923260590351", "Id": 0, "area": 136572.15568900001 }, "geometry": { "type": "Point", "coordinates": [ -76.519820773875892, 3.44923260590351 ] } },
{ "type": "Feature", "properties": { "NUM_INSCRI": "1026208", "Mes_Dia_An": "21 de agosto de 2018", "Mes_Dia_A1": "31 de marzo de 2025", "CATEGORIA": "PERSONA NATURAL", "NOMBRE_SEC": "ACTIVIDADES DE ATENCI?N DE LA SALUD HUMANA Y DE ASISTENCIA SOCIAL", "CODIGO_CII": "8691", "DESC_CIIU": "ACTIVIDADES DE APOYO DIAGN?STICO", "TAMANO957": "MICRO", "CIUDAD": "Cali", "COMUNA": "Comuna 09", "BARRIO": "Barrio Obrero", "DIRECCION_": "-KR 11 B # 22 A - 16 BARRIO OBRERO", "TIPO_REGIS": "MERCANTIL", "PERSONAL_O": "1.0", "NUMERO_DE_": "0", "NUMERO_DE1": "1", "INGRESOS_A": "65034000.0", "X": "-76.52047772627158", "Y": "3.447945735182852", "Id": 0, "area": 136572.15568900001 }, "geometry": { "type": "Point", "coordinates": [ -76.520477726271579, 3.447945735182852 ] } },
{ "type": "Feature", "properties": { "NUM_INSCRI": "1021795", "Mes_Dia_An": "5 de julio de 2018", "Mes_Dia_A1": "25 de noviembre de 2025", "CATEGORIA": "PERSONA NATURAL", "NOMBRE_SEC": "ACTIVIDADES ART?STICAS, DE ENTRETENIMIENTO Y RECREACI?N", "CODIGO_CII": "9008", "DESC_CIIU": "OTRAS ACTIVIDADES DE ESPECT?CULOS EN VIVO", "TAMANO957": "MICRO", "CIUDAD": "Cali", "COMUNA": "Comuna 09", "BARRIO": "Barrio Obrero", "DIRECCION_": "-CR 11 B  23   54", "TIPO_REGIS": "MERCANTIL", "PERSONAL_O": "0.0", "NUMERO_DE_": "0", "NUMERO_DE1": "0", "INGRESOS_A": "0.0", "X": "-76.51931321215851", "Y": "3.448148305768164", "Id": 0, "area": 136572.15568900001 }, "geometry": { "type": "Point", "coordinates": [ -76.519313212158508, 3.448148305768164 ] } },
{ "type": "Feature", "properties": { "NUM_INSCRI": "17020", "Mes_Dia_An": "10 de marzo de 2015", "Mes_Dia_A1": "12 de mayo de 2025", "CATEGORIA": "0", "NOMBRE_SEC": "ACTIVIDADES ART?STICAS, DE ENTRETENIMIENTO Y RECREACI?N", "CODIGO_CII": "9102", "DESC_CIIU": "ACTIVIDADES Y FUNCIONAMIENTO DE MUSEOS, CONSERVACI?N DE EDIFICIOS", "TAMANO957": "MICRO", "CIUDAD": "Cali", "COMUNA": null, "BARRIO": null, "DIRECCION_": "-CR 11 B  24   46", "TIPO_REGIS": "ESAL", "PERSONAL_O": "0.0", "NUMERO_DE_": "0", "NUMERO_DE1": "0", "INGRESOS_A": "7800000.0", "X": "-76.51852127017445", "Y": "3.448338215084725", "Id": 0, "area": 136572.15568900001 }, "geometry": { "type": "Point", "coordinates": [ -76.518521270174446, 3.448338215084725 ] } },
{ "type": "Feature", "properties": { "NUM_INSCRI": "1079338", "Mes_Dia_An": "4 de marzo de 2020", "Mes_Dia_A1": "4 de febrero de 2025", "CATEGORIA": "PERSONA NATURAL", "NOMBRE_SEC": "ACTIVIDADES ART?STICAS, DE ENTRETENIMIENTO Y RECREACI?N", "CODIGO_CII": "9200", "DESC_CIIU": "ACTIVIDADES DE JUEGOS DE AZAR Y APUESTAS", "TAMANO957": "MICRO", "CIUDAD": "Cali", "COMUNA": "Comuna 09", "BARRIO": "Barrio Obrero", "DIRECCION_": "-KR 10 # 21 - 55", "TIPO_REGIS": "MERCANTIL", "PERSONAL_O": "1.0", "NUMERO_DE_": "1", "NUMERO_DE1": "0", "INGRESOS_A": "92750000.0", "X": "-76.52215160537733", "Y": "3.449716424942771", "Id": 0, "area": 136572.15568900001 }, "geometry": { "type": "Point", "coordinates": [ -76.522151605377331, 3.449716424942771 ] } },
{ "type": "Feature", "properties": { "NUM_INSCRI": "1268337", "Mes_Dia_An": "15 de octubre de 2025", "Mes_Dia_A1": "15 de octubre de 2025", "CATEGORIA": "PERSONA NATURAL", "NOMBRE_SEC": "ACTIVIDADES ART?STICAS, DE ENTRETENIMIENTO Y RECREACI?N", "CODIGO_CII": "9200", "DESC_CIIU": "ACTIVIDADES DE JUEGOS DE AZAR Y APUESTAS", "TAMANO957": "MICRO", "CIUDAD": "Cali", "COMUNA": "Comuna 09", "BARRIO": "Barrio Obrero", "DIRECCION_": "-CR 10  23   03", "TIPO_REGIS": "MERCANTIL", "PERSONAL_O": "0.0", "NUMERO_DE_": "0", "NUMERO_DE1": "0", "INGRESOS_A": "0.0", "X": "-76.52018344721324", "Y": "3.450039274363253", "Id": 0, "area": 136572.15568900001 }, "geometry": { "type": "Point", "coordinates": [ -76.520183447213242, 3.450039274363253 ] } },
{ "type": "Feature", "properties": { "NUM_INSCRI": "6058", "Mes_Dia_An": "11 de septiembre de 2003", "Mes_Dia_A1": "18 de abril de 2024", "CATEGORIA": "0", "NOMBRE_SEC": "OTRAS ACTIVIDADES DE SERVICIOS", "CODIGO_CII": "9499", "DESC_CIIU": "AYUDA A LA NI?EZ CON ALIMENTACION Y ELABORACION DE TAREAS", "TAMANO957": "MICRO", "CIUDAD": "Cali", "COMUNA": null, "BARRIO": null, "DIRECCION_": "-CL 23 # 13 A - 25", "TIPO_REGIS": "ESAL", "PERSONAL_O": "0.0", "NUMERO_DE_": "0", "NUMERO_DE1": "0", "INGRESOS_A": null, "X": "-76.5192394212156", "Y": "3.445532964073845", "Id": 0, "area": 136572.15568900001 }, "geometry": { "type": "Point", "coordinates": [ -76.519239421215602, 3.445532964073845 ] } },
{ "type": "Feature", "properties": { "NUM_INSCRI": "16074", "Mes_Dia_An": "25 de octubre de 2013", "Mes_Dia_A1": "11 de marzo de 2025", "CATEGORIA": "0", "NOMBRE_SEC": "OTRAS ACTIVIDADES DE SERVICIOS", "CODIGO_CII": "9499", "DESC_CIIU": "ACTIVIDADES DE OTRAS ASOCIACIONES N.C.P.", "TAMANO957": "MICRO", "CIUDAD": "Cali", "COMUNA": "Comuna 09", "BARRIO": "Barrio Obrero", "DIRECCION_": "-KR 11 B # 24 - 44 PI 2", "TIPO_REGIS": "ESAL", "PERSONAL_O": "0.0", "NUMERO_DE_": "0", "NUMERO_DE1": "0", "INGRESOS_A": "0.0", "X": "-76.5185797656723", "Y": "3.44843407489072", "Id": 0, "area": 136572.15568900001 }, "geometry": { "type": "Point", "coordinates": [ -76.5185797656723, 3.44843407489072 ] } },
{ "type": "Feature", "properties": { "NUM_INSCRI": "22082", "Mes_Dia_An": "21 de octubre de 2023", "Mes_Dia_A1": "27 de marzo de 2025", "CATEGORIA": "0", "NOMBRE_SEC": "OTRAS ACTIVIDADES DE SERVICIOS", "CODIGO_CII": "9499", "DESC_CIIU": "ACTIVIDADES DE OTRAS ASOCIACIONES N.C.P.", "TAMANO957": "MICRO", "CIUDAD": "Cali", "COMUNA": "Comuna 09", "BARRIO": "Barrio Obrero", "DIRECCION_": "-CL 23  8 A   34", "TIPO_REGIS": "ESAL", "PERSONAL_O": "1.0", "NUMERO_DE_": "0", "NUMERO_DE1": "1", "INGRESOS_A": "76000000.0", "X": "-76.5207648057194", "Y": "3.451190494882834", "Id": 0, "area": 136572.15568900001 }, "geometry": { "type": "Point", "coordinates": [ -76.520764805719395, 3.451190494882834 ] } },
{ "type": "Feature", "properties": { "NUM_INSCRI": "22383", "Mes_Dia_An": "12 de abril de 2024", "Mes_Dia_A1": "5 de marzo de 2025", "CATEGORIA": "0", "NOMBRE_SEC": "OTRAS ACTIVIDADES DE SERVICIOS", "CODIGO_CII": "9499", "DESC_CIIU": "ACTIVIDADES DE OTRAS ASOCIACIONES N.C.P.", "TAMANO957": "MICRO", "CIUDAD": "Cali", "COMUNA": "Comuna 09", "BARRIO": "Barrio Obrero", "DIRECCION_": "-CR 11 B  24   59", "TIPO_REGIS": "ESAL", "PERSONAL_O": "0.0", "NUMERO_DE_": "0", "NUMERO_DE1": "0", "INGRESOS_A": "0.0", "X": "-76.51848257236902", "Y": "3.448638454758155", "Id": 0, "area": 136572.15568900001 }, "geometry": { "type": "Point", "coordinates": [ -76.518482572369024, 3.448638454758155 ] } },
{ "type": "Feature", "properties": { "NUM_INSCRI": "22847", "Mes_Dia_An": "13 de diciembre de 2024", "Mes_Dia_A1": "31 de marzo de 2025", "CATEGORIA": "0", "NOMBRE_SEC": "OTRAS ACTIVIDADES DE SERVICIOS", "CODIGO_CII": "9499", "DESC_CIIU": "ACTIVIDADES DE OTRAS ASOCIACIONES N.C.P.", "TAMANO957": "MICRO", "CIUDAD": "Cali", "COMUNA": "Comuna 09", "BARRIO": "Barrio Obrero", "DIRECCION_": "-CL 21  11 B   57", "TIPO_REGIS": "ESAL", "PERSONAL_O": "0.0", "NUMERO_DE_": "0", "NUMERO_DE1": "0", "INGRESOS_A": "0.0", "X": "-76.52187442186775", "Y": "3.44716077007775", "Id": 0, "area": 136572.15568900001 }, "geometry": { "type": "Point", "coordinates": [ -76.52187442186775, 3.44716077007775 ] } },
{ "type": "Feature", "properties": { "NUM_INSCRI": "23237", "Mes_Dia_An": "5 de agosto de 2025", "Mes_Dia_A1": "5 de agosto de 2025", "CATEGORIA": "0", "NOMBRE_SEC": "OTRAS ACTIVIDADES DE SERVICIOS", "CODIGO_CII": "9499", "DESC_CIIU": "ACTIVIDADES DE OTRAS ASOCIACIONES N.C.P.", "TAMANO957": "MICRO", "CIUDAD": "Cali", "COMUNA": "Comuna 09", "BARRIO": "Barrio Obrero", "DIRECCION_": "-CL 22  14   34", "TIPO_REGIS": "ESAL", "PERSONAL_O": "0.0", "NUMERO_DE_": "0", "NUMERO_DE1": "0", "INGRESOS_A": "0.0", "X": "-76.5209276916561", "Y": "3.444465847636587", "Id": 0, "area": 136572.15568900001 }, "geometry": { "type": "Point", "coordinates": [ -76.520927691656098, 3.444465847636587 ] } },
{ "type": "Feature", "properties": { "NUM_INSCRI": "1106975", "Mes_Dia_An": "2 de febrero de 2021", "Mes_Dia_A1": "7 de abril de 2025", "CATEGORIA": "PERSONA NATURAL", "NOMBRE_SEC": "OTRAS ACTIVIDADES DE SERVICIOS", "CODIGO_CII": "9522", "DESC_CIIU": "MANTENIMIENTO Y REPARACI?N DE APARATOS Y EQUIPOS DOM?STICOS Y DE", "TAMANO957": "MICRO", "CIUDAD": "Cali", "COMUNA": "Comuna 09", "BARRIO": "Barrio Obrero", "DIRECCION_": "-CL 24 # 8 A - 24 BARRIO OBRERO", "TIPO_REGIS": "MERCANTIL", "PERSONAL_O": "2.0", "NUMERO_DE_": "2", "NUMERO_DE1": "0", "INGRESOS_A": "0.0", "X": "-76.51984057075903", "Y": "3.451457273916178", "Id": 0, "area": 136572.15568900001 }, "geometry": { "type": "Point", "coordinates": [ -76.51984057075903, 3.451457273916178 ] } },
{ "type": "Feature", "properties": { "NUM_INSCRI": "1108468", "Mes_Dia_An": "15 de febrero de 2021", "Mes_Dia_A1": "27 de marzo de 2025", "CATEGORIA": "PERSONA NATURAL", "NOMBRE_SEC": "OTRAS ACTIVIDADES DE SERVICIOS", "CODIGO_CII": "9524", "DESC_CIIU": "REPARACI?N DE MUEBLES Y ACCESORIOS PARA EL HOGAR", "TAMANO957": "MICRO", "CIUDAD": "Cali", "COMUNA": "Comuna 09", "BARRIO": "Barrio Obrero", "DIRECCION_": "-KR 13 A # 21 - 06 PI 2", "TIPO_REGIS": "MERCANTIL", "PERSONAL_O": "0.0", "NUMERO_DE_": "0", "NUMERO_DE1": "0", "INGRESOS_A": "0.0", "X": "-76.52152524587098", "Y": "3.445056379077398", "Id": 0, "area": 136572.15568900001 }, "geometry": { "type": "Point", "coordinates": [ -76.521525245870976, 3.445056379077398 ] } },
{ "type": "Feature", "properties": { "NUM_INSCRI": "1181073", "Mes_Dia_An": "13 de marzo de 2023", "Mes_Dia_A1": "27 de marzo de 2025", "CATEGORIA": "PERSONA NATURAL", "NOMBRE_SEC": "OTRAS ACTIVIDADES DE SERVICIOS", "CODIGO_CII": "9524", "DESC_CIIU": "REPARACI?N DE MUEBLES Y ACCESORIOS PARA EL HOGAR", "TAMANO957": "MICRO", "CIUDAD": "Cali", "COMUNA": "Comuna 09", "BARRIO": "Barrio Obrero", "DIRECCION_": "-CL 23 # 9 - 43", "TIPO_REGIS": "MERCANTIL", "PERSONAL_O": "0.0", "NUMERO_DE_": "0", "NUMERO_DE1": "0", "INGRESOS_A": "0.0", "X": "-76.52023834316056", "Y": "3.450368452901309", "Id": 0, "area": 136572.15568900001 }, "geometry": { "type": "Point", "coordinates": [ -76.520238343160557, 3.450368452901309 ] } },
{ "type": "Feature", "properties": { "NUM_INSCRI": "427912", "Mes_Dia_An": "10 de enero de 2007", "Mes_Dia_A1": "18 de marzo de 2025", "CATEGORIA": "PERSONA NATURAL", "NOMBRE_SEC": "OTRAS ACTIVIDADES DE SERVICIOS", "CODIGO_CII": "9529", "DESC_CIIU": "REPARACION DE ENSERES DOMESTICOS", "TAMANO957": "MICRO", "CIUDAD": "Cali", "COMUNA": "Comuna 09", "BARRIO": "Barrio Obrero", "DIRECCION_": "-KR 8 # 22 - 24", "TIPO_REGIS": "MERCANTIL", "PERSONAL_O": "1.0", "NUMERO_DE_": "1", "NUMERO_DE1": "0", "INGRESOS_A": "0.0", "X": "-76.52179973389313", "Y": "3.452140047483328", "Id": 0, "area": 136572.15568900001 }, "geometry": { "type": "Point", "coordinates": [ -76.521799733893133, 3.452140047483328 ] } },
{ "type": "Feature", "properties": { "NUM_INSCRI": "378795", "Mes_Dia_An": "21 de julio de 1994", "Mes_Dia_A1": "22 de enero de 2024", "CATEGORIA": "PERSONA NATURAL", "NOMBRE_SEC": "OTRAS ACTIVIDADES DE SERVICIOS", "CODIGO_CII": "9601", "DESC_CIIU": "LAVANDERIAS MECANICAS Y MANUALES", "TAMANO957": "MICRO", "CIUDAD": "Cali", "COMUNA": "Comuna 09", "BARRIO": "Barrio Obrero", "DIRECCION_": "-KR 9 # 22 - 23", "TIPO_REGIS": "MERCANTIL", "PERSONAL_O": "1.0", "NUMERO_DE_": "1", "NUMERO_DE1": "0", "INGRESOS_A": null, "X": "-76.52186452721678", "Y": "3.450548415041862", "Id": 0, "area": 136572.15568900001 }, "geometry": { "type": "Point", "coordinates": [ -76.521864527216778, 3.450548415041862 ] } },
{ "type": "Feature", "properties": { "NUM_INSCRI": "1193757", "Mes_Dia_An": "25 de julio de 2023", "Mes_Dia_A1": "4 de abril de 2025", "CATEGORIA": "PERSONA JURIDICA", "NOMBRE_SEC": "OTRAS ACTIVIDADES DE SERVICIOS", "CODIGO_CII": "9601", "DESC_CIIU": "LAVADO Y LIMPIEZA, INCLUSO LA LIMPIEZA EN SECO, DE PRODUCTOS TEXT", "TAMANO957": "MICRO", "CIUDAD": "Cali", "COMUNA": "Comuna 09", "BARRIO": "Barrio Obrero", "DIRECCION_": "-CALLE 21 # 11 -57", "TIPO_REGIS": "MERCANTIL", "PERSONAL_O": "1.0", "NUMERO_DE_": "0", "NUMERO_DE1": "1", "INGRESOS_A": "0.0", "X": "-76.52208230758684", "Y": "3.447960203354512", "Id": 0, "area": 136572.15568900001 }, "geometry": { "type": "Point", "coordinates": [ -76.522082307586842, 3.447960203354512 ] } },
{ "type": "Feature", "properties": { "NUM_INSCRI": "718703", "Mes_Dia_An": "3 de agosto de 2007", "Mes_Dia_A1": "4 de abril de 2025", "CATEGORIA": "PERSONA NATURAL", "NOMBRE_SEC": "OTRAS ACTIVIDADES DE SERVICIOS", "CODIGO_CII": "9602", "DESC_CIIU": "PELUQUERIA Y OTROS TRATAMIENTOS DE BELLEZA", "TAMANO957": "MICRO", "CIUDAD": "Cali", "COMUNA": "Comuna 09", "BARRIO": "Barrio Obrero", "DIRECCION_": "-CALLE 22 A # 11 D 12 BARRIO OBRERO", "TIPO_REGIS": "MERCANTIL", "PERSONAL_O": "1.0", "NUMERO_DE_": "1", "NUMERO_DE1": "0", "INGRESOS_A": "0.0", "X": "-76.52059111785492", "Y": "3.447011555438191", "Id": 0, "area": 136572.15568900001 }, "geometry": { "type": "Point", "coordinates": [ -76.52059111785492, 3.447011555438191 ] } },
{ "type": "Feature", "properties": { "NUM_INSCRI": "1015851", "Mes_Dia_An": "2 de mayo de 2018", "Mes_Dia_A1": "31 de marzo de 2025", "CATEGORIA": "PERSONA NATURAL", "NOMBRE_SEC": "OTRAS ACTIVIDADES DE SERVICIOS", "CODIGO_CII": "9602", "DESC_CIIU": "PELUQUER?A Y OTROS TRATAMIENTOS DE BELLEZA", "TAMANO957": "MICRO", "CIUDAD": "Cali", "COMUNA": "Comuna 09", "BARRIO": "Barrio Obrero", "DIRECCION_": "-CL 23 NRO 9 21", "TIPO_REGIS": "MERCANTIL", "PERSONAL_O": "0.0", "NUMERO_DE_": "0", "NUMERO_DE1": "0", "INGRESOS_A": "1000000.0", "X": "-76.52026984087384", "Y": "3.450486921003908", "Id": 0, "area": 136572.15568900001 }, "geometry": { "type": "Point", "coordinates": [ -76.520269840873837, 3.450486921003908 ] } },
{ "type": "Feature", "properties": { "NUM_INSCRI": "1102986", "Mes_Dia_An": "7 de diciembre de 2020", "Mes_Dia_A1": "14 de enero de 2025", "CATEGORIA": "PERSONA NATURAL", "NOMBRE_SEC": "OTRAS ACTIVIDADES DE SERVICIOS", "CODIGO_CII": "9602", "DESC_CIIU": "PELUQUER?A Y OTROS TRATAMIENTOS DE BELLEZA", "TAMANO957": "MICRO", "CIUDAD": "Cali", "COMUNA": "Comuna 11", "BARRIO": "20 De Julio", "DIRECCION_": "-KR 13 A # 21 - 40", "TIPO_REGIS": "MERCANTIL", "PERSONAL_O": "0.0", "NUMERO_DE_": "0", "NUMERO_DE1": "0", "INGRESOS_A": "0.0", "X": "-76.52118327225367", "Y": "3.44513596099097", "Id": 0, "area": 136572.15568900001 }, "geometry": { "type": "Point", "coordinates": [ -76.521183272253666, 3.44513596099097 ] } },
{ "type": "Feature", "properties": { "NUM_INSCRI": "1119258", "Mes_Dia_An": "9 de junio de 2021", "Mes_Dia_A1": "1 de abril de 2025", "CATEGORIA": "PERSONA NATURAL", "NOMBRE_SEC": "OTRAS ACTIVIDADES DE SERVICIOS", "CODIGO_CII": "9602", "DESC_CIIU": "PELUQUER?A Y OTROS TRATAMIENTOS DE BELLEZA", "TAMANO957": "MICRO", "CIUDAD": "Cali", "COMUNA": "Comuna 09", "BARRIO": "Barrio Obrero", "DIRECCION_": "-KR 11 D # 22 - 78", "TIPO_REGIS": "MERCANTIL", "PERSONAL_O": "0.0", "NUMERO_DE_": "0", "NUMERO_DE1": "0", "INGRESOS_A": "0.0", "X": "-76.52060911651144", "Y": "3.447127310528257", "Id": 0, "area": 136572.15568900001 }, "geometry": { "type": "Point", "coordinates": [ -76.520609116511437, 3.447127310528257 ] } },
{ "type": "Feature", "properties": { "NUM_INSCRI": "1122746", "Mes_Dia_An": "16 de julio de 2021", "Mes_Dia_A1": "16 de enero de 2025", "CATEGORIA": "PERSONA NATURAL", "NOMBRE_SEC": "OTRAS ACTIVIDADES DE SERVICIOS", "CODIGO_CII": "9602", "DESC_CIIU": "PELUQUER?A Y OTROS TRATAMIENTOS DE BELLEZA", "TAMANO957": "MICRO", "CIUDAD": "Cali", "COMUNA": "Comuna 09", "BARRIO": "Barrio Obrero", "DIRECCION_": "-CALLE 22 A # 8 A - 53", "TIPO_REGIS": "MERCANTIL", "PERSONAL_O": "0.0", "NUMERO_DE_": "0", "NUMERO_DE1": "0", "INGRESOS_A": "0.0", "X": "-76.5211247801634", "Y": "3.4509427065172", "Id": 0, "area": 136572.15568900001 }, "geometry": { "type": "Point", "coordinates": [ -76.521124780163404, 3.4509427065172 ] } },
{ "type": "Feature", "properties": { "NUM_INSCRI": "1198691", "Mes_Dia_An": "13 de septiembre de 2023", "Mes_Dia_A1": "1 de abril de 2025", "CATEGORIA": "PERSONA NATURAL", "NOMBRE_SEC": "OTRAS ACTIVIDADES DE SERVICIOS", "CODIGO_CII": "9602", "DESC_CIIU": "PELUQUER?A Y OTROS TRATAMIENTOS DE BELLEZA", "TAMANO957": "MICRO", "CIUDAD": "Cali", "COMUNA": "Comuna 09", "BARRIO": "Barrio Obrero", "DIRECCION_": "-CL 21 CR 11 D 53", "TIPO_REGIS": "MERCANTIL", "PERSONAL_O": "0.0", "NUMERO_DE_": "0", "NUMERO_DE1": "0", "INGRESOS_A": "0.0", "X": "-76.52162603958409", "Y": "3.446383945204606", "Id": 0, "area": 136572.15568900001 }, "geometry": { "type": "Point", "coordinates": [ -76.521626039584092, 3.446383945204606 ] } },
{ "type": "Feature", "properties": { "NUM_INSCRI": "1209261", "Mes_Dia_An": "31 de enero de 2024", "Mes_Dia_A1": "31 de enero de 2024", "CATEGORIA": "PERSONA NATURAL", "NOMBRE_SEC": "OTRAS ACTIVIDADES DE SERVICIOS", "CODIGO_CII": "9602", "DESC_CIIU": "PELUQUER?A Y OTROS TRATAMIENTOS DE BELLEZA", "TAMANO957": "MICRO", "CIUDAD": "Cali", "COMUNA": "Comuna 09", "BARRIO": "Barrio Obrero", "DIRECCION_": "-CL 22  8   50", "TIPO_REGIS": "MERCANTIL", "PERSONAL_O": "0.0", "NUMERO_DE_": "0", "NUMERO_DE1": "0", "INGRESOS_A": null, "X": "-76.52243688835988", "Y": "3.451533236607715", "Id": 0, "area": 136572.15568900001 }, "geometry": { "type": "Point", "coordinates": [ -76.522436888359877, 3.451533236607715 ] } },
{ "type": "Feature", "properties": { "NUM_INSCRI": "1210318", "Mes_Dia_An": "9 de febrero de 2024", "Mes_Dia_A1": "9 de febrero de 2024", "CATEGORIA": "PERSONA NATURAL", "NOMBRE_SEC": "OTRAS ACTIVIDADES DE SERVICIOS", "CODIGO_CII": "9602", "DESC_CIIU": "PELUQUER?A Y OTROS TRATAMIENTOS DE BELLEZA", "TAMANO957": "MICRO", "CIUDAD": "Cali", "COMUNA": "Comuna 09", "BARRIO": "Barrio Obrero", "DIRECCION_": "-CL 22 A  11 B 16", "TIPO_REGIS": "MERCANTIL", "PERSONAL_O": "3.0", "NUMERO_DE_": "0", "NUMERO_DE1": "3", "INGRESOS_A": null, "X": "-76.52074950615003", "Y": "3.447867962217952", "Id": 0, "area": 136572.15568900001 }, "geometry": { "type": "Point", "coordinates": [ -76.520749506150025, 3.447867962217952 ] } },
{ "type": "Feature", "properties": { "NUM_INSCRI": "1217966", "Mes_Dia_An": "18 de abril de 2024", "Mes_Dia_A1": "16 de mayo de 2025", "CATEGORIA": "PERSONA NATURAL", "NOMBRE_SEC": "OTRAS ACTIVIDADES DE SERVICIOS", "CODIGO_CII": "9602", "DESC_CIIU": "PELUQUER?A Y OTROS TRATAMIENTOS DE BELLEZA", "TAMANO957": "MICRO", "CIUDAD": "Cali", "COMUNA": "Comuna 09", "BARRIO": "Barrio Obrero", "DIRECCION_": "-CR 11 D  22 A 28", "TIPO_REGIS": "MERCANTIL", "PERSONAL_O": "0.0", "NUMERO_DE_": "0", "NUMERO_DE1": "0", "INGRESOS_A": "1000000.0", "X": "-76.52022034557386", "Y": "3.447215031122217", "Id": 0, "area": 136572.15568900001 }, "geometry": { "type": "Point", "coordinates": [ -76.520220345573861, 3.447215031122217 ] } },
{ "type": "Feature", "properties": { "NUM_INSCRI": "1220698", "Mes_Dia_An": "17 de mayo de 2024", "Mes_Dia_A1": "17 de mayo de 2024", "CATEGORIA": "PERSONA NATURAL", "NOMBRE_SEC": "OTRAS ACTIVIDADES DE SERVICIOS", "CODIGO_CII": "9602", "DESC_CIIU": "PELUQUER?A Y OTROS TRATAMIENTOS DE BELLEZA", "TAMANO957": "MICRO", "CIUDAD": "Cali", "COMUNA": "Comuna 09", "BARRIO": "Barrio Obrero", "DIRECCION_": "-CL 23  8 A   02", "TIPO_REGIS": "MERCANTIL", "PERSONAL_O": "0.0", "NUMERO_DE_": "0", "NUMERO_DE1": "0", "INGRESOS_A": null, "X": "-76.52067841185996", "Y": "3.451537760138291", "Id": 0, "area": 136572.15568900001 }, "geometry": { "type": "Point", "coordinates": [ -76.520678411859961, 3.451537760138291 ] } },
{ "type": "Feature", "properties": { "NUM_INSCRI": "1230857", "Mes_Dia_An": "2 de septiembre de 2024", "Mes_Dia_A1": "28 de octubre de 2025", "CATEGORIA": "PERSONA NATURAL", "NOMBRE_SEC": "OTRAS ACTIVIDADES DE SERVICIOS", "CODIGO_CII": "9602", "DESC_CIIU": "PELUQUER?A Y OTROS TRATAMIENTOS DE BELLEZA", "TAMANO957": "MICRO", "CIUDAD": "Cali", "COMUNA": "Comuna 09", "BARRIO": "Barrio Obrero", "DIRECCION_": "-CL 22 A  11 B   16", "TIPO_REGIS": "MERCANTIL", "PERSONAL_O": "0.0", "NUMERO_DE_": "0", "NUMERO_DE1": "0", "INGRESOS_A": "0.0", "X": "-76.52074950615003", "Y": "3.447867962217952", "Id": 0, "area": 136572.15568900001 }, "geometry": { "type": "Point", "coordinates": [ -76.520749506150025, 3.447867962217952 ] } },
{ "type": "Feature", "properties": { "NUM_INSCRI": "1233225", "Mes_Dia_An": "25 de septiembre de 2024", "Mes_Dia_A1": "22 de abril de 2025", "CATEGORIA": "PERSONA NATURAL", "NOMBRE_SEC": "OTRAS ACTIVIDADES DE SERVICIOS", "CODIGO_CII": "9602", "DESC_CIIU": "PELUQUER?A Y OTROS TRATAMIENTOS DE BELLEZA", "TAMANO957": "MICRO", "CIUDAD": "Cali", "COMUNA": "Comuna 09", "BARRIO": "Barrio Obrero", "DIRECCION_": "-CL 22 A  11 B   54", "TIPO_REGIS": "MERCANTIL", "PERSONAL_O": "0.0", "NUMERO_DE_": "0", "NUMERO_DE1": "0", "INGRESOS_A": "0.0", "X": "-76.52070450942621", "Y": "3.447488140839002", "Id": 0, "area": 136572.15568900001 }, "geometry": { "type": "Point", "coordinates": [ -76.52070450942621, 3.447488140839002 ] } },
{ "type": "Feature", "properties": { "NUM_INSCRI": "1250310", "Mes_Dia_An": "8 de abril de 2025", "Mes_Dia_A1": "8 de abril de 2025", "CATEGORIA": "PERSONA NATURAL", "NOMBRE_SEC": "OTRAS ACTIVIDADES DE SERVICIOS", "CODIGO_CII": "9602", "DESC_CIIU": "PELUQUER?A Y OTROS TRATAMIENTOS DE BELLEZA", "TAMANO957": "MICRO", "CIUDAD": "Cali", "COMUNA": "Comuna 09", "BARRIO": "Barrio Obrero", "DIRECCION_": "-CL 22 A  11   25", "TIPO_REGIS": "MERCANTIL", "PERSONAL_O": "0.0", "NUMERO_DE_": "0", "NUMERO_DE1": "0", "INGRESOS_A": "0.0", "X": "-76.52073330749012", "Y": "3.448654735083919", "Id": 0, "area": 136572.15568900001 }, "geometry": { "type": "Point", "coordinates": [ -76.520733307490119, 3.448654735083919 ] } },
{ "type": "Feature", "properties": { "NUM_INSCRI": "1255881", "Mes_Dia_An": "6 de junio de 2025", "Mes_Dia_A1": "6 de junio de 2025", "CATEGORIA": "PERSONA NATURAL", "NOMBRE_SEC": "OTRAS ACTIVIDADES DE SERVICIOS", "CODIGO_CII": "9602", "DESC_CIIU": "PELUQUER?A Y OTROS TRATAMIENTOS DE BELLEZA", "TAMANO957": "MICRO", "CIUDAD": "Cali", "COMUNA": "Comuna 09", "BARRIO": "Barrio Obrero", "DIRECCION_": "-CR 9  22 A 65", "TIPO_REGIS": "MERCANTIL", "PERSONAL_O": "0.0", "NUMERO_DE_": "0", "NUMERO_DE1": "0", "INGRESOS_A": "0.0", "X": "-76.52063611478222", "Y": "3.450912863574308", "Id": 0, "area": 136572.15568900001 }, "geometry": { "type": "Point", "coordinates": [ -76.520636114782221, 3.450912863574308 ] } },
{ "type": "Feature", "properties": { "NUM_INSCRI": "883228", "Mes_Dia_An": "4 de octubre de 2013", "Mes_Dia_A1": "19 de abril de 2024", "CATEGORIA": "PERSONA JURIDICA", "NOMBRE_SEC": "OTRAS ACTIVIDADES DE SERVICIOS", "CODIGO_CII": "9609", "DESC_CIIU": "OTRAS ACTIVIDADES DE SERVICIOS PERSONALES N.C.P.", "TAMANO957": "MICRO", "CIUDAD": "Cali", "COMUNA": "Comuna 09", "BARRIO": "Barrio Obrero", "DIRECCION_": "-CL 22 # 11 B - 51", "TIPO_REGIS": "MERCANTIL", "PERSONAL_O": "6.0", "NUMERO_DE_": "6", "NUMERO_DE1": "0", "INGRESOS_A": null, "X": "-76.52126156787787", "Y": "3.447391376571491", "Id": 0, "area": 136572.15568900001 }, "geometry": { "type": "Point", "coordinates": [ -76.521261567877872, 3.447391376571491 ] } }
]
}
