{
"type": "FeatureCollection",
"name": "CENSO_ARBOREO_poligono_ciudad_Paraiso",
"crs": { "type": "name", "properties": { "name": "urn:ogc:def:crs:OGC:1.3:CRS84" } },
"features": [
{ "type": "Feature", "properties": { "OBJECTID": 39968, "id_arbol": 39970, "id_especie": 129, "id_usuario": 321, "fecha_ingr": 42369, "id_tipo_ar": 1, "id_tipo_or": 2, "codigo_arb": 41996, "longitud": -76.52755, "latitud": 3.4447458, "id_nivel_a": 3, "id_nivel_1": 38, "id_proyect": 1, "estado_arb": "Vivo", "fecha_regi": 44880, "longitud_1": -76.52755, "latitud_1": 3.44475, "comuna": "3", "perimetro": null, "Id": 0, "area": 136572.15568900001 }, "geometry": { "type": "Point", "coordinates": [ -76.52755, 3.444745800000021 ] } },
{ "type": "Feature", "properties": { "OBJECTID": 41822, "id_arbol": 41824, "id_especie": 129, "id_usuario": 321, "fecha_ingr": 42369, "id_tipo_ar": 1, "id_tipo_or": 2, "codigo_arb": 43896, "longitud": -76.53112, "latitud": 3.4454725, "id_nivel_a": 3, "id_nivel_1": 36, "id_proyect": 1, "estado_arb": "Vivo", "fecha_regi": 44880, "longitud_1": -76.53112, "latitud_1": 3.44547, "comuna": "3", "perimetro": null, "Id": 0, "area": 136572.15568900001 }, "geometry": { "type": "Point", "coordinates": [ -76.53112, 3.445472500000051 ] } },
{ "type": "Feature", "properties": { "OBJECTID": 41823, "id_arbol": 41825, "id_especie": 105, "id_usuario": 321, "fecha_ingr": 42369, "id_tipo_ar": 1, "id_tipo_or": 2, "codigo_arb": 43897, "longitud": -76.53117, "latitud": 3.4454627, "id_nivel_a": 3, "id_nivel_1": 36, "id_proyect": 1, "estado_arb": "Vivo", "fecha_regi": 44880, "longitud_1": -76.53117, "latitud_1": 3.44546, "comuna": "3", "perimetro": null, "Id": 0, "area": 136572.15568900001 }, "geometry": { "type": "Point", "coordinates": [ -76.53117, 3.445462700000064 ] } },
{ "type": "Feature", "properties": { "OBJECTID": 41824, "id_arbol": 41826, "id_especie": 105, "id_usuario": 321, "fecha_ingr": 42369, "id_tipo_ar": 1, "id_tipo_or": 2, "codigo_arb": 43898, "longitud": -76.5276, "latitud": 3.4451597, "id_nivel_a": 3, "id_nivel_1": 38, "id_proyect": 1, "estado_arb": "Vivo", "fecha_regi": 44880, "longitud_1": -76.5276, "latitud_1": 3.44516, "comuna": "3", "perimetro": null, "Id": 0, "area": 136572.15568900001 }, "geometry": { "type": "Point", "coordinates": [ -76.5276, 3.445159700000033 ] } },
{ "type": "Feature", "properties": { "OBJECTID": 41825, "id_arbol": 41827, "id_especie": 18, "id_usuario": 321, "fecha_ingr": 42369, "id_tipo_ar": 1, "id_tipo_or": 2, "codigo_arb": 43899, "longitud": -76.53115, "latitud": 3.4454653, "id_nivel_a": 3, "id_nivel_1": 36, "id_proyect": 1, "estado_arb": "Vivo", "fecha_regi": 44880, "longitud_1": -76.53115, "latitud_1": 3.44547, "comuna": "3", "perimetro": null, "Id": 0, "area": 136572.15568900001 }, "geometry": { "type": "Point", "coordinates": [ -76.53115, 3.445465300000023 ] } },
{ "type": "Feature", "properties": { "OBJECTID": 41826, "id_arbol": 41828, "id_especie": 31, "id_usuario": 321, "fecha_ingr": 42369, "id_tipo_ar": 1, "id_tipo_or": 2, "codigo_arb": 43900, "longitud": -76.531235, "latitud": 3.4454634, "id_nivel_a": 3, "id_nivel_1": 36, "id_proyect": 1, "estado_arb": "Vivo", "fecha_regi": 44880, "longitud_1": -76.53124, "latitud_1": 3.44546, "comuna": "3", "perimetro": null, "Id": 0, "area": 136572.15568900001 }, "geometry": { "type": "Point", "coordinates": [ -76.531235, 3.445463400000051 ] } },
{ "type": "Feature", "properties": { "OBJECTID": 41827, "id_arbol": 41829, "id_especie": 1518, "id_usuario": 321, "fecha_ingr": 42369, "id_tipo_ar": 1, "id_tipo_or": 2, "codigo_arb": 43901, "longitud": -76.53117, "latitud": 3.445466, "id_nivel_a": 3, "id_nivel_1": 36, "id_proyect": 1, "estado_arb": "Vivo", "fecha_regi": 44880, "longitud_1": -76.53117, "latitud_1": 3.44547, "comuna": "3", "perimetro": null, "Id": 0, "area": 136572.15568900001 }, "geometry": { "type": "Point", "coordinates": [ -76.53117, 3.445466 ] } },
{ "type": "Feature", "properties": { "OBJECTID": 41828, "id_arbol": 41830, "id_especie": 136, "id_usuario": 321, "fecha_ingr": 42369, "id_tipo_ar": 1, "id_tipo_or": 2, "codigo_arb": 43903, "longitud": -76.53018, "latitud": 3.4450784, "id_nivel_a": 3, "id_nivel_1": 35, "id_proyect": 1, "estado_arb": "Vivo", "fecha_regi": 44880, "longitud_1": -76.53018, "latitud_1": 3.44508, "comuna": "3", "perimetro": null, "Id": 0, "area": 136572.15568900001 }, "geometry": { "type": "Point", "coordinates": [ -76.53018, 3.445078400000057 ] } },
{ "type": "Feature", "properties": { "OBJECTID": 41829, "id_arbol": 41831, "id_especie": 109, "id_usuario": 321, "fecha_ingr": 42369, "id_tipo_ar": 1, "id_tipo_or": 2, "codigo_arb": 43904, "longitud": -76.52913, "latitud": 3.4448907, "id_nivel_a": 3, "id_nivel_1": 38, "id_proyect": 1, "estado_arb": "Vivo", "fecha_regi": 44880, "longitud_1": -76.52913, "latitud_1": 3.44489, "comuna": "3", "perimetro": null, "Id": 0, "area": 136572.15568900001 }, "geometry": { "type": "Point", "coordinates": [ -76.52913, 3.44489070000003 ] } },
{ "type": "Feature", "properties": { "OBJECTID": 41830, "id_arbol": 41832, "id_especie": 49, "id_usuario": 321, "fecha_ingr": 42369, "id_tipo_ar": 1, "id_tipo_or": 2, "codigo_arb": 43905, "longitud": -76.52911, "latitud": 3.444888, "id_nivel_a": 3, "id_nivel_1": 38, "id_proyect": 1, "estado_arb": "Vivo", "fecha_regi": 44880, "longitud_1": -76.52911, "latitud_1": 3.44489, "comuna": "3", "perimetro": null, "Id": 0, "area": 136572.15568900001 }, "geometry": { "type": "Point", "coordinates": [ -76.52911, 3.444888 ] } },
{ "type": "Feature", "properties": { "OBJECTID": 41831, "id_arbol": 41833, "id_especie": 49, "id_usuario": 321, "fecha_ingr": 42369, "id_tipo_ar": 1, "id_tipo_or": 2, "codigo_arb": 43906, "longitud": -76.52942, "latitud": 3.4460416, "id_nivel_a": 3, "id_nivel_1": 39, "id_proyect": 1, "estado_arb": "Vivo", "fecha_regi": 44880, "longitud_1": -76.52942, "latitud_1": 3.44604, "comuna": "3", "perimetro": null, "Id": 0, "area": 136572.15568900001 }, "geometry": { "type": "Point", "coordinates": [ -76.52942, 3.446041600000058 ] } },
{ "type": "Feature", "properties": { "OBJECTID": 41832, "id_arbol": 41834, "id_especie": 1671, "id_usuario": 321, "fecha_ingr": 42369, "id_tipo_ar": 1, "id_tipo_or": 2, "codigo_arb": 43907, "longitud": -76.52953, "latitud": 3.4464686, "id_nivel_a": 3, "id_nivel_1": 39, "id_proyect": 1, "estado_arb": "Vivo", "fecha_regi": 44880, "longitud_1": -76.52953, "latitud_1": 3.44647, "comuna": "3", "perimetro": null, "Id": 0, "area": 136572.15568900001 }, "geometry": { "type": "Point", "coordinates": [ -76.52953, 3.44646860000006 ] } },
{ "type": "Feature", "properties": { "OBJECTID": 41833, "id_arbol": 41835, "id_especie": 1671, "id_usuario": 321, "fecha_ingr": 42369, "id_tipo_ar": 1, "id_tipo_or": 2, "codigo_arb": 43908, "longitud": -76.52948, "latitud": 3.4462574, "id_nivel_a": 3, "id_nivel_1": 39, "id_proyect": 1, "estado_arb": "Vivo", "fecha_regi": 44880, "longitud_1": -76.52948, "latitud_1": 3.44626, "comuna": "3", "perimetro": null, "Id": 0, "area": 136572.15568900001 }, "geometry": { "type": "Point", "coordinates": [ -76.52948, 3.446257400000036 ] } },
{ "type": "Feature", "properties": { "OBJECTID": 41834, "id_arbol": 41836, "id_especie": 1671, "id_usuario": 321, "fecha_ingr": 42369, "id_tipo_ar": 1, "id_tipo_or": 2, "codigo_arb": 43909, "longitud": -76.52947, "latitud": 3.4462583, "id_nivel_a": 3, "id_nivel_1": 39, "id_proyect": 1, "estado_arb": "Vivo", "fecha_regi": 44880, "longitud_1": -76.52947, "latitud_1": 3.44626, "comuna": "3", "perimetro": null, "Id": 0, "area": 136572.15568900001 }, "geometry": { "type": "Point", "coordinates": [ -76.52947, 3.446258300000068 ] } },
{ "type": "Feature", "properties": { "OBJECTID": 41835, "id_arbol": 41837, "id_especie": 49, "id_usuario": 321, "fecha_ingr": 42369, "id_tipo_ar": 1, "id_tipo_or": 2, "codigo_arb": 43910, "longitud": -76.529594, "latitud": 3.446675, "id_nivel_a": 3, "id_nivel_1": 39, "id_proyect": 1, "estado_arb": "Vivo", "fecha_regi": 44880, "longitud_1": -76.52959, "latitud_1": 3.44668, "comuna": "3", "perimetro": null, "Id": 0, "area": 136572.15568900001 }, "geometry": { "type": "Point", "coordinates": [ -76.529594, 3.446675 ] } },
{ "type": "Feature", "properties": { "OBJECTID": 41836, "id_arbol": 41838, "id_especie": 109, "id_usuario": 321, "fecha_ingr": 42369, "id_tipo_ar": 1, "id_tipo_or": 2, "codigo_arb": 43911, "longitud": -76.52967, "latitud": 3.446974, "id_nivel_a": 3, "id_nivel_1": 39, "id_proyect": 1, "estado_arb": "Vivo", "fecha_regi": 44880, "longitud_1": -76.52967, "latitud_1": 3.44697, "comuna": "3", "perimetro": null, "Id": 0, "area": 136572.15568900001 }, "geometry": { "type": "Point", "coordinates": [ -76.52967, 3.446974 ] } },
{ "type": "Feature", "properties": { "OBJECTID": 41837, "id_arbol": 41839, "id_especie": 4, "id_usuario": 321, "fecha_ingr": 42369, "id_tipo_ar": 1, "id_tipo_or": 2, "codigo_arb": 43912, "longitud": -76.52914, "latitud": 3.4469397, "id_nivel_a": 3, "id_nivel_1": 39, "id_proyect": 1, "estado_arb": "Vivo", "fecha_regi": 44880, "longitud_1": -76.52914, "latitud_1": 3.44694, "comuna": "3", "perimetro": null, "Id": 0, "area": 136572.15568900001 }, "geometry": { "type": "Point", "coordinates": [ -76.52914, 3.44693970000003 ] } },
{ "type": "Feature", "properties": { "OBJECTID": 41838, "id_arbol": 41840, "id_especie": 145, "id_usuario": 321, "fecha_ingr": 42369, "id_tipo_ar": 1, "id_tipo_or": 2, "codigo_arb": 43913, "longitud": -76.52911, "latitud": 3.4468837, "id_nivel_a": 3, "id_nivel_1": 39, "id_proyect": 1, "estado_arb": "Vivo", "fecha_regi": 44880, "longitud_1": -76.52911, "latitud_1": 3.44688, "comuna": "3", "perimetro": null, "Id": 0, "area": 136572.15568900001 }, "geometry": { "type": "Point", "coordinates": [ -76.52911, 3.446883700000058 ] } },
{ "type": "Feature", "properties": { "OBJECTID": 41839, "id_arbol": 41841, "id_especie": 15, "id_usuario": 321, "fecha_ingr": 42369, "id_tipo_ar": 1, "id_tipo_or": 2, "codigo_arb": 43914, "longitud": -76.52845, "latitud": 3.4470768, "id_nivel_a": 3, "id_nivel_1": 39, "id_proyect": 1, "estado_arb": "Vivo", "fecha_regi": 44880, "longitud_1": -76.52845, "latitud_1": 3.44708, "comuna": "3", "perimetro": null, "Id": 0, "area": 136572.15568900001 }, "geometry": { "type": "Point", "coordinates": [ -76.52845, 3.447076800000048 ] } },
{ "type": "Feature", "properties": { "OBJECTID": 41840, "id_arbol": 41842, "id_especie": 178, "id_usuario": 321, "fecha_ingr": 42369, "id_tipo_ar": 1, "id_tipo_or": 2, "codigo_arb": 43915, "longitud": -76.52841, "latitud": 3.447095, "id_nivel_a": 3, "id_nivel_1": 39, "id_proyect": 1, "estado_arb": "Vivo", "fecha_regi": 44880, "longitud_1": -76.52841, "latitud_1": 3.4471, "comuna": "3", "perimetro": null, "Id": 0, "area": 136572.15568900001 }, "geometry": { "type": "Point", "coordinates": [ -76.52841, 3.447095 ] } },
{ "type": "Feature", "properties": { "OBJECTID": 41841, "id_arbol": 41843, "id_especie": 279, "id_usuario": 321, "fecha_ingr": 42369, "id_tipo_ar": 1, "id_tipo_or": 2, "codigo_arb": 43916, "longitud": -76.5284, "latitud": 3.447094, "id_nivel_a": 3, "id_nivel_1": 39, "id_proyect": 1, "estado_arb": "Vivo", "fecha_regi": 44880, "longitud_1": -76.5284, "latitud_1": 3.44709, "comuna": "3", "perimetro": null, "Id": 0, "area": 136572.15568900001 }, "geometry": { "type": "Point", "coordinates": [ -76.5284, 3.447094 ] } },
{ "type": "Feature", "properties": { "OBJECTID": 41842, "id_arbol": 41844, "id_especie": 1633, "id_usuario": 321, "fecha_ingr": 42369, "id_tipo_ar": 1, "id_tipo_or": 2, "codigo_arb": 43917, "longitud": -76.52834, "latitud": 3.4471078, "id_nivel_a": 3, "id_nivel_1": 39, "id_proyect": 1, "estado_arb": "Vivo", "fecha_regi": 44880, "longitud_1": -76.52834, "latitud_1": 3.44711, "comuna": "3", "perimetro": null, "Id": 0, "area": 136572.15568900001 }, "geometry": { "type": "Point", "coordinates": [ -76.52834, 3.447107800000026 ] } },
{ "type": "Feature", "properties": { "OBJECTID": 41843, "id_arbol": 41845, "id_especie": 18, "id_usuario": 321, "fecha_ingr": 42369, "id_tipo_ar": 1, "id_tipo_or": 2, "codigo_arb": 43918, "longitud": -76.52784, "latitud": 3.4468606, "id_nivel_a": 3, "id_nivel_1": 39, "id_proyect": 1, "estado_arb": "Vivo", "fecha_regi": 44880, "longitud_1": -76.52784, "latitud_1": 3.44686, "comuna": "3", "perimetro": null, "Id": 0, "area": 136572.15568900001 }, "geometry": { "type": "Point", "coordinates": [ -76.52784, 3.446860600000036 ] } },
{ "type": "Feature", "properties": { "OBJECTID": 41844, "id_arbol": 41846, "id_especie": 44, "id_usuario": 321, "fecha_ingr": 42369, "id_tipo_ar": 1, "id_tipo_or": 2, "codigo_arb": 43919, "longitud": -76.52784, "latitud": 3.4468532, "id_nivel_a": 3, "id_nivel_1": 39, "id_proyect": 1, "estado_arb": "Vivo", "fecha_regi": 44880, "longitud_1": -76.52784, "latitud_1": 3.44685, "comuna": "3", "perimetro": null, "Id": 0, "area": 136572.15568900001 }, "geometry": { "type": "Point", "coordinates": [ -76.52784, 3.446853200000021 ] } },
{ "type": "Feature", "properties": { "OBJECTID": 41845, "id_arbol": 41847, "id_especie": 18, "id_usuario": 321, "fecha_ingr": 42369, "id_tipo_ar": 1, "id_tipo_or": 2, "codigo_arb": 43920, "longitud": -76.52992, "latitud": 3.443417, "id_nivel_a": 3, "id_nivel_1": 35, "id_proyect": 1, "estado_arb": "Vivo", "fecha_regi": 44880, "longitud_1": -76.52992, "latitud_1": 3.44342, "comuna": "3", "perimetro": null, "Id": 0, "area": 136572.15568900001 }, "geometry": { "type": "Point", "coordinates": [ -76.52992, 3.443417 ] } },
{ "type": "Feature", "properties": { "OBJECTID": 41847, "id_arbol": 41849, "id_especie": 19, "id_usuario": 321, "fecha_ingr": 42369, "id_tipo_ar": 1, "id_tipo_or": 2, "codigo_arb": 43944, "longitud": -76.52859, "latitud": 3.442896, "id_nivel_a": 3, "id_nivel_1": 38, "id_proyect": 1, "estado_arb": "Vivo", "fecha_regi": 44880, "longitud_1": -76.52859, "latitud_1": 3.4429, "comuna": "3", "perimetro": null, "Id": 0, "area": 136572.15568900001 }, "geometry": { "type": "Point", "coordinates": [ -76.52859, 3.442896 ] } },
{ "type": "Feature", "properties": { "OBJECTID": 41848, "id_arbol": 41850, "id_especie": 19, "id_usuario": 321, "fecha_ingr": 42369, "id_tipo_ar": 1, "id_tipo_or": 2, "codigo_arb": 43945, "longitud": -76.52855, "latitud": 3.4428985, "id_nivel_a": 3, "id_nivel_1": 38, "id_proyect": 1, "estado_arb": "Vivo", "fecha_regi": 44880, "longitud_1": -76.52855, "latitud_1": 3.4429, "comuna": "3", "perimetro": null, "Id": 0, "area": 136572.15568900001 }, "geometry": { "type": "Point", "coordinates": [ -76.52855, 3.442898500000069 ] } },
{ "type": "Feature", "properties": { "OBJECTID": 41849, "id_arbol": 41851, "id_especie": 19, "id_usuario": 321, "fecha_ingr": 42369, "id_tipo_ar": 1, "id_tipo_or": 2, "codigo_arb": 43946, "longitud": -76.52851, "latitud": 3.4429007, "id_nivel_a": 3, "id_nivel_1": 38, "id_proyect": 1, "estado_arb": "Vivo", "fecha_regi": 44880, "longitud_1": -76.52851, "latitud_1": 3.4429, "comuna": "3", "perimetro": null, "Id": 0, "area": 136572.15568900001 }, "geometry": { "type": "Point", "coordinates": [ -76.52851, 3.442900700000052 ] } },
{ "type": "Feature", "properties": { "OBJECTID": 41850, "id_arbol": 41852, "id_especie": 19, "id_usuario": 321, "fecha_ingr": 42369, "id_tipo_ar": 1, "id_tipo_or": 2, "codigo_arb": 43947, "longitud": -76.52848, "latitud": 3.4429057, "id_nivel_a": 3, "id_nivel_1": 38, "id_proyect": 1, "estado_arb": "Vivo", "fecha_regi": 44880, "longitud_1": -76.52848, "latitud_1": 3.44291, "comuna": "3", "perimetro": null, "Id": 0, "area": 136572.15568900001 }, "geometry": { "type": "Point", "coordinates": [ -76.52848, 3.44290570000004 ] } },
{ "type": "Feature", "properties": { "OBJECTID": 41851, "id_arbol": 41853, "id_especie": 19, "id_usuario": 321, "fecha_ingr": 42369, "id_tipo_ar": 1, "id_tipo_or": 2, "codigo_arb": 43948, "longitud": -76.52842, "latitud": 3.442993, "id_nivel_a": 3, "id_nivel_1": 38, "id_proyect": 1, "estado_arb": "Vivo", "fecha_regi": 44880, "longitud_1": -76.52842, "latitud_1": 3.44299, "comuna": "3", "perimetro": null, "Id": 0, "area": 136572.15568900001 }, "geometry": { "type": "Point", "coordinates": [ -76.52842, 3.442993 ] } },
{ "type": "Feature", "properties": { "OBJECTID": 41852, "id_arbol": 41854, "id_especie": 19, "id_usuario": 321, "fecha_ingr": 42369, "id_tipo_ar": 1, "id_tipo_or": 2, "codigo_arb": 43949, "longitud": -76.52837, "latitud": 3.4429905, "id_nivel_a": 3, "id_nivel_1": 38, "id_proyect": 1, "estado_arb": "Vivo", "fecha_regi": 44880, "longitud_1": -76.52837, "latitud_1": 3.44299, "comuna": "3", "perimetro": null, "Id": 0, "area": 136572.15568900001 }, "geometry": { "type": "Point", "coordinates": [ -76.52837, 3.442990500000064 ] } },
{ "type": "Feature", "properties": { "OBJECTID": 41853, "id_arbol": 41855, "id_especie": 19, "id_usuario": 321, "fecha_ingr": 42369, "id_tipo_ar": 1, "id_tipo_or": 2, "codigo_arb": 43950, "longitud": -76.52834, "latitud": 3.4429893, "id_nivel_a": 3, "id_nivel_1": 38, "id_proyect": 1, "estado_arb": "Vivo", "fecha_regi": 44880, "longitud_1": -76.52834, "latitud_1": 3.44299, "comuna": "3", "perimetro": null, "Id": 0, "area": 136572.15568900001 }, "geometry": { "type": "Point", "coordinates": [ -76.52834, 3.442989300000022 ] } },
{ "type": "Feature", "properties": { "OBJECTID": 41854, "id_arbol": 41856, "id_especie": 19, "id_usuario": 321, "fecha_ingr": 42369, "id_tipo_ar": 1, "id_tipo_or": 2, "codigo_arb": 43951, "longitud": -76.528305, "latitud": 3.4429822, "id_nivel_a": 3, "id_nivel_1": 38, "id_proyect": 1, "estado_arb": "Vivo", "fecha_regi": 44880, "longitud_1": -76.52831, "latitud_1": 3.44298, "comuna": "3", "perimetro": null, "Id": 0, "area": 136572.15568900001 }, "geometry": { "type": "Point", "coordinates": [ -76.528305, 3.442982200000074 ] } },
{ "type": "Feature", "properties": { "OBJECTID": 41855, "id_arbol": 41857, "id_especie": 19, "id_usuario": 321, "fecha_ingr": 42369, "id_tipo_ar": 1, "id_tipo_or": 2, "codigo_arb": 43952, "longitud": -76.528275, "latitud": 3.4429812, "id_nivel_a": 3, "id_nivel_1": 38, "id_proyect": 1, "estado_arb": "Vivo", "fecha_regi": 44880, "longitud_1": -76.52828, "latitud_1": 3.44298, "comuna": "3", "perimetro": null, "Id": 0, "area": 136572.15568900001 }, "geometry": { "type": "Point", "coordinates": [ -76.528275, 3.44298120000002 ] } },
{ "type": "Feature", "properties": { "OBJECTID": 41856, "id_arbol": 41858, "id_especie": 19, "id_usuario": 321, "fecha_ingr": 42369, "id_tipo_ar": 1, "id_tipo_or": 2, "codigo_arb": 43953, "longitud": -76.52845, "latitud": 3.442928, "id_nivel_a": 3, "id_nivel_1": 38, "id_proyect": 1, "estado_arb": "Vivo", "fecha_regi": 44880, "longitud_1": -76.52845, "latitud_1": 3.44293, "comuna": "3", "perimetro": null, "Id": 0, "area": 136572.15568900001 }, "geometry": { "type": "Point", "coordinates": [ -76.52845, 3.442928 ] } },
{ "type": "Feature", "properties": { "OBJECTID": 41857, "id_arbol": 41859, "id_especie": 51, "id_usuario": 321, "fecha_ingr": 42369, "id_tipo_ar": 1, "id_tipo_or": 2, "codigo_arb": 43954, "longitud": -76.528465, "latitud": 3.4428465, "id_nivel_a": 3, "id_nivel_1": 38, "id_proyect": 1, "estado_arb": "Vivo", "fecha_regi": 44880, "longitud_1": -76.52847, "latitud_1": 3.44285, "comuna": "3", "perimetro": null, "Id": 0, "area": 136572.15568900001 }, "geometry": { "type": "Point", "coordinates": [ -76.528465, 3.44284650000003 ] } },
{ "type": "Feature", "properties": { "OBJECTID": 41858, "id_arbol": 41860, "id_especie": 51, "id_usuario": 321, "fecha_ingr": 42369, "id_tipo_ar": 1, "id_tipo_or": 2, "codigo_arb": 43955, "longitud": -76.52837, "latitud": 3.442853, "id_nivel_a": 3, "id_nivel_1": 38, "id_proyect": 1, "estado_arb": "Vivo", "fecha_regi": 44880, "longitud_1": -76.52837, "latitud_1": 3.44285, "comuna": "3", "perimetro": null, "Id": 0, "area": 136572.15568900001 }, "geometry": { "type": "Point", "coordinates": [ -76.52837, 3.442853 ] } },
{ "type": "Feature", "properties": { "OBJECTID": 41859, "id_arbol": 41861, "id_especie": 51, "id_usuario": 321, "fecha_ingr": 42369, "id_tipo_ar": 1, "id_tipo_or": 2, "codigo_arb": 43956, "longitud": -76.528305, "latitud": 3.44286, "id_nivel_a": 3, "id_nivel_1": 38, "id_proyect": 1, "estado_arb": "Vivo", "fecha_regi": 44880, "longitud_1": -76.52831, "latitud_1": 3.44286, "comuna": "3", "perimetro": null, "Id": 0, "area": 136572.15568900001 }, "geometry": { "type": "Point", "coordinates": [ -76.528305, 3.44286 ] } },
{ "type": "Feature", "properties": { "OBJECTID": 41860, "id_arbol": 41862, "id_especie": 220, "id_usuario": 321, "fecha_ingr": 42369, "id_tipo_ar": 1, "id_tipo_or": 2, "codigo_arb": 43957, "longitud": -76.52821, "latitud": 3.4428608, "id_nivel_a": 3, "id_nivel_1": 38, "id_proyect": 1, "estado_arb": "Vivo", "fecha_regi": 44880, "longitud_1": -76.52821, "latitud_1": 3.44286, "comuna": "3", "perimetro": null, "Id": 0, "area": 136572.15568900001 }, "geometry": { "type": "Point", "coordinates": [ -76.52821, 3.442860800000062 ] } },
{ "type": "Feature", "properties": { "OBJECTID": 41861, "id_arbol": 41863, "id_especie": 220, "id_usuario": 321, "fecha_ingr": 42369, "id_tipo_ar": 1, "id_tipo_or": 2, "codigo_arb": 43958, "longitud": -76.52815, "latitud": 3.4428582, "id_nivel_a": 3, "id_nivel_1": 38, "id_proyect": 1, "estado_arb": "Vivo", "fecha_regi": 44880, "longitud_1": -76.52815, "latitud_1": 3.44286, "comuna": "3", "perimetro": null, "Id": 0, "area": 136572.15568900001 }, "geometry": { "type": "Point", "coordinates": [ -76.52815, 3.442858200000046 ] } },
{ "type": "Feature", "properties": { "OBJECTID": 41862, "id_arbol": 41864, "id_especie": 220, "id_usuario": 321, "fecha_ingr": 42369, "id_tipo_ar": 1, "id_tipo_or": 2, "codigo_arb": 43959, "longitud": -76.52808, "latitud": 3.442856, "id_nivel_a": 3, "id_nivel_1": 38, "id_proyect": 1, "estado_arb": "Vivo", "fecha_regi": 44880, "longitud_1": -76.52808, "latitud_1": 3.44286, "comuna": "3", "perimetro": null, "Id": 0, "area": 136572.15568900001 }, "geometry": { "type": "Point", "coordinates": [ -76.52808, 3.442856 ] } },
{ "type": "Feature", "properties": { "OBJECTID": 41863, "id_arbol": 41865, "id_especie": 51, "id_usuario": 321, "fecha_ingr": 42369, "id_tipo_ar": 1, "id_tipo_or": 2, "codigo_arb": 43960, "longitud": -76.52801, "latitud": 3.4428506, "id_nivel_a": 3, "id_nivel_1": 38, "id_proyect": 1, "estado_arb": "Vivo", "fecha_regi": 44880, "longitud_1": -76.52801, "latitud_1": 3.44285, "comuna": "3", "perimetro": null, "Id": 0, "area": 136572.15568900001 }, "geometry": { "type": "Point", "coordinates": [ -76.52801, 3.442850600000043 ] } },
{ "type": "Feature", "properties": { "OBJECTID": 41864, "id_arbol": 41866, "id_especie": 51, "id_usuario": 321, "fecha_ingr": 42369, "id_tipo_ar": 1, "id_tipo_or": 2, "codigo_arb": 43961, "longitud": -76.52793, "latitud": 3.4428475, "id_nivel_a": 3, "id_nivel_1": 38, "id_proyect": 1, "estado_arb": "Vivo", "fecha_regi": 44880, "longitud_1": -76.52793, "latitud_1": 3.44285, "comuna": "3", "perimetro": null, "Id": 0, "area": 136572.15568900001 }, "geometry": { "type": "Point", "coordinates": [ -76.52793, 3.442847500000028 ] } },
{ "type": "Feature", "properties": { "OBJECTID": 41865, "id_arbol": 41867, "id_especie": 40, "id_usuario": 321, "fecha_ingr": 42369, "id_tipo_ar": 1, "id_tipo_or": 2, "codigo_arb": 43962, "longitud": -76.527664, "latitud": 3.4429035, "id_nivel_a": 3, "id_nivel_1": 38, "id_proyect": 1, "estado_arb": "Vivo", "fecha_regi": 44880, "longitud_1": -76.52766, "latitud_1": 3.4429, "comuna": "3", "perimetro": null, "Id": 0, "area": 136572.15568900001 }, "geometry": { "type": "Point", "coordinates": [ -76.527664, 3.442903500000057 ] } },
{ "type": "Feature", "properties": { "OBJECTID": 41866, "id_arbol": 41868, "id_especie": 51, "id_usuario": 321, "fecha_ingr": 42369, "id_tipo_ar": 1, "id_tipo_or": 2, "codigo_arb": 43963, "longitud": -76.52766, "latitud": 3.4428427, "id_nivel_a": 3, "id_nivel_1": 38, "id_proyect": 1, "estado_arb": "Vivo", "fecha_regi": 44880, "longitud_1": -76.52766, "latitud_1": 3.44284, "comuna": "3", "perimetro": null, "Id": 0, "area": 136572.15568900001 }, "geometry": { "type": "Point", "coordinates": [ -76.52766, 3.442842700000028 ] } },
{ "type": "Feature", "properties": { "OBJECTID": 41867, "id_arbol": 41869, "id_especie": 51, "id_usuario": 321, "fecha_ingr": 42369, "id_tipo_ar": 1, "id_tipo_or": 2, "codigo_arb": 43964, "longitud": -76.52759, "latitud": 3.4428332, "id_nivel_a": 3, "id_nivel_1": 38, "id_proyect": 1, "estado_arb": "Vivo", "fecha_regi": 44880, "longitud_1": -76.52759, "latitud_1": 3.44283, "comuna": "3", "perimetro": null, "Id": 0, "area": 136572.15568900001 }, "geometry": { "type": "Point", "coordinates": [ -76.52759, 3.442833200000052 ] } },
{ "type": "Feature", "properties": { "OBJECTID": 41868, "id_arbol": 41870, "id_especie": 51, "id_usuario": 321, "fecha_ingr": 42369, "id_tipo_ar": 1, "id_tipo_or": 2, "codigo_arb": 43965, "longitud": -76.52751, "latitud": 3.4428241, "id_nivel_a": 3, "id_nivel_1": 38, "id_proyect": 1, "estado_arb": "Vivo", "fecha_regi": 44880, "longitud_1": -76.52751, "latitud_1": 3.44282, "comuna": "3", "perimetro": null, "Id": 0, "area": 136572.15568900001 }, "geometry": { "type": "Point", "coordinates": [ -76.52751, 3.442824100000053 ] } },
{ "type": "Feature", "properties": { "OBJECTID": 41869, "id_arbol": 41871, "id_especie": 64, "id_usuario": 321, "fecha_ingr": 42369, "id_tipo_ar": 1, "id_tipo_or": 2, "codigo_arb": 43966, "longitud": -76.52744, "latitud": 3.4428205, "id_nivel_a": 3, "id_nivel_1": 38, "id_proyect": 1, "estado_arb": "Vivo", "fecha_regi": 44880, "longitud_1": -76.52744, "latitud_1": 3.44282, "comuna": "3", "perimetro": null, "Id": 0, "area": 136572.15568900001 }, "geometry": { "type": "Point", "coordinates": [ -76.52744, 3.442820500000039 ] } },
{ "type": "Feature", "properties": { "OBJECTID": 41870, "id_arbol": 41872, "id_especie": 64, "id_usuario": 321, "fecha_ingr": 42369, "id_tipo_ar": 1, "id_tipo_or": 2, "codigo_arb": 43967, "longitud": -76.52737, "latitud": 3.4428136, "id_nivel_a": 3, "id_nivel_1": 38, "id_proyect": 1, "estado_arb": "Vivo", "fecha_regi": 44880, "longitud_1": -76.52737, "latitud_1": 3.44281, "comuna": "3", "perimetro": null, "Id": 0, "area": 136572.15568900001 }, "geometry": { "type": "Point", "coordinates": [ -76.52737, 3.442813600000022 ] } },
{ "type": "Feature", "properties": { "OBJECTID": 41871, "id_arbol": 41873, "id_especie": 64, "id_usuario": 321, "fecha_ingr": 42369, "id_tipo_ar": 1, "id_tipo_or": 2, "codigo_arb": 43968, "longitud": -76.527306, "latitud": 3.442813, "id_nivel_a": 3, "id_nivel_1": 38, "id_proyect": 1, "estado_arb": "Vivo", "fecha_regi": 44880, "longitud_1": -76.52731, "latitud_1": 3.44281, "comuna": "3", "perimetro": null, "Id": 0, "area": 136572.15568900001 }, "geometry": { "type": "Point", "coordinates": [ -76.527306, 3.442813 ] } },
{ "type": "Feature", "properties": { "OBJECTID": 41872, "id_arbol": 41874, "id_especie": 220, "id_usuario": 321, "fecha_ingr": 42369, "id_tipo_ar": 1, "id_tipo_or": 2, "codigo_arb": 43969, "longitud": -76.52723, "latitud": 3.4428046, "id_nivel_a": 3, "id_nivel_1": 38, "id_proyect": 1, "estado_arb": "Vivo", "fecha_regi": 44880, "longitud_1": -76.52723, "latitud_1": 3.4428, "comuna": "3", "perimetro": null, "Id": 0, "area": 136572.15568900001 }, "geometry": { "type": "Point", "coordinates": [ -76.52723, 3.442804600000045 ] } },
{ "type": "Feature", "properties": { "OBJECTID": 41873, "id_arbol": 41875, "id_especie": 220, "id_usuario": 321, "fecha_ingr": 42369, "id_tipo_ar": 1, "id_tipo_or": 2, "codigo_arb": 43970, "longitud": -76.52715, "latitud": 3.442803, "id_nivel_a": 3, "id_nivel_1": 38, "id_proyect": 1, "estado_arb": "Vivo", "fecha_regi": 44880, "longitud_1": -76.52715, "latitud_1": 3.4428, "comuna": "3", "perimetro": null, "Id": 0, "area": 136572.15568900001 }, "geometry": { "type": "Point", "coordinates": [ -76.52715, 3.442803 ] } },
{ "type": "Feature", "properties": { "OBJECTID": 41874, "id_arbol": 41876, "id_especie": 220, "id_usuario": 321, "fecha_ingr": 42369, "id_tipo_ar": 1, "id_tipo_or": 2, "codigo_arb": 43971, "longitud": -76.527084, "latitud": 3.442801, "id_nivel_a": 3, "id_nivel_1": 38, "id_proyect": 1, "estado_arb": "Vivo", "fecha_regi": 44880, "longitud_1": -76.52708, "latitud_1": 3.4428, "comuna": "3", "perimetro": null, "Id": 0, "area": 136572.15568900001 }, "geometry": { "type": "Point", "coordinates": [ -76.527084, 3.442801 ] } },
{ "type": "Feature", "properties": { "OBJECTID": 41875, "id_arbol": 41877, "id_especie": 51, "id_usuario": 321, "fecha_ingr": 42369, "id_tipo_ar": 1, "id_tipo_or": 2, "codigo_arb": 43972, "longitud": -76.527016, "latitud": 3.4427948, "id_nivel_a": 3, "id_nivel_1": 38, "id_proyect": 1, "estado_arb": "Vivo", "fecha_regi": 44880, "longitud_1": -76.52702, "latitud_1": 3.44279, "comuna": "3", "perimetro": null, "Id": 0, "area": 136572.15568900001 }, "geometry": { "type": "Point", "coordinates": [ -76.527016, 3.442794800000058 ] } },
{ "type": "Feature", "properties": { "OBJECTID": 41876, "id_arbol": 41878, "id_especie": 51, "id_usuario": 321, "fecha_ingr": 42369, "id_tipo_ar": 1, "id_tipo_or": 2, "codigo_arb": 43973, "longitud": -76.52694, "latitud": 3.442795, "id_nivel_a": 3, "id_nivel_1": 38, "id_proyect": 1, "estado_arb": "Vivo", "fecha_regi": 44880, "longitud_1": -76.52694, "latitud_1": 3.4428, "comuna": "3", "perimetro": null, "Id": 0, "area": 136572.15568900001 }, "geometry": { "type": "Point", "coordinates": [ -76.52694, 3.442795 ] } },
{ "type": "Feature", "properties": { "OBJECTID": 41877, "id_arbol": 41879, "id_especie": 51, "id_usuario": 321, "fecha_ingr": 42369, "id_tipo_ar": 1, "id_tipo_or": 2, "codigo_arb": 43974, "longitud": -76.52686, "latitud": 3.4427907, "id_nivel_a": 3, "id_nivel_1": 38, "id_proyect": 1, "estado_arb": "Vivo", "fecha_regi": 44880, "longitud_1": -76.52686, "latitud_1": 3.44279, "comuna": "3", "perimetro": null, "Id": 0, "area": 136572.15568900001 }, "geometry": { "type": "Point", "coordinates": [ -76.52686, 3.442790700000046 ] } },
{ "type": "Feature", "properties": { "OBJECTID": 41878, "id_arbol": 41880, "id_especie": 40, "id_usuario": 321, "fecha_ingr": 42369, "id_tipo_ar": 1, "id_tipo_or": 2, "codigo_arb": 43975, "longitud": -76.526855, "latitud": 3.4428945, "id_nivel_a": 3, "id_nivel_1": 38, "id_proyect": 1, "estado_arb": "Vivo", "fecha_regi": 44880, "longitud_1": -76.52686, "latitud_1": 3.44289, "comuna": "3", "perimetro": null, "Id": 0, "area": 136572.15568900001 }, "geometry": { "type": "Point", "coordinates": [ -76.526855, 3.442894500000023 ] } },
{ "type": "Feature", "properties": { "OBJECTID": 41879, "id_arbol": 41881, "id_especie": 40, "id_usuario": 321, "fecha_ingr": 42369, "id_tipo_ar": 1, "id_tipo_or": 2, "codigo_arb": 43976, "longitud": -76.526886, "latitud": 3.4428904, "id_nivel_a": 3, "id_nivel_1": 38, "id_proyect": 1, "estado_arb": "Vivo", "fecha_regi": 44880, "longitud_1": -76.52689, "latitud_1": 3.44289, "comuna": "3", "perimetro": null, "Id": 0, "area": 136572.15568900001 }, "geometry": { "type": "Point", "coordinates": [ -76.526886, 3.442890400000067 ] } },
{ "type": "Feature", "properties": { "OBJECTID": 41880, "id_arbol": 41882, "id_especie": 40, "id_usuario": 321, "fecha_ingr": 42369, "id_tipo_ar": 1, "id_tipo_or": 2, "codigo_arb": 43977, "longitud": -76.52691, "latitud": 3.4428866, "id_nivel_a": 3, "id_nivel_1": 38, "id_proyect": 1, "estado_arb": "Vivo", "fecha_regi": 44880, "longitud_1": -76.52691, "latitud_1": 3.44289, "comuna": "3", "perimetro": null, "Id": 0, "area": 136572.15568900001 }, "geometry": { "type": "Point", "coordinates": [ -76.52691, 3.442886600000065 ] } },
{ "type": "Feature", "properties": { "OBJECTID": 41881, "id_arbol": 41883, "id_especie": 1540, "id_usuario": 321, "fecha_ingr": 42369, "id_tipo_ar": 1, "id_tipo_or": 2, "codigo_arb": 43978, "longitud": -76.526665, "latitud": 3.4428895, "id_nivel_a": 3, "id_nivel_1": 38, "id_proyect": 1, "estado_arb": "Vivo", "fecha_regi": 44880, "longitud_1": -76.52667, "latitud_1": 3.44289, "comuna": "3", "perimetro": null, "Id": 0, "area": 136572.15568900001 }, "geometry": { "type": "Point", "coordinates": [ -76.526665, 3.442889500000035 ] } },
{ "type": "Feature", "properties": { "OBJECTID": 41882, "id_arbol": 41884, "id_especie": 40, "id_usuario": 321, "fecha_ingr": 42369, "id_tipo_ar": 1, "id_tipo_or": 2, "codigo_arb": 43979, "longitud": -76.52657, "latitud": 3.4428542, "id_nivel_a": 3, "id_nivel_1": 38, "id_proyect": 1, "estado_arb": "Vivo", "fecha_regi": 44880, "longitud_1": -76.52657, "latitud_1": 3.44285, "comuna": "3", "perimetro": null, "Id": 0, "area": 136572.15568900001 }, "geometry": { "type": "Point", "coordinates": [ -76.52657, 3.442854200000056 ] } },
{ "type": "Feature", "properties": { "OBJECTID": 41883, "id_arbol": 41885, "id_especie": 40, "id_usuario": 321, "fecha_ingr": 42369, "id_tipo_ar": 1, "id_tipo_or": 2, "codigo_arb": 43980, "longitud": -76.52662, "latitud": 3.442863, "id_nivel_a": 3, "id_nivel_1": 38, "id_proyect": 1, "estado_arb": "Vivo", "fecha_regi": 44880, "longitud_1": -76.52662, "latitud_1": 3.44286, "comuna": "3", "perimetro": null, "Id": 0, "area": 136572.15568900001 }, "geometry": { "type": "Point", "coordinates": [ -76.52662, 3.442863 ] } },
{ "type": "Feature", "properties": { "OBJECTID": 41884, "id_arbol": 41886, "id_especie": 40, "id_usuario": 321, "fecha_ingr": 42369, "id_tipo_ar": 1, "id_tipo_or": 2, "codigo_arb": 43981, "longitud": -76.52657, "latitud": 3.4428577, "id_nivel_a": 3, "id_nivel_1": 38, "id_proyect": 1, "estado_arb": "Vivo", "fecha_regi": 44880, "longitud_1": -76.52657, "latitud_1": 3.44286, "comuna": "3", "perimetro": null, "Id": 0, "area": 136572.15568900001 }, "geometry": { "type": "Point", "coordinates": [ -76.52657, 3.442857700000047 ] } },
{ "type": "Feature", "properties": { "OBJECTID": 41885, "id_arbol": 41887, "id_especie": 51, "id_usuario": 321, "fecha_ingr": 42369, "id_tipo_ar": 1, "id_tipo_or": 2, "codigo_arb": 43982, "longitud": -76.52665, "latitud": 3.4427722, "id_nivel_a": 3, "id_nivel_1": 38, "id_proyect": 1, "estado_arb": "Vivo", "fecha_regi": 44880, "longitud_1": -76.52665, "latitud_1": 3.44277, "comuna": "3", "perimetro": null, "Id": 0, "area": 136572.15568900001 }, "geometry": { "type": "Point", "coordinates": [ -76.52665, 3.442772200000036 ] } },
{ "type": "Feature", "properties": { "OBJECTID": 41886, "id_arbol": 41888, "id_especie": 51, "id_usuario": 321, "fecha_ingr": 42369, "id_tipo_ar": 1, "id_tipo_or": 2, "codigo_arb": 43983, "longitud": -76.52651, "latitud": 3.4427588, "id_nivel_a": 3, "id_nivel_1": 38, "id_proyect": 1, "estado_arb": "Vivo", "fecha_regi": 44880, "longitud_1": -76.52651, "latitud_1": 3.44276, "comuna": "3", "perimetro": null, "Id": 0, "area": 136572.15568900001 }, "geometry": { "type": "Point", "coordinates": [ -76.52651, 3.442758800000036 ] } },
{ "type": "Feature", "properties": { "OBJECTID": 41887, "id_arbol": 41889, "id_especie": 1583, "id_usuario": 321, "fecha_ingr": 42369, "id_tipo_ar": 1, "id_tipo_or": 2, "codigo_arb": 43984, "longitud": -76.526436, "latitud": 3.442755, "id_nivel_a": 3, "id_nivel_1": 38, "id_proyect": 1, "estado_arb": "Vivo", "fecha_regi": 44880, "longitud_1": -76.52644, "latitud_1": 3.44276, "comuna": "3", "perimetro": null, "Id": 0, "area": 136572.15568900001 }, "geometry": { "type": "Point", "coordinates": [ -76.526436, 3.442755 ] } },
{ "type": "Feature", "properties": { "OBJECTID": 41888, "id_arbol": 41890, "id_especie": 64, "id_usuario": 321, "fecha_ingr": 42369, "id_tipo_ar": 1, "id_tipo_or": 2, "codigo_arb": 43985, "longitud": -76.52652, "latitud": 3.4427621, "id_nivel_a": 3, "id_nivel_1": 38, "id_proyect": 1, "estado_arb": "Vivo", "fecha_regi": 44880, "longitud_1": -76.52652, "latitud_1": 3.44276, "comuna": "3", "perimetro": null, "Id": 0, "area": 136572.15568900001 }, "geometry": { "type": "Point", "coordinates": [ -76.52652, 3.442762100000039 ] } },
{ "type": "Feature", "properties": { "OBJECTID": 41889, "id_arbol": 41891, "id_especie": 220, "id_usuario": 321, "fecha_ingr": 42369, "id_tipo_ar": 1, "id_tipo_or": 2, "codigo_arb": 43986, "longitud": -76.52637, "latitud": 3.442744, "id_nivel_a": 3, "id_nivel_1": 38, "id_proyect": 1, "estado_arb": "Vivo", "fecha_regi": 44880, "longitud_1": -76.52637, "latitud_1": 3.44274, "comuna": "3", "perimetro": null, "Id": 0, "area": 136572.15568900001 }, "geometry": { "type": "Point", "coordinates": [ -76.52637, 3.442744 ] } },
{ "type": "Feature", "properties": { "OBJECTID": 41890, "id_arbol": 41892, "id_especie": 220, "id_usuario": 321, "fecha_ingr": 42369, "id_tipo_ar": 1, "id_tipo_or": 2, "codigo_arb": 43987, "longitud": -76.52629, "latitud": 3.442736, "id_nivel_a": 3, "id_nivel_1": 38, "id_proyect": 1, "estado_arb": "Vivo", "fecha_regi": 44880, "longitud_1": -76.52629, "latitud_1": 3.44274, "comuna": "3", "perimetro": null, "Id": 0, "area": 136572.15568900001 }, "geometry": { "type": "Point", "coordinates": [ -76.52629, 3.442736 ] } },
{ "type": "Feature", "properties": { "OBJECTID": 41891, "id_arbol": 41893, "id_especie": 51, "id_usuario": 321, "fecha_ingr": 42369, "id_tipo_ar": 1, "id_tipo_or": 2, "codigo_arb": 43988, "longitud": -76.52616, "latitud": 3.4427242, "id_nivel_a": 3, "id_nivel_1": 38, "id_proyect": 1, "estado_arb": "Vivo", "fecha_regi": 44880, "longitud_1": -76.52616, "latitud_1": 3.44272, "comuna": "3", "perimetro": null, "Id": 0, "area": 136572.15568900001 }, "geometry": { "type": "Point", "coordinates": [ -76.52616, 3.442724200000043 ] } },
{ "type": "Feature", "properties": { "OBJECTID": 41892, "id_arbol": 41894, "id_especie": 40, "id_usuario": 321, "fecha_ingr": 42369, "id_tipo_ar": 1, "id_tipo_or": 2, "codigo_arb": 43989, "longitud": -76.5262, "latitud": 3.442801, "id_nivel_a": 3, "id_nivel_1": 38, "id_proyect": 1, "estado_arb": "Vivo", "fecha_regi": 44880, "longitud_1": -76.5262, "latitud_1": 3.4428, "comuna": "3", "perimetro": null, "Id": 0, "area": 136572.15568900001 }, "geometry": { "type": "Point", "coordinates": [ -76.5262, 3.442801 ] } },
{ "type": "Feature", "properties": { "OBJECTID": 41893, "id_arbol": 41895, "id_especie": 40, "id_usuario": 321, "fecha_ingr": 42369, "id_tipo_ar": 1, "id_tipo_or": 2, "codigo_arb": 43990, "longitud": -76.52617, "latitud": 3.442813, "id_nivel_a": 3, "id_nivel_1": 38, "id_proyect": 1, "estado_arb": "Vivo", "fecha_regi": 44880, "longitud_1": -76.52617, "latitud_1": 3.44281, "comuna": "3", "perimetro": null, "Id": 0, "area": 136572.15568900001 }, "geometry": { "type": "Point", "coordinates": [ -76.52617, 3.442813 ] } },
{ "type": "Feature", "properties": { "OBJECTID": 41894, "id_arbol": 41896, "id_especie": 136, "id_usuario": 321, "fecha_ingr": 42369, "id_tipo_ar": 1, "id_tipo_or": 2, "codigo_arb": 43993, "longitud": -76.52672, "latitud": 3.443269, "id_nivel_a": 3, "id_nivel_1": 38, "id_proyect": 1, "estado_arb": "Vivo", "fecha_regi": 44880, "longitud_1": -76.52672, "latitud_1": 3.44327, "comuna": "3", "perimetro": null, "Id": 0, "area": 136572.15568900001 }, "geometry": { "type": "Point", "coordinates": [ -76.52672, 3.443269 ] } },
{ "type": "Feature", "properties": { "OBJECTID": 41895, "id_arbol": 41897, "id_especie": 650, "id_usuario": 321, "fecha_ingr": 42369, "id_tipo_ar": 1, "id_tipo_or": 2, "codigo_arb": 43994, "longitud": -76.52707, "latitud": 3.443269, "id_nivel_a": 3, "id_nivel_1": 38, "id_proyect": 1, "estado_arb": "Vivo", "fecha_regi": 44880, "longitud_1": -76.52707, "latitud_1": 3.44327, "comuna": "3", "perimetro": null, "Id": 0, "area": 136572.15568900001 }, "geometry": { "type": "Point", "coordinates": [ -76.52707, 3.443269 ] } },
{ "type": "Feature", "properties": { "OBJECTID": 41896, "id_arbol": 41898, "id_especie": 65, "id_usuario": 321, "fecha_ingr": 42369, "id_tipo_ar": 1, "id_tipo_or": 2, "codigo_arb": 43995, "longitud": -76.527245, "latitud": 3.4432921, "id_nivel_a": 3, "id_nivel_1": 38, "id_proyect": 1, "estado_arb": "Vivo", "fecha_regi": 44880, "longitud_1": -76.52725, "latitud_1": 3.44329, "comuna": "3", "perimetro": null, "Id": 0, "area": 136572.15568900001 }, "geometry": { "type": "Point", "coordinates": [ -76.527245, 3.443292100000065 ] } },
{ "type": "Feature", "properties": { "OBJECTID": 41897, "id_arbol": 41899, "id_especie": 114, "id_usuario": 321, "fecha_ingr": 42369, "id_tipo_ar": 1, "id_tipo_or": 2, "codigo_arb": 43996, "longitud": -76.52739, "latitud": 3.4432921, "id_nivel_a": 3, "id_nivel_1": 38, "id_proyect": 1, "estado_arb": "Vivo", "fecha_regi": 44880, "longitud_1": -76.52739, "latitud_1": 3.44329, "comuna": "3", "perimetro": null, "Id": 0, "area": 136572.15568900001 }, "geometry": { "type": "Point", "coordinates": [ -76.52739, 3.443292100000065 ] } },
{ "type": "Feature", "properties": { "OBJECTID": 41898, "id_arbol": 41900, "id_especie": 105, "id_usuario": 321, "fecha_ingr": 42369, "id_tipo_ar": 1, "id_tipo_or": 2, "codigo_arb": 43997, "longitud": -76.52727, "latitud": 3.443384, "id_nivel_a": 3, "id_nivel_1": 38, "id_proyect": 1, "estado_arb": "Vivo", "fecha_regi": 44880, "longitud_1": -76.52727, "latitud_1": 3.44338, "comuna": "3", "perimetro": null, "Id": 0, "area": 136572.15568900001 }, "geometry": { "type": "Point", "coordinates": [ -76.52727, 3.443384 ] } },
{ "type": "Feature", "properties": { "OBJECTID": 41899, "id_arbol": 41901, "id_especie": 302, "id_usuario": 321, "fecha_ingr": 42369, "id_tipo_ar": 1, "id_tipo_or": 2, "codigo_arb": 43998, "longitud": -76.52755, "latitud": 3.443397, "id_nivel_a": 3, "id_nivel_1": 38, "id_proyect": 1, "estado_arb": "Vivo", "fecha_regi": 44880, "longitud_1": -76.52755, "latitud_1": 3.4434, "comuna": "3", "perimetro": null, "Id": 0, "area": 136572.15568900001 }, "geometry": { "type": "Point", "coordinates": [ -76.52755, 3.443397 ] } },
{ "type": "Feature", "properties": { "OBJECTID": 41900, "id_arbol": 41902, "id_especie": 81, "id_usuario": 321, "fecha_ingr": 42369, "id_tipo_ar": 1, "id_tipo_or": 2, "codigo_arb": 43999, "longitud": -76.528015, "latitud": 3.4433327, "id_nivel_a": 3, "id_nivel_1": 38, "id_proyect": 1, "estado_arb": "Vivo", "fecha_regi": 44880, "longitud_1": -76.52802, "latitud_1": 3.44333, "comuna": "3", "perimetro": null, "Id": 0, "area": 136572.15568900001 }, "geometry": { "type": "Point", "coordinates": [ -76.528015, 3.443332700000042 ] } },
{ "type": "Feature", "properties": { "OBJECTID": 41901, "id_arbol": 41903, "id_especie": 65, "id_usuario": 321, "fecha_ingr": 42369, "id_tipo_ar": 1, "id_tipo_or": 2, "codigo_arb": 44000, "longitud": -76.52754, "latitud": 3.4433773, "id_nivel_a": 3, "id_nivel_1": 38, "id_proyect": 1, "estado_arb": "Vivo", "fecha_regi": 44880, "longitud_1": -76.52754, "latitud_1": 3.44338, "comuna": "3", "perimetro": null, "Id": 0, "area": 136572.15568900001 }, "geometry": { "type": "Point", "coordinates": [ -76.52754, 3.443377300000066 ] } },
{ "type": "Feature", "properties": { "OBJECTID": 43297, "id_arbol": 43300, "id_especie": 38, "id_usuario": 321, "fecha_ingr": 42369, "id_tipo_ar": 1, "id_tipo_or": 2, "codigo_arb": 45401, "longitud": -76.52777, "latitud": 3.44362, "id_nivel_a": 3, "id_nivel_1": 38, "id_proyect": 1, "estado_arb": "Vivo", "fecha_regi": 44880, "longitud_1": -76.52777, "latitud_1": 3.44362, "comuna": "3", "perimetro": null, "Id": 0, "area": 136572.15568900001 }, "geometry": { "type": "Point", "coordinates": [ -76.52777, 3.44362 ] } },
{ "type": "Feature", "properties": { "OBJECTID": 43298, "id_arbol": 43301, "id_especie": 279, "id_usuario": 321, "fecha_ingr": 42369, "id_tipo_ar": 1, "id_tipo_or": 2, "codigo_arb": 45402, "longitud": -76.527916, "latitud": 3.4437878, "id_nivel_a": 3, "id_nivel_1": 38, "id_proyect": 1, "estado_arb": "Vivo", "fecha_regi": 44880, "longitud_1": -76.52792, "latitud_1": 3.44379, "comuna": "3", "perimetro": null, "Id": 0, "area": 136572.15568900001 }, "geometry": { "type": "Point", "coordinates": [ -76.527916, 3.443787800000052 ] } },
{ "type": "Feature", "properties": { "OBJECTID": 43299, "id_arbol": 43302, "id_especie": 136, "id_usuario": 321, "fecha_ingr": 42369, "id_tipo_ar": 1, "id_tipo_or": 2, "codigo_arb": 45403, "longitud": -76.52802, "latitud": 3.4441957, "id_nivel_a": 3, "id_nivel_1": 38, "id_proyect": 1, "estado_arb": "Vivo", "fecha_regi": 44880, "longitud_1": -76.52802, "latitud_1": 3.4442, "comuna": "3", "perimetro": null, "Id": 0, "area": 136572.15568900001 }, "geometry": { "type": "Point", "coordinates": [ -76.52802, 3.444195700000023 ] } },
{ "type": "Feature", "properties": { "OBJECTID": 43300, "id_arbol": 43303, "id_especie": 136, "id_usuario": 321, "fecha_ingr": 42369, "id_tipo_ar": 1, "id_tipo_or": 2, "codigo_arb": 45404, "longitud": -76.52801, "latitud": 3.444558, "id_nivel_a": 3, "id_nivel_1": 38, "id_proyect": 1, "estado_arb": "Eliminado", "fecha_regi": 44880, "longitud_1": -76.52801, "latitud_1": 3.44456, "comuna": "3", "perimetro": null, "Id": 0, "area": 136572.15568900001 }, "geometry": { "type": "Point", "coordinates": [ -76.52801, 3.444558 ] } },
{ "type": "Feature", "properties": { "OBJECTID": 43301, "id_arbol": 43304, "id_especie": 7, "id_usuario": 321, "fecha_ingr": 42369, "id_tipo_ar": 1, "id_tipo_or": 2, "codigo_arb": 45405, "longitud": -76.52821, "latitud": 3.4448986, "id_nivel_a": 3, "id_nivel_1": 38, "id_proyect": 1, "estado_arb": "Vivo", "fecha_regi": 44880, "longitud_1": -76.52821, "latitud_1": 3.4449, "comuna": "3", "perimetro": null, "Id": 0, "area": 136572.15568900001 }, "geometry": { "type": "Point", "coordinates": [ -76.52821, 3.444898600000045 ] } },
{ "type": "Feature", "properties": { "OBJECTID": 43302, "id_arbol": 43305, "id_especie": 1221, "id_usuario": 321, "fecha_ingr": 42369, "id_tipo_ar": 1, "id_tipo_or": 2, "codigo_arb": 45406, "longitud": -76.528244, "latitud": 3.4450166, "id_nivel_a": 3, "id_nivel_1": 38, "id_proyect": 1, "estado_arb": "Vivo", "fecha_regi": 44880, "longitud_1": -76.52824, "latitud_1": 3.44502, "comuna": "3", "perimetro": null, "Id": 0, "area": 136572.15568900001 }, "geometry": { "type": "Point", "coordinates": [ -76.528244, 3.445016600000031 ] } },
{ "type": "Feature", "properties": { "OBJECTID": 43303, "id_arbol": 43306, "id_especie": 136, "id_usuario": 321, "fecha_ingr": 42369, "id_tipo_ar": 1, "id_tipo_or": 2, "codigo_arb": 45407, "longitud": -76.52756, "latitud": 3.4455752, "id_nivel_a": 3, "id_nivel_1": 38, "id_proyect": 1, "estado_arb": "Vivo", "fecha_regi": 44880, "longitud_1": -76.52756, "latitud_1": 3.44558, "comuna": "3", "perimetro": null, "Id": 0, "area": 136572.15568900001 }, "geometry": { "type": "Point", "coordinates": [ -76.52756, 3.445575200000064 ] } },
{ "type": "Feature", "properties": { "OBJECTID": 43304, "id_arbol": 43307, "id_especie": 65, "id_usuario": 321, "fecha_ingr": 42369, "id_tipo_ar": 1, "id_tipo_or": 2, "codigo_arb": 45408, "longitud": -76.527565, "latitud": 3.445617, "id_nivel_a": 3, "id_nivel_1": 38, "id_proyect": 1, "estado_arb": "Vivo", "fecha_regi": 44880, "longitud_1": -76.52757, "latitud_1": 3.44562, "comuna": "3", "perimetro": null, "Id": 0, "area": 136572.15568900001 }, "geometry": { "type": "Point", "coordinates": [ -76.527565, 3.445617 ] } },
{ "type": "Feature", "properties": { "OBJECTID": 43305, "id_arbol": 43308, "id_especie": 1221, "id_usuario": 321, "fecha_ingr": 42369, "id_tipo_ar": 1, "id_tipo_or": 2, "codigo_arb": 45409, "longitud": -76.52762, "latitud": 3.4460104, "id_nivel_a": 3, "id_nivel_1": 39, "id_proyect": 1, "estado_arb": "Vivo", "fecha_regi": 44880, "longitud_1": -76.52762, "latitud_1": 3.44601, "comuna": "3", "perimetro": null, "Id": 0, "area": 136572.15568900001 }, "geometry": { "type": "Point", "coordinates": [ -76.52762, 3.446010400000034 ] } },
{ "type": "Feature", "properties": { "OBJECTID": 43306, "id_arbol": 43309, "id_especie": 4, "id_usuario": 321, "fecha_ingr": 42369, "id_tipo_ar": 1, "id_tipo_or": 2, "codigo_arb": 45410, "longitud": -76.52751, "latitud": 3.4450905, "id_nivel_a": 3, "id_nivel_1": 38, "id_proyect": 1, "estado_arb": "Vivo", "fecha_regi": 44880, "longitud_1": -76.52751, "latitud_1": 3.44509, "comuna": "3", "perimetro": null, "Id": 0, "area": 136572.15568900001 }, "geometry": { "type": "Point", "coordinates": [ -76.52751, 3.445090500000049 ] } },
{ "type": "Feature", "properties": { "OBJECTID": 43307, "id_arbol": 43310, "id_especie": 1583, "id_usuario": 321, "fecha_ingr": 42369, "id_tipo_ar": 1, "id_tipo_or": 2, "codigo_arb": 45411, "longitud": -76.527695, "latitud": 3.444704, "id_nivel_a": 3, "id_nivel_1": 38, "id_proyect": 1, "estado_arb": "Vivo", "fecha_regi": 44880, "longitud_1": -76.5277, "latitud_1": 3.4447, "comuna": "3", "perimetro": null, "Id": 0, "area": 136572.15568900001 }, "geometry": { "type": "Point", "coordinates": [ -76.527695, 3.444704 ] } },
{ "type": "Feature", "properties": { "OBJECTID": 43308, "id_arbol": 43311, "id_especie": 1583, "id_usuario": 321, "fecha_ingr": 42369, "id_tipo_ar": 1, "id_tipo_or": 2, "codigo_arb": 45412, "longitud": -76.527725, "latitud": 3.4447, "id_nivel_a": 3, "id_nivel_1": 38, "id_proyect": 1, "estado_arb": "Vivo", "fecha_regi": 44880, "longitud_1": -76.52773, "latitud_1": 3.4447, "comuna": "3", "perimetro": null, "Id": 0, "area": 136572.15568900001 }, "geometry": { "type": "Point", "coordinates": [ -76.527725, 3.4447 ] } },
{ "type": "Feature", "properties": { "OBJECTID": 43309, "id_arbol": 43312, "id_especie": 172, "id_usuario": 321, "fecha_ingr": 42369, "id_tipo_ar": 1, "id_tipo_or": 2, "codigo_arb": 45413, "longitud": -76.5273, "latitud": 3.4446537, "id_nivel_a": 3, "id_nivel_1": 38, "id_proyect": 1, "estado_arb": "Vivo", "fecha_regi": 44880, "longitud_1": -76.5273, "latitud_1": 3.44465, "comuna": "3", "perimetro": null, "Id": 0, "area": 136572.15568900001 }, "geometry": { "type": "Point", "coordinates": [ -76.5273, 3.44465370000006 ] } },
{ "type": "Feature", "properties": { "OBJECTID": 43310, "id_arbol": 43313, "id_especie": 172, "id_usuario": 321, "fecha_ingr": 42369, "id_tipo_ar": 1, "id_tipo_or": 2, "codigo_arb": 45414, "longitud": -76.527214, "latitud": 3.444664, "id_nivel_a": 3, "id_nivel_1": 38, "id_proyect": 1, "estado_arb": "Vivo", "fecha_regi": 44880, "longitud_1": -76.52721, "latitud_1": 3.44466, "comuna": "3", "perimetro": null, "Id": 0, "area": 136572.15568900001 }, "geometry": { "type": "Point", "coordinates": [ -76.527214, 3.444664 ] } },
{ "type": "Feature", "properties": { "OBJECTID": 43311, "id_arbol": 43314, "id_especie": 172, "id_usuario": 321, "fecha_ingr": 42369, "id_tipo_ar": 1, "id_tipo_or": 2, "codigo_arb": 45415, "longitud": -76.527176, "latitud": 3.4446707, "id_nivel_a": 3, "id_nivel_1": 38, "id_proyect": 1, "estado_arb": "Vivo", "fecha_regi": 44880, "longitud_1": -76.52718, "latitud_1": 3.44467, "comuna": "3", "perimetro": null, "Id": 0, "area": 136572.15568900001 }, "geometry": { "type": "Point", "coordinates": [ -76.527176, 3.444670700000074 ] } },
{ "type": "Feature", "properties": { "OBJECTID": 43312, "id_arbol": 43315, "id_especie": 172, "id_usuario": 321, "fecha_ingr": 42369, "id_tipo_ar": 1, "id_tipo_or": 2, "codigo_arb": 45416, "longitud": -76.52735, "latitud": 3.4445677, "id_nivel_a": 3, "id_nivel_1": 38, "id_proyect": 1, "estado_arb": "Vivo", "fecha_regi": 44880, "longitud_1": -76.52735, "latitud_1": 3.44457, "comuna": "3", "perimetro": null, "Id": 0, "area": 136572.15568900001 }, "geometry": { "type": "Point", "coordinates": [ -76.52735, 3.44456770000005 ] } },
{ "type": "Feature", "properties": { "OBJECTID": 43313, "id_arbol": 43316, "id_especie": 172, "id_usuario": 321, "fecha_ingr": 42369, "id_tipo_ar": 1, "id_tipo_or": 2, "codigo_arb": 45417, "longitud": -76.527336, "latitud": 3.4445763, "id_nivel_a": 3, "id_nivel_1": 38, "id_proyect": 1, "estado_arb": "Vivo", "fecha_regi": 44880, "longitud_1": -76.52734, "latitud_1": 3.44458, "comuna": "3", "perimetro": null, "Id": 0, "area": 136572.15568900001 }, "geometry": { "type": "Point", "coordinates": [ -76.527336, 3.444576300000051 ] } },
{ "type": "Feature", "properties": { "OBJECTID": 43314, "id_arbol": 43317, "id_especie": 172, "id_usuario": 321, "fecha_ingr": 42369, "id_tipo_ar": 1, "id_tipo_or": 2, "codigo_arb": 45418, "longitud": -76.52734, "latitud": 3.4445496, "id_nivel_a": 3, "id_nivel_1": 38, "id_proyect": 1, "estado_arb": "Vivo", "fecha_regi": 44880, "longitud_1": -76.52734, "latitud_1": 3.44455, "comuna": "3", "perimetro": null, "Id": 0, "area": 136572.15568900001 }, "geometry": { "type": "Point", "coordinates": [ -76.52734, 3.444549600000073 ] } },
{ "type": "Feature", "properties": { "OBJECTID": 43315, "id_arbol": 43318, "id_especie": 31, "id_usuario": 321, "fecha_ingr": 42369, "id_tipo_ar": 1, "id_tipo_or": 2, "codigo_arb": 45419, "longitud": -76.52726, "latitud": 3.4444578, "id_nivel_a": 3, "id_nivel_1": 38, "id_proyect": 1, "estado_arb": "Vivo", "fecha_regi": 44880, "longitud_1": -76.52726, "latitud_1": 3.44446, "comuna": "3", "perimetro": null, "Id": 0, "area": 136572.15568900001 }, "geometry": { "type": "Point", "coordinates": [ -76.52726, 3.444457800000066 ] } },
{ "type": "Feature", "properties": { "OBJECTID": 43316, "id_arbol": 43319, "id_especie": 1508, "id_usuario": 321, "fecha_ingr": 42369, "id_tipo_ar": 1, "id_tipo_or": 2, "codigo_arb": 45420, "longitud": -76.5272, "latitud": 3.4443622, "id_nivel_a": 3, "id_nivel_1": 38, "id_proyect": 1, "estado_arb": "Vivo", "fecha_regi": 44880, "longitud_1": -76.5272, "latitud_1": 3.44436, "comuna": "3", "perimetro": null, "Id": 0, "area": 136572.15568900001 }, "geometry": { "type": "Point", "coordinates": [ -76.5272, 3.444362200000057 ] } },
{ "type": "Feature", "properties": { "OBJECTID": 43317, "id_arbol": 43320, "id_especie": 31, "id_usuario": 321, "fecha_ingr": 42369, "id_tipo_ar": 1, "id_tipo_or": 2, "codigo_arb": 45421, "longitud": -76.52723, "latitud": 3.4443803, "id_nivel_a": 3, "id_nivel_1": 38, "id_proyect": 1, "estado_arb": "Vivo", "fecha_regi": 44880, "longitud_1": -76.52723, "latitud_1": 3.44438, "comuna": "3", "perimetro": null, "Id": 0, "area": 136572.15568900001 }, "geometry": { "type": "Point", "coordinates": [ -76.52723, 3.444380300000034 ] } },
{ "type": "Feature", "properties": { "OBJECTID": 43318, "id_arbol": 43321, "id_especie": 31, "id_usuario": 321, "fecha_ingr": 42369, "id_tipo_ar": 1, "id_tipo_or": 2, "codigo_arb": 45422, "longitud": -76.52717, "latitud": 3.4443073, "id_nivel_a": 3, "id_nivel_1": 38, "id_proyect": 1, "estado_arb": "Vivo", "fecha_regi": 44880, "longitud_1": -76.52717, "latitud_1": 3.44431, "comuna": "3", "perimetro": null, "Id": 0, "area": 136572.15568900001 }, "geometry": { "type": "Point", "coordinates": [ -76.52717, 3.444307300000048 ] } },
{ "type": "Feature", "properties": { "OBJECTID": 43319, "id_arbol": 43322, "id_especie": 1707, "id_usuario": 321, "fecha_ingr": 42369, "id_tipo_ar": 1, "id_tipo_or": 2, "codigo_arb": 45423, "longitud": -76.527214, "latitud": 3.444341, "id_nivel_a": 3, "id_nivel_1": 38, "id_proyect": 1, "estado_arb": "Vivo", "fecha_regi": 44880, "longitud_1": -76.52721, "latitud_1": 3.44434, "comuna": "3", "perimetro": null, "Id": 0, "area": 136572.15568900001 }, "geometry": { "type": "Point", "coordinates": [ -76.527214, 3.444341 ] } },
{ "type": "Feature", "properties": { "OBJECTID": 43320, "id_arbol": 43323, "id_especie": 114, "id_usuario": 321, "fecha_ingr": 42369, "id_tipo_ar": 1, "id_tipo_or": 2, "codigo_arb": 45424, "longitud": -76.527115, "latitud": 3.4442286, "id_nivel_a": 3, "id_nivel_1": 38, "id_proyect": 1, "estado_arb": "Vivo", "fecha_regi": 44880, "longitud_1": -76.52712, "latitud_1": 3.44423, "comuna": "3", "perimetro": null, "Id": 0, "area": 136572.15568900001 }, "geometry": { "type": "Point", "coordinates": [ -76.527115, 3.444228600000031 ] } },
{ "type": "Feature", "properties": { "OBJECTID": 43321, "id_arbol": 43324, "id_especie": 31, "id_usuario": 321, "fecha_ingr": 42369, "id_tipo_ar": 1, "id_tipo_or": 2, "codigo_arb": 45425, "longitud": -76.527084, "latitud": 3.444154, "id_nivel_a": 3, "id_nivel_1": 38, "id_proyect": 1, "estado_arb": "Vivo", "fecha_regi": 44880, "longitud_1": -76.52708, "latitud_1": 3.44415, "comuna": "3", "perimetro": null, "Id": 0, "area": 136572.15568900001 }, "geometry": { "type": "Point", "coordinates": [ -76.527084, 3.444154 ] } },
{ "type": "Feature", "properties": { "OBJECTID": 43322, "id_arbol": 43325, "id_especie": 91, "id_usuario": 321, "fecha_ingr": 42369, "id_tipo_ar": 1, "id_tipo_or": 2, "codigo_arb": 45426, "longitud": -76.52709, "latitud": 3.4441774, "id_nivel_a": 3, "id_nivel_1": 38, "id_proyect": 1, "estado_arb": "Vivo", "fecha_regi": 44880, "longitud_1": -76.52709, "latitud_1": 3.44418, "comuna": "3", "perimetro": null, "Id": 0, "area": 136572.15568900001 }, "geometry": { "type": "Point", "coordinates": [ -76.52709, 3.444177400000058 ] } },
{ "type": "Feature", "properties": { "OBJECTID": 43323, "id_arbol": 43326, "id_especie": 65, "id_usuario": 321, "fecha_ingr": 42369, "id_tipo_ar": 1, "id_tipo_or": 2, "codigo_arb": 45427, "longitud": -76.52701, "latitud": 3.4440668, "id_nivel_a": 3, "id_nivel_1": 38, "id_proyect": 1, "estado_arb": "Vivo", "fecha_regi": 44880, "longitud_1": -76.52701, "latitud_1": 3.44407, "comuna": "3", "perimetro": null, "Id": 0, "area": 136572.15568900001 }, "geometry": { "type": "Point", "coordinates": [ -76.52701, 3.44406680000003 ] } },
{ "type": "Feature", "properties": { "OBJECTID": 43324, "id_arbol": 43327, "id_especie": 172, "id_usuario": 321, "fecha_ingr": 42369, "id_tipo_ar": 1, "id_tipo_or": 2, "codigo_arb": 45428, "longitud": -76.52678, "latitud": 3.4440966, "id_nivel_a": 3, "id_nivel_1": 38, "id_proyect": 1, "estado_arb": "Vivo", "fecha_regi": 44880, "longitud_1": -76.52678, "latitud_1": 3.4441, "comuna": "3", "perimetro": null, "Id": 0, "area": 136572.15568900001 }, "geometry": { "type": "Point", "coordinates": [ -76.52678, 3.444096600000023 ] } },
{ "type": "Feature", "properties": { "OBJECTID": 43325, "id_arbol": 43328, "id_especie": 136, "id_usuario": 321, "fecha_ingr": 42369, "id_tipo_ar": 1, "id_tipo_or": 2, "codigo_arb": 45429, "longitud": -76.52663, "latitud": 3.4440584, "id_nivel_a": 3, "id_nivel_1": 38, "id_proyect": 1, "estado_arb": "Vivo", "fecha_regi": 44880, "longitud_1": -76.52663, "latitud_1": 3.44406, "comuna": "3", "perimetro": null, "Id": 0, "area": 136572.15568900001 }, "geometry": { "type": "Point", "coordinates": [ -76.52663, 3.444058400000074 ] } },
{ "type": "Feature", "properties": { "OBJECTID": 43326, "id_arbol": 43329, "id_especie": 136, "id_usuario": 321, "fecha_ingr": 42369, "id_tipo_ar": 1, "id_tipo_or": 2, "codigo_arb": 45430, "longitud": -76.5266, "latitud": 3.444068, "id_nivel_a": 3, "id_nivel_1": 38, "id_proyect": 1, "estado_arb": "Vivo", "fecha_regi": 44880, "longitud_1": -76.5266, "latitud_1": 3.44407, "comuna": "3", "perimetro": null, "Id": 0, "area": 136572.15568900001 }, "geometry": { "type": "Point", "coordinates": [ -76.5266, 3.444068 ] } },
{ "type": "Feature", "properties": { "OBJECTID": 43327, "id_arbol": 43330, "id_especie": 31, "id_usuario": 321, "fecha_ingr": 42369, "id_tipo_ar": 1, "id_tipo_or": 2, "codigo_arb": 45431, "longitud": -76.52698, "latitud": 3.44394, "id_nivel_a": 3, "id_nivel_1": 38, "id_proyect": 1, "estado_arb": "Vivo", "fecha_regi": 44880, "longitud_1": -76.52698, "latitud_1": 3.44394, "comuna": "3", "perimetro": null, "Id": 0, "area": 136572.15568900001 }, "geometry": { "type": "Point", "coordinates": [ -76.52698, 3.44394 ] } },
{ "type": "Feature", "properties": { "OBJECTID": 43328, "id_arbol": 43331, "id_especie": 1644, "id_usuario": 321, "fecha_ingr": 42369, "id_tipo_ar": 1, "id_tipo_or": 2, "codigo_arb": 45432, "longitud": -76.52695, "latitud": 3.443966, "id_nivel_a": 3, "id_nivel_1": 38, "id_proyect": 1, "estado_arb": "Vivo", "fecha_regi": 44880, "longitud_1": -76.52695, "latitud_1": 3.44397, "comuna": "3", "perimetro": null, "Id": 0, "area": 136572.15568900001 }, "geometry": { "type": "Point", "coordinates": [ -76.52695, 3.443966 ] } },
{ "type": "Feature", "properties": { "OBJECTID": 43329, "id_arbol": 43332, "id_especie": 31, "id_usuario": 321, "fecha_ingr": 42369, "id_tipo_ar": 1, "id_tipo_or": 2, "codigo_arb": 45433, "longitud": -76.527245, "latitud": 3.4438972, "id_nivel_a": 3, "id_nivel_1": 38, "id_proyect": 1, "estado_arb": "Vivo", "fecha_regi": 44880, "longitud_1": -76.52725, "latitud_1": 3.4439, "comuna": "3", "perimetro": null, "Id": 0, "area": 136572.15568900001 }, "geometry": { "type": "Point", "coordinates": [ -76.527245, 3.443897200000038 ] } },
{ "type": "Feature", "properties": { "OBJECTID": 43330, "id_arbol": 43333, "id_especie": 1668, "id_usuario": 321, "fecha_ingr": 42369, "id_tipo_ar": 1, "id_tipo_or": 2, "codigo_arb": 45434, "longitud": -76.52733, "latitud": 3.443874, "id_nivel_a": 3, "id_nivel_1": 38, "id_proyect": 1, "estado_arb": "Vivo", "fecha_regi": 44880, "longitud_1": -76.52733, "latitud_1": 3.44387, "comuna": "3", "perimetro": null, "Id": 0, "area": 136572.15568900001 }, "geometry": { "type": "Point", "coordinates": [ -76.52733, 3.443874 ] } },
{ "type": "Feature", "properties": { "OBJECTID": 43331, "id_arbol": 43334, "id_especie": 1668, "id_usuario": 321, "fecha_ingr": 42369, "id_tipo_ar": 1, "id_tipo_or": 2, "codigo_arb": 45435, "longitud": -76.526955, "latitud": 3.443828, "id_nivel_a": 3, "id_nivel_1": 38, "id_proyect": 1, "estado_arb": "Vivo", "fecha_regi": 44880, "longitud_1": -76.52696, "latitud_1": 3.44383, "comuna": "3", "perimetro": null, "Id": 0, "area": 136572.15568900001 }, "geometry": { "type": "Point", "coordinates": [ -76.526955, 3.443828 ] } },
{ "type": "Feature", "properties": { "OBJECTID": 43332, "id_arbol": 43335, "id_especie": 1583, "id_usuario": 321, "fecha_ingr": 42369, "id_tipo_ar": 1, "id_tipo_or": 2, "codigo_arb": 45436, "longitud": -76.52692, "latitud": 3.4436822, "id_nivel_a": 3, "id_nivel_1": 38, "id_proyect": 1, "estado_arb": "Vivo", "fecha_regi": 44880, "longitud_1": -76.52692, "latitud_1": 3.44368, "comuna": "3", "perimetro": null, "Id": 0, "area": 136572.15568900001 }, "geometry": { "type": "Point", "coordinates": [ -76.52692, 3.443682200000069 ] } },
{ "type": "Feature", "properties": { "OBJECTID": 43333, "id_arbol": 43336, "id_especie": 136, "id_usuario": 321, "fecha_ingr": 42369, "id_tipo_ar": 1, "id_tipo_or": 2, "codigo_arb": 45437, "longitud": -76.52686, "latitud": 3.4446874, "id_nivel_a": 3, "id_nivel_1": 38, "id_proyect": 1, "estado_arb": "Vivo", "fecha_regi": 44880, "longitud_1": -76.52686, "latitud_1": 3.44469, "comuna": "3", "perimetro": null, "Id": 0, "area": 136572.15568900001 }, "geometry": { "type": "Point", "coordinates": [ -76.52686, 3.444687400000021 ] } },
{ "type": "Feature", "properties": { "OBJECTID": 43334, "id_arbol": 43337, "id_especie": 136, "id_usuario": 321, "fecha_ingr": 42369, "id_tipo_ar": 1, "id_tipo_or": 2, "codigo_arb": 45438, "longitud": -76.52678, "latitud": 3.4446983, "id_nivel_a": 3, "id_nivel_1": 38, "id_proyect": 1, "estado_arb": "Vivo", "fecha_regi": 44880, "longitud_1": -76.52678, "latitud_1": 3.4447, "comuna": "3", "perimetro": null, "Id": 0, "area": 136572.15568900001 }, "geometry": { "type": "Point", "coordinates": [ -76.52678, 3.444698300000027 ] } },
{ "type": "Feature", "properties": { "OBJECTID": 43335, "id_arbol": 43338, "id_especie": 68, "id_usuario": 321, "fecha_ingr": 42369, "id_tipo_ar": 1, "id_tipo_or": 2, "codigo_arb": 45439, "longitud": -76.526764, "latitud": 3.4450333, "id_nivel_a": 3, "id_nivel_1": 38, "id_proyect": 1, "estado_arb": "Vivo", "fecha_regi": 44880, "longitud_1": -76.52676, "latitud_1": 3.44503, "comuna": "3", "perimetro": null, "Id": 0, "area": 136572.15568900001 }, "geometry": { "type": "Point", "coordinates": [ -76.526764, 3.445033300000034 ] } },
{ "type": "Feature", "properties": { "OBJECTID": 43336, "id_arbol": 43339, "id_especie": 1573, "id_usuario": 321, "fecha_ingr": 42369, "id_tipo_ar": 1, "id_tipo_or": 2, "codigo_arb": 45440, "longitud": -76.52681, "latitud": 3.4451935, "id_nivel_a": 3, "id_nivel_1": 38, "id_proyect": 1, "estado_arb": "Vivo", "fecha_regi": 44880, "longitud_1": -76.52681, "latitud_1": 3.44519, "comuna": "3", "perimetro": null, "Id": 0, "area": 136572.15568900001 }, "geometry": { "type": "Point", "coordinates": [ -76.52681, 3.445193500000073 ] } },
{ "type": "Feature", "properties": { "OBJECTID": 43337, "id_arbol": 43340, "id_especie": 1573, "id_usuario": 321, "fecha_ingr": 42369, "id_tipo_ar": 1, "id_tipo_or": 2, "codigo_arb": 45441, "longitud": -76.52688, "latitud": 3.4455044, "id_nivel_a": 3, "id_nivel_1": 38, "id_proyect": 1, "estado_arb": "Vivo", "fecha_regi": 44880, "longitud_1": -76.52688, "latitud_1": 3.4455, "comuna": "3", "perimetro": null, "Id": 0, "area": 136572.15568900001 }, "geometry": { "type": "Point", "coordinates": [ -76.52688, 3.445504400000061 ] } },
{ "type": "Feature", "properties": { "OBJECTID": 43338, "id_arbol": 43341, "id_especie": 65, "id_usuario": 321, "fecha_ingr": 42369, "id_tipo_ar": 1, "id_tipo_or": 2, "codigo_arb": 45442, "longitud": -76.52688, "latitud": 3.445509, "id_nivel_a": 3, "id_nivel_1": 38, "id_proyect": 1, "estado_arb": "Vivo", "fecha_regi": 44880, "longitud_1": -76.52688, "latitud_1": 3.44551, "comuna": "3", "perimetro": null, "Id": 0, "area": 136572.15568900001 }, "geometry": { "type": "Point", "coordinates": [ -76.52688, 3.445509 ] } },
{ "type": "Feature", "properties": { "OBJECTID": 43339, "id_arbol": 43342, "id_especie": 49, "id_usuario": 321, "fecha_ingr": 42369, "id_tipo_ar": 1, "id_tipo_or": 2, "codigo_arb": 45443, "longitud": -76.52702, "latitud": 3.4461977, "id_nivel_a": 3, "id_nivel_1": 39, "id_proyect": 1, "estado_arb": "Vivo", "fecha_regi": 44880, "longitud_1": -76.52702, "latitud_1": 3.4462, "comuna": "3", "perimetro": null, "Id": 0, "area": 136572.15568900001 }, "geometry": { "type": "Point", "coordinates": [ -76.52702, 3.446197700000027 ] } },
{ "type": "Feature", "properties": { "OBJECTID": 43340, "id_arbol": 43343, "id_especie": 49, "id_usuario": 321, "fecha_ingr": 42369, "id_tipo_ar": 1, "id_tipo_or": 2, "codigo_arb": 45444, "longitud": -76.52706, "latitud": 3.4463043, "id_nivel_a": 3, "id_nivel_1": 39, "id_proyect": 1, "estado_arb": "Vivo", "fecha_regi": 44880, "longitud_1": -76.52706, "latitud_1": 3.4463, "comuna": "3", "perimetro": null, "Id": 0, "area": 136572.15568900001 }, "geometry": { "type": "Point", "coordinates": [ -76.52706, 3.446304300000065 ] } },
{ "type": "Feature", "properties": { "OBJECTID": 43341, "id_arbol": 43344, "id_especie": 49, "id_usuario": 321, "fecha_ingr": 42369, "id_tipo_ar": 1, "id_tipo_or": 2, "codigo_arb": 45445, "longitud": -76.52708, "latitud": 3.4464047, "id_nivel_a": 3, "id_nivel_1": 39, "id_proyect": 1, "estado_arb": "Vivo", "fecha_regi": 44880, "longitud_1": -76.52708, "latitud_1": 3.4464, "comuna": "3", "perimetro": null, "Id": 0, "area": 136572.15568900001 }, "geometry": { "type": "Point", "coordinates": [ -76.52708, 3.446404700000073 ] } },
{ "type": "Feature", "properties": { "OBJECTID": 43342, "id_arbol": 43345, "id_especie": 49, "id_usuario": 321, "fecha_ingr": 42369, "id_tipo_ar": 1, "id_tipo_or": 2, "codigo_arb": 45446, "longitud": -76.52713, "latitud": 3.4465704, "id_nivel_a": 3, "id_nivel_1": 39, "id_proyect": 1, "estado_arb": "Vivo", "fecha_regi": 44880, "longitud_1": -76.52713, "latitud_1": 3.44657, "comuna": "3", "perimetro": null, "Id": 0, "area": 136572.15568900001 }, "geometry": { "type": "Point", "coordinates": [ -76.52713, 3.446570400000041 ] } },
{ "type": "Feature", "properties": { "OBJECTID": 43343, "id_arbol": 43346, "id_especie": 49, "id_usuario": 321, "fecha_ingr": 42369, "id_tipo_ar": 1, "id_tipo_or": 2, "codigo_arb": 45447, "longitud": -76.527176, "latitud": 3.4467256, "id_nivel_a": 3, "id_nivel_1": 39, "id_proyect": 1, "estado_arb": "Vivo", "fecha_regi": 44880, "longitud_1": -76.52718, "latitud_1": 3.44673, "comuna": "3", "perimetro": null, "Id": 0, "area": 136572.15568900001 }, "geometry": { "type": "Point", "coordinates": [ -76.527176, 3.446725600000036 ] } },
{ "type": "Feature", "properties": { "OBJECTID": 43344, "id_arbol": 43347, "id_especie": 49, "id_usuario": 321, "fecha_ingr": 42369, "id_tipo_ar": 1, "id_tipo_or": 2, "codigo_arb": 45448, "longitud": -76.52722, "latitud": 3.44688, "id_nivel_a": 3, "id_nivel_1": 39, "id_proyect": 1, "estado_arb": "Eliminado", "fecha_regi": 44880, "longitud_1": -76.52722, "latitud_1": 3.44688, "comuna": "3", "perimetro": null, "Id": 0, "area": 136572.15568900001 }, "geometry": { "type": "Point", "coordinates": [ -76.52722, 3.44688 ] } },
{ "type": "Feature", "properties": { "OBJECTID": 43345, "id_arbol": 43348, "id_especie": 49, "id_usuario": 321, "fecha_ingr": 42369, "id_tipo_ar": 1, "id_tipo_or": 2, "codigo_arb": 45449, "longitud": -76.52727, "latitud": 3.4470308, "id_nivel_a": 3, "id_nivel_1": 39, "id_proyect": 1, "estado_arb": "Vivo", "fecha_regi": 44880, "longitud_1": -76.52727, "latitud_1": 3.44703, "comuna": "3", "perimetro": null, "Id": 0, "area": 136572.15568900001 }, "geometry": { "type": "Point", "coordinates": [ -76.52727, 3.44703080000005 ] } },
{ "type": "Feature", "properties": { "OBJECTID": 43346, "id_arbol": 43349, "id_especie": 49, "id_usuario": 321, "fecha_ingr": 42369, "id_tipo_ar": 1, "id_tipo_or": 2, "codigo_arb": 45450, "longitud": -76.52731, "latitud": 3.447189, "id_nivel_a": 3, "id_nivel_1": 39, "id_proyect": 1, "estado_arb": "Vivo", "fecha_regi": 44880, "longitud_1": -76.52731, "latitud_1": 3.44719, "comuna": "3", "perimetro": null, "Id": 0, "area": 136572.15568900001 }, "geometry": { "type": "Point", "coordinates": [ -76.52731, 3.447189 ] } },
{ "type": "Feature", "properties": { "OBJECTID": 43347, "id_arbol": 43350, "id_especie": 49, "id_usuario": 321, "fecha_ingr": 42369, "id_tipo_ar": 1, "id_tipo_or": 2, "codigo_arb": 45451, "longitud": -76.52736, "latitud": 3.4473398, "id_nivel_a": 3, "id_nivel_1": 39, "id_proyect": 1, "estado_arb": "Vivo", "fecha_regi": 44880, "longitud_1": -76.52736, "latitud_1": 3.44734, "comuna": "3", "perimetro": null, "Id": 0, "area": 136572.15568900001 }, "geometry": { "type": "Point", "coordinates": [ -76.52736, 3.447339800000066 ] } },
{ "type": "Feature", "properties": { "OBJECTID": 134935, "id_arbol": 134940, "id_especie": 51, "id_usuario": 321, "fecha_ingr": 42369, "id_tipo_ar": 1, "id_tipo_or": 2, "codigo_arb": 143217, "longitud": -76.52629, "latitud": 3.4435852, "id_nivel_a": 3, "id_nivel_1": 38, "id_proyect": 1, "estado_arb": "Vivo", "fecha_regi": 44880, "longitud_1": -76.52629, "latitud_1": 3.44359, "comuna": "3", "perimetro": null, "Id": 0, "area": 136572.15568900001 }, "geometry": { "type": "Point", "coordinates": [ -76.52629, 3.44358520000003 ] } },
{ "type": "Feature", "properties": { "OBJECTID": 134936, "id_arbol": 134941, "id_especie": 51, "id_usuario": 321, "fecha_ingr": 42369, "id_tipo_ar": 1, "id_tipo_or": 2, "codigo_arb": 143218, "longitud": -76.52634, "latitud": 3.4437184, "id_nivel_a": 3, "id_nivel_1": 38, "id_proyect": 1, "estado_arb": "Vivo", "fecha_regi": 44880, "longitud_1": -76.52634, "latitud_1": 3.44372, "comuna": "3", "perimetro": null, "Id": 0, "area": 136572.15568900001 }, "geometry": { "type": "Point", "coordinates": [ -76.52634, 3.443718400000023 ] } },
{ "type": "Feature", "properties": { "OBJECTID": 134937, "id_arbol": 134942, "id_especie": 51, "id_usuario": 321, "fecha_ingr": 42369, "id_tipo_ar": 1, "id_tipo_or": 2, "codigo_arb": 143219, "longitud": -76.52644, "latitud": 3.444073, "id_nivel_a": 3, "id_nivel_1": 38, "id_proyect": 1, "estado_arb": "Vivo", "fecha_regi": 44880, "longitud_1": -76.52644, "latitud_1": 3.44407, "comuna": "3", "perimetro": null, "Id": 0, "area": 136572.15568900001 }, "geometry": { "type": "Point", "coordinates": [ -76.52644, 3.444073 ] } },
{ "type": "Feature", "properties": { "OBJECTID": 134938, "id_arbol": 134943, "id_especie": 51, "id_usuario": 321, "fecha_ingr": 42369, "id_tipo_ar": 1, "id_tipo_or": 2, "codigo_arb": 143220, "longitud": -76.526505, "latitud": 3.444195, "id_nivel_a": 3, "id_nivel_1": 38, "id_proyect": 1, "estado_arb": "Vivo", "fecha_regi": 44880, "longitud_1": -76.52651, "latitud_1": 3.4442, "comuna": "3", "perimetro": null, "Id": 0, "area": 136572.15568900001 }, "geometry": { "type": "Point", "coordinates": [ -76.526505, 3.444195 ] } },
{ "type": "Feature", "properties": { "OBJECTID": 296969, "id_arbol": 422066, "id_especie": 999, "id_usuario": 321, "fecha_ingr": 45267, "id_tipo_ar": 1, "id_tipo_or": 2, "codigo_arb": 1030900031, "longitud": -76.52771, "latitud": 3.4432993, "id_nivel_a": 3, "id_nivel_1": 38, "id_proyect": 4, "estado_arb": "Muerto", "fecha_regi": 45588, "longitud_1": -76.52771, "latitud_1": 3.4433, "comuna": "3", "perimetro": null, "Id": 0, "area": 136572.15568900001 }, "geometry": { "type": "Point", "coordinates": [ -76.52771, 3.443299300000035 ] } },
{ "type": "Feature", "properties": { "OBJECTID": 324593, "id_arbol": 449690, "id_especie": 18, "id_usuario": 321, "fecha_ingr": 45266, "id_tipo_ar": 1, "id_tipo_or": 2, "codigo_arb": 1030600030, "longitud": -76.5299, "latitud": 3.4434361, "id_nivel_a": 3, "id_nivel_1": 35, "id_proyect": 4, "estado_arb": "Nuevo", "fecha_regi": 45588, "longitud_1": -76.5299, "latitud_1": 3.44344, "comuna": "3", "perimetro": null, "Id": 0, "area": 136572.15568900001 }, "geometry": { "type": "Point", "coordinates": [ -76.5299, 3.443436100000042 ] } },
{ "type": "Feature", "properties": { "OBJECTID": 324719, "id_arbol": 449816, "id_especie": 51, "id_usuario": 321, "fecha_ingr": 45267, "id_tipo_ar": 1, "id_tipo_or": 2, "codigo_arb": 1030900058, "longitud": -76.52685, "latitud": 3.4453523, "id_nivel_a": 3, "id_nivel_1": 38, "id_proyect": 4, "estado_arb": "Nuevo", "fecha_regi": 45588, "longitud_1": -76.52685, "latitud_1": 3.44535, "comuna": "3", "perimetro": null, "Id": 0, "area": 136572.15568900001 }, "geometry": { "type": "Point", "coordinates": [ -76.52685, 3.445352300000025 ] } },
{ "type": "Feature", "properties": { "OBJECTID": 324721, "id_arbol": 449818, "id_especie": 40, "id_usuario": 321, "fecha_ingr": 45267, "id_tipo_ar": 1, "id_tipo_or": 2, "codigo_arb": 1030900057, "longitud": -76.52657, "latitud": 3.4428542, "id_nivel_a": 3, "id_nivel_1": 38, "id_proyect": 4, "estado_arb": "Nuevo", "fecha_regi": 45588, "longitud_1": -76.52657, "latitud_1": 3.44285, "comuna": "3", "perimetro": null, "Id": 0, "area": 136572.15568900001 }, "geometry": { "type": "Point", "coordinates": [ -76.52657, 3.442854200000056 ] } },
{ "type": "Feature", "properties": { "OBJECTID": 324724, "id_arbol": 449821, "id_especie": 51, "id_usuario": 321, "fecha_ingr": 45267, "id_tipo_ar": 1, "id_tipo_or": 2, "codigo_arb": 1030900056, "longitud": -76.52665, "latitud": 3.4427722, "id_nivel_a": 3, "id_nivel_1": 38, "id_proyect": 4, "estado_arb": "Nuevo", "fecha_regi": 45588, "longitud_1": -76.52665, "latitud_1": 3.44277, "comuna": "3", "perimetro": null, "Id": 0, "area": 136572.15568900001 }, "geometry": { "type": "Point", "coordinates": [ -76.52665, 3.442772200000036 ] } },
{ "type": "Feature", "properties": { "OBJECTID": 324739, "id_arbol": 449836, "id_especie": 31, "id_usuario": 321, "fecha_ingr": 45267, "id_tipo_ar": 1, "id_tipo_or": 2, "codigo_arb": 1030900055, "longitud": -76.52739, "latitud": 3.4432921, "id_nivel_a": 3, "id_nivel_1": 38, "id_proyect": 4, "estado_arb": "Nuevo", "fecha_regi": 45588, "longitud_1": -76.52739, "latitud_1": 3.44329, "comuna": "3", "perimetro": null, "Id": 0, "area": 136572.15568900001 }, "geometry": { "type": "Point", "coordinates": [ -76.52739, 3.443292100000065 ] } },
{ "type": "Feature", "properties": { "OBJECTID": 324753, "id_arbol": 449850, "id_especie": 31, "id_usuario": 321, "fecha_ingr": 45267, "id_tipo_ar": 1, "id_tipo_or": 2, "codigo_arb": 1030900054, "longitud": -76.52698, "latitud": 3.44394, "id_nivel_a": 3, "id_nivel_1": 38, "id_proyect": 4, "estado_arb": "Nuevo", "fecha_regi": 45588, "longitud_1": -76.52698, "latitud_1": 3.44394, "comuna": "3", "perimetro": null, "Id": 0, "area": 136572.15568900001 }, "geometry": { "type": "Point", "coordinates": [ -76.52698, 3.44394 ] } },
{ "type": "Feature", "properties": { "OBJECTID": 324759, "id_arbol": 449856, "id_especie": 1707, "id_usuario": 321, "fecha_ingr": 45267, "id_tipo_ar": 1, "id_tipo_or": 2, "codigo_arb": 1030900053, "longitud": -76.52694, "latitud": 3.4434514, "id_nivel_a": 3, "id_nivel_1": 38, "id_proyect": 4, "estado_arb": "Nuevo", "fecha_regi": 45588, "longitud_1": -76.52694, "latitud_1": 3.44345, "comuna": "3", "perimetro": null, "Id": 0, "area": 136572.15568900001 }, "geometry": { "type": "Point", "coordinates": [ -76.52694, 3.443451400000072 ] } },
{ "type": "Feature", "properties": { "OBJECTID": 324760, "id_arbol": 449857, "id_especie": 1583, "id_usuario": 321, "fecha_ingr": 45267, "id_tipo_ar": 1, "id_tipo_or": 2, "codigo_arb": 1030900052, "longitud": -76.526596, "latitud": 3.4441483, "id_nivel_a": 3, "id_nivel_1": 38, "id_proyect": 4, "estado_arb": "Nuevo", "fecha_regi": 45588, "longitud_1": -76.5266, "latitud_1": 3.44415, "comuna": "3", "perimetro": null, "Id": 0, "area": 136572.15568900001 }, "geometry": { "type": "Point", "coordinates": [ -76.526596, 3.444148300000052 ] } },
{ "type": "Feature", "properties": { "OBJECTID": 324786, "id_arbol": 449883, "id_especie": 40, "id_usuario": 321, "fecha_ingr": 45267, "id_tipo_ar": 1, "id_tipo_or": 2, "codigo_arb": 1030900051, "longitud": -76.52829, "latitud": 3.4440181, "id_nivel_a": 3, "id_nivel_1": 38, "id_proyect": 4, "estado_arb": "Nuevo", "fecha_regi": 45588, "longitud_1": -76.52829, "latitud_1": 3.44402, "comuna": "3", "perimetro": null, "Id": 0, "area": 136572.15568900001 }, "geometry": { "type": "Point", "coordinates": [ -76.52829, 3.444018100000051 ] } },
{ "type": "Feature", "properties": { "OBJECTID": 324788, "id_arbol": 449885, "id_especie": 40, "id_usuario": 321, "fecha_ingr": 45267, "id_tipo_ar": 1, "id_tipo_or": 2, "codigo_arb": 1030900050, "longitud": -76.52814, "latitud": 3.4439902, "id_nivel_a": 3, "id_nivel_1": 38, "id_proyect": 4, "estado_arb": "Nuevo", "fecha_regi": 45588, "longitud_1": -76.52814, "latitud_1": 3.44399, "comuna": "3", "perimetro": null, "Id": 0, "area": 136572.15568900001 }, "geometry": { "type": "Point", "coordinates": [ -76.52814, 3.44399020000003 ] } },
{ "type": "Feature", "properties": { "OBJECTID": 324827, "id_arbol": 449924, "id_especie": 81, "id_usuario": 321, "fecha_ingr": 45267, "id_tipo_ar": 1, "id_tipo_or": 2, "codigo_arb": 1030900049, "longitud": -76.528404, "latitud": 3.4455554, "id_nivel_a": 3, "id_nivel_1": 38, "id_proyect": 4, "estado_arb": "Nuevo", "fecha_regi": 45588, "longitud_1": -76.5284, "latitud_1": 3.44556, "comuna": "3", "perimetro": null, "Id": 0, "area": 136572.15568900001 }, "geometry": { "type": "Point", "coordinates": [ -76.528404, 3.445555400000046 ] } },
{ "type": "Feature", "properties": { "OBJECTID": 324833, "id_arbol": 449930, "id_especie": 50, "id_usuario": 321, "fecha_ingr": 45267, "id_tipo_ar": 1, "id_tipo_or": 2, "codigo_arb": 1030900048, "longitud": -76.529106, "latitud": 3.4447749, "id_nivel_a": 3, "id_nivel_1": 38, "id_proyect": 4, "estado_arb": "Nuevo", "fecha_regi": 45588, "longitud_1": -76.52911, "latitud_1": 3.44477, "comuna": "3", "perimetro": null, "Id": 0, "area": 136572.15568900001 }, "geometry": { "type": "Point", "coordinates": [ -76.529106, 3.444774900000027 ] } },
{ "type": "Feature", "properties": { "OBJECTID": 336801, "id_arbol": 461898, "id_especie": 1707, "id_usuario": 321, "fecha_ingr": 45266, "id_tipo_ar": 1, "id_tipo_or": 2, "codigo_arb": 1030600018, "longitud": -76.530014, "latitud": 3.4434314, "id_nivel_a": 3, "id_nivel_1": 35, "id_proyect": 4, "estado_arb": "Nuevo", "fecha_regi": 45588, "longitud_1": -76.53001, "latitud_1": 3.44343, "comuna": "3", "perimetro": null, "Id": 0, "area": 136572.15568900001 }, "geometry": { "type": "Point", "coordinates": [ -76.530014, 3.443431400000065 ] } },
{ "type": "Feature", "properties": { "OBJECTID": 336920, "id_arbol": 462017, "id_especie": 51, "id_usuario": 321, "fecha_ingr": 45267, "id_tipo_ar": 1, "id_tipo_or": 2, "codigo_arb": 1030900059, "longitud": -76.52686, "latitud": 3.4427907, "id_nivel_a": 3, "id_nivel_1": 38, "id_proyect": 4, "estado_arb": "Nuevo", "fecha_regi": 45588, "longitud_1": -76.52686, "latitud_1": 3.44279, "comuna": "3", "perimetro": null, "Id": 0, "area": 136572.15568900001 }, "geometry": { "type": "Point", "coordinates": [ -76.52686, 3.442790700000046 ] } },
{ "type": "Feature", "properties": { "OBJECTID": 336931, "id_arbol": 462028, "id_especie": 51, "id_usuario": 321, "fecha_ingr": 45267, "id_tipo_ar": 1, "id_tipo_or": 2, "codigo_arb": 1030900060, "longitud": -76.52694, "latitud": 3.442795, "id_nivel_a": 3, "id_nivel_1": 38, "id_proyect": 4, "estado_arb": "Nuevo", "fecha_regi": 45588, "longitud_1": -76.52694, "latitud_1": 3.4428, "comuna": "3", "perimetro": null, "Id": 0, "area": 136572.15568900001 }, "geometry": { "type": "Point", "coordinates": [ -76.52694, 3.442795 ] } },
{ "type": "Feature", "properties": { "OBJECTID": 336957, "id_arbol": 462054, "id_especie": 1640, "id_usuario": 321, "fecha_ingr": 45267, "id_tipo_ar": 1, "id_tipo_or": 2, "codigo_arb": 1030900061, "longitud": -76.527245, "latitud": 3.4432921, "id_nivel_a": 3, "id_nivel_1": 38, "id_proyect": 4, "estado_arb": "Nuevo", "fecha_regi": 45588, "longitud_1": -76.52725, "latitud_1": 3.44329, "comuna": "3", "perimetro": null, "Id": 0, "area": 136572.15568900001 }, "geometry": { "type": "Point", "coordinates": [ -76.527245, 3.443292100000065 ] } },
{ "type": "Feature", "properties": { "OBJECTID": 336958, "id_arbol": 462055, "id_especie": 1707, "id_usuario": 321, "fecha_ingr": 45267, "id_tipo_ar": 1, "id_tipo_or": 2, "codigo_arb": 1030900062, "longitud": -76.527, "latitud": 3.443268, "id_nivel_a": 3, "id_nivel_1": 38, "id_proyect": 4, "estado_arb": "Nuevo", "fecha_regi": 45588, "longitud_1": -76.527, "latitud_1": 3.44327, "comuna": "3", "perimetro": null, "Id": 0, "area": 136572.15568900001 }, "geometry": { "type": "Point", "coordinates": [ -76.527, 3.443268 ] } },
{ "type": "Feature", "properties": { "OBJECTID": 336966, "id_arbol": 462063, "id_especie": 31, "id_usuario": 321, "fecha_ingr": 45267, "id_tipo_ar": 1, "id_tipo_or": 2, "codigo_arb": 1030900063, "longitud": -76.527245, "latitud": 3.4438972, "id_nivel_a": 3, "id_nivel_1": 38, "id_proyect": 4, "estado_arb": "Nuevo", "fecha_regi": 45588, "longitud_1": -76.52725, "latitud_1": 3.4439, "comuna": "3", "perimetro": null, "Id": 0, "area": 136572.15568900001 }, "geometry": { "type": "Point", "coordinates": [ -76.527245, 3.443897200000038 ] } },
{ "type": "Feature", "properties": { "OBJECTID": 336975, "id_arbol": 462072, "id_especie": 1707, "id_usuario": 321, "fecha_ingr": 45267, "id_tipo_ar": 1, "id_tipo_or": 2, "codigo_arb": 1030900042, "longitud": -76.52749, "latitud": 3.443851, "id_nivel_a": 3, "id_nivel_1": 38, "id_proyect": 4, "estado_arb": "Nuevo", "fecha_regi": 45588, "longitud_1": -76.52749, "latitud_1": 3.44385, "comuna": "3", "perimetro": null, "Id": 0, "area": 136572.15568900001 }, "geometry": { "type": "Point", "coordinates": [ -76.52749, 3.443851 ] } },
{ "type": "Feature", "properties": { "OBJECTID": 336996, "id_arbol": 462093, "id_especie": 40, "id_usuario": 321, "fecha_ingr": 45267, "id_tipo_ar": 1, "id_tipo_or": 2, "codigo_arb": 1030900043, "longitud": -76.528496, "latitud": 3.4439056, "id_nivel_a": 3, "id_nivel_1": 38, "id_proyect": 4, "estado_arb": "Nuevo", "fecha_regi": 45588, "longitud_1": -76.5285, "latitud_1": 3.44391, "comuna": "3", "perimetro": null, "Id": 0, "area": 136572.15568900001 }, "geometry": { "type": "Point", "coordinates": [ -76.528496, 3.443905600000051 ] } },
{ "type": "Feature", "properties": { "OBJECTID": 336997, "id_arbol": 462094, "id_especie": 40, "id_usuario": 321, "fecha_ingr": 45267, "id_tipo_ar": 1, "id_tipo_or": 2, "codigo_arb": 1030900044, "longitud": -76.52855, "latitud": 3.4439282, "id_nivel_a": 3, "id_nivel_1": 38, "id_proyect": 4, "estado_arb": "Nuevo", "fecha_regi": 45588, "longitud_1": -76.52855, "latitud_1": 3.44393, "comuna": "3", "perimetro": null, "Id": 0, "area": 136572.15568900001 }, "geometry": { "type": "Point", "coordinates": [ -76.52855, 3.443928200000073 ] } },
{ "type": "Feature", "properties": { "OBJECTID": 337016, "id_arbol": 462113, "id_especie": 1669, "id_usuario": 321, "fecha_ingr": 45267, "id_tipo_ar": 1, "id_tipo_or": 2, "codigo_arb": 1030900047, "longitud": -76.52814, "latitud": 3.444103, "id_nivel_a": 3, "id_nivel_1": 38, "id_proyect": 4, "estado_arb": "Nuevo", "fecha_regi": 45588, "longitud_1": -76.52814, "latitud_1": 3.4441, "comuna": "3", "perimetro": null, "Id": 0, "area": 136572.15568900001 }, "geometry": { "type": "Point", "coordinates": [ -76.52814, 3.444103 ] } },
{ "type": "Feature", "properties": { "OBJECTID": 337022, "id_arbol": 462119, "id_especie": 172, "id_usuario": 321, "fecha_ingr": 45267, "id_tipo_ar": 1, "id_tipo_or": 2, "codigo_arb": 1030900046, "longitud": -76.52735, "latitud": 3.4445677, "id_nivel_a": 3, "id_nivel_1": 38, "id_proyect": 4, "estado_arb": "Nuevo", "fecha_regi": 45588, "longitud_1": -76.52735, "latitud_1": 3.44457, "comuna": "3", "perimetro": null, "Id": 0, "area": 136572.15568900001 }, "geometry": { "type": "Point", "coordinates": [ -76.52735, 3.44456770000005 ] } },
{ "type": "Feature", "properties": { "OBJECTID": 337025, "id_arbol": 462122, "id_especie": 7, "id_usuario": 321, "fecha_ingr": 45267, "id_tipo_ar": 1, "id_tipo_or": 2, "codigo_arb": 1030900045, "longitud": -76.52725, "latitud": 3.44441, "id_nivel_a": 3, "id_nivel_1": 38, "id_proyect": 4, "estado_arb": "Nuevo", "fecha_regi": 45588, "longitud_1": -76.52725, "latitud_1": 3.44441, "comuna": "3", "perimetro": null, "Id": 0, "area": 136572.15568900001 }, "geometry": { "type": "Point", "coordinates": [ -76.52725, 3.44441 ] } },
{ "type": "Feature", "properties": { "OBJECTID": 337040, "id_arbol": 462137, "id_especie": 49, "id_usuario": 321, "fecha_ingr": 45267, "id_tipo_ar": 1, "id_tipo_or": 2, "codigo_arb": 1031000037, "longitud": -76.52942, "latitud": 3.4460416, "id_nivel_a": 3, "id_nivel_1": 39, "id_proyect": 4, "estado_arb": "Nuevo", "fecha_regi": 45588, "longitud_1": -76.52942, "latitud_1": 3.44604, "comuna": "3", "perimetro": null, "Id": 0, "area": 136572.15568900001 }, "geometry": { "type": "Point", "coordinates": [ -76.52942, 3.446041600000058 ] } },
{ "type": "Feature", "properties": { "OBJECTID": 372562, "id_arbol": 497659, "id_especie": 40, "id_usuario": 321, "fecha_ingr": 45267, "id_tipo_ar": 1, "id_tipo_or": 2, "codigo_arb": 1030900128, "longitud": -76.52615, "latitud": 3.442828, "id_nivel_a": 3, "id_nivel_1": 38, "id_proyect": 4, "estado_arb": "Nuevo", "fecha_regi": 45588, "longitud_1": -76.52615, "latitud_1": 3.44283, "comuna": "3", "perimetro": null, "Id": 0, "area": 136572.15568900001 }, "geometry": { "type": "Point", "coordinates": [ -76.52615, 3.442828 ] } },
{ "type": "Feature", "properties": { "OBJECTID": 372579, "id_arbol": 497676, "id_especie": 81, "id_usuario": 321, "fecha_ingr": 45267, "id_tipo_ar": 1, "id_tipo_or": 2, "codigo_arb": 1030900143, "longitud": -76.528015, "latitud": 3.4433327, "id_nivel_a": 3, "id_nivel_1": 38, "id_proyect": 4, "estado_arb": "Nuevo", "fecha_regi": 45588, "longitud_1": -76.52802, "latitud_1": 3.44333, "comuna": "3", "perimetro": null, "Id": 0, "area": 136572.15568900001 }, "geometry": { "type": "Point", "coordinates": [ -76.528015, 3.443332700000042 ] } },
{ "type": "Feature", "properties": { "OBJECTID": 372580, "id_arbol": 497677, "id_especie": 1707, "id_usuario": 321, "fecha_ingr": 45267, "id_tipo_ar": 1, "id_tipo_or": 2, "codigo_arb": 1030900140, "longitud": -76.52707, "latitud": 3.4432642, "id_nivel_a": 3, "id_nivel_1": 38, "id_proyect": 4, "estado_arb": "Nuevo", "fecha_regi": 45588, "longitud_1": -76.52707, "latitud_1": 3.44326, "comuna": "3", "perimetro": null, "Id": 0, "area": 136572.15568900001 }, "geometry": { "type": "Point", "coordinates": [ -76.52707, 3.443264200000044 ] } },
{ "type": "Feature", "properties": { "OBJECTID": 372597, "id_arbol": 497694, "id_especie": 1668, "id_usuario": 321, "fecha_ingr": 45267, "id_tipo_ar": 1, "id_tipo_or": 2, "codigo_arb": 1030900139, "longitud": -76.52733, "latitud": 3.443874, "id_nivel_a": 3, "id_nivel_1": 38, "id_proyect": 4, "estado_arb": "Nuevo", "fecha_regi": 45588, "longitud_1": -76.52733, "latitud_1": 3.44387, "comuna": "3", "perimetro": null, "Id": 0, "area": 136572.15568900001 }, "geometry": { "type": "Point", "coordinates": [ -76.52733, 3.443874 ] } },
{ "type": "Feature", "properties": { "OBJECTID": 372618, "id_arbol": 497715, "id_especie": 40, "id_usuario": 321, "fecha_ingr": 45267, "id_tipo_ar": 1, "id_tipo_or": 2, "codigo_arb": 1030900144, "longitud": -76.528656, "latitud": 3.4438722, "id_nivel_a": 3, "id_nivel_1": 38, "id_proyect": 4, "estado_arb": "Nuevo", "fecha_regi": 45588, "longitud_1": -76.52866, "latitud_1": 3.44387, "comuna": "3", "perimetro": null, "Id": 0, "area": 136572.15568900001 }, "geometry": { "type": "Point", "coordinates": [ -76.528656, 3.443872200000044 ] } },
{ "type": "Feature", "properties": { "OBJECTID": 372639, "id_arbol": 497736, "id_especie": 31, "id_usuario": 321, "fecha_ingr": 45267, "id_tipo_ar": 1, "id_tipo_or": 2, "codigo_arb": 1030900137, "longitud": -76.52755, "latitud": 3.4447458, "id_nivel_a": 3, "id_nivel_1": 38, "id_proyect": 4, "estado_arb": "Nuevo", "fecha_regi": 45588, "longitud_1": -76.52755, "latitud_1": 3.44475, "comuna": "3", "perimetro": null, "Id": 0, "area": 136572.15568900001 }, "geometry": { "type": "Point", "coordinates": [ -76.52755, 3.444745800000021 ] } },
{ "type": "Feature", "properties": { "OBJECTID": 372643, "id_arbol": 497740, "id_especie": 172, "id_usuario": 321, "fecha_ingr": 45267, "id_tipo_ar": 1, "id_tipo_or": 2, "codigo_arb": 1030900125, "longitud": -76.527214, "latitud": 3.444664, "id_nivel_a": 3, "id_nivel_1": 38, "id_proyect": 4, "estado_arb": "Nuevo", "fecha_regi": 45588, "longitud_1": -76.52721, "latitud_1": 3.44466, "comuna": "3", "perimetro": null, "Id": 0, "area": 136572.15568900001 }, "geometry": { "type": "Point", "coordinates": [ -76.527214, 3.444664 ] } },
{ "type": "Feature", "properties": { "OBJECTID": 375245, "id_arbol": 500342, "id_especie": 999, "id_usuario": 321, "fecha_ingr": 45267, "id_tipo_ar": 1, "id_tipo_or": 2, "codigo_arb": 1031000020, "longitud": -76.52702, "latitud": 3.4461977, "id_nivel_a": 3, "id_nivel_1": 39, "id_proyect": 4, "estado_arb": "Muerto", "fecha_regi": 45588, "longitud_1": -76.52702, "latitud_1": 3.4462, "comuna": "3", "perimetro": null, "Id": 0, "area": 136572.15568900001 }, "geometry": { "type": "Point", "coordinates": [ -76.52702, 3.446197700000027 ] } },
{ "type": "Feature", "properties": { "OBJECTID": 375249, "id_arbol": 500346, "id_especie": 1671, "id_usuario": 321, "fecha_ingr": 45267, "id_tipo_ar": 1, "id_tipo_or": 2, "codigo_arb": 1031000040, "longitud": -76.52953, "latitud": 3.4464686, "id_nivel_a": 3, "id_nivel_1": 39, "id_proyect": 4, "estado_arb": "Nuevo", "fecha_regi": 45588, "longitud_1": -76.52953, "latitud_1": 3.44647, "comuna": "3", "perimetro": null, "Id": 0, "area": 136572.15568900001 }, "geometry": { "type": "Point", "coordinates": [ -76.52953, 3.44646860000006 ] } },
{ "type": "Feature", "properties": { "OBJECTID": 384908, "id_arbol": 510005, "id_especie": 51, "id_usuario": 321, "fecha_ingr": 45267, "id_tipo_ar": 1, "id_tipo_or": 2, "codigo_arb": 1030900134, "longitud": -76.52751, "latitud": 3.4428241, "id_nivel_a": 3, "id_nivel_1": 38, "id_proyect": 4, "estado_arb": "Nuevo", "fecha_regi": 45588, "longitud_1": -76.52751, "latitud_1": 3.44282, "comuna": "3", "perimetro": null, "Id": 0, "area": 136572.15568900001 }, "geometry": { "type": "Point", "coordinates": [ -76.52751, 3.442824100000053 ] } },
{ "type": "Feature", "properties": { "OBJECTID": 384924, "id_arbol": 510021, "id_especie": 4, "id_usuario": 321, "fecha_ingr": 45267, "id_tipo_ar": 1, "id_tipo_or": 2, "codigo_arb": 1030900127, "longitud": -76.52688, "latitud": 3.4455004, "id_nivel_a": 3, "id_nivel_1": 38, "id_proyect": 4, "estado_arb": "Nuevo", "fecha_regi": 45588, "longitud_1": -76.52688, "latitud_1": 3.4455, "comuna": "3", "perimetro": null, "Id": 0, "area": 136572.15568900001 }, "geometry": { "type": "Point", "coordinates": [ -76.52688, 3.445500400000071 ] } },
{ "type": "Feature", "properties": { "OBJECTID": 384947, "id_arbol": 510044, "id_especie": 1707, "id_usuario": 321, "fecha_ingr": 45267, "id_tipo_ar": 1, "id_tipo_or": 2, "codigo_arb": 1030900133, "longitud": -76.52676, "latitud": 3.4432645, "id_nivel_a": 3, "id_nivel_1": 38, "id_proyect": 4, "estado_arb": "Nuevo", "fecha_regi": 45588, "longitud_1": -76.52676, "latitud_1": 3.44326, "comuna": "3", "perimetro": null, "Id": 0, "area": 136572.15568900001 }, "geometry": { "type": "Point", "coordinates": [ -76.52676, 3.443264500000055 ] } },
{ "type": "Feature", "properties": { "OBJECTID": 384948, "id_arbol": 510045, "id_especie": 136, "id_usuario": 321, "fecha_ingr": 45267, "id_tipo_ar": 1, "id_tipo_or": 2, "codigo_arb": 1030900124, "longitud": -76.52672, "latitud": 3.443269, "id_nivel_a": 3, "id_nivel_1": 38, "id_proyect": 4, "estado_arb": "Nuevo", "fecha_regi": 45588, "longitud_1": -76.52672, "latitud_1": 3.44327, "comuna": "3", "perimetro": null, "Id": 0, "area": 136572.15568900001 }, "geometry": { "type": "Point", "coordinates": [ -76.52672, 3.443269 ] } },
{ "type": "Feature", "properties": { "OBJECTID": 384955, "id_arbol": 510052, "id_especie": 2242, "id_usuario": 321, "fecha_ingr": 45267, "id_tipo_ar": 1, "id_tipo_or": 2, "codigo_arb": 1030900138, "longitud": -76.52695, "latitud": 3.443966, "id_nivel_a": 3, "id_nivel_1": 38, "id_proyect": 4, "estado_arb": "Nuevo", "fecha_regi": 45588, "longitud_1": -76.52695, "latitud_1": 3.44397, "comuna": "3", "perimetro": null, "Id": 0, "area": 136572.15568900001 }, "geometry": { "type": "Point", "coordinates": [ -76.52695, 3.443966 ] } },
{ "type": "Feature", "properties": { "OBJECTID": 384956, "id_arbol": 510053, "id_especie": 1583, "id_usuario": 321, "fecha_ingr": 45267, "id_tipo_ar": 1, "id_tipo_or": 2, "codigo_arb": 1030900145, "longitud": -76.52695, "latitud": 3.4437807, "id_nivel_a": 3, "id_nivel_1": 38, "id_proyect": 4, "estado_arb": "Nuevo", "fecha_regi": 45588, "longitud_1": -76.52695, "latitud_1": 3.44378, "comuna": "3", "perimetro": null, "Id": 0, "area": 136572.15568900001 }, "geometry": { "type": "Point", "coordinates": [ -76.52695, 3.443780700000048 ] } },
{ "type": "Feature", "properties": { "OBJECTID": 384960, "id_arbol": 510057, "id_especie": 1583, "id_usuario": 321, "fecha_ingr": 45267, "id_tipo_ar": 1, "id_tipo_or": 2, "codigo_arb": 1030900129, "longitud": -76.52697, "latitud": 3.4438992, "id_nivel_a": 3, "id_nivel_1": 38, "id_proyect": 4, "estado_arb": "Nuevo", "fecha_regi": 45588, "longitud_1": -76.52697, "latitud_1": 3.4439, "comuna": "3", "perimetro": null, "Id": 0, "area": 136572.15568900001 }, "geometry": { "type": "Point", "coordinates": [ -76.52697, 3.443899200000033 ] } },
{ "type": "Feature", "properties": { "OBJECTID": 385012, "id_arbol": 510109, "id_especie": 7, "id_usuario": 321, "fecha_ingr": 45267, "id_tipo_ar": 1, "id_tipo_or": 2, "codigo_arb": 1030900132, "longitud": -76.52821, "latitud": 3.4448986, "id_nivel_a": 3, "id_nivel_1": 38, "id_proyect": 4, "estado_arb": "Nuevo", "fecha_regi": 45588, "longitud_1": -76.52821, "latitud_1": 3.4449, "comuna": "3", "perimetro": null, "Id": 0, "area": 136572.15568900001 }, "geometry": { "type": "Point", "coordinates": [ -76.52821, 3.444898600000045 ] } },
{ "type": "Feature", "properties": { "OBJECTID": 385017, "id_arbol": 510114, "id_especie": 18, "id_usuario": 321, "fecha_ingr": 45267, "id_tipo_ar": 1, "id_tipo_or": 2, "codigo_arb": 1030900131, "longitud": -76.527596, "latitud": 3.4451082, "id_nivel_a": 3, "id_nivel_1": 38, "id_proyect": 4, "estado_arb": "Nuevo", "fecha_regi": 45588, "longitud_1": -76.5276, "latitud_1": 3.44511, "comuna": "3", "perimetro": null, "Id": 0, "area": 136572.15568900001 }, "geometry": { "type": "Point", "coordinates": [ -76.527596, 3.44510820000005 ] } },
{ "type": "Feature", "properties": { "OBJECTID": 388597, "id_arbol": 513694, "id_especie": 43, "id_usuario": 321, "fecha_ingr": 45267, "id_tipo_ar": 1, "id_tipo_or": 2, "codigo_arb": 1030900126, "longitud": -76.528534, "latitud": 3.4428332, "id_nivel_a": 3, "id_nivel_1": 38, "id_proyect": 4, "estado_arb": "Nuevo", "fecha_regi": 45588, "longitud_1": -76.52853, "latitud_1": 3.44283, "comuna": "3", "perimetro": null, "Id": 0, "area": 136572.15568900001 }, "geometry": { "type": "Point", "coordinates": [ -76.528534, 3.442833200000052 ] } },
{ "type": "Feature", "properties": { "OBJECTID": 388623, "id_arbol": 513720, "id_especie": 51, "id_usuario": 321, "fecha_ingr": 45267, "id_tipo_ar": 1, "id_tipo_or": 2, "codigo_arb": 1030900130, "longitud": -76.52759, "latitud": 3.4428332, "id_nivel_a": 3, "id_nivel_1": 38, "id_proyect": 4, "estado_arb": "Nuevo", "fecha_regi": 45588, "longitud_1": -76.52759, "latitud_1": 3.44283, "comuna": "3", "perimetro": null, "Id": 0, "area": 136572.15568900001 }, "geometry": { "type": "Point", "coordinates": [ -76.52759, 3.442833200000052 ] } },
{ "type": "Feature", "properties": { "OBJECTID": 388640, "id_arbol": 513737, "id_especie": 302, "id_usuario": 321, "fecha_ingr": 45267, "id_tipo_ar": 1, "id_tipo_or": 2, "codigo_arb": 1030900135, "longitud": -76.527596, "latitud": 3.443301, "id_nivel_a": 3, "id_nivel_1": 38, "id_proyect": 4, "estado_arb": "Nuevo", "fecha_regi": 45588, "longitud_1": -76.5276, "latitud_1": 3.4433, "comuna": "3", "perimetro": null, "Id": 0, "area": 136572.15568900001 }, "geometry": { "type": "Point", "coordinates": [ -76.527596, 3.443301 ] } },
{ "type": "Feature", "properties": { "OBJECTID": 388641, "id_arbol": 513738, "id_especie": 1707, "id_usuario": 321, "fecha_ingr": 45267, "id_tipo_ar": 1, "id_tipo_or": 2, "codigo_arb": 1030900136, "longitud": -76.52749, "latitud": 3.4432898, "id_nivel_a": 3, "id_nivel_1": 38, "id_proyect": 4, "estado_arb": "Nuevo", "fecha_regi": 45588, "longitud_1": -76.52749, "latitud_1": 3.44329, "comuna": "3", "perimetro": null, "Id": 0, "area": 136572.15568900001 }, "geometry": { "type": "Point", "coordinates": [ -76.52749, 3.443289800000059 ] } },
{ "type": "Feature", "properties": { "OBJECTID": 388699, "id_arbol": 513796, "id_especie": 40, "id_usuario": 321, "fecha_ingr": 45267, "id_tipo_ar": 1, "id_tipo_or": 2, "codigo_arb": 1030900141, "longitud": -76.52841, "latitud": 3.4440227, "id_nivel_a": 3, "id_nivel_1": 38, "id_proyect": 4, "estado_arb": "Nuevo", "fecha_regi": 45588, "longitud_1": -76.52841, "latitud_1": 3.44402, "comuna": "3", "perimetro": null, "Id": 0, "area": 136572.15568900001 }, "geometry": { "type": "Point", "coordinates": [ -76.52841, 3.444022700000062 ] } },
{ "type": "Feature", "properties": { "OBJECTID": 388715, "id_arbol": 513812, "id_especie": 218, "id_usuario": 321, "fecha_ingr": 45267, "id_tipo_ar": 1, "id_tipo_or": 2, "codigo_arb": 1030900142, "longitud": -76.527565, "latitud": 3.4455934, "id_nivel_a": 3, "id_nivel_1": 38, "id_proyect": 4, "estado_arb": "Nuevo", "fecha_regi": 45588, "longitud_1": -76.52757, "latitud_1": 3.44559, "comuna": "3", "perimetro": null, "Id": 0, "area": 136572.15568900001 }, "geometry": { "type": "Point", "coordinates": [ -76.527565, 3.445593400000064 ] } },
{ "type": "Feature", "properties": { "OBJECTID": 397811, "id_arbol": 522908, "id_especie": 999, "id_usuario": 321, "fecha_ingr": 45267, "id_tipo_ar": 1, "id_tipo_or": 2, "codigo_arb": 1030900018, "longitud": -76.529106, "latitud": 3.4427946, "id_nivel_a": 3, "id_nivel_1": 38, "id_proyect": 4, "estado_arb": "Muerto", "fecha_regi": 45588, "longitud_1": -76.52911, "latitud_1": 3.44279, "comuna": "3", "perimetro": null, "Id": 0, "area": 136572.15568900001 }, "geometry": { "type": "Point", "coordinates": [ -76.529106, 3.44279460000007 ] } },
{ "type": "Feature", "properties": { "OBJECTID": 427013, "id_arbol": 552110, "id_especie": 42, "id_usuario": 321, "fecha_ingr": 45267, "id_tipo_ar": 1, "id_tipo_or": 2, "codigo_arb": 1030900151, "longitud": -76.52851, "latitud": 3.4429007, "id_nivel_a": 3, "id_nivel_1": 38, "id_proyect": 4, "estado_arb": "Nuevo", "fecha_regi": 45588, "longitud_1": -76.52851, "latitud_1": 3.4429, "comuna": "3", "perimetro": null, "Id": 0, "area": 136572.15568900001 }, "geometry": { "type": "Point", "coordinates": [ -76.52851, 3.442900700000052 ] } },
{ "type": "Feature", "properties": { "OBJECTID": 427022, "id_arbol": 552119, "id_especie": 51, "id_usuario": 321, "fecha_ingr": 45267, "id_tipo_ar": 1, "id_tipo_or": 2, "codigo_arb": 1030900153, "longitud": -76.52766, "latitud": 3.4428427, "id_nivel_a": 3, "id_nivel_1": 38, "id_proyect": 4, "estado_arb": "Nuevo", "fecha_regi": 45588, "longitud_1": -76.52766, "latitud_1": 3.44284, "comuna": "3", "perimetro": null, "Id": 0, "area": 136572.15568900001 }, "geometry": { "type": "Point", "coordinates": [ -76.52766, 3.442842700000028 ] } },
{ "type": "Feature", "properties": { "OBJECTID": 427025, "id_arbol": 552122, "id_especie": 40, "id_usuario": 321, "fecha_ingr": 45267, "id_tipo_ar": 1, "id_tipo_or": 2, "codigo_arb": 1030900146, "longitud": -76.52657, "latitud": 3.4428577, "id_nivel_a": 3, "id_nivel_1": 38, "id_proyect": 4, "estado_arb": "Nuevo", "fecha_regi": 45588, "longitud_1": -76.52657, "latitud_1": 3.44286, "comuna": "3", "perimetro": null, "Id": 0, "area": 136572.15568900001 }, "geometry": { "type": "Point", "coordinates": [ -76.52657, 3.442857700000047 ] } },
{ "type": "Feature", "properties": { "OBJECTID": 427037, "id_arbol": 552134, "id_especie": 49, "id_usuario": 321, "fecha_ingr": 45267, "id_tipo_ar": 1, "id_tipo_or": 2, "codigo_arb": 1031000005, "longitud": -76.52731, "latitud": 3.447189, "id_nivel_a": 3, "id_nivel_1": 39, "id_proyect": 4, "estado_arb": "Nuevo", "fecha_regi": 45588, "longitud_1": -76.52731, "latitud_1": 3.44719, "comuna": "3", "perimetro": null, "Id": 0, "area": 136572.15568900001 }, "geometry": { "type": "Point", "coordinates": [ -76.52731, 3.447189 ] } },
{ "type": "Feature", "properties": { "OBJECTID": 427114, "id_arbol": 552211, "id_especie": 40, "id_usuario": 321, "fecha_ingr": 45267, "id_tipo_ar": 1, "id_tipo_or": 2, "codigo_arb": 1030900156, "longitud": -76.52868, "latitud": 3.4439473, "id_nivel_a": 3, "id_nivel_1": 38, "id_proyect": 4, "estado_arb": "Nuevo", "fecha_regi": 45588, "longitud_1": -76.52868, "latitud_1": 3.44395, "comuna": "3", "perimetro": null, "Id": 0, "area": 136572.15568900001 }, "geometry": { "type": "Point", "coordinates": [ -76.52868, 3.443947300000048 ] } },
{ "type": "Feature", "properties": { "OBJECTID": 427120, "id_arbol": 552217, "id_especie": 172, "id_usuario": 321, "fecha_ingr": 45267, "id_tipo_ar": 1, "id_tipo_or": 2, "codigo_arb": 1030900157, "longitud": -76.52736, "latitud": 3.4445848, "id_nivel_a": 3, "id_nivel_1": 38, "id_proyect": 4, "estado_arb": "Nuevo", "fecha_regi": 45588, "longitud_1": -76.52736, "latitud_1": 3.44458, "comuna": "3", "perimetro": null, "Id": 0, "area": 136572.15568900001 }, "geometry": { "type": "Point", "coordinates": [ -76.52736, 3.44458480000003 ] } },
{ "type": "Feature", "properties": { "OBJECTID": 427142, "id_arbol": 552239, "id_especie": 109, "id_usuario": 321, "fecha_ingr": 45267, "id_tipo_ar": 1, "id_tipo_or": 2, "codigo_arb": 1031000006, "longitud": -76.52938, "latitud": 3.4458818, "id_nivel_a": 3, "id_nivel_1": 39, "id_proyect": 4, "estado_arb": "Nuevo", "fecha_regi": 45588, "longitud_1": -76.52938, "latitud_1": 3.44588, "comuna": "3", "perimetro": null, "Id": 0, "area": 136572.15568900001 }, "geometry": { "type": "Point", "coordinates": [ -76.52938, 3.445881800000052 ] } },
{ "type": "Feature", "properties": { "OBJECTID": 429581, "id_arbol": 554678, "id_especie": 999, "id_usuario": 321, "fecha_ingr": 45267, "id_tipo_ar": 1, "id_tipo_or": 2, "codigo_arb": 1030900035, "longitud": -76.52861, "latitud": 3.4438696, "id_nivel_a": 3, "id_nivel_1": 38, "id_proyect": 4, "estado_arb": "Muerto", "fecha_regi": 45588, "longitud_1": -76.52861, "latitud_1": 3.44387, "comuna": "3", "perimetro": null, "Id": 0, "area": 136572.15568900001 }, "geometry": { "type": "Point", "coordinates": [ -76.52861, 3.443869600000028 ] } },
{ "type": "Feature", "properties": { "OBJECTID": 436159, "id_arbol": 561256, "id_especie": 40, "id_usuario": 321, "fecha_ingr": 45267, "id_tipo_ar": 1, "id_tipo_or": 2, "codigo_arb": 1030900150, "longitud": -76.5262, "latitud": 3.442801, "id_nivel_a": 3, "id_nivel_1": 38, "id_proyect": 4, "estado_arb": "Nuevo", "fecha_regi": 45588, "longitud_1": -76.5262, "latitud_1": 3.4428, "comuna": "3", "perimetro": null, "Id": 0, "area": 136572.15568900001 }, "geometry": { "type": "Point", "coordinates": [ -76.5262, 3.442801 ] } },
{ "type": "Feature", "properties": { "OBJECTID": 436168, "id_arbol": 561265, "id_especie": 1583, "id_usuario": 321, "fecha_ingr": 45267, "id_tipo_ar": 1, "id_tipo_or": 2, "codigo_arb": 1030900154, "longitud": -76.52737, "latitud": 3.4428136, "id_nivel_a": 3, "id_nivel_1": 38, "id_proyect": 4, "estado_arb": "Nuevo", "fecha_regi": 45588, "longitud_1": -76.52737, "latitud_1": 3.44281, "comuna": "3", "perimetro": null, "Id": 0, "area": 136572.15568900001 }, "geometry": { "type": "Point", "coordinates": [ -76.52737, 3.442813600000022 ] } },
{ "type": "Feature", "properties": { "OBJECTID": 436170, "id_arbol": 561267, "id_especie": 2225, "id_usuario": 321, "fecha_ingr": 45267, "id_tipo_ar": 1, "id_tipo_or": 2, "codigo_arb": 1030900162, "longitud": -76.527084, "latitud": 3.442801, "id_nivel_a": 3, "id_nivel_1": 38, "id_proyect": 4, "estado_arb": "Nuevo", "fecha_regi": 45588, "longitud_1": -76.52708, "latitud_1": 3.4428, "comuna": "3", "perimetro": null, "Id": 0, "area": 136572.15568900001 }, "geometry": { "type": "Point", "coordinates": [ -76.527084, 3.442801 ] } },
{ "type": "Feature", "properties": { "OBJECTID": 436171, "id_arbol": 561268, "id_especie": 40, "id_usuario": 321, "fecha_ingr": 45267, "id_tipo_ar": 1, "id_tipo_or": 2, "codigo_arb": 1030900159, "longitud": -76.52691, "latitud": 3.4428866, "id_nivel_a": 3, "id_nivel_1": 38, "id_proyect": 4, "estado_arb": "Nuevo", "fecha_regi": 45588, "longitud_1": -76.52691, "latitud_1": 3.44289, "comuna": "3", "perimetro": null, "Id": 0, "area": 136572.15568900001 }, "geometry": { "type": "Point", "coordinates": [ -76.52691, 3.442886600000065 ] } },
{ "type": "Feature", "properties": { "OBJECTID": 436173, "id_arbol": 561270, "id_especie": 2225, "id_usuario": 321, "fecha_ingr": 45267, "id_tipo_ar": 1, "id_tipo_or": 2, "codigo_arb": 1030900155, "longitud": -76.52629, "latitud": 3.442736, "id_nivel_a": 3, "id_nivel_1": 38, "id_proyect": 4, "estado_arb": "Nuevo", "fecha_regi": 45588, "longitud_1": -76.52629, "latitud_1": 3.44274, "comuna": "3", "perimetro": null, "Id": 0, "area": 136572.15568900001 }, "geometry": { "type": "Point", "coordinates": [ -76.52629, 3.442736 ] } },
{ "type": "Feature", "properties": { "OBJECTID": 436186, "id_arbol": 561283, "id_especie": 136, "id_usuario": 321, "fecha_ingr": 45267, "id_tipo_ar": 1, "id_tipo_or": 2, "codigo_arb": 1030900152, "longitud": -76.528854, "latitud": 3.4438708, "id_nivel_a": 3, "id_nivel_1": 38, "id_proyect": 4, "estado_arb": "Nuevo", "fecha_regi": 45588, "longitud_1": -76.52885, "latitud_1": 3.44387, "comuna": "3", "perimetro": null, "Id": 0, "area": 136572.15568900001 }, "geometry": { "type": "Point", "coordinates": [ -76.528854, 3.44387080000007 ] } },
{ "type": "Feature", "properties": { "OBJECTID": 436192, "id_arbol": 561289, "id_especie": 1707, "id_usuario": 321, "fecha_ingr": 45267, "id_tipo_ar": 1, "id_tipo_or": 2, "codigo_arb": 1030900149, "longitud": -76.52719, "latitud": 3.4432874, "id_nivel_a": 3, "id_nivel_1": 38, "id_proyect": 4, "estado_arb": "Nuevo", "fecha_regi": 45588, "longitud_1": -76.52719, "latitud_1": 3.44329, "comuna": "3", "perimetro": null, "Id": 0, "area": 136572.15568900001 }, "geometry": { "type": "Point", "coordinates": [ -76.52719, 3.443287400000031 ] } },
{ "type": "Feature", "properties": { "OBJECTID": 436205, "id_arbol": 561302, "id_especie": 215, "id_usuario": 321, "fecha_ingr": 45267, "id_tipo_ar": 1, "id_tipo_or": 2, "codigo_arb": 1030900148, "longitud": -76.52697, "latitud": 3.4432735, "id_nivel_a": 3, "id_nivel_1": 38, "id_proyect": 4, "estado_arb": "Nuevo", "fecha_regi": 45588, "longitud_1": -76.52697, "latitud_1": 3.44327, "comuna": "3", "perimetro": null, "Id": 0, "area": 136572.15568900001 }, "geometry": { "type": "Point", "coordinates": [ -76.52697, 3.443273500000032 ] } },
{ "type": "Feature", "properties": { "OBJECTID": 436208, "id_arbol": 561305, "id_especie": 1640, "id_usuario": 321, "fecha_ingr": 45267, "id_tipo_ar": 1, "id_tipo_or": 2, "codigo_arb": 1030900147, "longitud": -76.52701, "latitud": 3.4440668, "id_nivel_a": 3, "id_nivel_1": 38, "id_proyect": 4, "estado_arb": "Nuevo", "fecha_regi": 45588, "longitud_1": -76.52701, "latitud_1": 3.44407, "comuna": "3", "perimetro": null, "Id": 0, "area": 136572.15568900001 }, "geometry": { "type": "Point", "coordinates": [ -76.52701, 3.44406680000003 ] } },
{ "type": "Feature", "properties": { "OBJECTID": 436213, "id_arbol": 561310, "id_especie": 145, "id_usuario": 321, "fecha_ingr": 45267, "id_tipo_ar": 1, "id_tipo_or": 2, "codigo_arb": 1030900161, "longitud": -76.52707, "latitud": 3.4441152, "id_nivel_a": 3, "id_nivel_1": 38, "id_proyect": 4, "estado_arb": "Nuevo", "fecha_regi": 45588, "longitud_1": -76.52707, "latitud_1": 3.44412, "comuna": "3", "perimetro": null, "Id": 0, "area": 136572.15568900001 }, "geometry": { "type": "Point", "coordinates": [ -76.52707, 3.444115200000056 ] } },
{ "type": "Feature", "properties": { "OBJECTID": 436216, "id_arbol": 561313, "id_especie": 1707, "id_usuario": 321, "fecha_ingr": 45267, "id_tipo_ar": 1, "id_tipo_or": 2, "codigo_arb": 1030900160, "longitud": -76.52778, "latitud": 3.443609, "id_nivel_a": 3, "id_nivel_1": 38, "id_proyect": 4, "estado_arb": "Nuevo", "fecha_regi": 45588, "longitud_1": -76.52778, "latitud_1": 3.44361, "comuna": "3", "perimetro": null, "Id": 0, "area": 136572.15568900001 }, "geometry": { "type": "Point", "coordinates": [ -76.52778, 3.443609 ] } },
{ "type": "Feature", "properties": { "OBJECTID": 436272, "id_arbol": 561369, "id_especie": 31, "id_usuario": 321, "fecha_ingr": 45267, "id_tipo_ar": 1, "id_tipo_or": 2, "codigo_arb": 1030900158, "longitud": -76.5276, "latitud": 3.4451442, "id_nivel_a": 3, "id_nivel_1": 38, "id_proyect": 4, "estado_arb": "Nuevo", "fecha_regi": 45588, "longitud_1": -76.5276, "latitud_1": 3.44514, "comuna": "3", "perimetro": null, "Id": 0, "area": 136572.15568900001 }, "geometry": { "type": "Point", "coordinates": [ -76.5276, 3.445144200000072 ] } },
{ "type": "Feature", "properties": { "OBJECTID": 474461, "id_arbol": 599558, "id_especie": 4, "id_usuario": 321, "fecha_ingr": 45266, "id_tipo_ar": 1, "id_tipo_or": 2, "codigo_arb": 1030600135, "longitud": -76.53018, "latitud": 3.4450784, "id_nivel_a": 3, "id_nivel_1": 35, "id_proyect": 4, "estado_arb": "Nuevo", "fecha_regi": 45588, "longitud_1": -76.53018, "latitud_1": 3.44508, "comuna": "3", "perimetro": null, "Id": 0, "area": 136572.15568900001 }, "geometry": { "type": "Point", "coordinates": [ -76.53018, 3.445078400000057 ] } },
{ "type": "Feature", "properties": { "OBJECTID": 474557, "id_arbol": 599654, "id_especie": 2225, "id_usuario": 321, "fecha_ingr": 45267, "id_tipo_ar": 1, "id_tipo_or": 2, "codigo_arb": 1030900104, "longitud": -76.52815, "latitud": 3.4428582, "id_nivel_a": 3, "id_nivel_1": 38, "id_proyect": 4, "estado_arb": "Nuevo", "fecha_regi": 45588, "longitud_1": -76.52815, "latitud_1": 3.44286, "comuna": "3", "perimetro": null, "Id": 0, "area": 136572.15568900001 }, "geometry": { "type": "Point", "coordinates": [ -76.52815, 3.442858200000046 ] } },
{ "type": "Feature", "properties": { "OBJECTID": 474565, "id_arbol": 599662, "id_especie": 42, "id_usuario": 321, "fecha_ingr": 45267, "id_tipo_ar": 1, "id_tipo_or": 2, "codigo_arb": 1030900121, "longitud": -76.52837, "latitud": 3.4429905, "id_nivel_a": 3, "id_nivel_1": 38, "id_proyect": 4, "estado_arb": "Nuevo", "fecha_regi": 45588, "longitud_1": -76.52837, "latitud_1": 3.44299, "comuna": "3", "perimetro": null, "Id": 0, "area": 136572.15568900001 }, "geometry": { "type": "Point", "coordinates": [ -76.52837, 3.442990500000064 ] } },
{ "type": "Feature", "properties": { "OBJECTID": 474567, "id_arbol": 599664, "id_especie": 42, "id_usuario": 321, "fecha_ingr": 45267, "id_tipo_ar": 1, "id_tipo_or": 2, "codigo_arb": 1030900105, "longitud": -76.52842, "latitud": 3.442993, "id_nivel_a": 3, "id_nivel_1": 38, "id_proyect": 4, "estado_arb": "Nuevo", "fecha_regi": 45588, "longitud_1": -76.52842, "latitud_1": 3.44299, "comuna": "3", "perimetro": null, "Id": 0, "area": 136572.15568900001 }, "geometry": { "type": "Point", "coordinates": [ -76.52842, 3.442993 ] } },
{ "type": "Feature", "properties": { "OBJECTID": 474582, "id_arbol": 599679, "id_especie": 40, "id_usuario": 321, "fecha_ingr": 45267, "id_tipo_ar": 1, "id_tipo_or": 2, "codigo_arb": 1030900111, "longitud": -76.526886, "latitud": 3.4428904, "id_nivel_a": 3, "id_nivel_1": 38, "id_proyect": 4, "estado_arb": "Nuevo", "fecha_regi": 45588, "longitud_1": -76.52689, "latitud_1": 3.44289, "comuna": "3", "perimetro": null, "Id": 0, "area": 136572.15568900001 }, "geometry": { "type": "Point", "coordinates": [ -76.526886, 3.442890400000067 ] } },
{ "type": "Feature", "properties": { "OBJECTID": 474586, "id_arbol": 599683, "id_especie": 51, "id_usuario": 321, "fecha_ingr": 45267, "id_tipo_ar": 1, "id_tipo_or": 2, "codigo_arb": 1030900116, "longitud": -76.526505, "latitud": 3.444195, "id_nivel_a": 3, "id_nivel_1": 38, "id_proyect": 4, "estado_arb": "Nuevo", "fecha_regi": 45588, "longitud_1": -76.52651, "latitud_1": 3.4442, "comuna": "3", "perimetro": null, "Id": 0, "area": 136572.15568900001 }, "geometry": { "type": "Point", "coordinates": [ -76.526505, 3.444195 ] } },
{ "type": "Feature", "properties": { "OBJECTID": 474592, "id_arbol": 599689, "id_especie": 40, "id_usuario": 321, "fecha_ingr": 45267, "id_tipo_ar": 1, "id_tipo_or": 2, "codigo_arb": 1030900108, "longitud": -76.526665, "latitud": 3.4428895, "id_nivel_a": 3, "id_nivel_1": 38, "id_proyect": 4, "estado_arb": "Nuevo", "fecha_regi": 45588, "longitud_1": -76.52667, "latitud_1": 3.44289, "comuna": "3", "perimetro": null, "Id": 0, "area": 136572.15568900001 }, "geometry": { "type": "Point", "coordinates": [ -76.526665, 3.442889500000035 ] } },
{ "type": "Feature", "properties": { "OBJECTID": 474612, "id_arbol": 599709, "id_especie": 1707, "id_usuario": 321, "fecha_ingr": 45267, "id_tipo_ar": 1, "id_tipo_or": 2, "codigo_arb": 1030900109, "longitud": -76.527824, "latitud": 3.4434144, "id_nivel_a": 3, "id_nivel_1": 38, "id_proyect": 4, "estado_arb": "Nuevo", "fecha_regi": 45588, "longitud_1": -76.52782, "latitud_1": 3.44341, "comuna": "3", "perimetro": null, "Id": 0, "area": 136572.15568900001 }, "geometry": { "type": "Point", "coordinates": [ -76.527824, 3.443414400000052 ] } },
{ "type": "Feature", "properties": { "OBJECTID": 474625, "id_arbol": 599722, "id_especie": 1583, "id_usuario": 321, "fecha_ingr": 45267, "id_tipo_ar": 1, "id_tipo_or": 2, "codigo_arb": 1030900119, "longitud": -76.526375, "latitud": 3.4432483, "id_nivel_a": 3, "id_nivel_1": 38, "id_proyect": 4, "estado_arb": "Nuevo", "fecha_regi": 45588, "longitud_1": -76.52638, "latitud_1": 3.44325, "comuna": "3", "perimetro": null, "Id": 0, "area": 136572.15568900001 }, "geometry": { "type": "Point", "coordinates": [ -76.526375, 3.44324830000005 ] } },
{ "type": "Feature", "properties": { "OBJECTID": 474656, "id_arbol": 599753, "id_especie": 1669, "id_usuario": 321, "fecha_ingr": 45267, "id_tipo_ar": 1, "id_tipo_or": 2, "codigo_arb": 1030900122, "longitud": -76.52853, "latitud": 3.444062, "id_nivel_a": 3, "id_nivel_1": 38, "id_proyect": 4, "estado_arb": "Nuevo", "fecha_regi": 45588, "longitud_1": -76.52853, "latitud_1": 3.44406, "comuna": "3", "perimetro": null, "Id": 0, "area": 136572.15568900001 }, "geometry": { "type": "Point", "coordinates": [ -76.52853, 3.444062 ] } },
{ "type": "Feature", "properties": { "OBJECTID": 474657, "id_arbol": 599754, "id_especie": 40, "id_usuario": 321, "fecha_ingr": 45267, "id_tipo_ar": 1, "id_tipo_or": 2, "codigo_arb": 1030900117, "longitud": -76.528206, "latitud": 3.4439766, "id_nivel_a": 3, "id_nivel_1": 38, "id_proyect": 4, "estado_arb": "Nuevo", "fecha_regi": 45588, "longitud_1": -76.52821, "latitud_1": 3.44398, "comuna": "3", "perimetro": null, "Id": 0, "area": 136572.15568900001 }, "geometry": { "type": "Point", "coordinates": [ -76.528206, 3.443976600000042 ] } },
{ "type": "Feature", "properties": { "OBJECTID": 474681, "id_arbol": 599778, "id_especie": 172, "id_usuario": 321, "fecha_ingr": 45267, "id_tipo_ar": 1, "id_tipo_or": 2, "codigo_arb": 1030900106, "longitud": -76.5273, "latitud": 3.4446537, "id_nivel_a": 3, "id_nivel_1": 38, "id_proyect": 4, "estado_arb": "Nuevo", "fecha_regi": 45588, "longitud_1": -76.5273, "latitud_1": 3.44465, "comuna": "3", "perimetro": null, "Id": 0, "area": 136572.15568900001 }, "geometry": { "type": "Point", "coordinates": [ -76.5273, 3.44465370000006 ] } },
{ "type": "Feature", "properties": { "OBJECTID": 474685, "id_arbol": 599782, "id_especie": 31, "id_usuario": 321, "fecha_ingr": 45267, "id_tipo_ar": 1, "id_tipo_or": 2, "codigo_arb": 1030900120, "longitud": -76.527596, "latitud": 3.4451327, "id_nivel_a": 3, "id_nivel_1": 38, "id_proyect": 4, "estado_arb": "Nuevo", "fecha_regi": 45588, "longitud_1": -76.5276, "latitud_1": 3.44513, "comuna": "3", "perimetro": null, "Id": 0, "area": 136572.15568900001 }, "geometry": { "type": "Point", "coordinates": [ -76.527596, 3.445132700000045 ] } },
{ "type": "Feature", "properties": { "OBJECTID": 474695, "id_arbol": 599792, "id_especie": 109, "id_usuario": 321, "fecha_ingr": 45267, "id_tipo_ar": 1, "id_tipo_or": 2, "codigo_arb": 1030900118, "longitud": -76.52916, "latitud": 3.4450297, "id_nivel_a": 3, "id_nivel_1": 38, "id_proyect": 4, "estado_arb": "Nuevo", "fecha_regi": 45588, "longitud_1": -76.52916, "latitud_1": 3.44503, "comuna": "3", "perimetro": null, "Id": 0, "area": 136572.15568900001 }, "geometry": { "type": "Point", "coordinates": [ -76.52916, 3.445029700000021 ] } },
{ "type": "Feature", "properties": { "OBJECTID": 483673, "id_arbol": 608770, "id_especie": 145, "id_usuario": 321, "fecha_ingr": 45266, "id_tipo_ar": 1, "id_tipo_or": 2, "codigo_arb": 1030600145, "longitud": -76.52999, "latitud": 3.443429, "id_nivel_a": 3, "id_nivel_1": 35, "id_proyect": 4, "estado_arb": "Nuevo", "fecha_regi": 45588, "longitud_1": -76.52999, "latitud_1": 3.44343, "comuna": "3", "perimetro": null, "Id": 0, "area": 136572.15568900001 }, "geometry": { "type": "Point", "coordinates": [ -76.52999, 3.443429 ] } },
{ "type": "Feature", "properties": { "OBJECTID": 483776, "id_arbol": 608873, "id_especie": 42, "id_usuario": 321, "fecha_ingr": 45267, "id_tipo_ar": 1, "id_tipo_or": 2, "codigo_arb": 1030900110, "longitud": -76.52848, "latitud": 3.4429057, "id_nivel_a": 3, "id_nivel_1": 38, "id_proyect": 4, "estado_arb": "Nuevo", "fecha_regi": 45588, "longitud_1": -76.52848, "latitud_1": 3.44291, "comuna": "3", "perimetro": null, "Id": 0, "area": 136572.15568900001 }, "geometry": { "type": "Point", "coordinates": [ -76.52848, 3.44290570000004 ] } },
{ "type": "Feature", "properties": { "OBJECTID": 483787, "id_arbol": 608884, "id_especie": 2225, "id_usuario": 321, "fecha_ingr": 45267, "id_tipo_ar": 1, "id_tipo_or": 2, "codigo_arb": 1030900115, "longitud": -76.52723, "latitud": 3.4428046, "id_nivel_a": 3, "id_nivel_1": 38, "id_proyect": 4, "estado_arb": "Nuevo", "fecha_regi": 45588, "longitud_1": -76.52723, "latitud_1": 3.4428, "comuna": "3", "perimetro": null, "Id": 0, "area": 136572.15568900001 }, "geometry": { "type": "Point", "coordinates": [ -76.52723, 3.442804600000045 ] } },
{ "type": "Feature", "properties": { "OBJECTID": 483831, "id_arbol": 608928, "id_especie": 1707, "id_usuario": 321, "fecha_ingr": 45267, "id_tipo_ar": 1, "id_tipo_or": 2, "codigo_arb": 1030900123, "longitud": -76.527115, "latitud": 3.4442058, "id_nivel_a": 3, "id_nivel_1": 38, "id_proyect": 4, "estado_arb": "Nuevo", "fecha_regi": 45588, "longitud_1": -76.52712, "latitud_1": 3.44421, "comuna": "3", "perimetro": null, "Id": 0, "area": 136572.15568900001 }, "geometry": { "type": "Point", "coordinates": [ -76.527115, 3.44420580000002 ] } },
{ "type": "Feature", "properties": { "OBJECTID": 483832, "id_arbol": 608929, "id_especie": 31, "id_usuario": 321, "fecha_ingr": 45267, "id_tipo_ar": 1, "id_tipo_or": 2, "codigo_arb": 1030900107, "longitud": -76.52717, "latitud": 3.4443073, "id_nivel_a": 3, "id_nivel_1": 38, "id_proyect": 4, "estado_arb": "Nuevo", "fecha_regi": 45588, "longitud_1": -76.52717, "latitud_1": 3.44431, "comuna": "3", "perimetro": null, "Id": 0, "area": 136572.15568900001 }, "geometry": { "type": "Point", "coordinates": [ -76.52717, 3.444307300000048 ] } },
{ "type": "Feature", "properties": { "OBJECTID": 483837, "id_arbol": 608934, "id_especie": 1707, "id_usuario": 321, "fecha_ingr": 45267, "id_tipo_ar": 1, "id_tipo_or": 2, "codigo_arb": 1030900112, "longitud": -76.52772, "latitud": 3.443799, "id_nivel_a": 3, "id_nivel_1": 38, "id_proyect": 4, "estado_arb": "Nuevo", "fecha_regi": 45588, "longitud_1": -76.52772, "latitud_1": 3.4438, "comuna": "3", "perimetro": null, "Id": 0, "area": 136572.15568900001 }, "geometry": { "type": "Point", "coordinates": [ -76.52772, 3.443799 ] } },
{ "type": "Feature", "properties": { "OBJECTID": 483874, "id_arbol": 608971, "id_especie": 40, "id_usuario": 321, "fecha_ingr": 45267, "id_tipo_ar": 1, "id_tipo_or": 2, "codigo_arb": 1030900114, "longitud": -76.52831, "latitud": 3.443957, "id_nivel_a": 3, "id_nivel_1": 38, "id_proyect": 4, "estado_arb": "Nuevo", "fecha_regi": 45588, "longitud_1": -76.52831, "latitud_1": 3.44396, "comuna": "3", "perimetro": null, "Id": 0, "area": 136572.15568900001 }, "geometry": { "type": "Point", "coordinates": [ -76.52831, 3.443957 ] } },
{ "type": "Feature", "properties": { "OBJECTID": 489722, "id_arbol": 614819, "id_especie": 1671, "id_usuario": 321, "fecha_ingr": 45267, "id_tipo_ar": 1, "id_tipo_or": 2, "codigo_arb": 1030900113, "longitud": -76.52924, "latitud": 3.4427855, "id_nivel_a": 3, "id_nivel_1": 38, "id_proyect": 4, "estado_arb": "Nuevo", "fecha_regi": 45588, "longitud_1": -76.52924, "latitud_1": 3.44279, "comuna": "3", "perimetro": null, "Id": 0, "area": 136572.15568900001 }, "geometry": { "type": "Point", "coordinates": [ -76.52924, 3.44278550000007 ] } },
{ "type": "Feature", "properties": { "OBJECTID": 495179, "id_arbol": 620276, "id_especie": 1671, "id_usuario": 321, "fecha_ingr": 45267, "id_tipo_ar": 1, "id_tipo_or": 2, "codigo_arb": 1031000063, "longitud": -76.5295, "latitud": 3.4463434, "id_nivel_a": 3, "id_nivel_1": 39, "id_proyect": 4, "estado_arb": "Nuevo", "fecha_regi": 45588, "longitud_1": -76.5295, "latitud_1": 3.44634, "comuna": "3", "perimetro": null, "Id": 0, "area": 136572.15568900001 }, "geometry": { "type": "Point", "coordinates": [ -76.5295, 3.446343400000046 ] } },
{ "type": "Feature", "properties": { "OBJECTID": 522764, "id_arbol": 647861, "id_especie": 43, "id_usuario": 321, "fecha_ingr": 45267, "id_tipo_ar": 1, "id_tipo_or": 2, "codigo_arb": 1030900009, "longitud": -76.52859, "latitud": 3.442896, "id_nivel_a": 3, "id_nivel_1": 38, "id_proyect": 4, "estado_arb": "Nuevo", "fecha_regi": 45588, "longitud_1": -76.52859, "latitud_1": 3.4429, "comuna": "3", "perimetro": null, "Id": 0, "area": 136572.15568900001 }, "geometry": { "type": "Point", "coordinates": [ -76.52859, 3.442896 ] } },
{ "type": "Feature", "properties": { "OBJECTID": 522778, "id_arbol": 647875, "id_especie": 40, "id_usuario": 321, "fecha_ingr": 45267, "id_tipo_ar": 1, "id_tipo_or": 2, "codigo_arb": 1030900011, "longitud": -76.52617, "latitud": 3.442813, "id_nivel_a": 3, "id_nivel_1": 38, "id_proyect": 4, "estado_arb": "Nuevo", "fecha_regi": 45588, "longitud_1": -76.52617, "latitud_1": 3.44281, "comuna": "3", "perimetro": null, "Id": 0, "area": 136572.15568900001 }, "geometry": { "type": "Point", "coordinates": [ -76.52617, 3.442813 ] } },
{ "type": "Feature", "properties": { "OBJECTID": 522805, "id_arbol": 647902, "id_especie": 1707, "id_usuario": 321, "fecha_ingr": 45267, "id_tipo_ar": 1, "id_tipo_or": 2, "codigo_arb": 1030900013, "longitud": -76.527565, "latitud": 3.4433756, "id_nivel_a": 3, "id_nivel_1": 38, "id_proyect": 4, "estado_arb": "Nuevo", "fecha_regi": 45588, "longitud_1": -76.52757, "latitud_1": 3.44338, "comuna": "3", "perimetro": null, "Id": 0, "area": 136572.15568900001 }, "geometry": { "type": "Point", "coordinates": [ -76.527565, 3.443375600000024 ] } },
{ "type": "Feature", "properties": { "OBJECTID": 522821, "id_arbol": 647918, "id_especie": 1668, "id_usuario": 321, "fecha_ingr": 45267, "id_tipo_ar": 1, "id_tipo_or": 2, "codigo_arb": 1030900002, "longitud": -76.526955, "latitud": 3.443828, "id_nivel_a": 3, "id_nivel_1": 38, "id_proyect": 4, "estado_arb": "Nuevo", "fecha_regi": 45588, "longitud_1": -76.52696, "latitud_1": 3.44383, "comuna": "3", "perimetro": null, "Id": 0, "area": 136572.15568900001 }, "geometry": { "type": "Point", "coordinates": [ -76.526955, 3.443828 ] } },
{ "type": "Feature", "properties": { "OBJECTID": 522831, "id_arbol": 647928, "id_especie": 1583, "id_usuario": 321, "fecha_ingr": 45267, "id_tipo_ar": 1, "id_tipo_or": 2, "codigo_arb": 1030900005, "longitud": -76.52704, "latitud": 3.4438593, "id_nivel_a": 3, "id_nivel_1": 38, "id_proyect": 4, "estado_arb": "Nuevo", "fecha_regi": 45588, "longitud_1": -76.52704, "latitud_1": 3.44386, "comuna": "3", "perimetro": null, "Id": 0, "area": 136572.15568900001 }, "geometry": { "type": "Point", "coordinates": [ -76.52704, 3.443859300000042 ] } },
{ "type": "Feature", "properties": { "OBJECTID": 522877, "id_arbol": 647974, "id_especie": 172, "id_usuario": 321, "fecha_ingr": 45267, "id_tipo_ar": 1, "id_tipo_or": 2, "codigo_arb": 1030900007, "longitud": -76.527176, "latitud": 3.4446707, "id_nivel_a": 3, "id_nivel_1": 38, "id_proyect": 4, "estado_arb": "Nuevo", "fecha_regi": 45588, "longitud_1": -76.52718, "latitud_1": 3.44467, "comuna": "3", "perimetro": null, "Id": 0, "area": 136572.15568900001 }, "geometry": { "type": "Point", "coordinates": [ -76.527176, 3.444670700000074 ] } },
{ "type": "Feature", "properties": { "OBJECTID": 531697, "id_arbol": 656794, "id_especie": 51, "id_usuario": 321, "fecha_ingr": 45267, "id_tipo_ar": 1, "id_tipo_or": 2, "codigo_arb": 1030900006, "longitud": -76.528465, "latitud": 3.4428465, "id_nivel_a": 3, "id_nivel_1": 38, "id_proyect": 4, "estado_arb": "Nuevo", "fecha_regi": 45588, "longitud_1": -76.52847, "latitud_1": 3.44285, "comuna": "3", "perimetro": null, "Id": 0, "area": 136572.15568900001 }, "geometry": { "type": "Point", "coordinates": [ -76.528465, 3.44284650000003 ] } },
{ "type": "Feature", "properties": { "OBJECTID": 531722, "id_arbol": 656819, "id_especie": 1573, "id_usuario": 321, "fecha_ingr": 45267, "id_tipo_ar": 1, "id_tipo_or": 2, "codigo_arb": 1030900016, "longitud": -76.526764, "latitud": 3.4450333, "id_nivel_a": 3, "id_nivel_1": 38, "id_proyect": 4, "estado_arb": "Nuevo", "fecha_regi": 45588, "longitud_1": -76.52676, "latitud_1": 3.44503, "comuna": "3", "perimetro": null, "Id": 0, "area": 136572.15568900001 }, "geometry": { "type": "Point", "coordinates": [ -76.526764, 3.445033300000034 ] } },
{ "type": "Feature", "properties": { "OBJECTID": 531746, "id_arbol": 656843, "id_especie": 1707, "id_usuario": 321, "fecha_ingr": 45267, "id_tipo_ar": 1, "id_tipo_or": 2, "codigo_arb": 1030900001, "longitud": -76.52694, "latitud": 3.4434006, "id_nivel_a": 3, "id_nivel_1": 38, "id_proyect": 4, "estado_arb": "Nuevo", "fecha_regi": 45588, "longitud_1": -76.52694, "latitud_1": 3.4434, "comuna": "3", "perimetro": null, "Id": 0, "area": 136572.15568900001 }, "geometry": { "type": "Point", "coordinates": [ -76.52694, 3.443400600000075 ] } },
{ "type": "Feature", "properties": { "OBJECTID": 531759, "id_arbol": 656856, "id_especie": 1583, "id_usuario": 321, "fecha_ingr": 45267, "id_tipo_ar": 1, "id_tipo_or": 2, "codigo_arb": 1030900004, "longitud": -76.52692, "latitud": 3.4436822, "id_nivel_a": 3, "id_nivel_1": 38, "id_proyect": 4, "estado_arb": "Nuevo", "fecha_regi": 45588, "longitud_1": -76.52692, "latitud_1": 3.44368, "comuna": "3", "perimetro": null, "Id": 0, "area": 136572.15568900001 }, "geometry": { "type": "Point", "coordinates": [ -76.52692, 3.443682200000069 ] } },
{ "type": "Feature", "properties": { "OBJECTID": 531760, "id_arbol": 656857, "id_especie": 1707, "id_usuario": 321, "fecha_ingr": 45267, "id_tipo_ar": 1, "id_tipo_or": 2, "codigo_arb": 1030900010, "longitud": -76.526695, "latitud": 3.4432473, "id_nivel_a": 3, "id_nivel_1": 38, "id_proyect": 4, "estado_arb": "Nuevo", "fecha_regi": 45588, "longitud_1": -76.5267, "latitud_1": 3.44325, "comuna": "3", "perimetro": null, "Id": 0, "area": 136572.15568900001 }, "geometry": { "type": "Point", "coordinates": [ -76.526695, 3.443247300000053 ] } },
{ "type": "Feature", "properties": { "OBJECTID": 531761, "id_arbol": 656858, "id_especie": 31, "id_usuario": 321, "fecha_ingr": 45267, "id_tipo_ar": 1, "id_tipo_or": 2, "codigo_arb": 1030900015, "longitud": -76.52718, "latitud": 3.4441457, "id_nivel_a": 3, "id_nivel_1": 38, "id_proyect": 4, "estado_arb": "Nuevo", "fecha_regi": 45588, "longitud_1": -76.52718, "latitud_1": 3.44415, "comuna": "3", "perimetro": null, "Id": 0, "area": 136572.15568900001 }, "geometry": { "type": "Point", "coordinates": [ -76.52718, 3.444145700000036 ] } },
{ "type": "Feature", "properties": { "OBJECTID": 531763, "id_arbol": 656860, "id_especie": 1707, "id_usuario": 321, "fecha_ingr": 45267, "id_tipo_ar": 1, "id_tipo_or": 2, "codigo_arb": 1030900003, "longitud": -76.527016, "latitud": 3.4437165, "id_nivel_a": 3, "id_nivel_1": 38, "id_proyect": 4, "estado_arb": "Nuevo", "fecha_regi": 45588, "longitud_1": -76.52702, "latitud_1": 3.44372, "comuna": "3", "perimetro": null, "Id": 0, "area": 136572.15568900001 }, "geometry": { "type": "Point", "coordinates": [ -76.527016, 3.44371650000005 ] } },
{ "type": "Feature", "properties": { "OBJECTID": 531765, "id_arbol": 656862, "id_especie": 1707, "id_usuario": 321, "fecha_ingr": 45267, "id_tipo_ar": 1, "id_tipo_or": 2, "codigo_arb": 1030900008, "longitud": -76.52752, "latitud": 3.4438396, "id_nivel_a": 3, "id_nivel_1": 38, "id_proyect": 4, "estado_arb": "Nuevo", "fecha_regi": 45588, "longitud_1": -76.52752, "latitud_1": 3.44384, "comuna": "3", "perimetro": null, "Id": 0, "area": 136572.15568900001 }, "geometry": { "type": "Point", "coordinates": [ -76.52752, 3.443839600000047 ] } },
{ "type": "Feature", "properties": { "OBJECTID": 531804, "id_arbol": 656901, "id_especie": 40, "id_usuario": 321, "fecha_ingr": 45267, "id_tipo_ar": 1, "id_tipo_or": 2, "codigo_arb": 1030900014, "longitud": -76.5287, "latitud": 3.4438868, "id_nivel_a": 3, "id_nivel_1": 38, "id_proyect": 4, "estado_arb": "Nuevo", "fecha_regi": 45588, "longitud_1": -76.5287, "latitud_1": 3.44389, "comuna": "3", "perimetro": null, "Id": 0, "area": 136572.15568900001 }, "geometry": { "type": "Point", "coordinates": [ -76.5287, 3.44388680000003 ] } },
{ "type": "Feature", "properties": { "OBJECTID": 531806, "id_arbol": 656903, "id_especie": 40, "id_usuario": 321, "fecha_ingr": 45267, "id_tipo_ar": 1, "id_tipo_or": 2, "codigo_arb": 1030900012, "longitud": -76.52862, "latitud": 3.4439, "id_nivel_a": 3, "id_nivel_1": 38, "id_proyect": 4, "estado_arb": "Nuevo", "fecha_regi": 45588, "longitud_1": -76.52862, "latitud_1": 3.4439, "comuna": "3", "perimetro": null, "Id": 0, "area": 136572.15568900001 }, "geometry": { "type": "Point", "coordinates": [ -76.52862, 3.4439 ] } },
{ "type": "Feature", "properties": { "OBJECTID": 537587, "id_arbol": 662684, "id_especie": 1671, "id_usuario": 321, "fecha_ingr": 45267, "id_tipo_ar": 1, "id_tipo_or": 2, "codigo_arb": 1031000029, "longitud": -76.52948, "latitud": 3.4462574, "id_nivel_a": 3, "id_nivel_1": 39, "id_proyect": 4, "estado_arb": "Nuevo", "fecha_regi": 45588, "longitud_1": -76.52948, "latitud_1": 3.44626, "comuna": "3", "perimetro": null, "Id": 0, "area": 136572.15568900001 }, "geometry": { "type": "Point", "coordinates": [ -76.52948, 3.446257400000036 ] } },
{ "type": "Feature", "properties": { "OBJECTID": 543027, "id_arbol": 668124, "id_especie": 999, "id_usuario": 321, "fecha_ingr": 45267, "id_tipo_ar": 1, "id_tipo_or": 2, "codigo_arb": 1030900023, "longitud": -76.52865, "latitud": 3.4438956, "id_nivel_a": 3, "id_nivel_1": 38, "id_proyect": 4, "estado_arb": "Muerto", "fecha_regi": 45588, "longitud_1": -76.52865, "latitud_1": 3.4439, "comuna": "3", "perimetro": null, "Id": 0, "area": 136572.15568900001 }, "geometry": { "type": "Point", "coordinates": [ -76.52865, 3.443895600000076 ] } },
{ "type": "Feature", "properties": { "OBJECTID": 570568, "id_arbol": 695665, "id_especie": 44, "id_usuario": 321, "fecha_ingr": 45266, "id_tipo_ar": 1, "id_tipo_or": 2, "codigo_arb": 1030600234, "longitud": -76.53, "latitud": 3.4434304, "id_nivel_a": 3, "id_nivel_1": 35, "id_proyect": 4, "estado_arb": "Nuevo", "fecha_regi": 45588, "longitud_1": -76.53, "latitud_1": 3.44343, "comuna": "3", "perimetro": null, "Id": 0, "area": 136572.15568900001 }, "geometry": { "type": "Point", "coordinates": [ -76.53, 3.443430400000068 ] } },
{ "type": "Feature", "properties": { "OBJECTID": 570653, "id_arbol": 695750, "id_especie": 2225, "id_usuario": 321, "fecha_ingr": 45267, "id_tipo_ar": 1, "id_tipo_or": 2, "codigo_arb": 1030900094, "longitud": -76.52824, "latitud": 3.4428616, "id_nivel_a": 3, "id_nivel_1": 38, "id_proyect": 4, "estado_arb": "Nuevo", "fecha_regi": 45588, "longitud_1": -76.52824, "latitud_1": 3.44286, "comuna": "3", "perimetro": null, "Id": 0, "area": 136572.15568900001 }, "geometry": { "type": "Point", "coordinates": [ -76.52824, 3.442861600000072 ] } },
{ "type": "Feature", "properties": { "OBJECTID": 570674, "id_arbol": 695771, "id_especie": 1583, "id_usuario": 321, "fecha_ingr": 45267, "id_tipo_ar": 1, "id_tipo_or": 2, "codigo_arb": 1030900093, "longitud": -76.52743, "latitud": 3.4428153, "id_nivel_a": 3, "id_nivel_1": 38, "id_proyect": 4, "estado_arb": "Nuevo", "fecha_regi": 45588, "longitud_1": -76.52743, "latitud_1": 3.44282, "comuna": "3", "perimetro": null, "Id": 0, "area": 136572.15568900001 }, "geometry": { "type": "Point", "coordinates": [ -76.52743, 3.442815300000063 ] } },
{ "type": "Feature", "properties": { "OBJECTID": 570703, "id_arbol": 695800, "id_especie": 1707, "id_usuario": 321, "fecha_ingr": 45267, "id_tipo_ar": 1, "id_tipo_or": 2, "codigo_arb": 1030900090, "longitud": -76.52671, "latitud": 3.4433434, "id_nivel_a": 3, "id_nivel_1": 38, "id_proyect": 4, "estado_arb": "Nuevo", "fecha_regi": 45588, "longitud_1": -76.52671, "latitud_1": 3.44334, "comuna": "3", "perimetro": null, "Id": 0, "area": 136572.15568900001 }, "geometry": { "type": "Point", "coordinates": [ -76.52671, 3.44334340000006 ] } },
{ "type": "Feature", "properties": { "OBJECTID": 570740, "id_arbol": 695837, "id_especie": 4, "id_usuario": 321, "fecha_ingr": 45267, "id_tipo_ar": 1, "id_tipo_or": 2, "codigo_arb": 1030900088, "longitud": -76.52837, "latitud": 3.443915, "id_nivel_a": 3, "id_nivel_1": 38, "id_proyect": 4, "estado_arb": "Nuevo", "fecha_regi": 45588, "longitud_1": -76.52837, "latitud_1": 3.44392, "comuna": "3", "perimetro": null, "Id": 0, "area": 136572.15568900001 }, "geometry": { "type": "Point", "coordinates": [ -76.52837, 3.443915 ] } },
{ "type": "Feature", "properties": { "OBJECTID": 570759, "id_arbol": 695856, "id_especie": 31, "id_usuario": 321, "fecha_ingr": 45267, "id_tipo_ar": 1, "id_tipo_or": 2, "codigo_arb": 1030900087, "longitud": -76.52726, "latitud": 3.4444578, "id_nivel_a": 3, "id_nivel_1": 38, "id_proyect": 4, "estado_arb": "Nuevo", "fecha_regi": 45588, "longitud_1": -76.52726, "latitud_1": 3.44446, "comuna": "3", "perimetro": null, "Id": 0, "area": 136572.15568900001 }, "geometry": { "type": "Point", "coordinates": [ -76.52726, 3.444457800000066 ] } },
{ "type": "Feature", "properties": { "OBJECTID": 570774, "id_arbol": 695871, "id_especie": 109, "id_usuario": 321, "fecha_ingr": 45267, "id_tipo_ar": 1, "id_tipo_or": 2, "codigo_arb": 1030900086, "longitud": -76.52913, "latitud": 3.4448907, "id_nivel_a": 3, "id_nivel_1": 38, "id_proyect": 4, "estado_arb": "Nuevo", "fecha_regi": 45588, "longitud_1": -76.52913, "latitud_1": 3.44489, "comuna": "3", "perimetro": null, "Id": 0, "area": 136572.15568900001 }, "geometry": { "type": "Point", "coordinates": [ -76.52913, 3.44489070000003 ] } },
{ "type": "Feature", "properties": { "OBJECTID": 582658, "id_arbol": 707755, "id_especie": 51, "id_usuario": 321, "fecha_ingr": 45267, "id_tipo_ar": 1, "id_tipo_or": 2, "codigo_arb": 1030900091, "longitud": -76.52821, "latitud": 3.4428608, "id_nivel_a": 3, "id_nivel_1": 38, "id_proyect": 4, "estado_arb": "Nuevo", "fecha_regi": 45588, "longitud_1": -76.52821, "latitud_1": 3.44286, "comuna": "3", "perimetro": null, "Id": 0, "area": 136572.15568900001 }, "geometry": { "type": "Point", "coordinates": [ -76.52821, 3.442860800000062 ] } },
{ "type": "Feature", "properties": { "OBJECTID": 582662, "id_arbol": 707759, "id_especie": 42, "id_usuario": 321, "fecha_ingr": 45267, "id_tipo_ar": 1, "id_tipo_or": 2, "codigo_arb": 1030900089, "longitud": -76.528244, "latitud": 3.4428751, "id_nivel_a": 3, "id_nivel_1": 38, "id_proyect": 4, "estado_arb": "Nuevo", "fecha_regi": 45588, "longitud_1": -76.52824, "latitud_1": 3.44288, "comuna": "3", "perimetro": null, "Id": 0, "area": 136572.15568900001 }, "geometry": { "type": "Point", "coordinates": [ -76.528244, 3.442875100000037 ] } },
{ "type": "Feature", "properties": { "OBJECTID": 582685, "id_arbol": 707782, "id_especie": 136, "id_usuario": 321, "fecha_ingr": 45267, "id_tipo_ar": 1, "id_tipo_or": 2, "codigo_arb": 1030900092, "longitud": -76.52678, "latitud": 3.4446983, "id_nivel_a": 3, "id_nivel_1": 38, "id_proyect": 4, "estado_arb": "Nuevo", "fecha_regi": 45588, "longitud_1": -76.52678, "latitud_1": 3.4447, "comuna": "3", "perimetro": null, "Id": 0, "area": 136572.15568900001 }, "geometry": { "type": "Point", "coordinates": [ -76.52678, 3.444698300000027 ] } },
{ "type": "Feature", "properties": { "OBJECTID": 582695, "id_arbol": 707792, "id_especie": 136, "id_usuario": 321, "fecha_ingr": 45267, "id_tipo_ar": 1, "id_tipo_or": 2, "codigo_arb": 1030900085, "longitud": -76.52885, "latitud": 3.4439237, "id_nivel_a": 3, "id_nivel_1": 38, "id_proyect": 4, "estado_arb": "Nuevo", "fecha_regi": 45588, "longitud_1": -76.52885, "latitud_1": 3.44392, "comuna": "3", "perimetro": null, "Id": 0, "area": 136572.15568900001 }, "geometry": { "type": "Point", "coordinates": [ -76.52885, 3.443923700000028 ] } },
{ "type": "Feature", "properties": { "OBJECTID": 582708, "id_arbol": 707805, "id_especie": 650, "id_usuario": 321, "fecha_ingr": 45267, "id_tipo_ar": 1, "id_tipo_or": 2, "codigo_arb": 1030900102, "longitud": -76.52707, "latitud": 3.443269, "id_nivel_a": 3, "id_nivel_1": 38, "id_proyect": 4, "estado_arb": "Nuevo", "fecha_regi": 45588, "longitud_1": -76.52707, "latitud_1": 3.44327, "comuna": "3", "perimetro": null, "Id": 0, "area": 136572.15568900001 }, "geometry": { "type": "Point", "coordinates": [ -76.52707, 3.443269 ] } },
{ "type": "Feature", "properties": { "OBJECTID": 582712, "id_arbol": 707809, "id_especie": 1707, "id_usuario": 321, "fecha_ingr": 45267, "id_tipo_ar": 1, "id_tipo_or": 2, "codigo_arb": 1030900101, "longitud": -76.527725, "latitud": 3.4431522, "id_nivel_a": 3, "id_nivel_1": 38, "id_proyect": 4, "estado_arb": "Nuevo", "fecha_regi": 45588, "longitud_1": -76.52773, "latitud_1": 3.44315, "comuna": "3", "perimetro": null, "Id": 0, "area": 136572.15568900001 }, "geometry": { "type": "Point", "coordinates": [ -76.527725, 3.443152200000043 ] } },
{ "type": "Feature", "properties": { "OBJECTID": 582726, "id_arbol": 707823, "id_especie": 1707, "id_usuario": 321, "fecha_ingr": 45267, "id_tipo_ar": 1, "id_tipo_or": 2, "codigo_arb": 1030900095, "longitud": -76.52672, "latitud": 3.4432478, "id_nivel_a": 3, "id_nivel_1": 38, "id_proyect": 4, "estado_arb": "Nuevo", "fecha_regi": 45588, "longitud_1": -76.52672, "latitud_1": 3.44325, "comuna": "3", "perimetro": null, "Id": 0, "area": 136572.15568900001 }, "geometry": { "type": "Point", "coordinates": [ -76.52672, 3.443247800000051 ] } },
{ "type": "Feature", "properties": { "OBJECTID": 582729, "id_arbol": 707826, "id_especie": 1583, "id_usuario": 321, "fecha_ingr": 45267, "id_tipo_ar": 1, "id_tipo_or": 2, "codigo_arb": 1030900096, "longitud": -76.52693, "latitud": 3.4437134, "id_nivel_a": 3, "id_nivel_1": 38, "id_proyect": 4, "estado_arb": "Nuevo", "fecha_regi": 45588, "longitud_1": -76.52693, "latitud_1": 3.44371, "comuna": "3", "perimetro": null, "Id": 0, "area": 136572.15568900001 }, "geometry": { "type": "Point", "coordinates": [ -76.52693, 3.443713400000036 ] } },
{ "type": "Feature", "properties": { "OBJECTID": 582730, "id_arbol": 707827, "id_especie": 1707, "id_usuario": 321, "fecha_ingr": 45267, "id_tipo_ar": 1, "id_tipo_or": 2, "codigo_arb": 1030900097, "longitud": -76.52719, "latitud": 3.4439414, "id_nivel_a": 3, "id_nivel_1": 38, "id_proyect": 4, "estado_arb": "Nuevo", "fecha_regi": 45588, "longitud_1": -76.52719, "latitud_1": 3.44394, "comuna": "3", "perimetro": null, "Id": 0, "area": 136572.15568900001 }, "geometry": { "type": "Point", "coordinates": [ -76.52719, 3.443941400000028 ] } },
{ "type": "Feature", "properties": { "OBJECTID": 582768, "id_arbol": 707865, "id_especie": 4, "id_usuario": 321, "fecha_ingr": 45267, "id_tipo_ar": 1, "id_tipo_or": 2, "codigo_arb": 1030900098, "longitud": -76.5285, "latitud": 3.4438934, "id_nivel_a": 3, "id_nivel_1": 38, "id_proyect": 4, "estado_arb": "Nuevo", "fecha_regi": 45588, "longitud_1": -76.5285, "latitud_1": 3.44389, "comuna": "3", "perimetro": null, "Id": 0, "area": 136572.15568900001 }, "geometry": { "type": "Point", "coordinates": [ -76.5285, 3.443893400000036 ] } },
{ "type": "Feature", "properties": { "OBJECTID": 582770, "id_arbol": 707867, "id_especie": 1583, "id_usuario": 321, "fecha_ingr": 45267, "id_tipo_ar": 1, "id_tipo_or": 2, "codigo_arb": 1030900099, "longitud": -76.527725, "latitud": 3.4447, "id_nivel_a": 3, "id_nivel_1": 38, "id_proyect": 4, "estado_arb": "Nuevo", "fecha_regi": 45588, "longitud_1": -76.52773, "latitud_1": 3.4447, "comuna": "3", "perimetro": null, "Id": 0, "area": 136572.15568900001 }, "geometry": { "type": "Point", "coordinates": [ -76.527725, 3.4447 ] } },
{ "type": "Feature", "properties": { "OBJECTID": 582781, "id_arbol": 707878, "id_especie": 1573, "id_usuario": 321, "fecha_ingr": 45267, "id_tipo_ar": 1, "id_tipo_or": 2, "codigo_arb": 1030900100, "longitud": -76.5286, "latitud": 3.4456594, "id_nivel_a": 3, "id_nivel_1": 38, "id_proyect": 4, "estado_arb": "Nuevo", "fecha_regi": 45588, "longitud_1": -76.5286, "latitud_1": 3.44566, "comuna": "3", "perimetro": null, "Id": 0, "area": 136572.15568900001 }, "geometry": { "type": "Point", "coordinates": [ -76.5286, 3.445659400000068 ] } },
{ "type": "Feature", "properties": { "OBJECTID": 585074, "id_arbol": 710171, "id_especie": 1671, "id_usuario": 321, "fecha_ingr": 45267, "id_tipo_ar": 1, "id_tipo_or": 2, "codigo_arb": 1030900103, "longitud": -76.52848, "latitud": 3.4428391, "id_nivel_a": 3, "id_nivel_1": 38, "id_proyect": 4, "estado_arb": "Nuevo", "fecha_regi": 45588, "longitud_1": -76.52848, "latitud_1": 3.44284, "comuna": "3", "perimetro": null, "Id": 0, "area": 136572.15568900001 }, "geometry": { "type": "Point", "coordinates": [ -76.52848, 3.442839100000072 ] } },
{ "type": "Feature", "properties": { "OBJECTID": 623719, "id_arbol": 748816, "id_especie": 51, "id_usuario": 321, "fecha_ingr": 45267, "id_tipo_ar": 1, "id_tipo_or": 2, "codigo_arb": 1030900076, "longitud": -76.52634, "latitud": 3.4437184, "id_nivel_a": 3, "id_nivel_1": 38, "id_proyect": 4, "estado_arb": "Nuevo", "fecha_regi": 45588, "longitud_1": -76.52634, "latitud_1": 3.44372, "comuna": "3", "perimetro": null, "Id": 0, "area": 136572.15568900001 }, "geometry": { "type": "Point", "coordinates": [ -76.52634, 3.443718400000023 ] } },
{ "type": "Feature", "properties": { "OBJECTID": 623726, "id_arbol": 748823, "id_especie": 40, "id_usuario": 321, "fecha_ingr": 45267, "id_tipo_ar": 1, "id_tipo_or": 2, "codigo_arb": 1030900066, "longitud": -76.52616, "latitud": 3.4428198, "id_nivel_a": 3, "id_nivel_1": 38, "id_proyect": 4, "estado_arb": "Nuevo", "fecha_regi": 45588, "longitud_1": -76.52616, "latitud_1": 3.44282, "comuna": "3", "perimetro": null, "Id": 0, "area": 136572.15568900001 }, "geometry": { "type": "Point", "coordinates": [ -76.52616, 3.442819800000052 ] } },
{ "type": "Feature", "properties": { "OBJECTID": 623727, "id_arbol": 748824, "id_especie": 51, "id_usuario": 321, "fecha_ingr": 45267, "id_tipo_ar": 1, "id_tipo_or": 2, "codigo_arb": 1030900065, "longitud": -76.52629, "latitud": 3.4435852, "id_nivel_a": 3, "id_nivel_1": 38, "id_proyect": 4, "estado_arb": "Nuevo", "fecha_regi": 45588, "longitud_1": -76.52629, "latitud_1": 3.44359, "comuna": "3", "perimetro": null, "Id": 0, "area": 136572.15568900001 }, "geometry": { "type": "Point", "coordinates": [ -76.52629, 3.44358520000003 ] } },
{ "type": "Feature", "properties": { "OBJECTID": 623749, "id_arbol": 748846, "id_especie": 172, "id_usuario": 321, "fecha_ingr": 45267, "id_tipo_ar": 1, "id_tipo_or": 2, "codigo_arb": 1030900074, "longitud": -76.52678, "latitud": 3.4440966, "id_nivel_a": 3, "id_nivel_1": 38, "id_proyect": 4, "estado_arb": "Nuevo", "fecha_regi": 45588, "longitud_1": -76.52678, "latitud_1": 3.4441, "comuna": "3", "perimetro": null, "Id": 0, "area": 136572.15568900001 }, "geometry": { "type": "Point", "coordinates": [ -76.52678, 3.444096600000023 ] } },
{ "type": "Feature", "properties": { "OBJECTID": 623764, "id_arbol": 748861, "id_especie": 1668, "id_usuario": 321, "fecha_ingr": 45267, "id_tipo_ar": 1, "id_tipo_or": 2, "codigo_arb": 1030900083, "longitud": -76.52781, "latitud": 3.4436686, "id_nivel_a": 3, "id_nivel_1": 38, "id_proyect": 4, "estado_arb": "Nuevo", "fecha_regi": 45588, "longitud_1": -76.52781, "latitud_1": 3.44367, "comuna": "3", "perimetro": null, "Id": 0, "area": 136572.15568900001 }, "geometry": { "type": "Point", "coordinates": [ -76.52781, 3.443668600000024 ] } },
{ "type": "Feature", "properties": { "OBJECTID": 623802, "id_arbol": 748899, "id_especie": 40, "id_usuario": 321, "fecha_ingr": 45267, "id_tipo_ar": 1, "id_tipo_or": 2, "codigo_arb": 1030900075, "longitud": -76.52822, "latitud": 3.4439306, "id_nivel_a": 3, "id_nivel_1": 38, "id_proyect": 4, "estado_arb": "Nuevo", "fecha_regi": 45588, "longitud_1": -76.52822, "latitud_1": 3.44393, "comuna": "3", "perimetro": null, "Id": 0, "area": 136572.15568900001 }, "geometry": { "type": "Point", "coordinates": [ -76.52822, 3.443930600000044 ] } },
{ "type": "Feature", "properties": { "OBJECTID": 623809, "id_arbol": 748906, "id_especie": 1707, "id_usuario": 321, "fecha_ingr": 45267, "id_tipo_ar": 1, "id_tipo_or": 2, "codigo_arb": 1030900070, "longitud": -76.52758, "latitud": 3.4447114, "id_nivel_a": 3, "id_nivel_1": 38, "id_proyect": 4, "estado_arb": "Nuevo", "fecha_regi": 45588, "longitud_1": -76.52758, "latitud_1": 3.44471, "comuna": "3", "perimetro": null, "Id": 0, "area": 136572.15568900001 }, "geometry": { "type": "Point", "coordinates": [ -76.52758, 3.444711400000074 ] } },
{ "type": "Feature", "properties": { "OBJECTID": 623815, "id_arbol": 748912, "id_especie": 172, "id_usuario": 321, "fecha_ingr": 45267, "id_tipo_ar": 1, "id_tipo_or": 2, "codigo_arb": 1030900073, "longitud": -76.52734, "latitud": 3.4445496, "id_nivel_a": 3, "id_nivel_1": 38, "id_proyect": 4, "estado_arb": "Nuevo", "fecha_regi": 45588, "longitud_1": -76.52734, "latitud_1": 3.44455, "comuna": "3", "perimetro": null, "Id": 0, "area": 136572.15568900001 }, "geometry": { "type": "Point", "coordinates": [ -76.52734, 3.444549600000073 ] } },
{ "type": "Feature", "properties": { "OBJECTID": 623824, "id_arbol": 748921, "id_especie": 49, "id_usuario": 321, "fecha_ingr": 45267, "id_tipo_ar": 1, "id_tipo_or": 2, "codigo_arb": 1030900071, "longitud": -76.52915, "latitud": 3.4449954, "id_nivel_a": 3, "id_nivel_1": 38, "id_proyect": 4, "estado_arb": "Nuevo", "fecha_regi": 45588, "longitud_1": -76.52915, "latitud_1": 3.445, "comuna": "3", "perimetro": null, "Id": 0, "area": 136572.15568900001 }, "geometry": { "type": "Point", "coordinates": [ -76.52915, 3.444995400000039 ] } },
{ "type": "Feature", "properties": { "OBJECTID": 626155, "id_arbol": 751252, "id_especie": 1671, "id_usuario": 321, "fecha_ingr": 45267, "id_tipo_ar": 1, "id_tipo_or": 2, "codigo_arb": 1031000008, "longitud": -76.52946, "latitud": 3.446149, "id_nivel_a": 3, "id_nivel_1": 39, "id_proyect": 4, "estado_arb": "Nuevo", "fecha_regi": 45588, "longitud_1": -76.52946, "latitud_1": 3.44615, "comuna": "3", "perimetro": null, "Id": 0, "area": 136572.15568900001 }, "geometry": { "type": "Point", "coordinates": [ -76.52946, 3.446149 ] } },
{ "type": "Feature", "properties": { "OBJECTID": 630703, "id_arbol": 755800, "id_especie": 193, "id_usuario": 321, "fecha_ingr": 45267, "id_tipo_ar": 1, "id_tipo_or": 2, "codigo_arb": 1030900072, "longitud": -76.52837, "latitud": 3.442846, "id_nivel_a": 3, "id_nivel_1": 38, "id_proyect": 4, "estado_arb": "Nuevo", "fecha_regi": 45588, "longitud_1": -76.52837, "latitud_1": 3.44285, "comuna": "3", "perimetro": null, "Id": 0, "area": 136572.15568900001 }, "geometry": { "type": "Point", "coordinates": [ -76.52837, 3.442846 ] } },
{ "type": "Feature", "properties": { "OBJECTID": 630707, "id_arbol": 755804, "id_especie": 51, "id_usuario": 321, "fecha_ingr": 45267, "id_tipo_ar": 1, "id_tipo_or": 2, "codigo_arb": 1030900077, "longitud": -76.52801, "latitud": 3.4428506, "id_nivel_a": 3, "id_nivel_1": 38, "id_proyect": 4, "estado_arb": "Nuevo", "fecha_regi": 45588, "longitud_1": -76.52801, "latitud_1": 3.44285, "comuna": "3", "perimetro": null, "Id": 0, "area": 136572.15568900001 }, "geometry": { "type": "Point", "coordinates": [ -76.52801, 3.442850600000043 ] } },
{ "type": "Feature", "properties": { "OBJECTID": 630718, "id_arbol": 755815, "id_especie": 2225, "id_usuario": 321, "fecha_ingr": 45267, "id_tipo_ar": 1, "id_tipo_or": 2, "codigo_arb": 1030900080, "longitud": -76.52637, "latitud": 3.442744, "id_nivel_a": 3, "id_nivel_1": 38, "id_proyect": 4, "estado_arb": "Nuevo", "fecha_regi": 45588, "longitud_1": -76.52637, "latitud_1": 3.44274, "comuna": "3", "perimetro": null, "Id": 0, "area": 136572.15568900001 }, "geometry": { "type": "Point", "coordinates": [ -76.52637, 3.442744 ] } },
{ "type": "Feature", "properties": { "OBJECTID": 630751, "id_arbol": 755848, "id_especie": 1707, "id_usuario": 321, "fecha_ingr": 45267, "id_tipo_ar": 1, "id_tipo_or": 2, "codigo_arb": 1030900081, "longitud": -76.52691, "latitud": 3.443265, "id_nivel_a": 3, "id_nivel_1": 38, "id_proyect": 4, "estado_arb": "Nuevo", "fecha_regi": 45588, "longitud_1": -76.52691, "latitud_1": 3.44327, "comuna": "3", "perimetro": null, "Id": 0, "area": 136572.15568900001 }, "geometry": { "type": "Point", "coordinates": [ -76.52691, 3.443265 ] } },
{ "type": "Feature", "properties": { "OBJECTID": 630758, "id_arbol": 755855, "id_especie": 31, "id_usuario": 321, "fecha_ingr": 45267, "id_tipo_ar": 1, "id_tipo_or": 2, "codigo_arb": 1030900068, "longitud": -76.527084, "latitud": 3.444154, "id_nivel_a": 3, "id_nivel_1": 38, "id_proyect": 4, "estado_arb": "Nuevo", "fecha_regi": 45588, "longitud_1": -76.52708, "latitud_1": 3.44415, "comuna": "3", "perimetro": null, "Id": 0, "area": 136572.15568900001 }, "geometry": { "type": "Point", "coordinates": [ -76.527084, 3.444154 ] } },
{ "type": "Feature", "properties": { "OBJECTID": 630807, "id_arbol": 755904, "id_especie": 1669, "id_usuario": 321, "fecha_ingr": 45267, "id_tipo_ar": 1, "id_tipo_or": 2, "codigo_arb": 1030900078, "longitud": -76.52847, "latitud": 3.443943, "id_nivel_a": 3, "id_nivel_1": 38, "id_proyect": 4, "estado_arb": "Nuevo", "fecha_regi": 45588, "longitud_1": -76.52847, "latitud_1": 3.44394, "comuna": "3", "perimetro": null, "Id": 0, "area": 136572.15568900001 }, "geometry": { "type": "Point", "coordinates": [ -76.52847, 3.443943 ] } },
{ "type": "Feature", "properties": { "OBJECTID": 630808, "id_arbol": 755905, "id_especie": 40, "id_usuario": 321, "fecha_ingr": 45267, "id_tipo_ar": 1, "id_tipo_or": 2, "codigo_arb": 1030900079, "longitud": -76.52846, "latitud": 3.4439034, "id_nivel_a": 3, "id_nivel_1": 38, "id_proyect": 4, "estado_arb": "Nuevo", "fecha_regi": 45588, "longitud_1": -76.52846, "latitud_1": 3.4439, "comuna": "3", "perimetro": null, "Id": 0, "area": 136572.15568900001 }, "geometry": { "type": "Point", "coordinates": [ -76.52846, 3.443903400000067 ] } },
{ "type": "Feature", "properties": { "OBJECTID": 630819, "id_arbol": 755916, "id_especie": 40, "id_usuario": 321, "fecha_ingr": 45267, "id_tipo_ar": 1, "id_tipo_or": 2, "codigo_arb": 1030900064, "longitud": -76.528336, "latitud": 3.4439473, "id_nivel_a": 3, "id_nivel_1": 38, "id_proyect": 4, "estado_arb": "Nuevo", "fecha_regi": 45588, "longitud_1": -76.52834, "latitud_1": 3.44395, "comuna": "3", "perimetro": null, "Id": 0, "area": 136572.15568900001 }, "geometry": { "type": "Point", "coordinates": [ -76.528336, 3.443947300000048 ] } },
{ "type": "Feature", "properties": { "OBJECTID": 630825, "id_arbol": 755922, "id_especie": 4, "id_usuario": 321, "fecha_ingr": 45267, "id_tipo_ar": 1, "id_tipo_or": 2, "codigo_arb": 1030900082, "longitud": -76.52751, "latitud": 3.4450905, "id_nivel_a": 3, "id_nivel_1": 38, "id_proyect": 4, "estado_arb": "Nuevo", "fecha_regi": 45588, "longitud_1": -76.52751, "latitud_1": 3.44509, "comuna": "3", "perimetro": null, "Id": 0, "area": 136572.15568900001 }, "geometry": { "type": "Point", "coordinates": [ -76.52751, 3.445090500000049 ] } },
{ "type": "Feature", "properties": { "OBJECTID": 630840, "id_arbol": 755937, "id_especie": 57, "id_usuario": 321, "fecha_ingr": 45267, "id_tipo_ar": 1, "id_tipo_or": 2, "codigo_arb": 1030900084, "longitud": -76.52841, "latitud": 3.445616, "id_nivel_a": 3, "id_nivel_1": 38, "id_proyect": 4, "estado_arb": "Nuevo", "fecha_regi": 45588, "longitud_1": -76.52841, "latitud_1": 3.44562, "comuna": "3", "perimetro": null, "Id": 0, "area": 136572.15568900001 }, "geometry": { "type": "Point", "coordinates": [ -76.52841, 3.445616 ] } },
{ "type": "Feature", "properties": { "OBJECTID": 633179, "id_arbol": 758276, "id_especie": 1671, "id_usuario": 321, "fecha_ingr": 45267, "id_tipo_ar": 1, "id_tipo_or": 2, "codigo_arb": 1030900067, "longitud": -76.52899, "latitud": 3.442792, "id_nivel_a": 3, "id_nivel_1": 38, "id_proyect": 4, "estado_arb": "Nuevo", "fecha_regi": 45588, "longitud_1": -76.52899, "latitud_1": 3.44279, "comuna": "3", "perimetro": null, "Id": 0, "area": 136572.15568900001 }, "geometry": { "type": "Point", "coordinates": [ -76.52899, 3.442792 ] } },
{ "type": "Feature", "properties": { "OBJECTID": 636968, "id_arbol": 762065, "id_especie": 999, "id_usuario": 321, "fecha_ingr": 45267, "id_tipo_ar": 1, "id_tipo_or": 2, "codigo_arb": 1030900027, "longitud": -76.52808, "latitud": 3.442856, "id_nivel_a": 3, "id_nivel_1": 38, "id_proyect": 4, "estado_arb": "Muerto", "fecha_regi": 45588, "longitud_1": -76.52808, "latitud_1": 3.44286, "comuna": "3", "perimetro": null, "Id": 0, "area": 136572.15568900001 }, "geometry": { "type": "Point", "coordinates": [ -76.52808, 3.442856 ] } },
{ "type": "Feature", "properties": { "OBJECTID": 638382, "id_arbol": 763479, "id_especie": 2225, "id_usuario": 321, "fecha_ingr": 45267, "id_tipo_ar": 1, "id_tipo_or": 2, "codigo_arb": 1030900069, "longitud": -76.527306, "latitud": 3.442813, "id_nivel_a": 3, "id_nivel_1": 38, "id_proyect": 4, "estado_arb": "Nuevo", "fecha_regi": 45588, "longitud_1": -76.52731, "latitud_1": 3.44281, "comuna": "3", "perimetro": null, "Id": 0, "area": 136572.15568900001 }, "geometry": { "type": "Point", "coordinates": [ -76.527306, 3.442813 ] } },
{ "type": "Feature", "properties": { "OBJECTID": 660766, "id_arbol": 785863, "id_especie": 999, "id_usuario": 321, "fecha_ingr": 45267, "id_tipo_ar": 1, "id_tipo_or": 2, "codigo_arb": 1031000017, "longitud": -76.529564, "latitud": 3.4465697, "id_nivel_a": 3, "id_nivel_1": 39, "id_proyect": 4, "estado_arb": "Muerto", "fecha_regi": 45588, "longitud_1": -76.52956, "latitud_1": 3.44657, "comuna": "3", "perimetro": null, "Id": 0, "area": 136572.15568900001 }, "geometry": { "type": "Point", "coordinates": [ -76.529564, 3.446569700000055 ] } },
{ "type": "Feature", "properties": { "OBJECTID": 671338, "id_arbol": 796435, "id_especie": 4, "id_usuario": 321, "fecha_ingr": 45266, "id_tipo_ar": 1, "id_tipo_or": 2, "codigo_arb": 1030600386, "longitud": -76.53022, "latitud": 3.4453619, "id_nivel_a": 3, "id_nivel_1": 35, "id_proyect": 4, "estado_arb": "Nuevo", "fecha_regi": 45588, "longitud_1": -76.53022, "latitud_1": 3.44536, "comuna": "3", "perimetro": null, "Id": 0, "area": 136572.15568900001 }, "geometry": { "type": "Point", "coordinates": [ -76.53022, 3.445361900000023 ] } },
{ "type": "Feature", "properties": { "OBJECTID": 671413, "id_arbol": 796510, "id_especie": 2225, "id_usuario": 321, "fecha_ingr": 45267, "id_tipo_ar": 1, "id_tipo_or": 2, "codigo_arb": 1030900039, "longitud": -76.5283, "latitud": 3.4428492, "id_nivel_a": 3, "id_nivel_1": 38, "id_proyect": 4, "estado_arb": "Nuevo", "fecha_regi": 45588, "longitud_1": -76.5283, "latitud_1": 3.44285, "comuna": "3", "perimetro": null, "Id": 0, "area": 136572.15568900001 }, "geometry": { "type": "Point", "coordinates": [ -76.5283, 3.442849200000069 ] } },
{ "type": "Feature", "properties": { "OBJECTID": 671417, "id_arbol": 796514, "id_especie": 42, "id_usuario": 321, "fecha_ingr": 45267, "id_tipo_ar": 1, "id_tipo_or": 2, "codigo_arb": 1030900038, "longitud": -76.52855, "latitud": 3.4428985, "id_nivel_a": 3, "id_nivel_1": 38, "id_proyect": 4, "estado_arb": "Nuevo", "fecha_regi": 45588, "longitud_1": -76.52855, "latitud_1": 3.4429, "comuna": "3", "perimetro": null, "Id": 0, "area": 136572.15568900001 }, "geometry": { "type": "Point", "coordinates": [ -76.52855, 3.442898500000069 ] } },
{ "type": "Feature", "properties": { "OBJECTID": 671418, "id_arbol": 796515, "id_especie": 43, "id_usuario": 321, "fecha_ingr": 45267, "id_tipo_ar": 1, "id_tipo_or": 2, "codigo_arb": 1030900037, "longitud": -76.528305, "latitud": 3.4429822, "id_nivel_a": 3, "id_nivel_1": 38, "id_proyect": 4, "estado_arb": "Nuevo", "fecha_regi": 45588, "longitud_1": -76.52831, "latitud_1": 3.44298, "comuna": "3", "perimetro": null, "Id": 0, "area": 136572.15568900001 }, "geometry": { "type": "Point", "coordinates": [ -76.528305, 3.442982200000074 ] } },
{ "type": "Feature", "properties": { "OBJECTID": 671430, "id_arbol": 796527, "id_especie": 51, "id_usuario": 321, "fecha_ingr": 45267, "id_tipo_ar": 1, "id_tipo_or": 2, "codigo_arb": 1030900025, "longitud": -76.527016, "latitud": 3.4427948, "id_nivel_a": 3, "id_nivel_1": 38, "id_proyect": 4, "estado_arb": "Nuevo", "fecha_regi": 45588, "longitud_1": -76.52702, "latitud_1": 3.44279, "comuna": "3", "perimetro": null, "Id": 0, "area": 136572.15568900001 }, "geometry": { "type": "Point", "coordinates": [ -76.527016, 3.442794800000058 ] } },
{ "type": "Feature", "properties": { "OBJECTID": 671431, "id_arbol": 796528, "id_especie": 40, "id_usuario": 321, "fecha_ingr": 45267, "id_tipo_ar": 1, "id_tipo_or": 2, "codigo_arb": 1030900024, "longitud": -76.52662, "latitud": 3.442863, "id_nivel_a": 3, "id_nivel_1": 38, "id_proyect": 4, "estado_arb": "Nuevo", "fecha_regi": 45588, "longitud_1": -76.52662, "latitud_1": 3.44286, "comuna": "3", "perimetro": null, "Id": 0, "area": 136572.15568900001 }, "geometry": { "type": "Point", "coordinates": [ -76.52662, 3.442863 ] } },
{ "type": "Feature", "properties": { "OBJECTID": 671438, "id_arbol": 796535, "id_especie": 40, "id_usuario": 321, "fecha_ingr": 45267, "id_tipo_ar": 1, "id_tipo_or": 2, "codigo_arb": 1030900021, "longitud": -76.527664, "latitud": 3.4429035, "id_nivel_a": 3, "id_nivel_1": 38, "id_proyect": 4, "estado_arb": "Nuevo", "fecha_regi": 45588, "longitud_1": -76.52766, "latitud_1": 3.4429, "comuna": "3", "perimetro": null, "Id": 0, "area": 136572.15568900001 }, "geometry": { "type": "Point", "coordinates": [ -76.527664, 3.442903500000057 ] } },
{ "type": "Feature", "properties": { "OBJECTID": 671440, "id_arbol": 796537, "id_especie": 40, "id_usuario": 321, "fecha_ingr": 45267, "id_tipo_ar": 1, "id_tipo_or": 2, "codigo_arb": 1030900017, "longitud": -76.526855, "latitud": 3.4428945, "id_nivel_a": 3, "id_nivel_1": 38, "id_proyect": 4, "estado_arb": "Nuevo", "fecha_regi": 45588, "longitud_1": -76.52686, "latitud_1": 3.44289, "comuna": "3", "perimetro": null, "Id": 0, "area": 136572.15568900001 }, "geometry": { "type": "Point", "coordinates": [ -76.526855, 3.442894500000023 ] } },
{ "type": "Feature", "properties": { "OBJECTID": 671441, "id_arbol": 796538, "id_especie": 51, "id_usuario": 321, "fecha_ingr": 45267, "id_tipo_ar": 1, "id_tipo_or": 2, "codigo_arb": 1030900033, "longitud": -76.52644, "latitud": 3.444073, "id_nivel_a": 3, "id_nivel_1": 38, "id_proyect": 4, "estado_arb": "Nuevo", "fecha_regi": 45588, "longitud_1": -76.52644, "latitud_1": 3.44407, "comuna": "3", "perimetro": null, "Id": 0, "area": 136572.15568900001 }, "geometry": { "type": "Point", "coordinates": [ -76.52644, 3.444073 ] } },
{ "type": "Feature", "properties": { "OBJECTID": 671442, "id_arbol": 796539, "id_especie": 1573, "id_usuario": 321, "fecha_ingr": 45267, "id_tipo_ar": 1, "id_tipo_or": 2, "codigo_arb": 1030900032, "longitud": -76.52681, "latitud": 3.4451935, "id_nivel_a": 3, "id_nivel_1": 38, "id_proyect": 4, "estado_arb": "Nuevo", "fecha_regi": 45588, "longitud_1": -76.52681, "latitud_1": 3.44519, "comuna": "3", "perimetro": null, "Id": 0, "area": 136572.15568900001 }, "geometry": { "type": "Point", "coordinates": [ -76.52681, 3.445193500000073 ] } },
{ "type": "Feature", "properties": { "OBJECTID": 671461, "id_arbol": 796558, "id_especie": 1707, "id_usuario": 321, "fecha_ingr": 45267, "id_tipo_ar": 1, "id_tipo_or": 2, "codigo_arb": 1030900034, "longitud": -76.52696, "latitud": 3.4433608, "id_nivel_a": 3, "id_nivel_1": 38, "id_proyect": 4, "estado_arb": "Nuevo", "fecha_regi": 45588, "longitud_1": -76.52696, "latitud_1": 3.44336, "comuna": "3", "perimetro": null, "Id": 0, "area": 136572.15568900001 }, "geometry": { "type": "Point", "coordinates": [ -76.52696, 3.44336080000005 ] } },
{ "type": "Feature", "properties": { "OBJECTID": 671471, "id_arbol": 796568, "id_especie": 1707, "id_usuario": 321, "fecha_ingr": 45267, "id_tipo_ar": 1, "id_tipo_or": 2, "codigo_arb": 1030900029, "longitud": -76.52639, "latitud": 3.4432566, "id_nivel_a": 3, "id_nivel_1": 38, "id_proyect": 4, "estado_arb": "Nuevo", "fecha_regi": 45588, "longitud_1": -76.52639, "latitud_1": 3.44326, "comuna": "3", "perimetro": null, "Id": 0, "area": 136572.15568900001 }, "geometry": { "type": "Point", "coordinates": [ -76.52639, 3.443256600000041 ] } },
{ "type": "Feature", "properties": { "OBJECTID": 671479, "id_arbol": 796576, "id_especie": 1707, "id_usuario": 321, "fecha_ingr": 45267, "id_tipo_ar": 1, "id_tipo_or": 2, "codigo_arb": 1030900026, "longitud": -76.52741, "latitud": 3.4438746, "id_nivel_a": 3, "id_nivel_1": 38, "id_proyect": 4, "estado_arb": "Nuevo", "fecha_regi": 45588, "longitud_1": -76.52741, "latitud_1": 3.44387, "comuna": "3", "perimetro": null, "Id": 0, "area": 136572.15568900001 }, "geometry": { "type": "Point", "coordinates": [ -76.52741, 3.443874600000072 ] } },
{ "type": "Feature", "properties": { "OBJECTID": 671482, "id_arbol": 796579, "id_especie": 1707, "id_usuario": 321, "fecha_ingr": 45267, "id_tipo_ar": 1, "id_tipo_or": 2, "codigo_arb": 1030900022, "longitud": -76.52759, "latitud": 3.443823, "id_nivel_a": 3, "id_nivel_1": 38, "id_proyect": 4, "estado_arb": "Nuevo", "fecha_regi": 45588, "longitud_1": -76.52759, "latitud_1": 3.44382, "comuna": "3", "perimetro": null, "Id": 0, "area": 136572.15568900001 }, "geometry": { "type": "Point", "coordinates": [ -76.52759, 3.443823 ] } },
{ "type": "Feature", "properties": { "OBJECTID": 671484, "id_arbol": 796581, "id_especie": 1519, "id_usuario": 321, "fecha_ingr": 45267, "id_tipo_ar": 1, "id_tipo_or": 2, "codigo_arb": 1030900019, "longitud": -76.52777, "latitud": 3.44362, "id_nivel_a": 3, "id_nivel_1": 38, "id_proyect": 4, "estado_arb": "Nuevo", "fecha_regi": 45588, "longitud_1": -76.52777, "latitud_1": 3.44362, "comuna": "3", "perimetro": null, "Id": 0, "area": 136572.15568900001 }, "geometry": { "type": "Point", "coordinates": [ -76.52777, 3.44362 ] } },
{ "type": "Feature", "properties": { "OBJECTID": 671510, "id_arbol": 796607, "id_especie": 40, "id_usuario": 321, "fecha_ingr": 45267, "id_tipo_ar": 1, "id_tipo_or": 2, "codigo_arb": 1030900041, "longitud": -76.52839, "latitud": 3.443905, "id_nivel_a": 3, "id_nivel_1": 38, "id_proyect": 4, "estado_arb": "Nuevo", "fecha_regi": 45588, "longitud_1": -76.52839, "latitud_1": 3.44391, "comuna": "3", "perimetro": null, "Id": 0, "area": 136572.15568900001 }, "geometry": { "type": "Point", "coordinates": [ -76.52839, 3.443905 ] } },
{ "type": "Feature", "properties": { "OBJECTID": 671513, "id_arbol": 796610, "id_especie": 1583, "id_usuario": 321, "fecha_ingr": 45267, "id_tipo_ar": 1, "id_tipo_or": 2, "codigo_arb": 1030900040, "longitud": -76.527695, "latitud": 3.444704, "id_nivel_a": 3, "id_nivel_1": 38, "id_proyect": 4, "estado_arb": "Nuevo", "fecha_regi": 45588, "longitud_1": -76.5277, "latitud_1": 3.4447, "comuna": "3", "perimetro": null, "Id": 0, "area": 136572.15568900001 }, "geometry": { "type": "Point", "coordinates": [ -76.527695, 3.444704 ] } },
{ "type": "Feature", "properties": { "OBJECTID": 671530, "id_arbol": 796627, "id_especie": 1707, "id_usuario": 321, "fecha_ingr": 45267, "id_tipo_ar": 1, "id_tipo_or": 2, "codigo_arb": 1030900020, "longitud": -76.52754, "latitud": 3.4447746, "id_nivel_a": 3, "id_nivel_1": 38, "id_proyect": 4, "estado_arb": "Nuevo", "fecha_regi": 45588, "longitud_1": -76.52754, "latitud_1": 3.44477, "comuna": "3", "perimetro": null, "Id": 0, "area": 136572.15568900001 }, "geometry": { "type": "Point", "coordinates": [ -76.52754, 3.444774600000073 ] } },
{ "type": "Feature", "properties": { "OBJECTID": 671535, "id_arbol": 796632, "id_especie": 314, "id_usuario": 321, "fecha_ingr": 45267, "id_tipo_ar": 1, "id_tipo_or": 2, "codigo_arb": 1030900028, "longitud": -76.5276, "latitud": 3.4451895, "id_nivel_a": 3, "id_nivel_1": 38, "id_proyect": 4, "estado_arb": "Nuevo", "fecha_regi": 45588, "longitud_1": -76.5276, "latitud_1": 3.44519, "comuna": "3", "perimetro": null, "Id": 0, "area": 136572.15568900001 }, "geometry": { "type": "Point", "coordinates": [ -76.5276, 3.445189500000026 ] } },
{ "type": "Feature", "properties": { "OBJECTID": 671536, "id_arbol": 796633, "id_especie": 50, "id_usuario": 321, "fecha_ingr": 45267, "id_tipo_ar": 1, "id_tipo_or": 2, "codigo_arb": 1030900030, "longitud": -76.52757, "latitud": 3.4456253, "id_nivel_a": 3, "id_nivel_1": 38, "id_proyect": 4, "estado_arb": "Nuevo", "fecha_regi": 45588, "longitud_1": -76.52757, "latitud_1": 3.44563, "comuna": "3", "perimetro": null, "Id": 0, "area": 136572.15568900001 }, "geometry": { "type": "Point", "coordinates": [ -76.52757, 3.445625300000074 ] } },
{ "type": "Feature", "properties": { "OBJECTID": 671539, "id_arbol": 796636, "id_especie": 1573, "id_usuario": 321, "fecha_ingr": 45267, "id_tipo_ar": 1, "id_tipo_or": 2, "codigo_arb": 1030900036, "longitud": -76.529106, "latitud": 3.4456058, "id_nivel_a": 3, "id_nivel_1": 38, "id_proyect": 4, "estado_arb": "Nuevo", "fecha_regi": 45588, "longitud_1": -76.52911, "latitud_1": 3.44561, "comuna": "3", "perimetro": null, "Id": 0, "area": 136572.15568900001 }, "geometry": { "type": "Point", "coordinates": [ -76.529106, 3.445605800000067 ] } }
]
}
