{
"type": "FeatureCollection",
"name": "DATIC_hurtos_2023_2026T1_poligono_ciudad_Paraiso",
"crs": { "type": "name", "properties": { "name": "urn:ogc:def:crs:OGC:1.3:CRS84" } },
"features": [
{ "type": "Feature", "properties": { "dinamica": "HURTO", "titulo": "DELITOS CONTRA EL PATRIMONIO ECONOMICO", "capitulo": "DEL HURTO", "articulo": "HURTO CALIFICADO. ART. 240 C.P.", "grado_deli": "NINGUNO", "tipo_notic": "DENUNCIA", "caracteriz": "HURTO DE MOTOCICLETAS", "modalidad": "HALADO", "modo": null, "motivo": null, "pais": "COLOMBIA", "dane_dep": 76, "departamen": "VALLE DEL CAUCA", "dane_mpio": 76001, "municipio": "CALI", "cod_comuna": 3.0, "comuna": "Comuna 3", "cod_barrio": 309.0, "nom_barrio": "San Pascual", "direccion": "76001 KR 15 12 carrera 15 # 12", "sitio": "SIN INFORMACION", "x": -76.529243469240001, "y": 3.4428970813799999, "anio": 2023, "mes": "enero", "dia": 1, "dia_semana": 1, "hora_hecho": "23:30", "barrio": null, "estrato": 1, "geom": "0101000020E610000000000020DF2153C0000000A00D8B0B40", "fecha_hech": "2023-01-01 00:00:00", "Id": 0, "area": 136572.15568900001 }, "geometry": { "type": "Point", "coordinates": [ -76.529243469240001, 3.44289708138 ] } },
{ "type": "Feature", "properties": { "dinamica": "HURTO", "titulo": "DELITOS CONTRA EL PATRIMONIO ECONOMICO", "capitulo": "DEL HURTO", "articulo": "HURTO. ART. 239 C.P.", "grado_deli": "NINGUNO", "tipo_notic": "DENUNCIA", "caracteriz": "HURTO A CELULARES", "modalidad": "RAPONAZO", "modo": null, "motivo": "SIN DETERMINAR", "pais": "COLOMBIA", "dane_dep": 76, "departamen": "VALLE DEL CAUCA", "dane_mpio": 76001, "municipio": "CALI", "cod_comuna": 3.0, "comuna": "Comuna 3", "cod_barrio": 309.0, "nom_barrio": "San Pascual", "direccion": "76001 CL 13 CON CON KR 14 CALLE 13 CARRERA 14", "sitio": "SIN INFORMACION", "x": -76.528839111330001, "y": 3.44363689423, "anio": 2023, "mes": "enero", "dia": 7, "dia_semana": 7, "hora_hecho": "19:00", "barrio": null, "estrato": 1, "geom": "0101000020E610000000000080D82153C000000080918C0B40", "fecha_hech": "2023-01-07 00:00:00", "Id": 0, "area": 136572.15568900001 }, "geometry": { "type": "Point", "coordinates": [ -76.528839111330001, 3.44363689423 ] } },
{ "type": "Feature", "properties": { "dinamica": "HURTO", "titulo": "DELITOS CONTRA EL PATRIMONIO ECONOMICO", "capitulo": "DEL HURTO", "articulo": "HURTO CALIFICADO. ART. 240 C.P.", "grado_deli": "NINGUNO", "tipo_notic": "DENUNCIA", "caracteriz": "HURTO DE MOTOCICLETAS", "modalidad": "HALADO", "modo": null, "motivo": null, "pais": "COLOMBIA", "dane_dep": 76, "departamen": "VALLE DEL CAUCA", "dane_mpio": 76001, "municipio": "CALI", "cod_comuna": 3.0, "comuna": "Comuna 3", "cod_barrio": 309.0, "nom_barrio": "San Pascual", "direccion": "76001 CARRERA 12, SAN PASCUAL, COMUNA 3, CALI, VALLE DEL CAUCA", "sitio": "VIA PUBLICA", "x": -76.528007507319998, "y": 3.4457700252499999, "anio": 2023, "mes": "enero", "dia": 11, "dia_semana": 4, "hora_hecho": "11:00", "barrio": "EL CALVARIO", "estrato": 1, "geom": "0101000020E6100000000000E0CA2153C0000000E0EF900B40", "fecha_hech": "2023-01-11 00:00:00", "Id": 0, "area": 136572.15568900001 }, "geometry": { "type": "Point", "coordinates": [ -76.528007507319998, 3.44577002525 ] } },
{ "type": "Feature", "properties": { "dinamica": "HURTO", "titulo": "DELITOS CONTRA EL PATRIMONIO ECONOMICO", "capitulo": "DEL HURTO", "articulo": "HURTO CALIFICADO. ART. 240 C.P.", "grado_deli": "AGRAVADO", "tipo_notic": "DENUNCIA", "caracteriz": "HURTO A CELULARES", "modalidad": "ATRACO", "modo": "ARMA BLANCA", "motivo": "SIN DETERMINAR", "pais": "COLOMBIA", "dane_dep": 76, "departamen": "VALLE DEL CAUCA", "dane_mpio": 76001, "municipio": "CALI", "cod_comuna": 3.0, "comuna": "Comuna 3", "cod_barrio": 309.0, "nom_barrio": "San Pascual", "direccion": "76001 CALLE 15 14 102, SAN PASCUAL, COMUNA 3, CALI, VALLE DEL CAUCA", "sitio": "VIA PUBLICA", "x": -76.526123046880002, "y": 3.4428470134700002, "anio": 2023, "mes": "enero", "dia": 14, "dia_semana": 7, "hora_hecho": "15:00", "barrio": "SAN PASCUAL", "estrato": 1, "geom": "0101000020E610000000000000AC2153C000000060F38A0B40", "fecha_hech": "2023-01-14 00:00:00", "Id": 0, "area": 136572.15568900001 }, "geometry": { "type": "Point", "coordinates": [ -76.526123046880002, 3.44284701347 ] } },
{ "type": "Feature", "properties": { "dinamica": "HURTO", "titulo": "DELITOS CONTRA EL PATRIMONIO ECONOMICO", "capitulo": "DEL HURTO", "articulo": "HURTO. ART. 239 C.P.", "grado_deli": "NINGUNO", "tipo_notic": "DENUNCIA", "caracteriz": "HURTO A PERSONAS", "modalidad": "COSQUILLEO", "modo": null, "motivo": null, "pais": "COLOMBIA", "dane_dep": 76, "departamen": "VALLE DEL CAUCA", "dane_mpio": 76001, "municipio": "CALI", "cod_comuna": 3.0, "comuna": "Comuna 3", "cod_barrio": 309.0, "nom_barrio": "San Pascual", "direccion": "76001 CALLE 13 13 51", "sitio": "PARADERO DE TRANSPORTE", "x": -76.5288772583, "y": 3.4441409111, "anio": 2023, "mes": "enero", "dia": 15, "dia_semana": 1, "hora_hecho": "10:00", "barrio": "SAN PASCUAL", "estrato": 1, "geom": "0101000020E610000000000020D92153C0000000C0998D0B40", "fecha_hech": "2023-01-15 00:00:00", "Id": 0, "area": 136572.15568900001 }, "geometry": { "type": "Point", "coordinates": [ -76.5288772583, 3.4441409111 ] } },
{ "type": "Feature", "properties": { "dinamica": "HURTO", "titulo": "DELITOS CONTRA EL PATRIMONIO ECONOMICO", "capitulo": "DEL HURTO", "articulo": "HURTO CALIFICADO. ART. 240 C.P.", "grado_deli": "NINGUNO", "tipo_notic": "DENUNCIA", "caracteriz": "HURTO A PERSONAS", "modalidad": "ATRACO", "modo": "ARMA BLANCA", "motivo": null, "pais": "COLOMBIA", "dane_dep": 76, "departamen": "VALLE DEL CAUCA", "dane_mpio": 76001, "municipio": "CALI", "cod_comuna": 3.0, "comuna": "Comuna 3", "cod_barrio": 310.0, "nom_barrio": "El Calvario", "direccion": "76001 BARRIO/LOCALIDAD/COMUNA:SAN PEDRO/COMUNA 3,CALI/VALLE DEL CAUCA,SAN PEDRO", "sitio": "SIN INFORMACION", "x": -76.529930114750002, "y": 3.4467101097100001, "anio": 2023, "mes": "enero", "dia": 18, "dia_semana": 4, "hora_hecho": "00:45", "barrio": "SAN PEDRO", "estrato": 3, "geom": "0101000020E610000000000060EA2153C0000000C0DC920B40", "fecha_hech": "2023-01-18 00:00:00", "Id": 0, "area": 136572.15568900001 }, "geometry": { "type": "Point", "coordinates": [ -76.529930114750002, 3.44671010971 ] } },
{ "type": "Feature", "properties": { "dinamica": "HURTO", "titulo": "DELITOS CONTRA EL PATRIMONIO ECONOMICO", "capitulo": "DEL HURTO", "articulo": "HURTO CALIFICADO. ART. 240 C.P.", "grado_deli": "NINGUNO", "tipo_notic": "DENUNCIA", "caracteriz": "HURTO A CELULARES", "modalidad": "COSQUILLEO", "modo": null, "motivo": null, "pais": "COLOMBIA", "dane_dep": 76, "departamen": "VALLE DEL CAUCA", "dane_mpio": 76001, "municipio": "CALI", "cod_comuna": 3.0, "comuna": "Comuna 3", "cod_barrio": 306.0, "nom_barrio": "San Juan Bosco", "direccion": "76001 CARRERA 13 10, SAN JUAN BOSCO, COMUNA 3, CALI, VALLE DEL CAUCA", "sitio": "TRANSPORTE PUBLICO URBANO", "x": -76.53150177002, "y": 3.44440507889, "anio": 2023, "mes": "enero", "dia": 18, "dia_semana": 4, "hora_hecho": "11:30", "barrio": "SAN JUAN BOSCO", "estrato": 3, "geom": "0101000020E610000000000020042253C000000040248E0B40", "fecha_hech": "2023-01-18 00:00:00", "Id": 0, "area": 136572.15568900001 }, "geometry": { "type": "Point", "coordinates": [ -76.53150177002, 3.44440507889 ] } },
{ "type": "Feature", "properties": { "dinamica": "HURTO", "titulo": "DELITOS CONTRA EL PATRIMONIO ECONOMICO", "capitulo": "DEL HURTO", "articulo": "HURTO CALIFICADO. ART. 240 C.P.", "grado_deli": "AGRAVADO", "tipo_notic": "DENUNCIA", "caracteriz": "HURTO DE AUTOPARTES", "modalidad": "RAPONAZO", "modo": null, "motivo": null, "pais": "COLOMBIA", "dane_dep": 76, "departamen": "VALLE DEL CAUCA", "dane_mpio": 76001, "municipio": "CALI", "cod_comuna": 3.0, "comuna": "Comuna 3", "cod_barrio": 306.0, "nom_barrio": "San Juan Bosco", "direccion": "76001 CARRERA 15 CON CALLE 10, SAN JUAN BOSCO, COMUNA 3, CALI, VALLE DEL CAUCA", "sitio": "VIA PUBLICA", "x": -76.531967163090002, "y": 3.44250011444, "anio": 2023, "mes": "enero", "dia": 18, "dia_semana": 4, "hora_hecho": "21:30", "barrio": "SAN JUAN BOSCO", "estrato": 3, "geom": "0101000020E6100000000000C00B2253C0000000803D8A0B40", "fecha_hech": "2023-01-18 00:00:00", "Id": 0, "area": 136572.15568900001 }, "geometry": { "type": "Point", "coordinates": [ -76.531967163090002, 3.44250011444 ] } },
{ "type": "Feature", "properties": { "dinamica": "HURTO", "titulo": "DELITOS CONTRA EL PATRIMONIO ECONOMICO", "capitulo": "DEL HURTO", "articulo": "HURTO CALIFICADO. ART. 240 C.P.", "grado_deli": "NINGUNO", "tipo_notic": "DENUNCIA", "caracteriz": "HURTO A PERSONAS", "modalidad": "ATRACO", "modo": "ARMA DE FUEGO", "motivo": null, "pais": "COLOMBIA", "dane_dep": 76, "departamen": "VALLE DEL CAUCA", "dane_mpio": 76001, "municipio": "CALI", "cod_comuna": 3.0, "comuna": "Comuna 3", "cod_barrio": 310.0, "nom_barrio": "El Calvario", "direccion": "76001 CALLE 13 10, EL CALVARIO, COMUNA 3, CALI, VALLE DEL CAUCA", "sitio": "VIA PUBLICA", "x": -76.529792785639998, "y": 3.4472250938400002, "anio": 2023, "mes": "enero", "dia": 21, "dia_semana": 7, "hora_hecho": "19:00", "barrio": "EL CALVARIO", "estrato": 3, "geom": "0101000020E610000000000020E82153C0000000C0EA930B40", "fecha_hech": "2023-01-21 00:00:00", "Id": 0, "area": 136572.15568900001 }, "geometry": { "type": "Point", "coordinates": [ -76.529792785639998, 3.44722509384 ] } },
{ "type": "Feature", "properties": { "dinamica": "HURTO", "titulo": "DELITOS CONTRA EL PATRIMONIO ECONOMICO", "capitulo": "DEL HURTO", "articulo": "HURTO CALIFICADO. ART. 240 C.P.", "grado_deli": "AGRAVADO", "tipo_notic": "DENUNCIA", "caracteriz": "HURTO A CELULARES", "modalidad": "ATRACO", "modo": "ARMA DE FUEGO", "motivo": "SIN DETERMINAR", "pais": "COLOMBIA", "dane_dep": 76, "departamen": "VALLE DEL CAUCA", "dane_mpio": 76001, "municipio": "CALI", "cod_comuna": 3.0, "comuna": "Comuna 3", "cod_barrio": 309.0, "nom_barrio": "San Pascual", "direccion": "76001 AVENIDA CIUDADES CONFEDERADAS 14 116", "sitio": "VIA PUBLICA", "x": -76.526100158689999, "y": 3.4428191185000001, "anio": 2023, "mes": "enero", "dia": 26, "dia_semana": 5, "hora_hecho": "01:00", "barrio": "SAN PASCUAL", "estrato": 1, "geom": "0101000020E6100000000000A0AB2153C0000000C0E48A0B40", "fecha_hech": "2023-01-26 00:00:00", "Id": 0, "area": 136572.15568900001 }, "geometry": { "type": "Point", "coordinates": [ -76.526100158689999, 3.4428191185 ] } },
{ "type": "Feature", "properties": { "dinamica": "HURTO", "titulo": "DELITOS CONTRA EL PATRIMONIO ECONOMICO", "capitulo": "DEL HURTO", "articulo": "HURTO CALIFICADO. ART. 240 C.P.", "grado_deli": "NINGUNO", "tipo_notic": "DENUNCIA", "caracteriz": "HURTO A PERSONAS", "modalidad": "ATRACO", "modo": "ARMA DE FUEGO", "motivo": null, "pais": "COLOMBIA", "dane_dep": 76, "departamen": "VALLE DEL CAUCA", "dane_mpio": 76001, "municipio": "CALI", "cod_comuna": 3.0, "comuna": "Comuna 3", "cod_barrio": 309.0, "nom_barrio": "San Pascual", "direccion": "76001 CALLE 15 13A, SAN PASCUAL, COMUNA 3, CALI, VALLE DEL CAUCA", "sitio": "TRANSPORTE PUBLICO URBANO", "x": -76.52638244629, "y": 3.4437301158900002, "anio": 2023, "mes": "enero", "dia": 26, "dia_semana": 5, "hora_hecho": "20:30", "barrio": "SAN PASCUAL", "estrato": 1, "geom": "0101000020E610000000000040B02153C000000060C28C0B40", "fecha_hech": "2023-01-26 00:00:00", "Id": 0, "area": 136572.15568900001 }, "geometry": { "type": "Point", "coordinates": [ -76.52638244629, 3.44373011589 ] } },
{ "type": "Feature", "properties": { "dinamica": "HURTO", "titulo": "DELITOS CONTRA EL PATRIMONIO ECONOMICO", "capitulo": "DEL HURTO", "articulo": "HURTO CALIFICADO. ART. 240 C.P.", "grado_deli": "NINGUNO", "tipo_notic": "DENUNCIA", "caracteriz": "HURTO A CELULARES", "modalidad": "COSQUILLEO", "modo": null, "motivo": null, "pais": "COLOMBIA", "dane_dep": 76, "departamen": "VALLE DEL CAUCA", "dane_mpio": 76001, "municipio": "CALI", "cod_comuna": 3.0, "comuna": "Comuna 3", "cod_barrio": 309.0, "nom_barrio": "San Pascual", "direccion": "76001 CALLE 15 CON CARRERA 15, SAN PASCUAL, COMUNA 3, CALI, VALLE DEL CAUCA", "sitio": "OTRO", "x": -76.52619934082, "y": 3.4426898956300001, "anio": 2023, "mes": "enero", "dia": 28, "dia_semana": 7, "hora_hecho": "10:30", "barrio": "GUAYAQUIL", "estrato": 1, "geom": "0101000020E610000000000040AD2153C000000000A18A0B40", "fecha_hech": "2023-01-28 00:00:00", "Id": 0, "area": 136572.15568900001 }, "geometry": { "type": "Point", "coordinates": [ -76.52619934082, 3.44268989563 ] } },
{ "type": "Feature", "properties": { "dinamica": "HURTO", "titulo": "DELITOS CONTRA EL PATRIMONIO ECONOMICO", "capitulo": "DEL HURTO", "articulo": "HURTO CALIFICADO. ART. 240 C.P.", "grado_deli": "NINGUNO", "tipo_notic": "DENUNCIA", "caracteriz": "HURTO A CELULARES", "modalidad": "COSQUILLEO", "modo": null, "motivo": null, "pais": "COLOMBIA", "dane_dep": 76, "departamen": "VALLE DEL CAUCA", "dane_mpio": 76001, "municipio": "CALI", "cod_comuna": 3.0, "comuna": "Comuna 3", "cod_barrio": 306.0, "nom_barrio": "San Juan Bosco", "direccion": "76001 CARRERA 15 10, SAN JUAN BOSCO, COMUNA 3, CALI, VALLE DEL CAUCA", "sitio": "OTRO", "x": -76.531913757319998, "y": 3.4424901008600002, "anio": 2023, "mes": "enero", "dia": 28, "dia_semana": 7, "hora_hecho": "14:30", "barrio": "SAN JUAN BOSCO", "estrato": 3, "geom": "0101000020E6100000000000E00A2253C000000040388A0B40", "fecha_hech": "2023-01-28 00:00:00", "Id": 0, "area": 136572.15568900001 }, "geometry": { "type": "Point", "coordinates": [ -76.531913757319998, 3.44249010086 ] } },
{ "type": "Feature", "properties": { "dinamica": "HURTO", "titulo": "DELITOS CONTRA EL PATRIMONIO ECONOMICO", "capitulo": "DEL HURTO", "articulo": "HURTO CALIFICADO. ART. 240 C.P.", "grado_deli": "NINGUNO", "tipo_notic": "DENUNCIA", "caracteriz": "HURTO A CELULARES", "modalidad": "ATRACO", "modo": "ARMA DE FUEGO", "motivo": "SIN DETERMINAR", "pais": "COLOMBIA", "dane_dep": 76, "departamen": "VALLE DEL CAUCA", "dane_mpio": 76001, "municipio": "CALI", "cod_comuna": 3.0, "comuna": "Comuna 3", "cod_barrio": 306.0, "nom_barrio": "San Juan Bosco", "direccion": "76001 CALLE 11 13 40, SAN JUAN BOSCO, COMUNA 3, CALI, VALLE DEL CAUCA", "sitio": "ESTABLECIMIENTO DE COMERCIO", "x": -76.530784606929998, "y": 3.4441380500799998, "anio": 2023, "mes": "febrero", "dia": 2, "dia_semana": 5, "hora_hecho": "15:00", "barrio": "SAN JUAN BOSCO", "estrato": 3, "geom": "0101000020E610000000000060F82153C000000040988D0B40", "fecha_hech": "2023-02-02 00:00:00", "Id": 0, "area": 136572.15568900001 }, "geometry": { "type": "Point", "coordinates": [ -76.530784606929998, 3.44413805008 ] } },
{ "type": "Feature", "properties": { "dinamica": "HURTO", "titulo": "DELITOS CONTRA EL PATRIMONIO ECONOMICO", "capitulo": "DEL HURTO", "articulo": "HURTO CALIFICADO. ART. 240 C.P.", "grado_deli": "NINGUNO", "tipo_notic": "DENUNCIA", "caracteriz": "HURTO DE BICICLETAS", "modalidad": "ATRACO", "modo": "ARMA BLANCA", "motivo": null, "pais": "COLOMBIA", "dane_dep": 76, "departamen": "VALLE DEL CAUCA", "dane_mpio": 76001, "municipio": "CALI", "cod_comuna": 3.0, "comuna": "Comuna 3", "cod_barrio": 309.0, "nom_barrio": "San Pascual", "direccion": "76001 CALLE 15 CON CARRERA 12, EL CALVARIO, COMUNA 9, CALI, VALLE DEL CAUCA", "sitio": "VIA PUBLICA", "x": -76.52700805664, "y": 3.4458899498000002, "anio": 2023, "mes": "febrero", "dia": 6, "dia_semana": 2, "hora_hecho": "06:30", "barrio": "SAN PASCUAL", "estrato": 1, "geom": "0101000020E610000000000080BA2153C0000000C02E910B40", "fecha_hech": "2023-02-06 00:00:00", "Id": 0, "area": 136572.15568900001 }, "geometry": { "type": "Point", "coordinates": [ -76.52700805664, 3.4458899498 ] } },
{ "type": "Feature", "properties": { "dinamica": "HURTO", "titulo": "DELITOS CONTRA EL PATRIMONIO ECONOMICO", "capitulo": "DEL HURTO", "articulo": "HURTO CALIFICADO. ART. 240 C.P.", "grado_deli": "NINGUNO", "tipo_notic": "DENUNCIA", "caracteriz": "HURTO DE AUTOPARTES", "modalidad": "RAPONAZO", "modo": null, "motivo": null, "pais": "COLOMBIA", "dane_dep": 76, "departamen": "VALLE DEL CAUCA", "dane_mpio": 76001, "municipio": "CALI", "cod_comuna": 3.0, "comuna": "Comuna 3", "cod_barrio": 310.0, "nom_barrio": "El Calvario", "direccion": "76001 CARRERA 10, EL CALVARIO, COMUNA 9, CALI, VALLE DEL CAUCA", "sitio": "VIA PUBLICA", "x": -76.527549743649999, "y": 3.4478850364700002, "anio": 2023, "mes": "febrero", "dia": 6, "dia_semana": 2, "hora_hecho": "17:30", "barrio": "EL CALVARIO", "estrato": 3, "geom": "0101000020E610000000000060C32153C0000000C044950B40", "fecha_hech": "2023-02-06 00:00:00", "Id": 0, "area": 136572.15568900001 }, "geometry": { "type": "Point", "coordinates": [ -76.527549743649999, 3.44788503647 ] } },
{ "type": "Feature", "properties": { "dinamica": "HURTO", "titulo": "DELITOS CONTRA EL PATRIMONIO ECONOMICO", "capitulo": "DEL HURTO", "articulo": "HURTO. ART. 239 C.P.", "grado_deli": "NINGUNO", "tipo_notic": "DENUNCIA", "caracteriz": "HURTO A PERSONAS", "modalidad": "COSQUILLEO", "modo": null, "motivo": null, "pais": "COLOMBIA", "dane_dep": 76, "departamen": "VALLE DEL CAUCA", "dane_mpio": 76001, "municipio": "CALI", "cod_comuna": 3.0, "comuna": "Comuna 3", "cod_barrio": 306.0, "nom_barrio": "San Juan Bosco", "direccion": "76001 CARRERA 15 10, SAN JUAN BOSCO, COMUNA 3, CALI, VALLE DEL CAUCA", "sitio": "TRANSPORTE MASIVO", "x": -76.531913757319998, "y": 3.4424901008600002, "anio": 2023, "mes": "febrero", "dia": 9, "dia_semana": 5, "hora_hecho": "10:30", "barrio": "SAN JUAN BOSCO", "estrato": 3, "geom": "0101000020E6100000000000E00A2253C000000040388A0B40", "fecha_hech": "2023-02-09 00:00:00", "Id": 0, "area": 136572.15568900001 }, "geometry": { "type": "Point", "coordinates": [ -76.531913757319998, 3.44249010086 ] } },
{ "type": "Feature", "properties": { "dinamica": "HURTO", "titulo": "DELITOS CONTRA EL PATRIMONIO ECONOMICO", "capitulo": "DEL HURTO", "articulo": "HURTO. ART. 239 C.P.", "grado_deli": "NINGUNO", "tipo_notic": "DENUNCIA", "caracteriz": "HURTO A CELULARES", "modalidad": "COSQUILLEO", "modo": null, "motivo": null, "pais": "COLOMBIA", "dane_dep": 76, "departamen": "VALLE DEL CAUCA", "dane_mpio": 76001, "municipio": "CALI", "cod_comuna": 3.0, "comuna": "Comuna 3", "cod_barrio": 309.0, "nom_barrio": "San Pascual", "direccion": "76001 CARRERA 13, SAN PASCUAL, COMUNA 3, CALI, VALLE DEL CAUCA", "sitio": "TRANSPORTE MASIVO", "x": -76.527801513669999, "y": 3.4446399211899998, "anio": 2023, "mes": "febrero", "dia": 10, "dia_semana": 6, "hora_hecho": "09:30", "barrio": "SAN PASCUAL", "estrato": 1, "geom": "0101000020E610000000000080C72153C0000000609F8E0B40", "fecha_hech": "2023-02-10 00:00:00", "Id": 0, "area": 136572.15568900001 }, "geometry": { "type": "Point", "coordinates": [ -76.527801513669999, 3.44463992119 ] } },
{ "type": "Feature", "properties": { "dinamica": "HURTO", "titulo": "DELITOS CONTRA EL PATRIMONIO ECONOMICO", "capitulo": "DEL HURTO", "articulo": "HURTO CALIFICADO. ART. 240 C.P.", "grado_deli": "NINGUNO", "tipo_notic": "DENUNCIA", "caracteriz": "HURTO A PERSONAS", "modalidad": "COSQUILLEO", "modo": null, "motivo": null, "pais": "COLOMBIA", "dane_dep": 76, "departamen": "VALLE DEL CAUCA", "dane_mpio": 76001, "municipio": "CALI", "cod_comuna": 3.0, "comuna": "Comuna 3", "cod_barrio": 309.0, "nom_barrio": "San Pascual", "direccion": "76001 Policía Metropolitana, Calle 13A, San Pascual, Comuna 3, Cali, Valle del Cauca, COL,SAN PASCUAL", "sitio": "SIN INFORMACION", "x": -76.528160095209998, "y": 3.4442179202999998, "anio": 2023, "mes": "febrero", "dia": 10, "dia_semana": 6, "hora_hecho": "14:00", "barrio": "SAN PASCUAL", "estrato": 1, "geom": "0101000020E610000000000060CD2153C000000020C28D0B40", "fecha_hech": "2023-02-10 00:00:00", "Id": 0, "area": 136572.15568900001 }, "geometry": { "type": "Point", "coordinates": [ -76.528160095209998, 3.4442179203 ] } },
{ "type": "Feature", "properties": { "dinamica": "HURTO", "titulo": "DELITOS CONTRA EL PATRIMONIO ECONOMICO", "capitulo": "DEL HURTO", "articulo": "HURTO CALIFICADO. ART. 240 C.P.", "grado_deli": "NINGUNO", "tipo_notic": "DENUNCIA", "caracteriz": "HURTO A PERSONAS", "modalidad": "ATRACO", "modo": "ARMA BLANCA", "motivo": null, "pais": "COLOMBIA", "dane_dep": 76, "departamen": "VALLE DEL CAUCA", "dane_mpio": 76001, "municipio": "CALI", "cod_comuna": 3.0, "comuna": "Comuna 3", "cod_barrio": 307.0, "nom_barrio": "Santa Rosa", "direccion": "76001 Carrera 10 10 60, Santa Rosa, Comuna 3, Cali, Valle del Cauca, COL,SANTA ROSA", "sitio": "SIN INFORMACION", "x": -76.531967163090002, "y": 3.4470300674400001, "anio": 2023, "mes": "febrero", "dia": 11, "dia_semana": 7, "hora_hecho": "22:30", "barrio": "SANTA ROSA", "estrato": 3, "geom": "0101000020E6100000000000C00B2253C00000008084930B40", "fecha_hech": "2023-02-11 00:00:00", "Id": 0, "area": 136572.15568900001 }, "geometry": { "type": "Point", "coordinates": [ -76.531967163090002, 3.44703006744 ] } },
{ "type": "Feature", "properties": { "dinamica": "HURTO", "titulo": "DELITOS CONTRA EL PATRIMONIO ECONOMICO", "capitulo": "DEL HURTO", "articulo": "HURTO CALIFICADO. ART. 240 C.P.", "grado_deli": "NINGUNO", "tipo_notic": "DENUNCIA", "caracteriz": "HURTO DE MOTOCICLETAS", "modalidad": "ATRACO", "modo": "ARMA DE FUEGO", "motivo": null, "pais": "COLOMBIA", "dane_dep": 76, "departamen": "VALLE DEL CAUCA", "dane_mpio": 76001, "municipio": "CALI", "cod_comuna": 3.0, "comuna": "Comuna 3", "cod_barrio": 309.0, "nom_barrio": "San Pascual", "direccion": "76001 NO REPORTA CARRERA 15 CALLE 13 A", "sitio": "SIN INFORMACION", "x": -76.527534484859999, "y": 3.4428880214699999, "anio": 2023, "mes": "febrero", "dia": 14, "dia_semana": 3, "hora_hecho": "21:30", "barrio": null, "estrato": 1, "geom": "0101000020E610000000000020C32153C0000000E0088B0B40", "fecha_hech": "2023-02-14 00:00:00", "Id": 0, "area": 136572.15568900001 }, "geometry": { "type": "Point", "coordinates": [ -76.527534484859999, 3.44288802147 ] } },
{ "type": "Feature", "properties": { "dinamica": "HURTO", "titulo": "DELITOS CONTRA EL PATRIMONIO ECONOMICO", "capitulo": "DEL HURTO", "articulo": "HURTO CALIFICADO. ART. 240 C.P.", "grado_deli": "TENTATIVA", "tipo_notic": "DENUNCIA", "caracteriz": "HURTO DE MOTOCICLETAS", "modalidad": "ATRACO", "modo": "ARMA DE FUEGO", "motivo": null, "pais": "COLOMBIA", "dane_dep": 76, "departamen": "VALLE DEL CAUCA", "dane_mpio": 76001, "municipio": "CALI", "cod_comuna": 3.0, "comuna": "Comuna 3", "cod_barrio": 309.0, "nom_barrio": "San Pascual", "direccion": "76001 NO REPORTA CARRERA 15 CALLE 13 A", "sitio": "SIN INFORMACION", "x": -76.527534484859999, "y": 3.4428880214699999, "anio": 2023, "mes": "febrero", "dia": 14, "dia_semana": 3, "hora_hecho": "21:30", "barrio": null, "estrato": 1, "geom": "0101000020E610000000000020C32153C0000000E0088B0B40", "fecha_hech": "2023-02-14 00:00:00", "Id": 0, "area": 136572.15568900001 }, "geometry": { "type": "Point", "coordinates": [ -76.527534484859999, 3.44288802147 ] } },
{ "type": "Feature", "properties": { "dinamica": "HURTO", "titulo": "DELITOS CONTRA EL PATRIMONIO ECONOMICO", "capitulo": "DEL HURTO", "articulo": "HURTO. ART. 239 C.P.", "grado_deli": "NINGUNO", "tipo_notic": "DENUNCIA", "caracteriz": "HURTO A PERSONAS", "modalidad": "RAPONAZO", "modo": null, "motivo": null, "pais": "COLOMBIA", "dane_dep": 76, "departamen": "VALLE DEL CAUCA", "dane_mpio": 76001, "municipio": "CALI", "cod_comuna": 3.0, "comuna": "Comuna 3", "cod_barrio": 309.0, "nom_barrio": "San Pascual", "direccion": "76001 CALLE 15 12 12, SAN PASCUAL, COMUNA 3, CALI, VALLE DEL CAUCA", "sitio": "VIA PUBLICA", "x": -76.52685546875, "y": 3.4454720020299998, "anio": 2023, "mes": "febrero", "dia": 15, "dia_semana": 4, "hora_hecho": "02:30", "barrio": "SAN PASCUAL", "estrato": 1, "geom": "0101000020E610000000000000B82153C0000000A053900B40", "fecha_hech": "2023-02-15 00:00:00", "Id": 0, "area": 136572.15568900001 }, "geometry": { "type": "Point", "coordinates": [ -76.52685546875, 3.44547200203 ] } },
{ "type": "Feature", "properties": { "dinamica": "HURTO", "titulo": "DELITOS CONTRA EL PATRIMONIO ECONOMICO", "capitulo": "DEL HURTO", "articulo": "HURTO CALIFICADO. ART. 240 C.P.", "grado_deli": "NINGUNO", "tipo_notic": "DENUNCIA", "caracteriz": "HURTO A PERSONAS", "modalidad": "ATRACO", "modo": "ARMA DE FUEGO", "motivo": null, "pais": "COLOMBIA", "dane_dep": 76, "departamen": "VALLE DEL CAUCA", "dane_mpio": 76001, "municipio": "CALI", "cod_comuna": 3.0, "comuna": "Comuna 3", "cod_barrio": 306.0, "nom_barrio": "San Juan Bosco", "direccion": "76001", "sitio": "SIN INFORMACION", "x": -76.531883239750002, "y": 3.4426579475399999, "anio": 2023, "mes": "febrero", "dia": 16, "dia_semana": 5, "hora_hecho": "11:28", "barrio": null, "estrato": 3, "geom": "0101000020E6100000000000600A2253C000000040908A0B40", "fecha_hech": "2023-02-16 00:00:00", "Id": 0, "area": 136572.15568900001 }, "geometry": { "type": "Point", "coordinates": [ -76.531883239750002, 3.44265794754 ] } },
{ "type": "Feature", "properties": { "dinamica": "HURTO", "titulo": "DELITOS CONTRA EL PATRIMONIO ECONOMICO", "capitulo": "DEL HURTO", "articulo": "HURTO CALIFICADO. ART. 240 C.P.", "grado_deli": "NINGUNO", "tipo_notic": "DENUNCIA", "caracteriz": "HURTO A PERSONAS", "modalidad": "ATRACO", "modo": "ARMA DE FUEGO", "motivo": null, "pais": "COLOMBIA", "dane_dep": 76, "departamen": "VALLE DEL CAUCA", "dane_mpio": 76001, "municipio": "CALI", "cod_comuna": 3.0, "comuna": "Comuna 3", "cod_barrio": 310.0, "nom_barrio": "El Calvario", "direccion": "76001 CALLE 15 11, EL CALVARIO, COMUNA 3, CALI, VALLE DEL CAUCA", "sitio": "VIA PUBLICA", "x": -76.527252197270002, "y": 3.4468550682100001, "anio": 2023, "mes": "febrero", "dia": 17, "dia_semana": 6, "hora_hecho": "07:30", "barrio": "EL CALVARIO", "estrato": 3, "geom": "0101000020E610000000000080BE2153C0000000C028930B40", "fecha_hech": "2023-02-17 00:00:00", "Id": 0, "area": 136572.15568900001 }, "geometry": { "type": "Point", "coordinates": [ -76.527252197270002, 3.44685506821 ] } },
{ "type": "Feature", "properties": { "dinamica": "HURTO", "titulo": "DELITOS CONTRA EL PATRIMONIO ECONOMICO", "capitulo": "DEL HURTO", "articulo": "HURTO CALIFICADO. ART. 240 C.P.", "grado_deli": "NINGUNO", "tipo_notic": "DENUNCIA", "caracteriz": "HURTO A PERSONAS", "modalidad": "ATRACO", "modo": "ARMA DE FUEGO", "motivo": null, "pais": "COLOMBIA", "dane_dep": 76, "departamen": "VALLE DEL CAUCA", "dane_mpio": 76001, "municipio": "CALI", "cod_comuna": 3.0, "comuna": "Comuna 3", "cod_barrio": 309.0, "nom_barrio": "San Pascual", "direccion": "76001 CARRERA 13 13, SAN PASCUAL, COMUNA 3, CALI, VALLE DEL CAUCA", "sitio": "VIA PUBLICA", "x": -76.52855682373, "y": 3.4445750713300001, "anio": 2023, "mes": "febrero", "dia": 17, "dia_semana": 6, "hora_hecho": "19:30", "barrio": "SAN PASCUAL", "estrato": 1, "geom": "0101000020E6100000000000E0D32153C0000000607D8E0B40", "fecha_hech": "2023-02-17 00:00:00", "Id": 0, "area": 136572.15568900001 }, "geometry": { "type": "Point", "coordinates": [ -76.52855682373, 3.44457507133 ] } },
{ "type": "Feature", "properties": { "dinamica": "HURTO", "titulo": "DELITOS CONTRA EL PATRIMONIO ECONOMICO", "capitulo": "DEL HURTO", "articulo": "HURTO CALIFICADO. ART. 240 C.P.", "grado_deli": "NINGUNO", "tipo_notic": "DENUNCIA", "caracteriz": "HURTO DE BICICLETAS", "modalidad": "ATRACO", "modo": "ARMA BLANCA", "motivo": null, "pais": "COLOMBIA", "dane_dep": 76, "departamen": "VALLE DEL CAUCA", "dane_mpio": 76001, "municipio": "CALI", "cod_comuna": 3.0, "comuna": "Comuna 3", "cod_barrio": 309.0, "nom_barrio": "San Pascual", "direccion": "76001 CARRERA 13A, SAN PASCUAL, COMUNA 3, CALI, VALLE DEL CAUCA", "sitio": "OTRO", "x": -76.527458190920001, "y": 3.4438500404400001, "anio": 2023, "mes": "febrero", "dia": 18, "dia_semana": 7, "hora_hecho": "00:30", "barrio": "SAN PASCUAL", "estrato": 1, "geom": "0101000020E6100000000000E0C12153C000000040018D0B40", "fecha_hech": "2023-02-18 00:00:00", "Id": 0, "area": 136572.15568900001 }, "geometry": { "type": "Point", "coordinates": [ -76.527458190920001, 3.44385004044 ] } },
{ "type": "Feature", "properties": { "dinamica": "HURTO", "titulo": "DELITOS CONTRA EL PATRIMONIO ECONOMICO", "capitulo": "DEL HURTO", "articulo": "HURTO CALIFICADO. ART. 240 C.P.", "grado_deli": "NINGUNO", "tipo_notic": "DENUNCIA", "caracteriz": "HURTO A PERSONAS", "modalidad": "ATRACO", "modo": "ARMA BLANCA", "motivo": null, "pais": "COLOMBIA", "dane_dep": 76, "departamen": "VALLE DEL CAUCA", "dane_mpio": 76001, "municipio": "CALI", "cod_comuna": 3.0, "comuna": "Comuna 3", "cod_barrio": 309.0, "nom_barrio": "San Pascual", "direccion": "76001 CALLE 12 14 15, SAN PASCUAL, COMUNA 3, CALI, VALLE DEL CAUCA", "sitio": "VIA PUBLICA", "x": -76.529724121089998, "y": 3.4433159828200002, "anio": 2023, "mes": "febrero", "dia": 18, "dia_semana": 7, "hora_hecho": "06:00", "barrio": "SAN PASCUAL", "estrato": 1, "geom": "0101000020E610000000000000E72153C000000040E98B0B40", "fecha_hech": "2023-02-18 00:00:00", "Id": 0, "area": 136572.15568900001 }, "geometry": { "type": "Point", "coordinates": [ -76.529724121089998, 3.44331598282 ] } },
{ "type": "Feature", "properties": { "dinamica": "HURTO", "titulo": "DELITOS CONTRA EL PATRIMONIO ECONOMICO", "capitulo": "DEL HURTO", "articulo": "HURTO CALIFICADO. ART. 240 C.P.", "grado_deli": "NINGUNO", "tipo_notic": "DENUNCIA", "caracteriz": "HURTO A ESTABLECIMIENTOS", "modalidad": "VIOLACION DE CERRADURA", "modo": null, "motivo": null, "pais": "COLOMBIA", "dane_dep": 76, "departamen": "VALLE DEL CAUCA", "dane_mpio": 76001, "municipio": "CALI", "cod_comuna": 3.0, "comuna": "Comuna 3", "cod_barrio": 309.0, "nom_barrio": "San Pascual", "direccion": "76001 Policía Metropolitana, Calle 13A, San Pascual, Comuna 3, Cali, Valle del Cauca, COL,SAN PASCUAL", "sitio": "SIN INFORMACION", "x": -76.528182983400001, "y": 3.4442489147200002, "anio": 2023, "mes": "febrero", "dia": 20, "dia_semana": 2, "hora_hecho": "06:00", "barrio": "SAN PASCUAL", "estrato": 1, "geom": "0101000020E6100000000000C0CD2153C000000060D28D0B40", "fecha_hech": "2023-02-20 00:00:00", "Id": 0, "area": 136572.15568900001 }, "geometry": { "type": "Point", "coordinates": [ -76.528182983400001, 3.44424891472 ] } },
{ "type": "Feature", "properties": { "dinamica": "HURTO", "titulo": "DELITOS CONTRA EL PATRIMONIO ECONOMICO", "capitulo": "DEL HURTO", "articulo": "HURTO CALIFICADO. ART. 240 C.P.", "grado_deli": "NINGUNO", "tipo_notic": "DENUNCIA", "caracteriz": "HURTO A PERSONAS", "modalidad": "ATRACO", "modo": "ARMA BLANCA", "motivo": null, "pais": "COLOMBIA", "dane_dep": 76, "departamen": "VALLE DEL CAUCA", "dane_mpio": 76001, "municipio": "CALI", "cod_comuna": 3.0, "comuna": "Comuna 3", "cod_barrio": 310.0, "nom_barrio": "El Calvario", "direccion": "76001 Calle 15 con Carrera 10, El Calvario, Comuna 9, Cali, Valle del Cauca, COL,EL CALVARIO", "sitio": "SIN INFORMACION", "x": -76.52758026123, "y": 3.4478800296799998, "anio": 2023, "mes": "febrero", "dia": 20, "dia_semana": 2, "hora_hecho": "11:00", "barrio": "EL CALVARIO", "estrato": 3, "geom": "0101000020E6100000000000E0C32153C00000002042950B40", "fecha_hech": "2023-02-20 00:00:00", "Id": 0, "area": 136572.15568900001 }, "geometry": { "type": "Point", "coordinates": [ -76.52758026123, 3.44788002968 ] } },
{ "type": "Feature", "properties": { "dinamica": "HURTO", "titulo": "DELITOS CONTRA EL PATRIMONIO ECONOMICO", "capitulo": "DEL HURTO", "articulo": "HURTO CALIFICADO. ART. 240 C.P.", "grado_deli": "NINGUNO", "tipo_notic": "DENUNCIA", "caracteriz": "HURTO A CELULARES", "modalidad": "ATRACO", "modo": "ARMA BLANCA", "motivo": "SIN DETERMINAR", "pais": "COLOMBIA", "dane_dep": 76, "departamen": "VALLE DEL CAUCA", "dane_mpio": 76001, "municipio": "CALI", "cod_comuna": 3.0, "comuna": "Comuna 3", "cod_barrio": 309.0, "nom_barrio": "San Pascual", "direccion": "76001 CARRERA 15 CON CALLE 13, GUAYAQUIL, COMUNA 9, CALI, VALLE DEL CAUCA", "sitio": "TRANSPORTE MASIVO", "x": -76.528747558589998, "y": 3.4427700042699998, "anio": 2023, "mes": "febrero", "dia": 22, "dia_semana": 4, "hora_hecho": "07:30", "barrio": "SAN PASCUAL", "estrato": 1, "geom": "0101000020E610000000000000D72153C000000000CB8A0B40", "fecha_hech": "2023-02-22 00:00:00", "Id": 0, "area": 136572.15568900001 }, "geometry": { "type": "Point", "coordinates": [ -76.528747558589998, 3.44277000427 ] } },
{ "type": "Feature", "properties": { "dinamica": "HURTO", "titulo": "DELITOS CONTRA EL PATRIMONIO ECONOMICO", "capitulo": "DEL HURTO", "articulo": "HURTO. ART. 239 C.P.", "grado_deli": "NINGUNO", "tipo_notic": "DENUNCIA", "caracteriz": "HURTO A PERSONAS", "modalidad": "COSQUILLEO", "modo": null, "motivo": null, "pais": "COLOMBIA", "dane_dep": 76, "departamen": "VALLE DEL CAUCA", "dane_mpio": 76001, "municipio": "CALI", "cod_comuna": 3.0, "comuna": "Comuna 3", "cod_barrio": 307.0, "nom_barrio": "Santa Rosa", "direccion": "76001 CARRERA 11, SANTA ROSA, COMUNA 3, CALI, VALLE DEL CAUCA", "sitio": "VIA PUBLICA", "x": -76.531867980960001, "y": 3.44621992111, "anio": 2023, "mes": "febrero", "dia": 22, "dia_semana": 4, "hora_hecho": "14:30", "barrio": "SANTA ROSA", "estrato": 3, "geom": "0101000020E6100000000000200A2253C0000000C0DB910B40", "fecha_hech": "2023-02-22 00:00:00", "Id": 0, "area": 136572.15568900001 }, "geometry": { "type": "Point", "coordinates": [ -76.531867980960001, 3.44621992111 ] } },
{ "type": "Feature", "properties": { "dinamica": "HURTO", "titulo": "DELITOS CONTRA EL PATRIMONIO ECONOMICO", "capitulo": "DEL HURTO", "articulo": "HURTO. ART. 239 C.P.", "grado_deli": "NINGUNO", "tipo_notic": "DENUNCIA", "caracteriz": "HURTO A CELULARES", "modalidad": "ATRACO", "modo": "ARMA BLANCA", "motivo": "SIN DETERMINAR", "pais": "COLOMBIA", "dane_dep": 76, "departamen": "VALLE DEL CAUCA", "dane_mpio": 76001, "municipio": "CALI", "cod_comuna": 3.0, "comuna": "Comuna 3", "cod_barrio": 309.0, "nom_barrio": "San Pascual", "direccion": "76001 AVENIDA CIUDADES CONFEDERADAS 14 148", "sitio": "VIA PUBLICA", "x": -76.526191711430002, "y": 3.4427840709700002, "anio": 2023, "mes": "febrero", "dia": 22, "dia_semana": 4, "hora_hecho": "21:00", "barrio": "SAN PASCUAL", "estrato": 1, "geom": "0101000020E610000000000020AD2153C000000060D28A0B40", "fecha_hech": "2023-02-22 00:00:00", "Id": 0, "area": 136572.15568900001 }, "geometry": { "type": "Point", "coordinates": [ -76.526191711430002, 3.44278407097 ] } },
{ "type": "Feature", "properties": { "dinamica": "HURTO", "titulo": "DELITOS CONTRA EL PATRIMONIO ECONOMICO", "capitulo": "DEL HURTO", "articulo": "HURTO. ART. 239 C.P.", "grado_deli": "AGRAVADO", "tipo_notic": "ACTOS URGENTES", "caracteriz": "HURTO A CELULARES", "modalidad": "RAPONAZO", "modo": null, "motivo": "IBA CHATEANDO", "pais": "COLOMBIA", "dane_dep": 76, "departamen": "VALLE DEL CAUCA", "dane_mpio": 76001, "municipio": "CALI", "cod_comuna": 3.0, "comuna": "Comuna 3", "cod_barrio": 309.0, "nom_barrio": "San Pascual", "direccion": "76001 CALLE 13 CON CARRERA 13, SAN PASCUAL, COMUNA 3, CALI, VALLE DEL CAUCA", "sitio": "DOMICILIO", "x": -76.529098510739999, "y": 3.4445300102199998, "anio": 2023, "mes": "febrero", "dia": 23, "dia_semana": 5, "hora_hecho": "10:25", "barrio": "SAN PASCUAL", "estrato": 1, "geom": "0101000020E6100000000000C0DC2153C0000000C0658E0B40", "fecha_hech": "2023-02-23 00:00:00", "Id": 0, "area": 136572.15568900001 }, "geometry": { "type": "Point", "coordinates": [ -76.529098510739999, 3.44453001022 ] } },
{ "type": "Feature", "properties": { "dinamica": "HURTO", "titulo": "DELITOS CONTRA EL PATRIMONIO ECONOMICO", "capitulo": "DEL HURTO", "articulo": "HURTO. ART. 239 C.P.", "grado_deli": "AGRAVADO", "tipo_notic": "DENUNCIA", "caracteriz": "HURTO A CELULARES", "modalidad": "COSQUILLEO", "modo": null, "motivo": null, "pais": "COLOMBIA", "dane_dep": 76, "departamen": "VALLE DEL CAUCA", "dane_mpio": 76001, "municipio": "CALI", "cod_comuna": 3.0, "comuna": "Comuna 3", "cod_barrio": 309.0, "nom_barrio": "San Pascual", "direccion": "76001 KR 15 CON CL 13 A CARRERA 15 CALLE 13 A", "sitio": "SIN INFORMACION", "x": -76.527503967290002, "y": 3.442704916, "anio": 2023, "mes": "febrero", "dia": 24, "dia_semana": 6, "hora_hecho": "19:00", "barrio": null, "estrato": 1, "geom": "0101000020E6100000000000A0C22153C0000000E0A88A0B40", "fecha_hech": "2023-02-24 00:00:00", "Id": 0, "area": 136572.15568900001 }, "geometry": { "type": "Point", "coordinates": [ -76.527503967290002, 3.442704916 ] } },
{ "type": "Feature", "properties": { "dinamica": "HURTO", "titulo": "DELITOS CONTRA EL PATRIMONIO ECONOMICO", "capitulo": "DEL HURTO", "articulo": "HURTO. ART. 239 C.P.", "grado_deli": "NINGUNO", "tipo_notic": "DENUNCIA", "caracteriz": "HURTO A PERSONAS", "modalidad": "FACTOR DE OPORTUNIDAD", "modo": null, "motivo": null, "pais": "COLOMBIA", "dane_dep": 76, "departamen": "VALLE DEL CAUCA", "dane_mpio": 76001, "municipio": "CALI", "cod_comuna": 3.0, "comuna": "Comuna 3", "cod_barrio": 309.0, "nom_barrio": "San Pascual", "direccion": "76001 CALLE 14 13, SAN PASCUAL, COMUNA 3, CALI, VALLE DEL CAUCA", "sitio": "LUGAR DE TRABAJO", "x": -76.527267456049998, "y": 3.44431495667, "anio": 2023, "mes": "febrero", "dia": 26, "dia_semana": 1, "hora_hecho": "06:30", "barrio": "SAN PASCUAL", "estrato": 1, "geom": "0101000020E6100000000000C0BE2153C000000000F58D0B40", "fecha_hech": "2023-02-26 00:00:00", "Id": 0, "area": 136572.15568900001 }, "geometry": { "type": "Point", "coordinates": [ -76.527267456049998, 3.44431495667 ] } },
{ "type": "Feature", "properties": { "dinamica": "HURTO", "titulo": "DELITOS CONTRA EL PATRIMONIO ECONOMICO", "capitulo": "DEL HURTO", "articulo": "HURTO CALIFICADO. ART. 240 C.P.", "grado_deli": "NINGUNO", "tipo_notic": "DENUNCIA", "caracteriz": "HURTO A CELULARES", "modalidad": "ATRACO", "modo": "ARMA BLANCA", "motivo": "SIN DETERMINAR", "pais": "COLOMBIA", "dane_dep": 76, "departamen": "VALLE DEL CAUCA", "dane_mpio": 76001, "municipio": "CALI", "cod_comuna": 3.0, "comuna": "Comuna 3", "cod_barrio": 310.0, "nom_barrio": "El Calvario", "direccion": "76001 Calle 13 10, El Calvario, Comuna 3, Cali, Valle del Cauca, COL,EL CALVARIO", "sitio": "SIN INFORMACION", "x": -76.529792785639998, "y": 3.4472250938400002, "anio": 2023, "mes": "marzo", "dia": 1, "dia_semana": 4, "hora_hecho": "16:30", "barrio": "EL CALVARIO", "estrato": 3, "geom": "0101000020E610000000000020E82153C0000000C0EA930B40", "fecha_hech": "2023-03-01 00:00:00", "Id": 0, "area": 136572.15568900001 }, "geometry": { "type": "Point", "coordinates": [ -76.529792785639998, 3.44722509384 ] } },
{ "type": "Feature", "properties": { "dinamica": "HURTO", "titulo": "DELITOS CONTRA EL PATRIMONIO ECONOMICO", "capitulo": "DEL HURTO", "articulo": "HURTO CALIFICADO. ART. 240 C.P.", "grado_deli": "NINGUNO", "tipo_notic": "DENUNCIA", "caracteriz": "HURTO A PERSONAS", "modalidad": "ATRACO", "modo": "ARMA DE FUEGO", "motivo": null, "pais": "COLOMBIA", "dane_dep": 76, "departamen": "VALLE DEL CAUCA", "dane_mpio": 76001, "municipio": "CALI", "cod_comuna": 3.0, "comuna": "Comuna 3", "cod_barrio": 309.0, "nom_barrio": "San Pascual", "direccion": "76001 Calle 13A 14 60, San Pascual, Comuna 3, Cali, Valle del Cauca, COL,SAN PASCUAL", "sitio": "SIN INFORMACION", "x": -76.52823638916, "y": 3.44334411621, "anio": 2023, "mes": "marzo", "dia": 2, "dia_semana": 5, "hora_hecho": "18:20", "barrio": "SAN PASCUAL", "estrato": 1, "geom": "0101000020E6100000000000A0CE2153C000000000F88B0B40", "fecha_hech": "2023-03-02 00:00:00", "Id": 0, "area": 136572.15568900001 }, "geometry": { "type": "Point", "coordinates": [ -76.52823638916, 3.44334411621 ] } },
{ "type": "Feature", "properties": { "dinamica": "HURTO", "titulo": "DELITOS CONTRA EL PATRIMONIO ECONOMICO", "capitulo": "DEL HURTO", "articulo": "HURTO CALIFICADO. ART. 240 C.P.", "grado_deli": "AGRAVADO", "tipo_notic": "DENUNCIA", "caracteriz": "HURTO A PERSONAS", "modalidad": "FACTOR DE OPORTUNIDAD", "modo": null, "motivo": null, "pais": "COLOMBIA", "dane_dep": 76, "departamen": "VALLE DEL CAUCA", "dane_mpio": 76001, "municipio": "CALI", "cod_comuna": 3.0, "comuna": "Comuna 3", "cod_barrio": 309.0, "nom_barrio": "San Pascual", "direccion": "76001 CARRERA 12A, SAN PASCUAL, COMUNA 3, CALI, VALLE DEL CAUCA", "sitio": "VIA PUBLICA", "x": -76.527229309079999, "y": 3.44531989098, "anio": 2023, "mes": "marzo", "dia": 3, "dia_semana": 6, "hora_hecho": "13:30", "barrio": "SAN PASCUAL", "estrato": 1, "geom": "0101000020E610000000000020BE2153C0000000E003900B40", "fecha_hech": "2023-03-03 00:00:00", "Id": 0, "area": 136572.15568900001 }, "geometry": { "type": "Point", "coordinates": [ -76.527229309079999, 3.44531989098 ] } },
{ "type": "Feature", "properties": { "dinamica": "HURTO", "titulo": "DELITOS CONTRA EL PATRIMONIO ECONOMICO", "capitulo": "DEL HURTO", "articulo": "HURTO. ART. 239 C.P.", "grado_deli": "NINGUNO", "tipo_notic": "DENUNCIA", "caracteriz": "HURTO A ESTABLECIMIENTOS", "modalidad": "FACTOR DE OPORTUNIDAD", "modo": null, "motivo": null, "pais": "COLOMBIA", "dane_dep": 76, "departamen": "VALLE DEL CAUCA", "dane_mpio": 76001, "municipio": "CALI", "cod_comuna": 3.0, "comuna": "Comuna 3", "cod_barrio": 309.0, "nom_barrio": "San Pascual", "direccion": "76001 Carrera 14 12 53, San Pascual, Comuna 3, Cali, Valle del Cauca, COL,SAN PASCUAL", "sitio": "SIN INFORMACION", "x": -76.528846740719999, "y": 3.4438529014600001, "anio": 2023, "mes": "marzo", "dia": 5, "dia_semana": 1, "hora_hecho": "15:00", "barrio": "SAN PASCUAL", "estrato": 1, "geom": "0101000020E6100000000000A0D82153C0000000C0028D0B40", "fecha_hech": "2023-03-05 00:00:00", "Id": 0, "area": 136572.15568900001 }, "geometry": { "type": "Point", "coordinates": [ -76.528846740719999, 3.44385290146 ] } },
{ "type": "Feature", "properties": { "dinamica": "HURTO", "titulo": "DELITOS CONTRA EL PATRIMONIO ECONOMICO", "capitulo": "DEL HURTO", "articulo": "HURTO. ART. 239 C.P.", "grado_deli": "NINGUNO", "tipo_notic": "DENUNCIA", "caracteriz": "HURTO A CELULARES", "modalidad": "COSQUILLEO", "modo": null, "motivo": null, "pais": "COLOMBIA", "dane_dep": 76, "departamen": "VALLE DEL CAUCA", "dane_mpio": 76001, "municipio": "CALI", "cod_comuna": 3.0, "comuna": "Comuna 3", "cod_barrio": 309.0, "nom_barrio": "San Pascual", "direccion": "76001 CARRERA 14 CON CALLE 13, SAN PASCUAL, COMUNA 3, CALI, VALLE DEL CAUCA", "sitio": "TRANSPORTE MASIVO", "x": -76.528839111330001, "y": 3.4434299468999998, "anio": 2023, "mes": "marzo", "dia": 10, "dia_semana": 6, "hora_hecho": "06:30", "barrio": "SAN PASCUAL", "estrato": 1, "geom": "0101000020E610000000000080D82153C000000000258C0B40", "fecha_hech": "2023-03-10 00:00:00", "Id": 0, "area": 136572.15568900001 }, "geometry": { "type": "Point", "coordinates": [ -76.528839111330001, 3.4434299469 ] } },
{ "type": "Feature", "properties": { "dinamica": "HURTO", "titulo": "DELITOS CONTRA EL PATRIMONIO ECONOMICO", "capitulo": "DEL HURTO", "articulo": "HURTO. ART. 239 C.P.", "grado_deli": "NINGUNO", "tipo_notic": "DENUNCIA", "caracteriz": "HURTO A PERSONAS", "modalidad": "COSQUILLEO", "modo": null, "motivo": null, "pais": "COLOMBIA", "dane_dep": 76, "departamen": "VALLE DEL CAUCA", "dane_mpio": 76001, "municipio": "CALI", "cod_comuna": 3.0, "comuna": "Comuna 3", "cod_barrio": 306.0, "nom_barrio": "San Juan Bosco", "direccion": "76001 CL 10 CON CON KR 15 CALLE 10 CON CARRERA 15", "sitio": "SIN INFORMACION", "x": -76.531951904300001, "y": 3.4426169395400001, "anio": 2023, "mes": "marzo", "dia": 10, "dia_semana": 6, "hora_hecho": "09:00", "barrio": null, "estrato": 3, "geom": "0101000020E6100000000000800B2253C0000000C07A8A0B40", "fecha_hech": "2023-03-10 00:00:00", "Id": 0, "area": 136572.15568900001 }, "geometry": { "type": "Point", "coordinates": [ -76.531951904300001, 3.44261693954 ] } },
{ "type": "Feature", "properties": { "dinamica": "HURTO", "titulo": "DELITOS CONTRA EL PATRIMONIO ECONOMICO", "capitulo": "DEL HURTO", "articulo": "HURTO. ART. 239 C.P.", "grado_deli": "NINGUNO", "tipo_notic": "DENUNCIA", "caracteriz": "HURTO A CELULARES", "modalidad": "COSQUILLEO", "modo": null, "motivo": null, "pais": "COLOMBIA", "dane_dep": 76, "departamen": "VALLE DEL CAUCA", "dane_mpio": 76001, "municipio": "CALI", "cod_comuna": 3.0, "comuna": "Comuna 3", "cod_barrio": 309.0, "nom_barrio": "San Pascual", "direccion": "76001 KR 14 CL 14-18 CARRERA 14 #14-18", "sitio": "SIN INFORMACION", "x": -76.526748657230002, "y": 3.4433679580700001, "anio": 2023, "mes": "marzo", "dia": 10, "dia_semana": 6, "hora_hecho": "16:30", "barrio": null, "estrato": 1, "geom": "0101000020E610000000000040B62153C000000080048C0B40", "fecha_hech": "2023-03-10 00:00:00", "Id": 0, "area": 136572.15568900001 }, "geometry": { "type": "Point", "coordinates": [ -76.526748657230002, 3.44336795807 ] } },
{ "type": "Feature", "properties": { "dinamica": "HURTO", "titulo": "DELITOS CONTRA EL PATRIMONIO ECONOMICO", "capitulo": "DEL HURTO", "articulo": "HURTO CALIFICADO. ART. 240 C.P.", "grado_deli": "NINGUNO", "tipo_notic": "DENUNCIA", "caracteriz": "HURTO A CELULARES", "modalidad": "ATRACO", "modo": "ARMA BLANCA", "motivo": "SIN DETERMINAR", "pais": "COLOMBIA", "dane_dep": 76, "departamen": "VALLE DEL CAUCA", "dane_mpio": 76001, "municipio": "CALI", "cod_comuna": 3.0, "comuna": "Comuna 3", "cod_barrio": 309.0, "nom_barrio": "San Pascual", "direccion": "76001 CL 15 CON CON KR 13 CALLE 15 CARRERA 13", "sitio": "SIN INFORMACION", "x": -76.526412963870001, "y": 3.44389295578, "anio": 2023, "mes": "marzo", "dia": 11, "dia_semana": 7, "hora_hecho": "06:30", "barrio": null, "estrato": 1, "geom": "0101000020E6100000000000C0B02153C0000000C0178D0B40", "fecha_hech": "2023-03-11 00:00:00", "Id": 0, "area": 136572.15568900001 }, "geometry": { "type": "Point", "coordinates": [ -76.526412963870001, 3.44389295578 ] } },
{ "type": "Feature", "properties": { "dinamica": "HURTO", "titulo": "DELITOS CONTRA EL PATRIMONIO ECONOMICO", "capitulo": "DEL HURTO", "articulo": "HURTO CALIFICADO. ART. 240 C.P.", "grado_deli": "NINGUNO", "tipo_notic": "DENUNCIA", "caracteriz": "HURTO A CELULARES", "modalidad": "ATRACO", "modo": "ARMA DE FUEGO", "motivo": "SIN DETERMINAR", "pais": "COLOMBIA", "dane_dep": 76, "departamen": "VALLE DEL CAUCA", "dane_mpio": 76001, "municipio": "CALI", "cod_comuna": 3.0, "comuna": "Comuna 3", "cod_barrio": 309.0, "nom_barrio": "San Pascual", "direccion": "76001 CALLE 13 13 77", "sitio": "TRANSPORTE MASIVO", "x": -76.529014587399999, "y": 3.4442338943499999, "anio": 2023, "mes": "marzo", "dia": 11, "dia_semana": 7, "hora_hecho": "23:00", "barrio": "SAN PASCUAL", "estrato": 1, "geom": "0101000020E610000000000060DB2153C000000080CA8D0B40", "fecha_hech": "2023-03-11 00:00:00", "Id": 0, "area": 136572.15568900001 }, "geometry": { "type": "Point", "coordinates": [ -76.529014587399999, 3.44423389435 ] } },
{ "type": "Feature", "properties": { "dinamica": "HURTO", "titulo": "DELITOS CONTRA EL PATRIMONIO ECONOMICO", "capitulo": "DEL HURTO", "articulo": "HURTO. ART. 239 C.P.", "grado_deli": "NINGUNO", "tipo_notic": "DENUNCIA", "caracteriz": "HURTO A PERSONAS", "modalidad": "RAPONAZO", "modo": null, "motivo": null, "pais": "COLOMBIA", "dane_dep": 76, "departamen": "VALLE DEL CAUCA", "dane_mpio": 76001, "municipio": "CALI", "cod_comuna": 3.0, "comuna": "Comuna 3", "cod_barrio": 309.0, "nom_barrio": "San Pascual", "direccion": "76001 BARRIO/LOCALIDAD/COMUNA:SAN PASCUAL/COMUNA 3,CALI/VALLE DEL CAUCA,SAN PASCUAL", "sitio": "SIN INFORMACION", "x": -76.528953552250002, "y": 3.4440610408799999, "anio": 2023, "mes": "marzo", "dia": 13, "dia_semana": 2, "hora_hecho": "02:30", "barrio": "SAN PASCUAL", "estrato": 1, "geom": "0101000020E610000000000060DA2153C0000000E06F8D0B40", "fecha_hech": "2023-03-13 00:00:00", "Id": 0, "area": 136572.15568900001 }, "geometry": { "type": "Point", "coordinates": [ -76.528953552250002, 3.44406104088 ] } },
{ "type": "Feature", "properties": { "dinamica": "HURTO", "titulo": "DELITOS CONTRA EL PATRIMONIO ECONOMICO", "capitulo": "DEL HURTO", "articulo": "HURTO. ART. 239 C.P.", "grado_deli": "NINGUNO", "tipo_notic": "DENUNCIA", "caracteriz": "HURTO A CELULARES", "modalidad": "COSQUILLEO", "modo": null, "motivo": null, "pais": "COLOMBIA", "dane_dep": 76, "departamen": "VALLE DEL CAUCA", "dane_mpio": 76001, "municipio": "CALI", "cod_comuna": 3.0, "comuna": "Comuna 3", "cod_barrio": 309.0, "nom_barrio": "San Pascual", "direccion": "76001 KR 14 CON CL 13 CARRERA 14 CON CALLE 13", "sitio": "SIN INFORMACION", "x": -76.528678894039999, "y": 3.4433739185299999, "anio": 2023, "mes": "marzo", "dia": 13, "dia_semana": 2, "hora_hecho": "07:30", "barrio": null, "estrato": 1, "geom": "0101000020E6100000000000E0D52153C0000000A0078C0B40", "fecha_hech": "2023-03-13 00:00:00", "Id": 0, "area": 136572.15568900001 }, "geometry": { "type": "Point", "coordinates": [ -76.528678894039999, 3.44337391853 ] } },
{ "type": "Feature", "properties": { "dinamica": "HURTO", "titulo": "DELITOS CONTRA EL PATRIMONIO ECONOMICO", "capitulo": "DEL HURTO", "articulo": "HURTO CALIFICADO. ART. 240 C.P.", "grado_deli": "AGRAVADO", "tipo_notic": "DENUNCIA", "caracteriz": "HURTO A PERSONAS", "modalidad": "ATRACO", "modo": "ARMA DE FUEGO", "motivo": null, "pais": "COLOMBIA", "dane_dep": 76, "departamen": "VALLE DEL CAUCA", "dane_mpio": 76001, "municipio": "CALI", "cod_comuna": 3.0, "comuna": "Comuna 3", "cod_barrio": 310.0, "nom_barrio": "El Calvario", "direccion": "76001 Calle 13 10, El Calvario, Comuna 3, Cali, Valle del Cauca, COL,EL CALVARIO", "sitio": "SIN INFORMACION", "x": -76.529792785639998, "y": 3.4472250938400002, "anio": 2023, "mes": "marzo", "dia": 15, "dia_semana": 4, "hora_hecho": "19:30", "barrio": "EL CALVARIO", "estrato": 3, "geom": "0101000020E610000000000020E82153C0000000C0EA930B40", "fecha_hech": "2023-03-15 00:00:00", "Id": 0, "area": 136572.15568900001 }, "geometry": { "type": "Point", "coordinates": [ -76.529792785639998, 3.44722509384 ] } },
{ "type": "Feature", "properties": { "dinamica": "HURTO", "titulo": "DELITOS CONTRA EL PATRIMONIO ECONOMICO", "capitulo": "DEL HURTO", "articulo": "HURTO CALIFICADO. ART. 240 C.P.", "grado_deli": "NINGUNO", "tipo_notic": "DENUNCIA", "caracteriz": "HURTO A PERSONAS", "modalidad": "ATRACO", "modo": "ARMA DE FUEGO", "motivo": null, "pais": "COLOMBIA", "dane_dep": 76, "departamen": "VALLE DEL CAUCA", "dane_mpio": 76001, "municipio": "CALI", "cod_comuna": 3.0, "comuna": "Comuna 3", "cod_barrio": 310.0, "nom_barrio": "El Calvario", "direccion": "76001 CARRERA 12 14 107", "sitio": "VIA PUBLICA", "x": -76.527229309079999, "y": 3.4459109306300002, "anio": 2023, "mes": "marzo", "dia": 15, "dia_semana": 4, "hora_hecho": "22:00", "barrio": "EL CALVARIO", "estrato": 3, "geom": "0101000020E610000000000020BE2153C0000000C039910B40", "fecha_hech": "2023-03-15 00:00:00", "Id": 0, "area": 136572.15568900001 }, "geometry": { "type": "Point", "coordinates": [ -76.527229309079999, 3.44591093063 ] } },
{ "type": "Feature", "properties": { "dinamica": "HURTO", "titulo": "DELITOS CONTRA EL PATRIMONIO ECONOMICO", "capitulo": "DEL HURTO", "articulo": "HURTO. ART. 239 C.P.", "grado_deli": "NINGUNO", "tipo_notic": "DENUNCIA", "caracteriz": "HURTO A PERSONAS", "modalidad": "COSQUILLEO", "modo": null, "motivo": null, "pais": "COLOMBIA", "dane_dep": 76, "departamen": "VALLE DEL CAUCA", "dane_mpio": 76001, "municipio": "CALI", "cod_comuna": 3.0, "comuna": "Comuna 3", "cod_barrio": 307.0, "nom_barrio": "Santa Rosa", "direccion": "76001 CALLE 11 11 3, SANTA ROSA, COMUNA 3, CALI, VALLE DEL CAUCA", "sitio": "VIA PUBLICA", "x": -76.531105041499998, "y": 3.4454898834200001, "anio": 2023, "mes": "marzo", "dia": 17, "dia_semana": 6, "hora_hecho": "09:00", "barrio": "SANTA ROSA", "estrato": 3, "geom": "0101000020E6100000000000A0FD2153C0000000005D900B40", "fecha_hech": "2023-03-17 00:00:00", "Id": 0, "area": 136572.15568900001 }, "geometry": { "type": "Point", "coordinates": [ -76.531105041499998, 3.44548988342 ] } },
{ "type": "Feature", "properties": { "dinamica": "HURTO", "titulo": "DELITOS CONTRA EL PATRIMONIO ECONOMICO", "capitulo": "DEL HURTO", "articulo": "HURTO CALIFICADO. ART. 240 C.P.", "grado_deli": "NINGUNO", "tipo_notic": "DENUNCIA", "caracteriz": "HURTO DE MOTOCICLETAS", "modalidad": "FACTOR DE OPORTUNIDAD", "modo": null, "motivo": null, "pais": "COLOMBIA", "dane_dep": 76, "departamen": "VALLE DEL CAUCA", "dane_mpio": 76001, "municipio": "CALI", "cod_comuna": 3.0, "comuna": "Comuna 3", "cod_barrio": 310.0, "nom_barrio": "El Calvario", "direccion": "76001 CARRERA 12 12 49, EL CALVARIO, COMUNA 3, CALI, VALLE DEL CAUCA", "sitio": "VIA PUBLICA", "x": -76.529945373540002, "y": 3.4456050396000002, "anio": 2023, "mes": "marzo", "dia": 19, "dia_semana": 1, "hora_hecho": "04:30", "barrio": "EL CALVARIO", "estrato": 3, "geom": "0101000020E6100000000000A0EA2153C00000006099900B40", "fecha_hech": "2023-03-19 00:00:00", "Id": 0, "area": 136572.15568900001 }, "geometry": { "type": "Point", "coordinates": [ -76.529945373540002, 3.4456050396 ] } },
{ "type": "Feature", "properties": { "dinamica": "HURTO", "titulo": "DELITOS CONTRA EL PATRIMONIO ECONOMICO", "capitulo": "DEL HURTO", "articulo": "HURTO CALIFICADO. ART. 240 C.P.", "grado_deli": "NINGUNO", "tipo_notic": "DENUNCIA", "caracteriz": "HURTO A PERSONAS", "modalidad": "ATRACO", "modo": "ARMA BLANCA", "motivo": null, "pais": "COLOMBIA", "dane_dep": 76, "departamen": "VALLE DEL CAUCA", "dane_mpio": 76001, "municipio": "CALI", "cod_comuna": 3.0, "comuna": "Comuna 3", "cod_barrio": 309.0, "nom_barrio": "San Pascual", "direccion": "76001 Carrera 15 12, San Pascual, Comuna 3, Cali, Valle del Cauca, COL,SAN PASCUAL", "sitio": "SIN INFORMACION", "x": -76.52936553955, "y": 3.4427449703200002, "anio": 2023, "mes": "marzo", "dia": 20, "dia_semana": 2, "hora_hecho": "02:30", "barrio": "SAN PASCUAL", "estrato": 1, "geom": "0101000020E610000000000020E12153C0000000E0BD8A0B40", "fecha_hech": "2023-03-20 00:00:00", "Id": 0, "area": 136572.15568900001 }, "geometry": { "type": "Point", "coordinates": [ -76.52936553955, 3.44274497032 ] } },
{ "type": "Feature", "properties": { "dinamica": "HURTO", "titulo": "DELITOS CONTRA EL PATRIMONIO ECONOMICO", "capitulo": "DEL HURTO", "articulo": "HURTO. ART. 239 C.P.", "grado_deli": "NINGUNO", "tipo_notic": "DENUNCIA", "caracteriz": "HURTO A PERSONAS", "modalidad": "FACTOR DE OPORTUNIDAD", "modo": null, "motivo": null, "pais": "COLOMBIA", "dane_dep": 76, "departamen": "VALLE DEL CAUCA", "dane_mpio": 76001, "municipio": "CALI", "cod_comuna": 3.0, "comuna": "Comuna 3", "cod_barrio": 309.0, "nom_barrio": "San Pascual", "direccion": "76001 CL 13 CON KR 13 A-41 CALLE 13 CARRERA  13 A 41", "sitio": "SIN INFORMACION", "x": -76.528846740719999, "y": 3.4439771175399998, "anio": 2023, "mes": "marzo", "dia": 20, "dia_semana": 2, "hora_hecho": "08:30", "barrio": null, "estrato": 1, "geom": "0101000020E6100000000000A0D82153C0000000E0438D0B40", "fecha_hech": "2023-03-20 00:00:00", "Id": 0, "area": 136572.15568900001 }, "geometry": { "type": "Point", "coordinates": [ -76.528846740719999, 3.44397711754 ] } },
{ "type": "Feature", "properties": { "dinamica": "HURTO", "titulo": "DELITOS CONTRA EL PATRIMONIO ECONOMICO", "capitulo": "DEL HURTO", "articulo": "HURTO CALIFICADO. ART. 240 C.P.", "grado_deli": "NINGUNO", "tipo_notic": "DENUNCIA", "caracteriz": "HURTO A CELULARES", "modalidad": "ATRACO", "modo": "ARMA BLANCA", "motivo": "SIN DETERMINAR", "pais": "COLOMBIA", "dane_dep": 76, "departamen": "VALLE DEL CAUCA", "dane_mpio": 76001, "municipio": "CALI", "cod_comuna": 3.0, "comuna": "Comuna 3", "cod_barrio": 309.0, "nom_barrio": "San Pascual", "direccion": "76001 CALLE 15 CON CARRERA 14, SAN PASCUAL, COMUNA 3, CALI, VALLE DEL CAUCA", "sitio": "ESTACION TRANSPORTE MASIVO", "x": -76.526237487789999, "y": 3.4433100223499999, "anio": 2023, "mes": "marzo", "dia": 20, "dia_semana": 2, "hora_hecho": "11:30", "barrio": "SAN PASCUAL", "estrato": 1, "geom": "0101000020E6100000000000E0AD2153C000000020E68B0B40", "fecha_hech": "2023-03-20 00:00:00", "Id": 0, "area": 136572.15568900001 }, "geometry": { "type": "Point", "coordinates": [ -76.526237487789999, 3.44331002235 ] } },
{ "type": "Feature", "properties": { "dinamica": "HURTO", "titulo": "DELITOS CONTRA EL PATRIMONIO ECONOMICO", "capitulo": "DEL HURTO", "articulo": "HURTO. ART. 239 C.P.", "grado_deli": "NINGUNO", "tipo_notic": "DENUNCIA", "caracteriz": "HURTO A PERSONAS", "modalidad": "COSQUILLEO", "modo": null, "motivo": null, "pais": "COLOMBIA", "dane_dep": 76, "departamen": "VALLE DEL CAUCA", "dane_mpio": 76001, "municipio": "CALI", "cod_comuna": 3.0, "comuna": "Comuna 3", "cod_barrio": 309.0, "nom_barrio": "San Pascual", "direccion": "76001 KR 15 CON CL 14 CARRERA 15 CON CALLE 14", "sitio": "SIN INFORMACION", "x": -76.526794433589998, "y": 3.4429171085400001, "anio": 2023, "mes": "marzo", "dia": 23, "dia_semana": 5, "hora_hecho": "18:30", "barrio": null, "estrato": 1, "geom": "0101000020E610000000000000B72153C000000020188B0B40", "fecha_hech": "2023-03-23 00:00:00", "Id": 0, "area": 136572.15568900001 }, "geometry": { "type": "Point", "coordinates": [ -76.526794433589998, 3.44291710854 ] } },
{ "type": "Feature", "properties": { "dinamica": "HURTO", "titulo": "DELITOS CONTRA EL PATRIMONIO ECONOMICO", "capitulo": "DEL HURTO", "articulo": "HURTO CALIFICADO. ART. 240 C.P.", "grado_deli": "NINGUNO", "tipo_notic": "DENUNCIA", "caracteriz": "HURTO A PERSONAS", "modalidad": "RAPONAZO", "modo": null, "motivo": null, "pais": "COLOMBIA", "dane_dep": 76, "departamen": "VALLE DEL CAUCA", "dane_mpio": 76001, "municipio": "CALI", "cod_comuna": 3.0, "comuna": "Comuna 3", "cod_barrio": 310.0, "nom_barrio": "El Calvario", "direccion": "76001 Calle 11, El Calvario, Comuna 3, Cali, Valle del Cauca, COL,EL CALVARIO", "sitio": "SIN INFORMACION", "x": -76.531173706049998, "y": 3.4461379051200001, "anio": 2023, "mes": "marzo", "dia": 25, "dia_semana": 7, "hora_hecho": "21:00", "barrio": "EL CALVARIO", "estrato": 3, "geom": "0101000020E6100000000000C0FE2153C0000000C0B0910B40", "fecha_hech": "2023-03-25 00:00:00", "Id": 0, "area": 136572.15568900001 }, "geometry": { "type": "Point", "coordinates": [ -76.531173706049998, 3.44613790512 ] } },
{ "type": "Feature", "properties": { "dinamica": "HURTO", "titulo": "DELITOS CONTRA EL PATRIMONIO ECONOMICO", "capitulo": "DEL HURTO", "articulo": "HURTO CALIFICADO. ART. 240 C.P.", "grado_deli": "NINGUNO", "tipo_notic": "DENUNCIA", "caracteriz": "HURTO A PERSONAS", "modalidad": "ATRACO", "modo": "ARMA BLANCA", "motivo": null, "pais": "COLOMBIA", "dane_dep": 76, "departamen": "VALLE DEL CAUCA", "dane_mpio": 76001, "municipio": "CALI", "cod_comuna": 3.0, "comuna": "Comuna 3", "cod_barrio": 306.0, "nom_barrio": "San Juan Bosco", "direccion": "76001 Carrera 13 11, San Juan Bosco, Comuna 3, Cali, Valle del Cauca, COL,SAN JUAN BOSCO", "sitio": "SIN INFORMACION", "x": -76.530387878420001, "y": 3.4444251060500002, "anio": 2023, "mes": "marzo", "dia": 26, "dia_semana": 1, "hora_hecho": "21:30", "barrio": "SAN JUAN BOSCO", "estrato": 3, "geom": "0101000020E6100000000000E0F12153C0000000C02E8E0B40", "fecha_hech": "2023-03-26 00:00:00", "Id": 0, "area": 136572.15568900001 }, "geometry": { "type": "Point", "coordinates": [ -76.530387878420001, 3.44442510605 ] } },
{ "type": "Feature", "properties": { "dinamica": "HURTO", "titulo": "DELITOS CONTRA EL PATRIMONIO ECONOMICO", "capitulo": "DEL HURTO", "articulo": "HURTO CALIFICADO. ART. 240 C.P.", "grado_deli": "NINGUNO", "tipo_notic": "DENUNCIA", "caracteriz": "HURTO A CELULARES", "modalidad": "COSQUILLEO", "modo": null, "motivo": null, "pais": "COLOMBIA", "dane_dep": 76, "departamen": "VALLE DEL CAUCA", "dane_mpio": 76001, "municipio": "CALI", "cod_comuna": 3.0, "comuna": "Comuna 3", "cod_barrio": 309.0, "nom_barrio": "San Pascual", "direccion": "76001 CALLE 13A 13A 148", "sitio": "VIA PUBLICA", "x": -76.527801513669999, "y": 3.4433789253199998, "anio": 2023, "mes": "marzo", "dia": 27, "dia_semana": 2, "hora_hecho": "04:30", "barrio": "SAN PASCUAL", "estrato": 1, "geom": "0101000020E610000000000080C72153C0000000400A8C0B40", "fecha_hech": "2023-03-27 00:00:00", "Id": 0, "area": 136572.15568900001 }, "geometry": { "type": "Point", "coordinates": [ -76.527801513669999, 3.44337892532 ] } },
{ "type": "Feature", "properties": { "dinamica": "HURTO", "titulo": "DELITOS CONTRA EL PATRIMONIO ECONOMICO", "capitulo": "DEL HURTO", "articulo": "HURTO. ART. 239 C.P.", "grado_deli": "NINGUNO", "tipo_notic": "DENUNCIA", "caracteriz": "HURTO A PERSONAS", "modalidad": "COSQUILLEO", "modo": null, "motivo": null, "pais": "COLOMBIA", "dane_dep": 76, "departamen": "VALLE DEL CAUCA", "dane_mpio": 76001, "municipio": "CALI", "cod_comuna": 3.0, "comuna": "Comuna 3", "cod_barrio": 309.0, "nom_barrio": "San Pascual", "direccion": "76001 CARRERA 14 13 44", "sitio": "TRANSPORTE MASIVO", "x": -76.528541564939999, "y": 3.4433770179700001, "anio": 2023, "mes": "marzo", "dia": 28, "dia_semana": 3, "hora_hecho": "04:00", "barrio": "SAN PASCUAL", "estrato": 1, "geom": "0101000020E6100000000000A0D32153C000000040098C0B40", "fecha_hech": "2023-03-28 00:00:00", "Id": 0, "area": 136572.15568900001 }, "geometry": { "type": "Point", "coordinates": [ -76.528541564939999, 3.44337701797 ] } },
{ "type": "Feature", "properties": { "dinamica": "HURTO", "titulo": "DELITOS CONTRA EL PATRIMONIO ECONOMICO", "capitulo": "DEL HURTO", "articulo": "HURTO CALIFICADO. ART. 240 C.P.", "grado_deli": "AGRAVADO", "tipo_notic": "DENUNCIA", "caracteriz": "HURTO A PERSONAS", "modalidad": "ATRACO", "modo": "ARMA DE FUEGO", "motivo": null, "pais": "COLOMBIA", "dane_dep": 76, "departamen": "VALLE DEL CAUCA", "dane_mpio": 76001, "municipio": "CALI", "cod_comuna": 3.0, "comuna": "Comuna 3", "cod_barrio": 310.0, "nom_barrio": "El Calvario", "direccion": "76001 CALLE 14 10 2", "sitio": "VIA PUBLICA", "x": -76.52808380127, "y": 3.4477949142500002, "anio": 2023, "mes": "marzo", "dia": 30, "dia_semana": 5, "hora_hecho": "08:00", "barrio": "EL CALVARIO", "estrato": 3, "geom": "0101000020E610000000000020CC2153C00000008015950B40", "fecha_hech": "2023-03-30 00:00:00", "Id": 0, "area": 136572.15568900001 }, "geometry": { "type": "Point", "coordinates": [ -76.52808380127, 3.44779491425 ] } },
{ "type": "Feature", "properties": { "dinamica": "HURTO", "titulo": "DELITOS CONTRA EL PATRIMONIO ECONOMICO", "capitulo": "DEL HURTO", "articulo": "HURTO CALIFICADO. ART. 240 C.P.", "grado_deli": "NINGUNO", "tipo_notic": "DENUNCIA", "caracteriz": "HURTO A CELULARES", "modalidad": "COSQUILLEO", "modo": null, "motivo": null, "pais": "COLOMBIA", "dane_dep": 76, "departamen": "VALLE DEL CAUCA", "dane_mpio": 76001, "municipio": "CALI", "cod_comuna": 3.0, "comuna": "Comuna 3", "cod_barrio": 309.0, "nom_barrio": "San Pascual", "direccion": "76001 KR 14 CL 13-18  KR 14 CL 13 18 NORTE", "sitio": "SIN INFORMACION", "x": -76.528289794919999, "y": 3.44313907623, "anio": 2023, "mes": "marzo", "dia": 30, "dia_semana": 5, "hora_hecho": "18:30", "barrio": null, "estrato": 1, "geom": "0101000020E610000000000080CF2153C0000000808C8B0B40", "fecha_hech": "2023-03-30 00:00:00", "Id": 0, "area": 136572.15568900001 }, "geometry": { "type": "Point", "coordinates": [ -76.528289794919999, 3.44313907623 ] } },
{ "type": "Feature", "properties": { "dinamica": "HURTO", "titulo": "DELITOS CONTRA EL PATRIMONIO ECONOMICO", "capitulo": "DEL HURTO", "articulo": "HURTO CALIFICADO. ART. 240 C.P.", "grado_deli": "NINGUNO", "tipo_notic": "DENUNCIA", "caracteriz": "HURTO A PERSONAS", "modalidad": "ATRACO", "modo": "ARMA DE FUEGO", "motivo": null, "pais": "COLOMBIA", "dane_dep": 76, "departamen": "VALLE DEL CAUCA", "dane_mpio": 76001, "municipio": "CALI", "cod_comuna": 3.0, "comuna": "Comuna 3", "cod_barrio": 307.0, "nom_barrio": "Santa Rosa", "direccion": "76001 BARRIO/LOCALIDAD/COMUNA:SAN PEDRO/COMUNA 3,CALI/VALLE DEL CAUCA,SAN PEDRO", "sitio": "SIN INFORMACION", "x": -76.532363891599999, "y": 3.4460780620599998, "anio": 2023, "mes": "abril", "dia": 1, "dia_semana": 7, "hora_hecho": "14:32", "barrio": "SAN PEDRO", "estrato": 3, "geom": "0101000020E610000000000040122253C00000006091910B40", "fecha_hech": "2023-04-01 00:00:00", "Id": 0, "area": 136572.15568900001 }, "geometry": { "type": "Point", "coordinates": [ -76.532363891599999, 3.44607806206 ] } },
{ "type": "Feature", "properties": { "dinamica": "HURTO", "titulo": "DELITOS CONTRA EL PATRIMONIO ECONOMICO", "capitulo": "DEL HURTO", "articulo": "HURTO CALIFICADO. ART. 240 C.P.", "grado_deli": "NINGUNO", "tipo_notic": "DENUNCIA", "caracteriz": "HURTO A PERSONAS", "modalidad": "ATRACO", "modo": "ARMA DE FUEGO", "motivo": null, "pais": "COLOMBIA", "dane_dep": 76, "departamen": "VALLE DEL CAUCA", "dane_mpio": 76001, "municipio": "CALI", "cod_comuna": 3.0, "comuna": "Comuna 3", "cod_barrio": 310.0, "nom_barrio": "El Calvario", "direccion": "76001 CARRERA 11 13 25", "sitio": "VIA PUBLICA", "x": -76.52944946289, "y": 3.4469830989800001, "anio": 2023, "mes": "abril", "dia": 1, "dia_semana": 7, "hora_hecho": "20:00", "barrio": "EL CALVARIO", "estrato": 3, "geom": "0101000020E610000000000080E22153C0000000E06B930B40", "fecha_hech": "2023-04-01 00:00:00", "Id": 0, "area": 136572.15568900001 }, "geometry": { "type": "Point", "coordinates": [ -76.52944946289, 3.44698309898 ] } },
{ "type": "Feature", "properties": { "dinamica": "HURTO", "titulo": "DELITOS CONTRA EL PATRIMONIO ECONOMICO", "capitulo": "DEL HURTO", "articulo": "HURTO CALIFICADO. ART. 240 C.P.", "grado_deli": "NINGUNO", "tipo_notic": "DENUNCIA", "caracteriz": "HURTO A CELULARES", "modalidad": "RAPONAZO", "modo": null, "motivo": "SIN DETERMINAR", "pais": "COLOMBIA", "dane_dep": 76, "departamen": "VALLE DEL CAUCA", "dane_mpio": 76001, "municipio": "CALI", "cod_comuna": 3.0, "comuna": "Comuna 3", "cod_barrio": 307.0, "nom_barrio": "Santa Rosa", "direccion": "76001 AVENIDA CAPITAN PEDRO J VERGARA 99", "sitio": "TRANSPORTE PUBLICO URBANO", "x": -76.531539916989999, "y": 3.44719600677, "anio": 2023, "mes": "abril", "dia": 3, "dia_semana": 2, "hora_hecho": "10:30", "barrio": "SANTA ROSA", "estrato": 3, "geom": "0101000020E6100000000000C0042253C000000080DB930B40", "fecha_hech": "2023-04-03 00:00:00", "Id": 0, "area": 136572.15568900001 }, "geometry": { "type": "Point", "coordinates": [ -76.531539916989999, 3.44719600677 ] } },
{ "type": "Feature", "properties": { "dinamica": "HURTO", "titulo": "DELITOS CONTRA EL PATRIMONIO ECONOMICO", "capitulo": "DEL HURTO", "articulo": "HURTO CALIFICADO. ART. 240 C.P.", "grado_deli": "NINGUNO", "tipo_notic": "DENUNCIA", "caracteriz": "HURTO A PERSONAS", "modalidad": "ATRACO", "modo": "ARMA BLANCA", "motivo": null, "pais": "COLOMBIA", "dane_dep": 76, "departamen": "VALLE DEL CAUCA", "dane_mpio": 76001, "municipio": "CALI", "cod_comuna": 3.0, "comuna": "Comuna 3", "cod_barrio": 309.0, "nom_barrio": "San Pascual", "direccion": "76001 Carrera 13, San Pascual, Comuna 3, Cali, Valle del Cauca, COL,SAN PASCUAL", "sitio": "SIN INFORMACION", "x": -76.528343200679998, "y": 3.4445641040799999, "anio": 2023, "mes": "abril", "dia": 3, "dia_semana": 2, "hora_hecho": "17:49", "barrio": "SAN PASCUAL", "estrato": 1, "geom": "0101000020E610000000000060D02153C0000000A0778E0B40", "fecha_hech": "2023-04-03 00:00:00", "Id": 0, "area": 136572.15568900001 }, "geometry": { "type": "Point", "coordinates": [ -76.528343200679998, 3.44456410408 ] } },
{ "type": "Feature", "properties": { "dinamica": "HURTO", "titulo": "DELITOS CONTRA EL PATRIMONIO ECONOMICO", "capitulo": "DEL HURTO", "articulo": "HURTO CALIFICADO. ART. 240 C.P.", "grado_deli": "NINGUNO", "tipo_notic": "DENUNCIA", "caracteriz": "HURTO A PERSONAS", "modalidad": "ATRACO", "modo": "ARMA DE FUEGO", "motivo": null, "pais": "COLOMBIA", "dane_dep": 76, "departamen": "VALLE DEL CAUCA", "dane_mpio": 76001, "municipio": "CALI", "cod_comuna": 3.0, "comuna": "Comuna 3", "cod_barrio": 310.0, "nom_barrio": "El Calvario", "direccion": "76001 CALLE 13A 10, EL CALVARIO, COMUNA 3, CALI, VALLE DEL CAUCA", "sitio": "OTRO", "x": -76.528861999509999, "y": 3.44741511345, "anio": 2023, "mes": "abril", "dia": 5, "dia_semana": 4, "hora_hecho": "20:30", "barrio": "EL CALVARIO", "estrato": 3, "geom": "0101000020E6100000000000E0D82153C0000000604E940B40", "fecha_hech": "2023-04-05 00:00:00", "Id": 0, "area": 136572.15568900001 }, "geometry": { "type": "Point", "coordinates": [ -76.528861999509999, 3.44741511345 ] } },
{ "type": "Feature", "properties": { "dinamica": "HURTO", "titulo": "DELITOS CONTRA EL PATRIMONIO ECONOMICO", "capitulo": "DEL HURTO", "articulo": "HURTO. ART. 239 C.P.", "grado_deli": "AGRAVADO", "tipo_notic": "ACTOS URGENTES", "caracteriz": "HURTO A PERSONAS", "modalidad": "ATRACO", "modo": "ARMA BLANCA", "motivo": null, "pais": "COLOMBIA", "dane_dep": 76, "departamen": "VALLE DEL CAUCA", "dane_mpio": 76001, "municipio": "CALI", "cod_comuna": 3.0, "comuna": "Comuna 3", "cod_barrio": 309.0, "nom_barrio": "San Pascual", "direccion": "76001 CALLE 15 12A CON CARRERA 12A 14, SAN PASCUAL, COMUNA 3, CALI, VALLE DEL CAUCA", "sitio": "VIA PUBLICA", "x": -76.526893615719999, "y": 3.4453599453, "anio": 2023, "mes": "abril", "dia": 10, "dia_semana": 2, "hora_hecho": "18:45", "barrio": "SAN PASCUAL", "estrato": 1, "geom": "0101000020E6100000000000A0B82153C0000000E018900B40", "fecha_hech": "2023-04-10 00:00:00", "Id": 0, "area": 136572.15568900001 }, "geometry": { "type": "Point", "coordinates": [ -76.526893615719999, 3.4453599453 ] } },
{ "type": "Feature", "properties": { "dinamica": "HURTO", "titulo": "DELITOS CONTRA EL PATRIMONIO ECONOMICO", "capitulo": "DEL HURTO", "articulo": "HURTO CALIFICADO. ART. 240 C.P.", "grado_deli": "NINGUNO", "tipo_notic": "DENUNCIA", "caracteriz": "HURTO A PERSONAS", "modalidad": "ATRACO", "modo": "ARMA DE FUEGO", "motivo": null, "pais": "COLOMBIA", "dane_dep": 76, "departamen": "VALLE DEL CAUCA", "dane_mpio": 76001, "municipio": "CALI", "cod_comuna": 3.0, "comuna": "Comuna 3", "cod_barrio": 310.0, "nom_barrio": "El Calvario", "direccion": "76001 CARRERA 10 14 2", "sitio": "VIA PUBLICA", "x": -76.528030395510001, "y": 3.4478209018700001, "anio": 2023, "mes": "abril", "dia": 11, "dia_semana": 3, "hora_hecho": "03:00", "barrio": "EL CALVARIO", "estrato": 3, "geom": "0101000020E610000000000040CB2153C00000002023950B40", "fecha_hech": "2023-04-11 00:00:00", "Id": 0, "area": 136572.15568900001 }, "geometry": { "type": "Point", "coordinates": [ -76.528030395510001, 3.44782090187 ] } },
{ "type": "Feature", "properties": { "dinamica": "HURTO", "titulo": "DELITOS CONTRA EL PATRIMONIO ECONOMICO", "capitulo": "DEL HURTO", "articulo": "HURTO CALIFICADO. ART. 240 C.P.", "grado_deli": "AGRAVADO", "tipo_notic": "DENUNCIA", "caracteriz": "HURTO A PERSONAS", "modalidad": "ATRACO", "modo": "ARMA DE FUEGO", "motivo": null, "pais": "COLOMBIA", "dane_dep": 76, "departamen": "VALLE DEL CAUCA", "dane_mpio": 76001, "municipio": "CALI", "cod_comuna": 3.0, "comuna": "Comuna 3", "cod_barrio": 309.0, "nom_barrio": "San Pascual", "direccion": "76001 BARRIO/LOCALIDAD/COMUNA:SAN PASCUAL/COMUNA 3,CALI/VALLE DEL CAUCA,SAN PASCUAL", "sitio": "SIN INFORMACION", "x": -76.528022766109999, "y": 3.4442570209499999, "anio": 2023, "mes": "abril", "dia": 11, "dia_semana": 3, "hora_hecho": "06:30", "barrio": "SAN PASCUAL", "estrato": 1, "geom": "0101000020E610000000000020CB2153C0000000A0D68D0B40", "fecha_hech": "2023-04-11 00:00:00", "Id": 0, "area": 136572.15568900001 }, "geometry": { "type": "Point", "coordinates": [ -76.528022766109999, 3.44425702095 ] } },
{ "type": "Feature", "properties": { "dinamica": "HURTO", "titulo": "DELITOS CONTRA EL PATRIMONIO ECONOMICO", "capitulo": "DEL HURTO", "articulo": "HURTO CALIFICADO. ART. 240 C.P.", "grado_deli": "AGRAVADO", "tipo_notic": "ACTOS URGENTES", "caracteriz": "HURTO A ESTABLECIMIENTOS", "modalidad": "ATRACO", "modo": "ARMA DE FUEGO", "motivo": null, "pais": "COLOMBIA", "dane_dep": 76, "departamen": "VALLE DEL CAUCA", "dane_mpio": 76001, "municipio": "CALI", "cod_comuna": 3.0, "comuna": "Comuna 3", "cod_barrio": 309.0, "nom_barrio": "San Pascual", "direccion": "76001 CALLE 15 13A 5, SAN PASCUAL, COMUNA 3, CALI, VALLE DEL CAUCA", "sitio": "ESTABLECIMIENTO DE COMERCIO", "x": -76.526321411129999, "y": 3.4433751106299999, "anio": 2023, "mes": "abril", "dia": 11, "dia_semana": 3, "hora_hecho": "08:40", "barrio": "SAN PASCUAL", "estrato": 1, "geom": "0101000020E610000000000040AF2153C000000040088C0B40", "fecha_hech": "2023-04-11 00:00:00", "Id": 0, "area": 136572.15568900001 }, "geometry": { "type": "Point", "coordinates": [ -76.526321411129999, 3.44337511063 ] } },
{ "type": "Feature", "properties": { "dinamica": "HURTO", "titulo": "DELITOS CONTRA EL PATRIMONIO ECONOMICO", "capitulo": "DEL HURTO", "articulo": "HURTO CALIFICADO. ART. 240 C.P.", "grado_deli": "NINGUNO", "tipo_notic": "DENUNCIA", "caracteriz": "HURTO A CELULARES", "modalidad": "COSQUILLEO", "modo": null, "motivo": null, "pais": "COLOMBIA", "dane_dep": 76, "departamen": "VALLE DEL CAUCA", "dane_mpio": 76001, "municipio": "CALI", "cod_comuna": 3.0, "comuna": "Comuna 3", "cod_barrio": 309.0, "nom_barrio": "San Pascual", "direccion": "76001 Calle 13 14 2-98, San Pascual, Comuna 3, Cali, Valle del Cauca, COL,SAN PASCUAL", "sitio": "SIN INFORMACION", "x": -76.528747558589998, "y": 3.4431829452499998, "anio": 2023, "mes": "abril", "dia": 11, "dia_semana": 3, "hora_hecho": "12:49", "barrio": "SAN PASCUAL", "estrato": 1, "geom": "0101000020E610000000000000D72153C000000080A38B0B40", "fecha_hech": "2023-04-11 00:00:00", "Id": 0, "area": 136572.15568900001 }, "geometry": { "type": "Point", "coordinates": [ -76.528747558589998, 3.44318294525 ] } },
{ "type": "Feature", "properties": { "dinamica": "HURTO", "titulo": "DELITOS CONTRA EL PATRIMONIO ECONOMICO", "capitulo": "DEL HURTO", "articulo": "HURTO. ART. 239 C.P.", "grado_deli": "NINGUNO", "tipo_notic": "DENUNCIA", "caracteriz": "HURTO A CELULARES", "modalidad": "ENGAÑO", "modo": null, "motivo": null, "pais": "COLOMBIA", "dane_dep": 76, "departamen": "VALLE DEL CAUCA", "dane_mpio": 76001, "municipio": "CALI", "cod_comuna": 3.0, "comuna": "Comuna 3", "cod_barrio": 306.0, "nom_barrio": "San Juan Bosco", "direccion": "76001 CL 10 CON CON KR 13 Calle 10 CON  carrera 13", "sitio": "SIN INFORMACION", "x": -76.532096862789999, "y": 3.44456195831, "anio": 2023, "mes": "abril", "dia": 13, "dia_semana": 5, "hora_hecho": "03:30", "barrio": null, "estrato": 3, "geom": "0101000020E6100000000000E00D2253C000000080768E0B40", "fecha_hech": "2023-04-13 00:00:00", "Id": 0, "area": 136572.15568900001 }, "geometry": { "type": "Point", "coordinates": [ -76.532096862789999, 3.44456195831 ] } },
{ "type": "Feature", "properties": { "dinamica": "HURTO", "titulo": "DELITOS CONTRA EL PATRIMONIO ECONOMICO", "capitulo": "DEL HURTO", "articulo": "HURTO CALIFICADO. ART. 240 C.P.", "grado_deli": "NINGUNO", "tipo_notic": "DENUNCIA", "caracteriz": "HURTO A PERSONAS", "modalidad": "ATRACO", "modo": "ARMA BLANCA", "motivo": null, "pais": "COLOMBIA", "dane_dep": 76, "departamen": "VALLE DEL CAUCA", "dane_mpio": 76001, "municipio": "CALI", "cod_comuna": 3.0, "comuna": "Comuna 3", "cod_barrio": 309.0, "nom_barrio": "San Pascual", "direccion": "76001 CALLE 15 CON CARRERA 12, EL CALVARIO, COMUNA 9, CALI, VALLE DEL CAUCA", "sitio": "VIA PUBLICA", "x": -76.52700805664, "y": 3.4458899498000002, "anio": 2023, "mes": "abril", "dia": 17, "dia_semana": 2, "hora_hecho": "05:30", "barrio": "SAN PASCUAL", "estrato": 1, "geom": "0101000020E610000000000080BA2153C0000000C02E910B40", "fecha_hech": "2023-04-17 00:00:00", "Id": 0, "area": 136572.15568900001 }, "geometry": { "type": "Point", "coordinates": [ -76.52700805664, 3.4458899498 ] } },
{ "type": "Feature", "properties": { "dinamica": "HURTO", "titulo": "DELITOS CONTRA EL PATRIMONIO ECONOMICO", "capitulo": "DEL HURTO", "articulo": "HURTO. ART. 239 C.P.", "grado_deli": "NINGUNO", "tipo_notic": "DENUNCIA", "caracteriz": "HURTO A ESTABLECIMIENTOS", "modalidad": "FACTOR DE OPORTUNIDAD", "modo": null, "motivo": null, "pais": "COLOMBIA", "dane_dep": 76, "departamen": "VALLE DEL CAUCA", "dane_mpio": 76001, "municipio": "CALI", "cod_comuna": 3.0, "comuna": "Comuna 3", "cod_barrio": 309.0, "nom_barrio": "San Pascual", "direccion": "76001 Calle 13 14 23, San Pascual, Comuna 3, Cali, Valle del Cauca, COL,SAN PASCUAL", "sitio": "SIN INFORMACION", "x": -76.528717041020002, "y": 3.4429569244399998, "anio": 2023, "mes": "abril", "dia": 18, "dia_semana": 3, "hora_hecho": "13:36", "barrio": "SAN PASCUAL", "estrato": 1, "geom": "0101000020E610000000000080D62153C0000000002D8B0B40", "fecha_hech": "2023-04-18 00:00:00", "Id": 0, "area": 136572.15568900001 }, "geometry": { "type": "Point", "coordinates": [ -76.528717041020002, 3.44295692444 ] } },
{ "type": "Feature", "properties": { "dinamica": "HURTO", "titulo": "DELITOS CONTRA EL PATRIMONIO ECONOMICO", "capitulo": "DEL HURTO", "articulo": "HURTO CALIFICADO. ART. 240 C.P.", "grado_deli": "NINGUNO", "tipo_notic": "ACTOS URGENTES", "caracteriz": "HURTO A CELULARES", "modalidad": "ATRACO", "modo": "ARMA DE FUEGO", "motivo": "SIN DETERMINAR", "pais": "COLOMBIA", "dane_dep": 76, "departamen": "VALLE DEL CAUCA", "dane_mpio": 76001, "municipio": "CALI", "cod_comuna": 3.0, "comuna": "Comuna 3", "cod_barrio": 309.0, "nom_barrio": "San Pascual", "direccion": "76001 CARRERA 15 CON CALLE 15, SAN PASCUAL, COMUNA 3, CALI, VALLE DEL CAUCA", "sitio": "TRANSPORTE MASIVO", "x": -76.52619934082, "y": 3.4426898956300001, "anio": 2023, "mes": "abril", "dia": 26, "dia_semana": 4, "hora_hecho": "21:20", "barrio": "GUAYAQUIL", "estrato": 1, "geom": "0101000020E610000000000040AD2153C000000000A18A0B40", "fecha_hech": "2023-04-26 00:00:00", "Id": 0, "area": 136572.15568900001 }, "geometry": { "type": "Point", "coordinates": [ -76.52619934082, 3.44268989563 ] } },
{ "type": "Feature", "properties": { "dinamica": "HURTO", "titulo": "DELITOS CONTRA EL PATRIMONIO ECONOMICO", "capitulo": "DEL HURTO", "articulo": "HURTO. ART. 239 C.P.", "grado_deli": "NINGUNO", "tipo_notic": "DENUNCIA", "caracteriz": "HURTO A CELULARES", "modalidad": "COSQUILLEO", "modo": null, "motivo": null, "pais": "COLOMBIA", "dane_dep": 76, "departamen": "VALLE DEL CAUCA", "dane_mpio": 76001, "municipio": "CALI", "cod_comuna": 3.0, "comuna": "Comuna 3", "cod_barrio": 306.0, "nom_barrio": "San Juan Bosco", "direccion": "76001 CARRERA 13, SAN JUAN BOSCO, COMUNA 3, CALI, VALLE DEL CAUCA", "sitio": "ESTACION DE ARTICULADO", "x": -76.53150177002, "y": 3.44440507889, "anio": 2023, "mes": "abril", "dia": 27, "dia_semana": 5, "hora_hecho": "16:30", "barrio": "SAN JUAN BOSCO", "estrato": 3, "geom": "0101000020E610000000000020042253C000000040248E0B40", "fecha_hech": "2023-04-27 00:00:00", "Id": 0, "area": 136572.15568900001 }, "geometry": { "type": "Point", "coordinates": [ -76.53150177002, 3.44440507889 ] } },
{ "type": "Feature", "properties": { "dinamica": "HURTO", "titulo": "DELITOS CONTRA EL PATRIMONIO ECONOMICO", "capitulo": "DEL HURTO", "articulo": "HURTO. ART. 239 C.P.", "grado_deli": "NINGUNO", "tipo_notic": "DENUNCIA", "caracteriz": "HURTO A PERSONAS", "modalidad": "COSQUILLEO", "modo": null, "motivo": null, "pais": "COLOMBIA", "dane_dep": 76, "departamen": "VALLE DEL CAUCA", "dane_mpio": 76001, "municipio": "CALI", "cod_comuna": 3.0, "comuna": "Comuna 3", "cod_barrio": 309.0, "nom_barrio": "San Pascual", "direccion": "76001 BARRIO/LOCALIDAD/COMUNA:SAN PASCUAL/COMUNA 3,CALI/VALLE DEL CAUCA,SAN PASCUAL", "sitio": "SIN INFORMACION", "x": -76.5277633667, "y": 3.4428510665899998, "anio": 2023, "mes": "abril", "dia": 28, "dia_semana": 6, "hora_hecho": "09:12", "barrio": "SAN PASCUAL", "estrato": 1, "geom": "0101000020E6100000000000E0C62153C000000080F58A0B40", "fecha_hech": "2023-04-28 00:00:00", "Id": 0, "area": 136572.15568900001 }, "geometry": { "type": "Point", "coordinates": [ -76.5277633667, 3.44285106659 ] } },
{ "type": "Feature", "properties": { "dinamica": "HURTO", "titulo": "DELITOS CONTRA EL PATRIMONIO ECONOMICO", "capitulo": "DEL HURTO", "articulo": "HURTO CALIFICADO. ART. 240 C.P.", "grado_deli": "NINGUNO", "tipo_notic": "DENUNCIA", "caracteriz": "HURTO DE MOTOCICLETAS", "modalidad": "HALADO", "modo": null, "motivo": null, "pais": "COLOMBIA", "dane_dep": 76, "departamen": "VALLE DEL CAUCA", "dane_mpio": 76001, "municipio": "CALI", "cod_comuna": 3.0, "comuna": "Comuna 3", "cod_barrio": 310.0, "nom_barrio": "El Calvario", "direccion": "76001 Calle 15 con Carrera 10, El Calvario, Comuna 9, Cali, Valle del Cauca, COL,EL CALVARIO", "sitio": "SIN INFORMACION", "x": -76.52758026123, "y": 3.4478800296799998, "anio": 2023, "mes": "abril", "dia": 28, "dia_semana": 6, "hora_hecho": "22:00", "barrio": "EL CALVARIO", "estrato": 3, "geom": "0101000020E6100000000000E0C32153C00000002042950B40", "fecha_hech": "2023-04-28 00:00:00", "Id": 0, "area": 136572.15568900001 }, "geometry": { "type": "Point", "coordinates": [ -76.52758026123, 3.44788002968 ] } },
{ "type": "Feature", "properties": { "dinamica": "HURTO", "titulo": "DELITOS CONTRA EL PATRIMONIO ECONOMICO", "capitulo": "DEL HURTO", "articulo": "HURTO CALIFICADO. ART. 240 C.P.", "grado_deli": "NINGUNO", "tipo_notic": "DENUNCIA", "caracteriz": "HURTO A PERSONAS", "modalidad": "ATRACO", "modo": "ARMA DE FUEGO", "motivo": null, "pais": "COLOMBIA", "dane_dep": 76, "departamen": "VALLE DEL CAUCA", "dane_mpio": 76001, "municipio": "CALI", "cod_comuna": 3.0, "comuna": "Comuna 3", "cod_barrio": 309.0, "nom_barrio": "San Pascual", "direccion": "76001 BARRIO/LOCALIDAD/COMUNA:SAN PASCUAL/COMUNA 3,CALI/VALLE DEL CAUCA,SAN PASCUAL", "sitio": "SIN INFORMACION", "x": -76.528327941889998, "y": 3.4442520141599999, "anio": 2023, "mes": "abril", "dia": 29, "dia_semana": 7, "hora_hecho": "05:50", "barrio": "SAN PASCUAL", "estrato": 1, "geom": "0101000020E610000000000020D02153C000000000D48D0B40", "fecha_hech": "2023-04-29 00:00:00", "Id": 0, "area": 136572.15568900001 }, "geometry": { "type": "Point", "coordinates": [ -76.528327941889998, 3.44425201416 ] } },
{ "type": "Feature", "properties": { "dinamica": "HURTO", "titulo": "DELITOS CONTRA EL PATRIMONIO ECONOMICO", "capitulo": "DEL HURTO", "articulo": "HURTO CALIFICADO. ART. 240 C.P.", "grado_deli": "AGRAVADO", "tipo_notic": "DENUNCIA", "caracteriz": "HURTO A PERSONAS", "modalidad": "ATRACO", "modo": "ARMA DE FUEGO", "motivo": null, "pais": "COLOMBIA", "dane_dep": 76, "departamen": "VALLE DEL CAUCA", "dane_mpio": 76001, "municipio": "CALI", "cod_comuna": 3.0, "comuna": "Comuna 3", "cod_barrio": 309.0, "nom_barrio": "San Pascual", "direccion": "76001 CL 15 CON CON KR 12 CL 15 KR 12", "sitio": "SIN INFORMACION", "x": -76.526947021479998, "y": 3.4456250667599999, "anio": 2023, "mes": "abril", "dia": 29, "dia_semana": 7, "hora_hecho": "06:30", "barrio": null, "estrato": 1, "geom": "0101000020E610000000000080B92153C0000000E0A3900B40", "fecha_hech": "2023-04-29 00:00:00", "Id": 0, "area": 136572.15568900001 }, "geometry": { "type": "Point", "coordinates": [ -76.526947021479998, 3.44562506676 ] } },
{ "type": "Feature", "properties": { "dinamica": "HURTO", "titulo": "DELITOS CONTRA EL PATRIMONIO ECONOMICO", "capitulo": "DEL HURTO", "articulo": "HURTO. ART. 239 C.P.", "grado_deli": "NINGUNO", "tipo_notic": "DENUNCIA", "caracteriz": "HURTO A PERSONAS", "modalidad": "COSQUILLEO", "modo": null, "motivo": null, "pais": "COLOMBIA", "dane_dep": 76, "departamen": "VALLE DEL CAUCA", "dane_mpio": 76001, "municipio": "CALI", "cod_comuna": 3.0, "comuna": "Comuna 3", "cod_barrio": 309.0, "nom_barrio": "San Pascual", "direccion": "76001 Policía Metropolitana, Calle 13A, San Pascual, Comuna 3, Cali, Valle del Cauca, COL,SAN PASCUAL", "sitio": "SIN INFORMACION", "x": -76.52806854248, "y": 3.4442811012300001, "anio": 2023, "mes": "mayo", "dia": 2, "dia_semana": 3, "hora_hecho": "14:00", "barrio": "SAN PASCUAL", "estrato": 1, "geom": "0101000020E6100000000000E0CB2153C000000040E38D0B40", "fecha_hech": "2023-05-02 00:00:00", "Id": 0, "area": 136572.15568900001 }, "geometry": { "type": "Point", "coordinates": [ -76.52806854248, 3.44428110123 ] } },
{ "type": "Feature", "properties": { "dinamica": "HURTO", "titulo": "DELITOS CONTRA EL PATRIMONIO ECONOMICO", "capitulo": "DEL HURTO", "articulo": "HURTO. ART. 239 C.P.", "grado_deli": "NINGUNO", "tipo_notic": "DENUNCIA", "caracteriz": "HURTO A CELULARES", "modalidad": "COSQUILLEO", "modo": null, "motivo": null, "pais": "COLOMBIA", "dane_dep": 76, "departamen": "VALLE DEL CAUCA", "dane_mpio": 76001, "municipio": "CALI", "cod_comuna": 3.0, "comuna": "Comuna 3", "cod_barrio": 309.0, "nom_barrio": "San Pascual", "direccion": "76001 AVENIDA CIUDADES CONFEDERADAS 13A 22", "sitio": "TRANSPORTE MASIVO", "x": -76.526512146000002, "y": 3.4439580440499999, "anio": 2023, "mes": "mayo", "dia": 2, "dia_semana": 3, "hora_hecho": "17:00", "barrio": "SAN PASCUAL", "estrato": 1, "geom": "0101000020E610000000000060B22153C0000000E0398D0B40", "fecha_hech": "2023-05-02 00:00:00", "Id": 0, "area": 136572.15568900001 }, "geometry": { "type": "Point", "coordinates": [ -76.526512146, 3.44395804405 ] } },
{ "type": "Feature", "properties": { "dinamica": "HURTO", "titulo": "DELITOS CONTRA EL PATRIMONIO ECONOMICO", "capitulo": "DEL HURTO", "articulo": "HURTO. ART. 239 C.P.", "grado_deli": "NINGUNO", "tipo_notic": "DENUNCIA", "caracteriz": "HURTO A CELULARES", "modalidad": "COSQUILLEO", "modo": null, "motivo": null, "pais": "COLOMBIA", "dane_dep": 76, "departamen": "VALLE DEL CAUCA", "dane_mpio": 76001, "municipio": "CALI", "cod_comuna": 3.0, "comuna": "Comuna 3", "cod_barrio": 309.0, "nom_barrio": "San Pascual", "direccion": "76001 KR 14 CON CL 15 KR 14 15", "sitio": "SIN INFORMACION", "x": -76.52700805664, "y": 3.4434299468999998, "anio": 2023, "mes": "mayo", "dia": 4, "dia_semana": 5, "hora_hecho": "11:30", "barrio": null, "estrato": 1, "geom": "0101000020E610000000000080BA2153C000000000258C0B40", "fecha_hech": "2023-05-04 00:00:00", "Id": 0, "area": 136572.15568900001 }, "geometry": { "type": "Point", "coordinates": [ -76.52700805664, 3.4434299469 ] } },
{ "type": "Feature", "properties": { "dinamica": "HURTO", "titulo": "DELITOS CONTRA EL PATRIMONIO ECONOMICO", "capitulo": "DEL HURTO", "articulo": "HURTO CALIFICADO. ART. 240 C.P.", "grado_deli": "NINGUNO", "tipo_notic": "DENUNCIA", "caracteriz": "HURTO A PERSONAS", "modalidad": "FACTOR DE OPORTUNIDAD", "modo": null, "motivo": null, "pais": "COLOMBIA", "dane_dep": 76, "departamen": "VALLE DEL CAUCA", "dane_mpio": 76001, "municipio": "CALI", "cod_comuna": 3.0, "comuna": "Comuna 3", "cod_barrio": 309.0, "nom_barrio": "San Pascual", "direccion": "76001 CARRERA 12A 14 32", "sitio": "VEHICULO", "x": -76.527374267580001, "y": 3.4452741146100001, "anio": 2023, "mes": "mayo", "dia": 5, "dia_semana": 6, "hora_hecho": "01:00", "barrio": "SAN PASCUAL", "estrato": 1, "geom": "0101000020E610000000000080C02153C0000000E0EB8F0B40", "fecha_hech": "2023-05-05 00:00:00", "Id": 0, "area": 136572.15568900001 }, "geometry": { "type": "Point", "coordinates": [ -76.527374267580001, 3.44527411461 ] } },
{ "type": "Feature", "properties": { "dinamica": "HURTO", "titulo": "DELITOS CONTRA EL PATRIMONIO ECONOMICO", "capitulo": "DEL HURTO", "articulo": "HURTO. ART. 239 C.P.", "grado_deli": "AGRAVADO", "tipo_notic": "ACTOS URGENTES", "caracteriz": "HURTO A PERSONAS", "modalidad": "ATRACO", "modo": "ARMA DE FUEGO", "motivo": null, "pais": "COLOMBIA", "dane_dep": 76, "departamen": "VALLE DEL CAUCA", "dane_mpio": 76001, "municipio": "CALI", "cod_comuna": 3.0, "comuna": "Comuna 3", "cod_barrio": 310.0, "nom_barrio": "El Calvario", "direccion": "76001 CALLE 12 CON CARRERA 11 11, EL CALVARIO, COMUNA 3, CALI, VALLE DEL CAUCA", "sitio": "VIA PUBLICA", "x": -76.53050994873, "y": 3.4465599060100001, "anio": 2023, "mes": "mayo", "dia": 7, "dia_semana": 1, "hora_hecho": "21:21", "barrio": "EL CALVARIO", "estrato": 3, "geom": "0101000020E6100000000000E0F32153C0000000008E920B40", "fecha_hech": "2023-05-07 00:00:00", "Id": 0, "area": 136572.15568900001 }, "geometry": { "type": "Point", "coordinates": [ -76.53050994873, 3.44655990601 ] } },
{ "type": "Feature", "properties": { "dinamica": "HURTO", "titulo": "DELITOS CONTRA EL PATRIMONIO ECONOMICO", "capitulo": "DEL HURTO", "articulo": "HURTO CALIFICADO. ART. 240 C.P.", "grado_deli": "NINGUNO", "tipo_notic": "DENUNCIA", "caracteriz": "HURTO A ESTABLECIMIENTOS", "modalidad": "VENTOSA", "modo": null, "motivo": null, "pais": "COLOMBIA", "dane_dep": 76, "departamen": "VALLE DEL CAUCA", "dane_mpio": 76001, "municipio": "CALI", "cod_comuna": 3.0, "comuna": "Comuna 3", "cod_barrio": 306.0, "nom_barrio": "San Juan Bosco", "direccion": "76001 CARRERA 15 11 55, SAN JUAN BOSCO, COMUNA 3, CALI, VALLE DEL CAUCA", "sitio": "ESTABLECIMIENTO DE COMERCIO", "x": -76.53018951416, "y": 3.44279003143, "anio": 2023, "mes": "mayo", "dia": 9, "dia_semana": 3, "hora_hecho": "03:00", "barrio": "SAN JUAN BOSCO", "estrato": 3, "geom": "0101000020E6100000000000A0EE2153C000000080D58A0B40", "fecha_hech": "2023-05-09 00:00:00", "Id": 0, "area": 136572.15568900001 }, "geometry": { "type": "Point", "coordinates": [ -76.53018951416, 3.44279003143 ] } },
{ "type": "Feature", "properties": { "dinamica": "HURTO", "titulo": "DELITOS CONTRA EL PATRIMONIO ECONOMICO", "capitulo": "DEL HURTO", "articulo": "HURTO CALIFICADO. ART. 240 C.P.", "grado_deli": "AGRAVADO", "tipo_notic": "DENUNCIA", "caracteriz": "HURTO A PERSONAS", "modalidad": "ATRACO", "modo": "ARMA BLANCA", "motivo": null, "pais": "COLOMBIA", "dane_dep": 76, "departamen": "VALLE DEL CAUCA", "dane_mpio": 76001, "municipio": "CALI", "cod_comuna": 3.0, "comuna": "Comuna 3", "cod_barrio": 309.0, "nom_barrio": "San Pascual", "direccion": "76001 CALLE 13 14 98", "sitio": "TRANSPORTE MASIVO", "x": -76.528816223139998, "y": 3.44284391403, "anio": 2023, "mes": "mayo", "dia": 9, "dia_semana": 3, "hora_hecho": "06:30", "barrio": "SAN PASCUAL", "estrato": 1, "geom": "0101000020E610000000000020D82153C0000000C0F18A0B40", "fecha_hech": "2023-05-09 00:00:00", "Id": 0, "area": 136572.15568900001 }, "geometry": { "type": "Point", "coordinates": [ -76.528816223139998, 3.44284391403 ] } },
{ "type": "Feature", "properties": { "dinamica": "HURTO", "titulo": "DELITOS CONTRA EL PATRIMONIO ECONOMICO", "capitulo": "DEL HURTO", "articulo": "HURTO CALIFICADO. ART. 240 C.P.", "grado_deli": "NINGUNO", "tipo_notic": "DENUNCIA", "caracteriz": "HURTO A PERSONAS", "modalidad": "ATRACO", "modo": "SIN ARMA", "motivo": null, "pais": "COLOMBIA", "dane_dep": 76, "departamen": "VALLE DEL CAUCA", "dane_mpio": 76001, "municipio": "CALI", "cod_comuna": 3.0, "comuna": "Comuna 3", "cod_barrio": 310.0, "nom_barrio": "El Calvario", "direccion": "76001 AVENIDA CAPITAN PEDRO J VERGARA 99", "sitio": "VIA PUBLICA", "x": -76.531494140619998, "y": 3.4472210407300001, "anio": 2023, "mes": "mayo", "dia": 9, "dia_semana": 3, "hora_hecho": "19:30", "barrio": "EL CALVARIO", "estrato": 3, "geom": "0101000020E610000000000000042253C0000000A0E8930B40", "fecha_hech": "2023-05-09 00:00:00", "Id": 0, "area": 136572.15568900001 }, "geometry": { "type": "Point", "coordinates": [ -76.531494140619998, 3.44722104073 ] } },
{ "type": "Feature", "properties": { "dinamica": "HURTO", "titulo": "DELITOS CONTRA EL PATRIMONIO ECONOMICO", "capitulo": "DEL HURTO", "articulo": "HURTO CALIFICADO. ART. 240 C.P.", "grado_deli": "NINGUNO", "tipo_notic": "DENUNCIA", "caracteriz": "HURTO A CELULARES", "modalidad": "COSQUILLEO", "modo": null, "motivo": null, "pais": "COLOMBIA", "dane_dep": 76, "departamen": "VALLE DEL CAUCA", "dane_mpio": 76001, "municipio": "CALI", "cod_comuna": 3.0, "comuna": "Comuna 3", "cod_barrio": 309.0, "nom_barrio": "San Pascual", "direccion": "76001 CARRERA 15 13 5", "sitio": "TRANSPORTE MASIVO", "x": -76.528526306149999, "y": 3.4428539276099999, "anio": 2023, "mes": "mayo", "dia": 10, "dia_semana": 4, "hora_hecho": "07:30", "barrio": "SAN PASCUAL", "estrato": 1, "geom": "0101000020E610000000000060D32153C000000000F78A0B40", "fecha_hech": "2023-05-10 00:00:00", "Id": 0, "area": 136572.15568900001 }, "geometry": { "type": "Point", "coordinates": [ -76.528526306149999, 3.44285392761 ] } },
{ "type": "Feature", "properties": { "dinamica": "HURTO", "titulo": "DELITOS CONTRA EL PATRIMONIO ECONOMICO", "capitulo": "DEL HURTO", "articulo": "HURTO CALIFICADO. ART. 240 C.P.", "grado_deli": "NINGUNO", "tipo_notic": "ACTOS URGENTES", "caracteriz": "HURTO A PERSONAS", "modalidad": "ATRACO", "modo": "ARMA BLANCA", "motivo": null, "pais": "COLOMBIA", "dane_dep": 76, "departamen": "VALLE DEL CAUCA", "dane_mpio": 76001, "municipio": "CALI", "cod_comuna": 3.0, "comuna": "Comuna 3", "cod_barrio": 309.0, "nom_barrio": "San Pascual", "direccion": "76001 CALLE 13A CON CARRERA 14, SAN PASCUAL, COMUNA 3, CALI, VALLE DEL CAUCA", "sitio": "VIA PUBLICA", "x": -76.528160095209998, "y": 3.44337010384, "anio": 2023, "mes": "mayo", "dia": 10, "dia_semana": 4, "hora_hecho": "22:30", "barrio": "SAN PASCUAL", "estrato": 1, "geom": "0101000020E610000000000060CD2153C0000000A0058C0B40", "fecha_hech": "2023-05-10 00:00:00", "Id": 0, "area": 136572.15568900001 }, "geometry": { "type": "Point", "coordinates": [ -76.528160095209998, 3.44337010384 ] } },
{ "type": "Feature", "properties": { "dinamica": "HURTO", "titulo": "DELITOS CONTRA EL PATRIMONIO ECONOMICO", "capitulo": "DEL HURTO", "articulo": "HURTO CALIFICADO. ART. 240 C.P.", "grado_deli": "AGRAVADO", "tipo_notic": "DENUNCIA", "caracteriz": "HURTO A PERSONAS", "modalidad": "ATRACO", "modo": "ARMA BLANCA", "motivo": null, "pais": "COLOMBIA", "dane_dep": 76, "departamen": "VALLE DEL CAUCA", "dane_mpio": 76001, "municipio": "CALI", "cod_comuna": 3.0, "comuna": "Comuna 3", "cod_barrio": 309.0, "nom_barrio": "San Pascual", "direccion": "76001 AVENIDA CIUDADES CONFEDERADAS 13A 71", "sitio": "ESTACION DE ARTICULADO", "x": -76.526420593259999, "y": 3.44388103485, "anio": 2023, "mes": "mayo", "dia": 11, "dia_semana": 5, "hora_hecho": "06:30", "barrio": "SAN PASCUAL", "estrato": 1, "geom": "0101000020E6100000000000E0B02153C000000080118D0B40", "fecha_hech": "2023-05-11 00:00:00", "Id": 0, "area": 136572.15568900001 }, "geometry": { "type": "Point", "coordinates": [ -76.526420593259999, 3.44388103485 ] } },
{ "type": "Feature", "properties": { "dinamica": "HURTO", "titulo": "DELITOS CONTRA EL PATRIMONIO ECONOMICO", "capitulo": "DEL HURTO", "articulo": "HURTO. ART. 239 C.P.", "grado_deli": "NINGUNO", "tipo_notic": "DENUNCIA", "caracteriz": "HURTO A CELULARES", "modalidad": "COSQUILLEO", "modo": null, "motivo": null, "pais": "COLOMBIA", "dane_dep": 76, "departamen": "VALLE DEL CAUCA", "dane_mpio": 76001, "municipio": "CALI", "cod_comuna": 3.0, "comuna": "Comuna 3", "cod_barrio": 309.0, "nom_barrio": "San Pascual", "direccion": "76001 Policía Metropolitana, Calle 13A, San Pascual, Comuna 3, Cali, Valle del Cauca, COL,SAN PASCUAL", "sitio": "SIN INFORMACION", "x": -76.528099060060001, "y": 3.44427704811, "anio": 2023, "mes": "mayo", "dia": 11, "dia_semana": 5, "hora_hecho": "08:00", "barrio": "SAN PASCUAL", "estrato": 1, "geom": "0101000020E610000000000060CC2153C000000020E18D0B40", "fecha_hech": "2023-05-11 00:00:00", "Id": 0, "area": 136572.15568900001 }, "geometry": { "type": "Point", "coordinates": [ -76.528099060060001, 3.44427704811 ] } },
{ "type": "Feature", "properties": { "dinamica": "HURTO", "titulo": "DELITOS CONTRA EL PATRIMONIO ECONOMICO", "capitulo": "DEL HURTO", "articulo": "HURTO CALIFICADO. ART. 240 C.P.", "grado_deli": "NINGUNO", "tipo_notic": "DENUNCIA", "caracteriz": "HURTO A ESTABLECIMIENTOS", "modalidad": "ATRACO", "modo": "ARMA BLANCA", "motivo": null, "pais": "COLOMBIA", "dane_dep": 76, "departamen": "VALLE DEL CAUCA", "dane_mpio": 76001, "municipio": "CALI", "cod_comuna": 3.0, "comuna": "Comuna 3", "cod_barrio": 307.0, "nom_barrio": "Santa Rosa", "direccion": "76001 Calle 10 10 21, Santa Rosa, Comuna 3, Cali, Valle del Cauca, COL,SANTA ROSA", "sitio": "SIN INFORMACION", "x": -76.53247833252, "y": 3.4466400146499998, "anio": 2023, "mes": "mayo", "dia": 12, "dia_semana": 6, "hora_hecho": "16:45", "barrio": "SANTA ROSA", "estrato": 3, "geom": "0101000020E610000000000020142253C000000000B8920B40", "fecha_hech": "2023-05-12 00:00:00", "Id": 0, "area": 136572.15568900001 }, "geometry": { "type": "Point", "coordinates": [ -76.53247833252, 3.44664001465 ] } },
{ "type": "Feature", "properties": { "dinamica": "HURTO", "titulo": "DELITOS CONTRA EL PATRIMONIO ECONOMICO", "capitulo": "DEL HURTO", "articulo": "HURTO CALIFICADO. ART. 240 C.P.", "grado_deli": "NINGUNO", "tipo_notic": "DENUNCIA", "caracteriz": "HURTO A CELULARES", "modalidad": "ATRACO", "modo": "ARMA DE FUEGO", "motivo": "SIN DETERMINAR", "pais": "COLOMBIA", "dane_dep": 76, "departamen": "VALLE DEL CAUCA", "dane_mpio": 76001, "municipio": "CALI", "cod_comuna": 3.0, "comuna": "Comuna 3", "cod_barrio": 309.0, "nom_barrio": "San Pascual", "direccion": "76001 CL 13 CON CON KR 13 Calle  13 carrera  13", "sitio": "SIN INFORMACION", "x": -76.528945922849999, "y": 3.4440870284999998, "anio": 2023, "mes": "mayo", "dia": 12, "dia_semana": 6, "hora_hecho": "18:00", "barrio": null, "estrato": 1, "geom": "0101000020E610000000000040DA2153C0000000807D8D0B40", "fecha_hech": "2023-05-12 00:00:00", "Id": 0, "area": 136572.15568900001 }, "geometry": { "type": "Point", "coordinates": [ -76.528945922849999, 3.4440870285 ] } },
{ "type": "Feature", "properties": { "dinamica": "HURTO", "titulo": "DELITOS CONTRA EL PATRIMONIO ECONOMICO", "capitulo": "DEL HURTO", "articulo": "HURTO CALIFICADO. ART. 240 C.P.", "grado_deli": "NINGUNO", "tipo_notic": "DENUNCIA", "caracteriz": "HURTO A PERSONAS", "modalidad": "COSQUILLEO", "modo": null, "motivo": null, "pais": "COLOMBIA", "dane_dep": 76, "departamen": "VALLE DEL CAUCA", "dane_mpio": 76001, "municipio": "CALI", "cod_comuna": 3.0, "comuna": "Comuna 3", "cod_barrio": 310.0, "nom_barrio": "El Calvario", "direccion": "76001 Calle 15 11, El Calvario, Comuna 9, Cali, Valle del Cauca, COL,EL CALVARIO", "sitio": "SIN INFORMACION", "x": -76.52719116211, "y": 3.4466400146499998, "anio": 2023, "mes": "mayo", "dia": 13, "dia_semana": 7, "hora_hecho": "00:00", "barrio": "EL CALVARIO", "estrato": 3, "geom": "0101000020E610000000000080BD2153C000000000B8920B40", "fecha_hech": "2023-05-13 00:00:00", "Id": 0, "area": 136572.15568900001 }, "geometry": { "type": "Point", "coordinates": [ -76.52719116211, 3.44664001465 ] } },
{ "type": "Feature", "properties": { "dinamica": "HURTO", "titulo": "DELITOS CONTRA EL PATRIMONIO ECONOMICO", "capitulo": "DEL HURTO", "articulo": "HURTO CALIFICADO. ART. 240 C.P.", "grado_deli": "AGRAVADO", "tipo_notic": "DENUNCIA", "caracteriz": "HURTO A RESIDENCIA", "modalidad": "FACTOR DE OPORTUNIDAD", "modo": null, "motivo": null, "pais": "COLOMBIA", "dane_dep": 76, "departamen": "VALLE DEL CAUCA", "dane_mpio": 76001, "municipio": "CALI", "cod_comuna": 3.0, "comuna": "Comuna 3", "cod_barrio": 309.0, "nom_barrio": "San Pascual", "direccion": "76001 Carrera 13 13 69, San Pascual, Comuna 3, Cali, Valle del Cauca, COL,SAN PASCUAL", "sitio": "SIN INFORMACION", "x": -76.52841949463, "y": 3.4446439743, "anio": 2023, "mes": "mayo", "dia": 15, "dia_semana": 2, "hora_hecho": "22:34", "barrio": "SAN PASCUAL", "estrato": 1, "geom": "0101000020E6100000000000A0D12153C000000080A18E0B40", "fecha_hech": "2023-05-15 00:00:00", "Id": 0, "area": 136572.15568900001 }, "geometry": { "type": "Point", "coordinates": [ -76.52841949463, 3.4446439743 ] } },
{ "type": "Feature", "properties": { "dinamica": "HURTO", "titulo": "DELITOS CONTRA EL PATRIMONIO ECONOMICO", "capitulo": "DEL HURTO", "articulo": "HURTO CALIFICADO. ART. 240 C.P.", "grado_deli": "NINGUNO", "tipo_notic": "DENUNCIA", "caracteriz": "HURTO A PERSONAS", "modalidad": "ATRACO", "modo": "ARMA DE FUEGO", "motivo": null, "pais": "COLOMBIA", "dane_dep": 76, "departamen": "VALLE DEL CAUCA", "dane_mpio": 76001, "municipio": "CALI", "cod_comuna": 3.0, "comuna": "Comuna 3", "cod_barrio": 306.0, "nom_barrio": "San Juan Bosco", "direccion": "76001 Calle 10 14 47, San Juan Bosco, Comuna 3, Cali, Valle del Cauca, COL,SAN JUAN BOSCO", "sitio": "SIN INFORMACION", "x": -76.531997680659998, "y": 3.4430398941, "anio": 2023, "mes": "mayo", "dia": 16, "dia_semana": 3, "hora_hecho": "00:30", "barrio": "SAN JUAN BOSCO", "estrato": 3, "geom": "0101000020E6100000000000400C2253C000000080588B0B40", "fecha_hech": "2023-05-16 00:00:00", "Id": 0, "area": 136572.15568900001 }, "geometry": { "type": "Point", "coordinates": [ -76.531997680659998, 3.4430398941 ] } },
{ "type": "Feature", "properties": { "dinamica": "HURTO", "titulo": "DELITOS CONTRA EL PATRIMONIO ECONOMICO", "capitulo": "DEL HURTO", "articulo": "HURTO CALIFICADO. ART. 240 C.P.", "grado_deli": "AGRAVADO", "tipo_notic": "DENUNCIA", "caracteriz": "HURTO A CELULARES", "modalidad": "ATRACO", "modo": "ARMA BLANCA", "motivo": "SIN DETERMINAR", "pais": "COLOMBIA", "dane_dep": 76, "departamen": "VALLE DEL CAUCA", "dane_mpio": 76001, "municipio": "CALI", "cod_comuna": 3.0, "comuna": "Comuna 3", "cod_barrio": 309.0, "nom_barrio": "San Pascual", "direccion": "76001 Calle 13A, San Pascual, Comuna 3, Cali, Valle del Cauca, COL,SAN PASCUAL", "sitio": "SIN INFORMACION", "x": -76.5283203125, "y": 3.4443049430800001, "anio": 2023, "mes": "mayo", "dia": 17, "dia_semana": 4, "hora_hecho": "11:30", "barrio": "SAN PASCUAL", "estrato": 1, "geom": "0101000020E610000000000000D02153C0000000C0EF8D0B40", "fecha_hech": "2023-05-17 00:00:00", "Id": 0, "area": 136572.15568900001 }, "geometry": { "type": "Point", "coordinates": [ -76.5283203125, 3.44430494308 ] } },
{ "type": "Feature", "properties": { "dinamica": "HURTO", "titulo": "DELITOS CONTRA EL PATRIMONIO ECONOMICO", "capitulo": "DEL HURTO", "articulo": "HURTO CALIFICADO. ART. 240 C.P.", "grado_deli": "NINGUNO", "tipo_notic": "DENUNCIA", "caracteriz": "HURTO A PERSONAS", "modalidad": "VIOLACION DE CERRADURA", "modo": null, "motivo": null, "pais": "COLOMBIA", "dane_dep": 76, "departamen": "VALLE DEL CAUCA", "dane_mpio": 76001, "municipio": "CALI", "cod_comuna": 9.0, "comuna": "Comuna 9", "cod_barrio": 909.0, "nom_barrio": "Sucre", "direccion": "76001 Carrera 10, El Calvario, Comuna 9, Cali, Valle del Cauca, COL,EL CALVARIO", "sitio": "SIN INFORMACION", "x": -76.52749633789, "y": 3.4478960037199999, "anio": 2023, "mes": "mayo", "dia": 17, "dia_semana": 4, "hora_hecho": "15:30", "barrio": "EL CALVARIO", "estrato": 1, "geom": "0101000020E610000000000080C22153C0000000804A950B40", "fecha_hech": "2023-05-17 00:00:00", "Id": 0, "area": 136572.15568900001 }, "geometry": { "type": "Point", "coordinates": [ -76.52749633789, 3.44789600372 ] } },
{ "type": "Feature", "properties": { "dinamica": "HURTO", "titulo": "DELITOS CONTRA EL PATRIMONIO ECONOMICO", "capitulo": "DEL HURTO", "articulo": "HURTO CALIFICADO. ART. 240 C.P.", "grado_deli": "NINGUNO", "tipo_notic": "DENUNCIA", "caracteriz": "HURTO A PERSONAS", "modalidad": "ATRACO", "modo": "ARMA DE FUEGO", "motivo": null, "pais": "COLOMBIA", "dane_dep": 76, "departamen": "VALLE DEL CAUCA", "dane_mpio": 76001, "municipio": "CALI", "cod_comuna": 3.0, "comuna": "Comuna 3", "cod_barrio": 310.0, "nom_barrio": "El Calvario", "direccion": "76001 CARRERA 11 13 13, EL CALVARIO, COMUNA 3, CALI, VALLE DEL CAUCA", "sitio": "VIA PUBLICA", "x": -76.529502868649999, "y": 3.4468500614200002, "anio": 2023, "mes": "mayo", "dia": 17, "dia_semana": 4, "hora_hecho": "17:00", "barrio": "EL CALVARIO", "estrato": 3, "geom": "0101000020E610000000000060E32153C00000002026930B40", "fecha_hech": "2023-05-17 00:00:00", "Id": 0, "area": 136572.15568900001 }, "geometry": { "type": "Point", "coordinates": [ -76.529502868649999, 3.44685006142 ] } },
{ "type": "Feature", "properties": { "dinamica": "HURTO", "titulo": "DELITOS CONTRA EL PATRIMONIO ECONOMICO", "capitulo": "DEL HURTO", "articulo": "HURTO CALIFICADO. ART. 240 C.P.", "grado_deli": "NINGUNO", "tipo_notic": "DENUNCIA", "caracteriz": "HURTO DE MOTOCICLETAS", "modalidad": "ATRACO", "modo": "ARMA DE FUEGO", "motivo": null, "pais": "COLOMBIA", "dane_dep": 76, "departamen": "VALLE DEL CAUCA", "dane_mpio": 76001, "municipio": "CALI", "cod_comuna": 3.0, "comuna": "Comuna 3", "cod_barrio": 309.0, "nom_barrio": "San Pascual", "direccion": "76001 CARRERA 15 12, SAN PASCUAL, COMUNA 3, CALI, VALLE DEL CAUCA", "sitio": "VIA PUBLICA", "x": -76.52936553955, "y": 3.4427449703200002, "anio": 2023, "mes": "mayo", "dia": 18, "dia_semana": 5, "hora_hecho": "00:00", "barrio": "GUAYAQUIL", "estrato": 1, "geom": "0101000020E610000000000020E12153C0000000E0BD8A0B40", "fecha_hech": "2023-05-18 00:00:00", "Id": 0, "area": 136572.15568900001 }, "geometry": { "type": "Point", "coordinates": [ -76.52936553955, 3.44274497032 ] } },
{ "type": "Feature", "properties": { "dinamica": "HURTO", "titulo": "DELITOS CONTRA EL PATRIMONIO ECONOMICO", "capitulo": "DEL HURTO", "articulo": "HURTO CALIFICADO. ART. 240 C.P.", "grado_deli": "NINGUNO", "tipo_notic": "DENUNCIA", "caracteriz": "HURTO A CELULARES", "modalidad": "COSQUILLEO", "modo": null, "motivo": null, "pais": "COLOMBIA", "dane_dep": 76, "departamen": "VALLE DEL CAUCA", "dane_mpio": 76001, "municipio": "CALI", "cod_comuna": 3.0, "comuna": "Comuna 3", "cod_barrio": 309.0, "nom_barrio": "San Pascual", "direccion": "76001 CL 15 CON CON KR 13 A calle 15 carrera 13a", "sitio": "SIN INFORMACION", "x": -76.526420593259999, "y": 3.4438970089000001, "anio": 2023, "mes": "mayo", "dia": 19, "dia_semana": 6, "hora_hecho": "09:30", "barrio": null, "estrato": 1, "geom": "0101000020E6100000000000E0B02153C0000000E0198D0B40", "fecha_hech": "2023-05-19 00:00:00", "Id": 0, "area": 136572.15568900001 }, "geometry": { "type": "Point", "coordinates": [ -76.526420593259999, 3.4438970089 ] } },
{ "type": "Feature", "properties": { "dinamica": "HURTO", "titulo": "DELITOS CONTRA EL PATRIMONIO ECONOMICO", "capitulo": "DEL HURTO", "articulo": "HURTO CALIFICADO. ART. 240 C.P.", "grado_deli": "NINGUNO", "tipo_notic": "DENUNCIA", "caracteriz": "HURTO A CELULARES", "modalidad": "RAPONAZO", "modo": null, "motivo": "SIN DETERMINAR", "pais": "COLOMBIA", "dane_dep": 76, "departamen": "VALLE DEL CAUCA", "dane_mpio": 76001, "municipio": "CALI", "cod_comuna": 3.0, "comuna": "Comuna 3", "cod_barrio": 310.0, "nom_barrio": "El Calvario", "direccion": "76001 CALLE 13 10 55, EL CALVARIO, COMUNA 3, CALI, VALLE DEL CAUCA", "sitio": "VIA PUBLICA", "x": -76.529670715329999, "y": 3.4472899437, "anio": 2023, "mes": "mayo", "dia": 21, "dia_semana": 1, "hora_hecho": "21:30", "barrio": "EL CALVARIO", "estrato": 3, "geom": "0101000020E610000000000020E62153C0000000C00C940B40", "fecha_hech": "2023-05-21 00:00:00", "Id": 0, "area": 136572.15568900001 }, "geometry": { "type": "Point", "coordinates": [ -76.529670715329999, 3.4472899437 ] } },
{ "type": "Feature", "properties": { "dinamica": "HURTO", "titulo": "DELITOS CONTRA EL PATRIMONIO ECONOMICO", "capitulo": "DEL HURTO", "articulo": "HURTO. ART. 239 C.P.", "grado_deli": "AGRAVADO", "tipo_notic": "DENUNCIA", "caracteriz": "HURTO A CELULARES", "modalidad": "COSQUILLEO", "modo": null, "motivo": null, "pais": "COLOMBIA", "dane_dep": 76, "departamen": "VALLE DEL CAUCA", "dane_mpio": 76001, "municipio": "CALI", "cod_comuna": 3.0, "comuna": "Comuna 3", "cod_barrio": 306.0, "nom_barrio": "San Juan Bosco", "direccion": "76001 Carrera 15 10 67, San Juan Bosco, Comuna 3, Cali, Valle del Cauca, COL,SAN JUAN BOSCO", "sitio": "SIN INFORMACION", "x": -76.531188964839998, "y": 3.4427909851099998, "anio": 2023, "mes": "mayo", "dia": 23, "dia_semana": 3, "hora_hecho": "18:31", "barrio": "SAN JUAN BOSCO", "estrato": 3, "geom": "0101000020E610000000000000FF2153C000000000D68A0B40", "fecha_hech": "2023-05-23 00:00:00", "Id": 0, "area": 136572.15568900001 }, "geometry": { "type": "Point", "coordinates": [ -76.531188964839998, 3.44279098511 ] } },
{ "type": "Feature", "properties": { "dinamica": "HURTO", "titulo": "DELITOS CONTRA EL PATRIMONIO ECONOMICO", "capitulo": "DEL HURTO", "articulo": "HURTO CALIFICADO. ART. 240 C.P.", "grado_deli": "NINGUNO", "tipo_notic": "DENUNCIA", "caracteriz": "HURTO A CELULARES", "modalidad": "ATRACO", "modo": "ARMA BLANCA", "motivo": "SIN DETERMINAR", "pais": "COLOMBIA", "dane_dep": 76, "departamen": "VALLE DEL CAUCA", "dane_mpio": 76001, "municipio": "CALI", "cod_comuna": 3.0, "comuna": "Comuna 3", "cod_barrio": 310.0, "nom_barrio": "El Calvario", "direccion": "76001 CARRERA 11, EL CALVARIO, COMUNA 3, CALI, VALLE DEL CAUCA", "sitio": "VIA PUBLICA", "x": -76.5283203125, "y": 3.4471399784100001, "anio": 2023, "mes": "mayo", "dia": 24, "dia_semana": 4, "hora_hecho": "16:00", "barrio": "EL CALVARIO", "estrato": 3, "geom": "0101000020E610000000000000D02153C000000020BE930B40", "fecha_hech": "2023-05-24 00:00:00", "Id": 0, "area": 136572.15568900001 }, "geometry": { "type": "Point", "coordinates": [ -76.5283203125, 3.44713997841 ] } },
{ "type": "Feature", "properties": { "dinamica": "HURTO", "titulo": "DELITOS CONTRA EL PATRIMONIO ECONOMICO", "capitulo": "DEL HURTO", "articulo": "HURTO CALIFICADO. ART. 240 C.P.", "grado_deli": "NINGUNO", "tipo_notic": "DENUNCIA", "caracteriz": "HURTO A CELULARES", "modalidad": "ATRACO", "modo": "ARMA BLANCA", "motivo": "SIN DETERMINAR", "pais": "COLOMBIA", "dane_dep": 76, "departamen": "VALLE DEL CAUCA", "dane_mpio": 76001, "municipio": "CALI", "cod_comuna": 3.0, "comuna": "Comuna 3", "cod_barrio": 309.0, "nom_barrio": "San Pascual", "direccion": "76001 CL 14 CON CON KR 14 CALLE 14 CARRERA 14", "sitio": "SIN INFORMACION", "x": -76.52687072754, "y": 3.4434549808499999, "anio": 2023, "mes": "mayo", "dia": 25, "dia_semana": 5, "hora_hecho": "16:00", "barrio": null, "estrato": 1, "geom": "0101000020E610000000000040B82153C000000020328C0B40", "fecha_hech": "2023-05-25 00:00:00", "Id": 0, "area": 136572.15568900001 }, "geometry": { "type": "Point", "coordinates": [ -76.52687072754, 3.44345498085 ] } },
{ "type": "Feature", "properties": { "dinamica": "HURTO", "titulo": "DELITOS CONTRA EL PATRIMONIO ECONOMICO", "capitulo": "DEL HURTO", "articulo": "HURTO CALIFICADO. ART. 240 C.P.", "grado_deli": "NINGUNO", "tipo_notic": "DENUNCIA", "caracteriz": "HURTO DE MOTOCICLETAS", "modalidad": "ATRACO", "modo": "ARMA DE FUEGO", "motivo": null, "pais": "COLOMBIA", "dane_dep": 76, "departamen": "VALLE DEL CAUCA", "dane_mpio": 76001, "municipio": "CALI", "cod_comuna": 3.0, "comuna": "Comuna 3", "cod_barrio": 309.0, "nom_barrio": "San Pascual", "direccion": "76001 CARRERA 14 12 12", "sitio": "VIA PUBLICA", "x": -76.529624938959998, "y": 3.4434399604800001, "anio": 2023, "mes": "mayo", "dia": 26, "dia_semana": 6, "hora_hecho": "02:30", "barrio": "SAN PASCUAL", "estrato": 1, "geom": "0101000020E610000000000060E52153C0000000402A8C0B40", "fecha_hech": "2023-05-26 00:00:00", "Id": 0, "area": 136572.15568900001 }, "geometry": { "type": "Point", "coordinates": [ -76.529624938959998, 3.44343996048 ] } },
{ "type": "Feature", "properties": { "dinamica": "HURTO", "titulo": "DELITOS CONTRA EL PATRIMONIO ECONOMICO", "capitulo": "DEL HURTO", "articulo": "HURTO. ART. 239 C.P.", "grado_deli": "AGRAVADO", "tipo_notic": "DENUNCIA", "caracteriz": "HURTO A PERSONAS", "modalidad": "COSQUILLEO", "modo": null, "motivo": null, "pais": "COLOMBIA", "dane_dep": 76, "departamen": "VALLE DEL CAUCA", "dane_mpio": 76001, "municipio": "CALI", "cod_comuna": 3.0, "comuna": "Comuna 3", "cod_barrio": 309.0, "nom_barrio": "San Pascual", "direccion": "76001 CALLE 14, SAN PASCUAL, COMUNA 3, CALI, VALLE DEL CAUCA", "sitio": "VIA PUBLICA", "x": -76.527526855470001, "y": 3.44497489929, "anio": 2023, "mes": "mayo", "dia": 26, "dia_semana": 6, "hora_hecho": "04:00", "barrio": "SAN PASCUAL", "estrato": 1, "geom": "0101000020E610000000000000C32153C0000000004F8F0B40", "fecha_hech": "2023-05-26 00:00:00", "Id": 0, "area": 136572.15568900001 }, "geometry": { "type": "Point", "coordinates": [ -76.527526855470001, 3.44497489929 ] } },
{ "type": "Feature", "properties": { "dinamica": "HURTO", "titulo": "DELITOS CONTRA EL PATRIMONIO ECONOMICO", "capitulo": "DEL HURTO", "articulo": "HURTO CALIFICADO. ART. 240 C.P.", "grado_deli": "AGRAVADO", "tipo_notic": "DENUNCIA", "caracteriz": "HURTO A PERSONAS", "modalidad": "ATRACO", "modo": "SIN ARMA", "motivo": null, "pais": "COLOMBIA", "dane_dep": 76, "departamen": "VALLE DEL CAUCA", "dane_mpio": 76001, "municipio": "CALI", "cod_comuna": 3.0, "comuna": "Comuna 3", "cod_barrio": 309.0, "nom_barrio": "San Pascual", "direccion": "76001 KR 15 CON CL 13 KR 15 CL 13", "sitio": "SIN INFORMACION", "x": -76.52864074707, "y": 3.4427750110600002, "anio": 2023, "mes": "mayo", "dia": 26, "dia_semana": 6, "hora_hecho": "10:30", "barrio": null, "estrato": 1, "geom": "0101000020E610000000000040D52153C0000000A0CD8A0B40", "fecha_hech": "2023-05-26 00:00:00", "Id": 0, "area": 136572.15568900001 }, "geometry": { "type": "Point", "coordinates": [ -76.52864074707, 3.44277501106 ] } },
{ "type": "Feature", "properties": { "dinamica": "HURTO", "titulo": "DELITOS CONTRA EL PATRIMONIO ECONOMICO", "capitulo": "DEL HURTO", "articulo": "HURTO. ART. 239 C.P.", "grado_deli": "AGRAVADO", "tipo_notic": "DENUNCIA", "caracteriz": "HURTO A PERSONAS", "modalidad": "COSQUILLEO", "modo": null, "motivo": null, "pais": "COLOMBIA", "dane_dep": 76, "departamen": "VALLE DEL CAUCA", "dane_mpio": 76001, "municipio": "CALI", "cod_comuna": 3.0, "comuna": "Comuna 3", "cod_barrio": 307.0, "nom_barrio": "Santa Rosa", "direccion": "76001 CARRERA 10 10 60, SANTA ROSA, COMUNA 3, CALI, VALLE DEL CAUCA", "sitio": "ESTABLECIMIENTO DE COMERCIO", "x": -76.531967163090002, "y": 3.4470300674400001, "anio": 2023, "mes": "mayo", "dia": 27, "dia_semana": 7, "hora_hecho": "00:00", "barrio": "SANTA ROSA", "estrato": 3, "geom": "0101000020E6100000000000C00B2253C00000008084930B40", "fecha_hech": "2023-05-27 00:00:00", "Id": 0, "area": 136572.15568900001 }, "geometry": { "type": "Point", "coordinates": [ -76.531967163090002, 3.44703006744 ] } },
{ "type": "Feature", "properties": { "dinamica": "HURTO", "titulo": "DELITOS CONTRA EL PATRIMONIO ECONOMICO", "capitulo": "DEL HURTO", "articulo": "HURTO CALIFICADO. ART. 240 C.P.", "grado_deli": "AGRAVADO", "tipo_notic": "DENUNCIA", "caracteriz": "HURTO A CELULARES", "modalidad": "COSQUILLEO", "modo": null, "motivo": null, "pais": "COLOMBIA", "dane_dep": 76, "departamen": "VALLE DEL CAUCA", "dane_mpio": 76001, "municipio": "CALI", "cod_comuna": 3.0, "comuna": "Comuna 3", "cod_barrio": 309.0, "nom_barrio": "San Pascual", "direccion": "76001 CALLE 15 14, SAN PASCUAL, COMUNA 3, CALI, VALLE DEL CAUCA", "sitio": "TRANSPORTE MASIVO", "x": -76.526161193850001, "y": 3.4427099227900002, "anio": 2023, "mes": "mayo", "dia": 27, "dia_semana": 7, "hora_hecho": "17:30", "barrio": "SAN PASCUAL", "estrato": 1, "geom": "0101000020E6100000000000A0AC2153C000000080AB8A0B40", "fecha_hech": "2023-05-27 00:00:00", "Id": 0, "area": 136572.15568900001 }, "geometry": { "type": "Point", "coordinates": [ -76.526161193850001, 3.44270992279 ] } },
{ "type": "Feature", "properties": { "dinamica": "HURTO", "titulo": "DELITOS CONTRA EL PATRIMONIO ECONOMICO", "capitulo": "DEL HURTO", "articulo": "HURTO CALIFICADO. ART. 240 C.P.", "grado_deli": "NINGUNO", "tipo_notic": "DENUNCIA", "caracteriz": "HURTO A PERSONAS", "modalidad": "ATRACO", "modo": "ARMA BLANCA", "motivo": null, "pais": "COLOMBIA", "dane_dep": 76, "departamen": "VALLE DEL CAUCA", "dane_mpio": 76001, "municipio": "CALI", "cod_comuna": 3.0, "comuna": "Comuna 3", "cod_barrio": 310.0, "nom_barrio": "El Calvario", "direccion": "76001 CALLE 13A 10, EL CALVARIO, COMUNA 3, CALI, VALLE DEL CAUCA", "sitio": "VIA PUBLICA", "x": -76.528861999509999, "y": 3.44741511345, "anio": 2023, "mes": "mayo", "dia": 28, "dia_semana": 1, "hora_hecho": "17:30", "barrio": "EL CALVARIO", "estrato": 3, "geom": "0101000020E6100000000000E0D82153C0000000604E940B40", "fecha_hech": "2023-05-28 00:00:00", "Id": 0, "area": 136572.15568900001 }, "geometry": { "type": "Point", "coordinates": [ -76.528861999509999, 3.44741511345 ] } },
{ "type": "Feature", "properties": { "dinamica": "HURTO", "titulo": "DELITOS CONTRA EL PATRIMONIO ECONOMICO", "capitulo": "DEL HURTO", "articulo": "HURTO CALIFICADO. ART. 240 C.P.", "grado_deli": "NINGUNO", "tipo_notic": "DENUNCIA", "caracteriz": "HURTO A PERSONAS", "modalidad": "ATRACO", "modo": "ARMA BLANCA", "motivo": null, "pais": "COLOMBIA", "dane_dep": 76, "departamen": "VALLE DEL CAUCA", "dane_mpio": 76001, "municipio": "CALI", "cod_comuna": 3.0, "comuna": "Comuna 3", "cod_barrio": 309.0, "nom_barrio": "San Pascual", "direccion": "76001 CARRERA 14 13 18, SAN PASCUAL, COMUNA 3, CALI, VALLE DEL CAUCA", "sitio": "OTRO", "x": -76.52857208252, "y": 3.4433100223499999, "anio": 2023, "mes": "mayo", "dia": 29, "dia_semana": 2, "hora_hecho": "10:00", "barrio": "SAN PASCUAL", "estrato": 1, "geom": "0101000020E610000000000020D42153C000000020E68B0B40", "fecha_hech": "2023-05-29 00:00:00", "Id": 0, "area": 136572.15568900001 }, "geometry": { "type": "Point", "coordinates": [ -76.52857208252, 3.44331002235 ] } },
{ "type": "Feature", "properties": { "dinamica": "HURTO", "titulo": "DELITOS CONTRA EL PATRIMONIO ECONOMICO", "capitulo": "DEL HURTO", "articulo": "HURTO. ART. 239 C.P.", "grado_deli": "NINGUNO", "tipo_notic": "DENUNCIA", "caracteriz": "HURTO A CELULARES", "modalidad": "COSQUILLEO", "modo": null, "motivo": null, "pais": "COLOMBIA", "dane_dep": 76, "departamen": "VALLE DEL CAUCA", "dane_mpio": 76001, "municipio": "CALI", "cod_comuna": 3.0, "comuna": "Comuna 3", "cod_barrio": 309.0, "nom_barrio": "San Pascual", "direccion": "76001 CARRERA 14 13 18, SAN PASCUAL, COMUNA 3, CALI, VALLE DEL CAUCA", "sitio": "ESTACION DE SERVICIO", "x": -76.52857208252, "y": 3.4433100223499999, "anio": 2023, "mes": "mayo", "dia": 29, "dia_semana": 2, "hora_hecho": "11:40", "barrio": "SAN PASCUAL", "estrato": 1, "geom": "0101000020E610000000000020D42153C000000020E68B0B40", "fecha_hech": "2023-05-29 00:00:00", "Id": 0, "area": 136572.15568900001 }, "geometry": { "type": "Point", "coordinates": [ -76.52857208252, 3.44331002235 ] } },
{ "type": "Feature", "properties": { "dinamica": "HURTO", "titulo": "DELITOS CONTRA EL PATRIMONIO ECONOMICO", "capitulo": "DEL HURTO", "articulo": "HURTO. ART. 239 C.P.", "grado_deli": "AGRAVADO", "tipo_notic": "DENUNCIA", "caracteriz": "HURTO A CELULARES", "modalidad": "COSQUILLEO", "modo": null, "motivo": null, "pais": "COLOMBIA", "dane_dep": 76, "departamen": "VALLE DEL CAUCA", "dane_mpio": 76001, "municipio": "CALI", "cod_comuna": 3.0, "comuna": "Comuna 3", "cod_barrio": 309.0, "nom_barrio": "San Pascual", "direccion": "76001 CALI, VALLE DEL CAUCA", "sitio": "TRANSPORTE MASIVO", "x": -76.529067993159998, "y": 3.4441299438500002, "anio": 2023, "mes": "mayo", "dia": 31, "dia_semana": 4, "hora_hecho": "10:30", "barrio": "SAN PASCUAL", "estrato": 1, "geom": "0101000020E610000000000040DC2153C000000000948D0B40", "fecha_hech": "2023-05-31 00:00:00", "Id": 0, "area": 136572.15568900001 }, "geometry": { "type": "Point", "coordinates": [ -76.529067993159998, 3.44412994385 ] } },
{ "type": "Feature", "properties": { "dinamica": "HURTO", "titulo": "DELITOS CONTRA EL PATRIMONIO ECONOMICO", "capitulo": "DEL HURTO", "articulo": "HURTO. ART. 239 C.P.", "grado_deli": "NINGUNO", "tipo_notic": "DENUNCIA", "caracteriz": "HURTO A CELULARES", "modalidad": "FACTOR DE OPORTUNIDAD", "modo": null, "motivo": null, "pais": "COLOMBIA", "dane_dep": 76, "departamen": "VALLE DEL CAUCA", "dane_mpio": 76001, "municipio": "CALI", "cod_comuna": 3.0, "comuna": "Comuna 3", "cod_barrio": 309.0, "nom_barrio": "San Pascual", "direccion": "76001 CL 12 A CON KR 13 A-29 Calle 12A  carrera 13 A 29 SUR", "sitio": "SIN INFORMACION", "x": -76.52816772461, "y": 3.4450860023500001, "anio": 2023, "mes": "junio", "dia": 1, "dia_semana": 5, "hora_hecho": "01:00", "barrio": null, "estrato": 1, "geom": "0101000020E610000000000080CD2153C000000040898F0B40", "fecha_hech": "2023-06-01 00:00:00", "Id": 0, "area": 136572.15568900001 }, "geometry": { "type": "Point", "coordinates": [ -76.52816772461, 3.44508600235 ] } },
{ "type": "Feature", "properties": { "dinamica": "HURTO", "titulo": "DELITOS CONTRA EL PATRIMONIO ECONOMICO", "capitulo": "DEL HURTO", "articulo": "HURTO CALIFICADO. ART. 240 C.P.", "grado_deli": "AGRAVADO", "tipo_notic": "DENUNCIA", "caracteriz": "HURTO A CELULARES", "modalidad": "ATRACO", "modo": "ARMA DE FUEGO", "motivo": "SIN DETERMINAR", "pais": "COLOMBIA", "dane_dep": 76, "departamen": "VALLE DEL CAUCA", "dane_mpio": 76001, "municipio": "CALI", "cod_comuna": 3.0, "comuna": "Comuna 3", "cod_barrio": 309.0, "nom_barrio": "San Pascual", "direccion": "76001 CALI, VALLE DEL CAUCA", "sitio": "TRANSPORTE MASIVO", "x": -76.527534484859999, "y": 3.4426980018600002, "anio": 2023, "mes": "junio", "dia": 1, "dia_semana": 5, "hora_hecho": "20:30", "barrio": "GUAYAQUIL", "estrato": 1, "geom": "0101000020E610000000000020C32153C000000040A58A0B40", "fecha_hech": "2023-06-01 00:00:00", "Id": 0, "area": 136572.15568900001 }, "geometry": { "type": "Point", "coordinates": [ -76.527534484859999, 3.44269800186 ] } },
{ "type": "Feature", "properties": { "dinamica": "HURTO", "titulo": "DELITOS CONTRA EL PATRIMONIO ECONOMICO", "capitulo": "DEL HURTO", "articulo": "HURTO CALIFICADO. ART. 240 C.P.", "grado_deli": "NINGUNO", "tipo_notic": "DENUNCIA", "caracteriz": "HURTO A PERSONAS", "modalidad": "ATRACO", "modo": "ARMA DE FUEGO", "motivo": null, "pais": "COLOMBIA", "dane_dep": 76, "departamen": "VALLE DEL CAUCA", "dane_mpio": 76001, "municipio": "CALI", "cod_comuna": 3.0, "comuna": "Comuna 3", "cod_barrio": 306.0, "nom_barrio": "San Juan Bosco", "direccion": "76001 CALI, VALLE DEL CAUCA", "sitio": "VIA PUBLICA", "x": -76.531959533689999, "y": 3.44259810448, "anio": 2023, "mes": "junio", "dia": 2, "dia_semana": 6, "hora_hecho": "17:30", "barrio": "SAN JUAN BOSCO", "estrato": 3, "geom": "0101000020E6100000000000A00B2253C0000000E0708A0B40", "fecha_hech": "2023-06-02 00:00:00", "Id": 0, "area": 136572.15568900001 }, "geometry": { "type": "Point", "coordinates": [ -76.531959533689999, 3.44259810448 ] } },
{ "type": "Feature", "properties": { "dinamica": "HURTO", "titulo": "DELITOS CONTRA EL PATRIMONIO ECONOMICO", "capitulo": "DEL HURTO", "articulo": "HURTO CALIFICADO. ART. 240 C.P.", "grado_deli": "NINGUNO", "tipo_notic": "DENUNCIA", "caracteriz": "HURTO DE MOTOCICLETAS", "modalidad": "HALADO", "modo": null, "motivo": null, "pais": "COLOMBIA", "dane_dep": 76, "departamen": "VALLE DEL CAUCA", "dane_mpio": 76001, "municipio": "CALI", "cod_comuna": 3.0, "comuna": "Comuna 3", "cod_barrio": 307.0, "nom_barrio": "Santa Rosa", "direccion": "76001 CARRERA 10 10 60, SANTA ROSA, COMUNA 3, CALI, VALLE DEL CAUCA", "sitio": "DOMICILIO", "x": -76.531967163090002, "y": 3.4470300674400001, "anio": 2023, "mes": "junio", "dia": 3, "dia_semana": 7, "hora_hecho": "00:00", "barrio": "SANTA ROSA", "estrato": 3, "geom": "0101000020E6100000000000C00B2253C00000008084930B40", "fecha_hech": "2023-06-03 00:00:00", "Id": 0, "area": 136572.15568900001 }, "geometry": { "type": "Point", "coordinates": [ -76.531967163090002, 3.44703006744 ] } },
{ "type": "Feature", "properties": { "dinamica": "HURTO", "titulo": "DELITOS CONTRA EL PATRIMONIO ECONOMICO", "capitulo": "DEL HURTO", "articulo": "HURTO CALIFICADO. ART. 240 C.P.", "grado_deli": "AGRAVADO", "tipo_notic": "DENUNCIA", "caracteriz": "HURTO A PERSONAS", "modalidad": "ATRACO", "modo": "ARMA BLANCA", "motivo": null, "pais": "COLOMBIA", "dane_dep": 76, "departamen": "VALLE DEL CAUCA", "dane_mpio": 76001, "municipio": "CALI", "cod_comuna": 3.0, "comuna": "Comuna 3", "cod_barrio": 309.0, "nom_barrio": "San Pascual", "direccion": "76001 Carrera 13, San Pascual, Comuna 3, Cali, Valle del Cauca, COL,SAN PASCUAL", "sitio": "SIN INFORMACION", "x": -76.528350830080001, "y": 3.4442839622500001, "anio": 2023, "mes": "junio", "dia": 4, "dia_semana": 1, "hora_hecho": "19:00", "barrio": "SAN PASCUAL", "estrato": 1, "geom": "0101000020E610000000000080D02153C0000000C0E48D0B40", "fecha_hech": "2023-06-04 00:00:00", "Id": 0, "area": 136572.15568900001 }, "geometry": { "type": "Point", "coordinates": [ -76.528350830080001, 3.44428396225 ] } },
{ "type": "Feature", "properties": { "dinamica": "HURTO", "titulo": "DELITOS CONTRA EL PATRIMONIO ECONOMICO", "capitulo": "DEL HURTO", "articulo": "HURTO CALIFICADO. ART. 240 C.P.", "grado_deli": "AGRAVADO", "tipo_notic": "DENUNCIA", "caracteriz": "HURTO A PERSONAS", "modalidad": "ATRACO", "modo": "ARMA BLANCA", "motivo": null, "pais": "COLOMBIA", "dane_dep": 76, "departamen": "VALLE DEL CAUCA", "dane_mpio": 76001, "municipio": "CALI", "cod_comuna": 3.0, "comuna": "Comuna 3", "cod_barrio": 309.0, "nom_barrio": "San Pascual", "direccion": "76001 CALLE 13 CON CARRERA 13, SAN PASCUAL, COMUNA 3, CALI, VALLE DEL CAUCA", "sitio": "VIA PUBLICA", "x": -76.529098510739999, "y": 3.4445300102199998, "anio": 2023, "mes": "junio", "dia": 5, "dia_semana": 2, "hora_hecho": "02:00", "barrio": "SAN PASCUAL", "estrato": 1, "geom": "0101000020E6100000000000C0DC2153C0000000C0658E0B40", "fecha_hech": "2023-06-05 00:00:00", "Id": 0, "area": 136572.15568900001 }, "geometry": { "type": "Point", "coordinates": [ -76.529098510739999, 3.44453001022 ] } },
{ "type": "Feature", "properties": { "dinamica": "HURTO", "titulo": "DELITOS CONTRA EL PATRIMONIO ECONOMICO", "capitulo": "DEL HURTO", "articulo": "HURTO. ART. 239 C.P.", "grado_deli": "NINGUNO", "tipo_notic": "DENUNCIA", "caracteriz": "HURTO A PERSONAS", "modalidad": "COSQUILLEO", "modo": null, "motivo": null, "pais": "COLOMBIA", "dane_dep": 76, "departamen": "VALLE DEL CAUCA", "dane_mpio": 76001, "municipio": "CALI", "cod_comuna": 3.0, "comuna": "Comuna 3", "cod_barrio": 309.0, "nom_barrio": "San Pascual", "direccion": "76001 Carrera 13, San Pascual, Comuna 3, Cali, Valle del Cauca, COL,SAN PASCUAL", "sitio": "SIN INFORMACION", "x": -76.528373718259999, "y": 3.4445669651, "anio": 2023, "mes": "junio", "dia": 5, "dia_semana": 2, "hora_hecho": "09:00", "barrio": "SAN PASCUAL", "estrato": 1, "geom": "0101000020E6100000000000E0D02153C000000020798E0B40", "fecha_hech": "2023-06-05 00:00:00", "Id": 0, "area": 136572.15568900001 }, "geometry": { "type": "Point", "coordinates": [ -76.528373718259999, 3.4445669651 ] } },
{ "type": "Feature", "properties": { "dinamica": "HURTO", "titulo": "DELITOS CONTRA EL PATRIMONIO ECONOMICO", "capitulo": "DEL HURTO", "articulo": "HURTO CALIFICADO. ART. 240 C.P.", "grado_deli": "NINGUNO", "tipo_notic": "DENUNCIA", "caracteriz": "HURTO A CELULARES", "modalidad": "RAPONAZO", "modo": null, "motivo": "SIN DETERMINAR", "pais": "COLOMBIA", "dane_dep": 76, "departamen": "VALLE DEL CAUCA", "dane_mpio": 76001, "municipio": "CALI", "cod_comuna": 3.0, "comuna": "Comuna 3", "cod_barrio": 306.0, "nom_barrio": "San Juan Bosco", "direccion": "76001 CARRERA 13 10 7, SAN JUAN BOSCO, COMUNA 3, CALI, VALLE DEL CAUCA", "sitio": "VIA PUBLICA", "x": -76.532196044919999, "y": 3.4444479942299999, "anio": 2023, "mes": "junio", "dia": 6, "dia_semana": 3, "hora_hecho": "05:00", "barrio": "SAN JUAN BOSCO", "estrato": 3, "geom": "0101000020E6100000000000800F2253C0000000C03A8E0B40", "fecha_hech": "2023-06-06 00:00:00", "Id": 0, "area": 136572.15568900001 }, "geometry": { "type": "Point", "coordinates": [ -76.532196044919999, 3.44444799423 ] } },
{ "type": "Feature", "properties": { "dinamica": "HURTO", "titulo": "DELITOS CONTRA EL PATRIMONIO ECONOMICO", "capitulo": "DEL HURTO", "articulo": "HURTO CALIFICADO. ART. 240 C.P.", "grado_deli": "NINGUNO", "tipo_notic": "DENUNCIA", "caracteriz": "HURTO A CELULARES", "modalidad": "ATRACO", "modo": "ARMA BLANCA", "motivo": "SIN DETERMINAR", "pais": "COLOMBIA", "dane_dep": 76, "departamen": "VALLE DEL CAUCA", "dane_mpio": 76001, "municipio": "CALI", "cod_comuna": 3.0, "comuna": "Comuna 3", "cod_barrio": 309.0, "nom_barrio": "San Pascual", "direccion": "76001 CL 15 CON KR 14-15 CL 15 Etre 14 CL 14 15 NORTE", "sitio": "SIN INFORMACION", "x": -76.526245117190001, "y": 3.4428379535700002, "anio": 2023, "mes": "junio", "dia": 6, "dia_semana": 3, "hora_hecho": "06:30", "barrio": null, "estrato": 1, "geom": "0101000020E610000000000000AE2153C0000000A0EE8A0B40", "fecha_hech": "2023-06-06 00:00:00", "Id": 0, "area": 136572.15568900001 }, "geometry": { "type": "Point", "coordinates": [ -76.526245117190001, 3.44283795357 ] } },
{ "type": "Feature", "properties": { "dinamica": "HURTO", "titulo": "DELITOS CONTRA EL PATRIMONIO ECONOMICO", "capitulo": "DEL HURTO", "articulo": "HURTO CALIFICADO. ART. 240 C.P.", "grado_deli": "NINGUNO", "tipo_notic": "DENUNCIA", "caracteriz": "HURTO A PERSONAS", "modalidad": "FACTOR DE OPORTUNIDAD", "modo": null, "motivo": null, "pais": "COLOMBIA", "dane_dep": 76, "departamen": "VALLE DEL CAUCA", "dane_mpio": 76001, "municipio": "CALI", "cod_comuna": 3.0, "comuna": "Comuna 3", "cod_barrio": 310.0, "nom_barrio": "El Calvario", "direccion": "76001 KR 10 CON CL 12 CARRERA 10 CALLE 12", "sitio": "PARQUEADERO", "x": -76.530723571780001, "y": 3.4472570419299999, "anio": 2023, "mes": "junio", "dia": 9, "dia_semana": 6, "hora_hecho": "12:00", "barrio": null, "estrato": 3, "geom": "0101000020E610000000000060F72153C000000080FB930B40", "fecha_hech": "2023-06-09 00:00:00", "Id": 0, "area": 136572.15568900001 }, "geometry": { "type": "Point", "coordinates": [ -76.530723571780001, 3.44725704193 ] } },
{ "type": "Feature", "properties": { "dinamica": "HURTO", "titulo": "DELITOS CONTRA EL PATRIMONIO ECONOMICO", "capitulo": "DEL HURTO", "articulo": "HURTO CALIFICADO. ART. 240 C.P.", "grado_deli": "NINGUNO", "tipo_notic": "ACTOS URGENTES", "caracteriz": "HURTO A PERSONAS", "modalidad": "ATRACO", "modo": "ARMA BLANCA", "motivo": null, "pais": "COLOMBIA", "dane_dep": 76, "departamen": "VALLE DEL CAUCA", "dane_mpio": 76001, "municipio": "CALI", "cod_comuna": 3.0, "comuna": "Comuna 3", "cod_barrio": 310.0, "nom_barrio": "El Calvario", "direccion": "76001 CALLE 11 CON CARRERA 11, SANTA ROSA, COMUNA 3, CALI, VALLE DEL CAUCA", "sitio": "VIA PUBLICA", "x": -76.531257629389998, "y": 3.44638991356, "anio": 2023, "mes": "junio", "dia": 11, "dia_semana": 1, "hora_hecho": "21:30", "barrio": "EL CALVARIO", "estrato": 3, "geom": "0101000020E610000000000020002253C0000000E034920B40", "fecha_hech": "2023-06-11 00:00:00", "Id": 0, "area": 136572.15568900001 }, "geometry": { "type": "Point", "coordinates": [ -76.531257629389998, 3.44638991356 ] } },
{ "type": "Feature", "properties": { "dinamica": "HURTO", "titulo": "DELITOS CONTRA EL PATRIMONIO ECONOMICO", "capitulo": "DEL HURTO", "articulo": "HURTO CALIFICADO. ART. 240 C.P.", "grado_deli": "AGRAVADO", "tipo_notic": "DENUNCIA", "caracteriz": "HURTO A PERSONAS", "modalidad": "ATRACO", "modo": "ARMA BLANCA", "motivo": null, "pais": "COLOMBIA", "dane_dep": 76, "departamen": "VALLE DEL CAUCA", "dane_mpio": 76001, "municipio": "CALI", "cod_comuna": 3.0, "comuna": "Comuna 3", "cod_barrio": 309.0, "nom_barrio": "San Pascual", "direccion": "76001 KR 15 CON CL 13 A carrera 15 Calle 13 A", "sitio": "ESTACION DE ARTICULADO", "x": -76.528549194340002, "y": 3.4428811073299999, "anio": 2023, "mes": "junio", "dia": 11, "dia_semana": 1, "hora_hecho": "21:30", "barrio": null, "estrato": 1, "geom": "0101000020E6100000000000C0D32153C000000040058B0B40", "fecha_hech": "2023-06-11 00:00:00", "Id": 0, "area": 136572.15568900001 }, "geometry": { "type": "Point", "coordinates": [ -76.528549194340002, 3.44288110733 ] } },
{ "type": "Feature", "properties": { "dinamica": "HURTO", "titulo": "DELITOS CONTRA EL PATRIMONIO ECONOMICO", "capitulo": "DEL HURTO", "articulo": "HURTO. ART. 239 C.P.", "grado_deli": "NINGUNO", "tipo_notic": "DENUNCIA", "caracteriz": "HURTO A PERSONAS", "modalidad": "COSQUILLEO", "modo": null, "motivo": null, "pais": "COLOMBIA", "dane_dep": 76, "departamen": "VALLE DEL CAUCA", "dane_mpio": 76001, "municipio": "CALI", "cod_comuna": 3.0, "comuna": "Comuna 3", "cod_barrio": 309.0, "nom_barrio": "San Pascual", "direccion": "76001 KR 15 CL 13-15 CARRERA 15 CON CALLE 13 15", "sitio": "SIN INFORMACION", "x": -76.528594970699999, "y": 3.4429099559799998, "anio": 2023, "mes": "junio", "dia": 13, "dia_semana": 3, "hora_hecho": "07:00", "barrio": null, "estrato": 1, "geom": "0101000020E610000000000080D42153C000000060148B0B40", "fecha_hech": "2023-06-13 00:00:00", "Id": 0, "area": 136572.15568900001 }, "geometry": { "type": "Point", "coordinates": [ -76.528594970699999, 3.44290995598 ] } },
{ "type": "Feature", "properties": { "dinamica": "HURTO", "titulo": "DELITOS CONTRA EL PATRIMONIO ECONOMICO", "capitulo": "DEL HURTO", "articulo": "HURTO CALIFICADO. ART. 240 C.P.", "grado_deli": "NINGUNO", "tipo_notic": "DENUNCIA", "caracteriz": "HURTO A PERSONAS", "modalidad": "ATRACO", "modo": "ARMA BLANCA", "motivo": null, "pais": "COLOMBIA", "dane_dep": 76, "departamen": "VALLE DEL CAUCA", "dane_mpio": 76001, "municipio": "CALI", "cod_comuna": 3.0, "comuna": "Comuna 3", "cod_barrio": 310.0, "nom_barrio": "El Calvario", "direccion": "76001 BARRIO/LOCALIDAD/COMUNA:EL CALVARIO/COMUNA 3,CALI/VALLE DEL CAUCA,EL CALVARIO", "sitio": "SIN INFORMACION", "x": -76.529411315920001, "y": 3.4475889205899999, "anio": 2023, "mes": "junio", "dia": 13, "dia_semana": 3, "hora_hecho": "10:20", "barrio": "EL CALVARIO", "estrato": 3, "geom": "0101000020E6100000000000E0E12153C000000080A9940B40", "fecha_hech": "2023-06-13 00:00:00", "Id": 0, "area": 136572.15568900001 }, "geometry": { "type": "Point", "coordinates": [ -76.529411315920001, 3.44758892059 ] } },
{ "type": "Feature", "properties": { "dinamica": "HURTO", "titulo": "DELITOS CONTRA EL PATRIMONIO ECONOMICO", "capitulo": "DEL HURTO", "articulo": "HURTO CALIFICADO. ART. 240 C.P.", "grado_deli": "AGRAVADO", "tipo_notic": "DENUNCIA", "caracteriz": "HURTO A PERSONAS", "modalidad": "ATRACO", "modo": "SIN ARMA", "motivo": null, "pais": "COLOMBIA", "dane_dep": 76, "departamen": "VALLE DEL CAUCA", "dane_mpio": 76001, "municipio": "CALI", "cod_comuna": 3.0, "comuna": "Comuna 3", "cod_barrio": 309.0, "nom_barrio": "San Pascual", "direccion": "76001 Calle 13 con Carrera 13, San Pascual, Comuna 3, Cali, Valle del Cauca, COL,SAN PASCUAL", "sitio": "SIN INFORMACION", "x": -76.529098510739999, "y": 3.4445300102199998, "anio": 2023, "mes": "junio", "dia": 13, "dia_semana": 3, "hora_hecho": "20:52", "barrio": "SAN PASCUAL", "estrato": 1, "geom": "0101000020E6100000000000C0DC2153C0000000C0658E0B40", "fecha_hech": "2023-06-13 00:00:00", "Id": 0, "area": 136572.15568900001 }, "geometry": { "type": "Point", "coordinates": [ -76.529098510739999, 3.44453001022 ] } },
{ "type": "Feature", "properties": { "dinamica": "HURTO", "titulo": "DELITOS CONTRA EL PATRIMONIO ECONOMICO", "capitulo": "DEL HURTO", "articulo": "HURTO. ART. 239 C.P.", "grado_deli": "NINGUNO", "tipo_notic": "DENUNCIA", "caracteriz": "HURTO A PERSONAS", "modalidad": "FACTOR DE OPORTUNIDAD", "modo": null, "motivo": null, "pais": "COLOMBIA", "dane_dep": 76, "departamen": "VALLE DEL CAUCA", "dane_mpio": 76001, "municipio": "CALI", "cod_comuna": 3.0, "comuna": "Comuna 3", "cod_barrio": 309.0, "nom_barrio": "San Pascual", "direccion": "76001 BARRIO/LOCALIDAD/COMUNA:SAN PASCUAL/COMUNA 3,CALI/VALLE DEL CAUCA,SAN PASCUAL", "sitio": "SIN INFORMACION", "x": -76.528427124019998, "y": 3.4443049430800001, "anio": 2023, "mes": "junio", "dia": 14, "dia_semana": 4, "hora_hecho": "15:30", "barrio": "SAN PASCUAL", "estrato": 1, "geom": "0101000020E6100000000000C0D12153C0000000C0EF8D0B40", "fecha_hech": "2023-06-14 00:00:00", "Id": 0, "area": 136572.15568900001 }, "geometry": { "type": "Point", "coordinates": [ -76.528427124019998, 3.44430494308 ] } },
{ "type": "Feature", "properties": { "dinamica": "HURTO", "titulo": "DELITOS CONTRA EL PATRIMONIO ECONOMICO", "capitulo": "DEL HURTO", "articulo": "HURTO CALIFICADO. ART. 240 C.P.", "grado_deli": "NINGUNO", "tipo_notic": "DENUNCIA", "caracteriz": "HURTO A ESTABLECIMIENTOS", "modalidad": "VIOLACION DE CERRADURA", "modo": null, "motivo": null, "pais": "COLOMBIA", "dane_dep": 76, "departamen": "VALLE DEL CAUCA", "dane_mpio": 76001, "municipio": "CALI", "cod_comuna": 3.0, "comuna": "Comuna 3", "cod_barrio": 309.0, "nom_barrio": "San Pascual", "direccion": "76001 Carrera 12A con Calle 13A, San Pascual, Comuna 3, Cali, Valle del Cauca, COL,SAN PASCUAL", "sitio": "SIN INFORMACION", "x": -76.528266906740001, "y": 3.4451999664300001, "anio": 2023, "mes": "junio", "dia": 14, "dia_semana": 4, "hora_hecho": "22:22", "barrio": "SAN PASCUAL", "estrato": 1, "geom": "0101000020E610000000000020CF2153C000000000C58F0B40", "fecha_hech": "2023-06-14 00:00:00", "Id": 0, "area": 136572.15568900001 }, "geometry": { "type": "Point", "coordinates": [ -76.528266906740001, 3.44519996643 ] } },
{ "type": "Feature", "properties": { "dinamica": "HURTO", "titulo": "DELITOS CONTRA EL PATRIMONIO ECONOMICO", "capitulo": "DEL HURTO", "articulo": "HURTO CALIFICADO. ART. 240 C.P.", "grado_deli": "NINGUNO", "tipo_notic": "DENUNCIA", "caracteriz": "HURTO A PERSONAS", "modalidad": "ATRACO", "modo": "ARMA BLANCA", "motivo": null, "pais": "COLOMBIA", "dane_dep": 76, "departamen": "VALLE DEL CAUCA", "dane_mpio": 76001, "municipio": "CALI", "cod_comuna": 3.0, "comuna": "Comuna 3", "cod_barrio": 310.0, "nom_barrio": "El Calvario", "direccion": "76001 BARRIO/LOCALIDAD/COMUNA:SAN PEDRO/COMUNA 3,CALI/VALLE DEL CAUCA,SAN PEDRO", "sitio": "SIN INFORMACION", "x": -76.527450561519998, "y": 3.4475779533400002, "anio": 2023, "mes": "junio", "dia": 15, "dia_semana": 5, "hora_hecho": "15:20", "barrio": "SAN PEDRO", "estrato": 3, "geom": "0101000020E6100000000000C0C12153C0000000C0A3940B40", "fecha_hech": "2023-06-15 00:00:00", "Id": 0, "area": 136572.15568900001 }, "geometry": { "type": "Point", "coordinates": [ -76.527450561519998, 3.44757795334 ] } },
{ "type": "Feature", "properties": { "dinamica": "HURTO", "titulo": "DELITOS CONTRA EL PATRIMONIO ECONOMICO", "capitulo": "DEL HURTO", "articulo": "HURTO. ART. 239 C.P.", "grado_deli": "NINGUNO", "tipo_notic": "DENUNCIA", "caracteriz": "HURTO A CELULARES", "modalidad": "COSQUILLEO", "modo": null, "motivo": null, "pais": "COLOMBIA", "dane_dep": 76, "departamen": "VALLE DEL CAUCA", "dane_mpio": 76001, "municipio": "CALI", "cod_comuna": 3.0, "comuna": "Comuna 3", "cod_barrio": 309.0, "nom_barrio": "San Pascual", "direccion": "76001 Calle 15 con Carrera 12, El Calvario, Comuna 9, Cali, Valle del Cauca, COL,SAN PASCUAL", "sitio": "SIN INFORMACION", "x": -76.52700805664, "y": 3.4458899498000002, "anio": 2023, "mes": "junio", "dia": 16, "dia_semana": 6, "hora_hecho": "15:47", "barrio": "SAN PASCUAL", "estrato": 1, "geom": "0101000020E610000000000080BA2153C0000000C02E910B40", "fecha_hech": "2023-06-16 00:00:00", "Id": 0, "area": 136572.15568900001 }, "geometry": { "type": "Point", "coordinates": [ -76.52700805664, 3.4458899498 ] } },
{ "type": "Feature", "properties": { "dinamica": "HURTO", "titulo": "DELITOS CONTRA EL PATRIMONIO ECONOMICO", "capitulo": "DEL HURTO", "articulo": "HURTO CALIFICADO. ART. 240 C.P.", "grado_deli": "NINGUNO", "tipo_notic": "DENUNCIA", "caracteriz": "HURTO A PERSONAS", "modalidad": "ATRACO", "modo": "ARMA BLANCA", "motivo": null, "pais": "COLOMBIA", "dane_dep": 76, "departamen": "VALLE DEL CAUCA", "dane_mpio": 76001, "municipio": "CALI", "cod_comuna": 3.0, "comuna": "Comuna 3", "cod_barrio": 309.0, "nom_barrio": "San Pascual", "direccion": "76001 CARRERA 13, SAN PASCUAL, COMUNA 3, CALI, VALLE DEL CAUCA", "sitio": "VIA PUBLICA", "x": -76.527740478520002, "y": 3.4446458816500001, "anio": 2023, "mes": "junio", "dia": 17, "dia_semana": 7, "hora_hecho": "22:00", "barrio": "SAN PASCUAL", "estrato": 1, "geom": "0101000020E610000000000080C62153C000000080A28E0B40", "fecha_hech": "2023-06-17 00:00:00", "Id": 0, "area": 136572.15568900001 }, "geometry": { "type": "Point", "coordinates": [ -76.527740478520002, 3.44464588165 ] } },
{ "type": "Feature", "properties": { "dinamica": "HURTO", "titulo": "DELITOS CONTRA EL PATRIMONIO ECONOMICO", "capitulo": "DEL HURTO", "articulo": "HURTO. ART. 239 C.P.", "grado_deli": "NINGUNO", "tipo_notic": "QUERELLA", "caracteriz": "HURTO A PERSONAS", "modalidad": "FACTOR DE OPORTUNIDAD", "modo": null, "motivo": null, "pais": "COLOMBIA", "dane_dep": 76, "departamen": "VALLE DEL CAUCA", "dane_mpio": 76001, "municipio": "CALI", "cod_comuna": 3.0, "comuna": "Comuna 3", "cod_barrio": 309.0, "nom_barrio": "San Pascual", "direccion": "76001 Carrera 12A 13A 2-148, San Pascual, Comuna 3, Cali, Valle del Cauca, COL,SAN PASCUAL", "sitio": "SIN INFORMACION", "x": -76.52808380127, "y": 3.4451100826299998, "anio": 2023, "mes": "junio", "dia": 22, "dia_semana": 5, "hora_hecho": "10:05", "barrio": "SAN PASCUAL", "estrato": 1, "geom": "0101000020E610000000000020CC2153C0000000E0958F0B40", "fecha_hech": "2023-06-22 00:00:00", "Id": 0, "area": 136572.15568900001 }, "geometry": { "type": "Point", "coordinates": [ -76.52808380127, 3.44511008263 ] } },
{ "type": "Feature", "properties": { "dinamica": "HURTO", "titulo": "DELITOS CONTRA EL PATRIMONIO ECONOMICO", "capitulo": "DEL HURTO", "articulo": "HURTO. ART. 239 C.P.", "grado_deli": "NINGUNO", "tipo_notic": "DENUNCIA", "caracteriz": "HURTO A CELULARES", "modalidad": "COSQUILLEO", "modo": null, "motivo": null, "pais": "COLOMBIA", "dane_dep": 76, "departamen": "VALLE DEL CAUCA", "dane_mpio": 76001, "municipio": "CALI", "cod_comuna": 3.0, "comuna": "Comuna 3", "cod_barrio": 309.0, "nom_barrio": "San Pascual", "direccion": "76001 CALLE 13, SAN PASCUAL, COMUNA 3, CALI, VALLE DEL CAUCA", "sitio": "TRANSPORTE MASIVO", "x": -76.528686523440001, "y": 3.44310498238, "anio": 2023, "mes": "junio", "dia": 23, "dia_semana": 6, "hora_hecho": "07:30", "barrio": "SAN PASCUAL", "estrato": 1, "geom": "0101000020E610000000000000D62153C0000000A07A8B0B40", "fecha_hech": "2023-06-23 00:00:00", "Id": 0, "area": 136572.15568900001 }, "geometry": { "type": "Point", "coordinates": [ -76.528686523440001, 3.44310498238 ] } },
{ "type": "Feature", "properties": { "dinamica": "HURTO", "titulo": "DELITOS CONTRA EL PATRIMONIO ECONOMICO", "capitulo": "DEL HURTO", "articulo": "HURTO CALIFICADO. ART. 240 C.P.", "grado_deli": "NINGUNO", "tipo_notic": "DENUNCIA", "caracteriz": "HURTO A ESTABLECIMIENTOS", "modalidad": "ATRACO", "modo": "ARMA DE FUEGO", "motivo": null, "pais": "COLOMBIA", "dane_dep": 76, "departamen": "VALLE DEL CAUCA", "dane_mpio": 76001, "municipio": "CALI", "cod_comuna": 3.0, "comuna": "Comuna 3", "cod_barrio": 310.0, "nom_barrio": "El Calvario", "direccion": "76001 Carrera 11 con Calle 13, El Calvario, Comuna 3, Cali, Valle del Cauca, COL,EL CALVARIO", "sitio": "SIN INFORMACION", "x": -76.529678344730002, "y": 3.44673991203, "anio": 2023, "mes": "junio", "dia": 23, "dia_semana": 6, "hora_hecho": "16:30", "barrio": "EL CALVARIO", "estrato": 3, "geom": "0101000020E610000000000040E62153C000000060EC920B40", "fecha_hech": "2023-06-23 00:00:00", "Id": 0, "area": 136572.15568900001 }, "geometry": { "type": "Point", "coordinates": [ -76.529678344730002, 3.44673991203 ] } },
{ "type": "Feature", "properties": { "dinamica": "HURTO", "titulo": "DELITOS CONTRA EL PATRIMONIO ECONOMICO", "capitulo": "DEL HURTO", "articulo": "HURTO CALIFICADO. ART. 240 C.P.", "grado_deli": "TENTATIVA/AGRAVADO", "tipo_notic": "ACTOS URGENTES", "caracteriz": "HURTO A CELULARES", "modalidad": "ATRACO", "modo": "ARMA BLANCA", "motivo": "IBA CHATEANDO", "pais": "COLOMBIA", "dane_dep": 76, "departamen": "VALLE DEL CAUCA", "dane_mpio": 76001, "municipio": "CALI", "cod_comuna": 3.0, "comuna": "Comuna 3", "cod_barrio": 309.0, "nom_barrio": "San Pascual", "direccion": "76001 CARRERA 15 13, SAN PASCUAL, COMUNA 3, CALI, VALLE DEL CAUCA", "sitio": "VIA PUBLICA", "x": -76.528549194340002, "y": 3.4427950382199999, "anio": 2023, "mes": "junio", "dia": 26, "dia_semana": 2, "hora_hecho": "18:50", "barrio": "GUAYAQUIL", "estrato": 1, "geom": "0101000020E6100000000000C0D32153C000000020D88A0B40", "fecha_hech": "2023-06-26 00:00:00", "Id": 0, "area": 136572.15568900001 }, "geometry": { "type": "Point", "coordinates": [ -76.528549194340002, 3.44279503822 ] } },
{ "type": "Feature", "properties": { "dinamica": "HURTO", "titulo": "DELITOS CONTRA EL PATRIMONIO ECONOMICO", "capitulo": "DEL HURTO", "articulo": "HURTO CALIFICADO. ART. 240 C.P.", "grado_deli": "AGRAVADO", "tipo_notic": "DENUNCIA", "caracteriz": "HURTO A PERSONAS", "modalidad": "ATRACO", "modo": "ARMA DE FUEGO", "motivo": null, "pais": "COLOMBIA", "dane_dep": 76, "departamen": "VALLE DEL CAUCA", "dane_mpio": 76001, "municipio": "CALI", "cod_comuna": 3.0, "comuna": "Comuna 3", "cod_barrio": 310.0, "nom_barrio": "El Calvario", "direccion": "76001 CALLE 13A 10, EL CALVARIO, COMUNA 3, CALI, VALLE DEL CAUCA", "sitio": "VIA PUBLICA", "x": -76.528861999509999, "y": 3.44741511345, "anio": 2023, "mes": "junio", "dia": 29, "dia_semana": 5, "hora_hecho": "17:00", "barrio": "EL CALVARIO", "estrato": 3, "geom": "0101000020E6100000000000E0D82153C0000000604E940B40", "fecha_hech": "2023-06-29 00:00:00", "Id": 0, "area": 136572.15568900001 }, "geometry": { "type": "Point", "coordinates": [ -76.528861999509999, 3.44741511345 ] } },
{ "type": "Feature", "properties": { "dinamica": "HURTO", "titulo": "DELITOS CONTRA EL PATRIMONIO ECONOMICO", "capitulo": "DEL HURTO", "articulo": "HURTO CALIFICADO. ART. 240 C.P.", "grado_deli": "AGRAVADO", "tipo_notic": "DENUNCIA", "caracteriz": "HURTO A PERSONAS", "modalidad": "ATRACO", "modo": "SIN ARMA", "motivo": null, "pais": "COLOMBIA", "dane_dep": 76, "departamen": "VALLE DEL CAUCA", "dane_mpio": 76001, "municipio": "CALI", "cod_comuna": 3.0, "comuna": "Comuna 3", "cod_barrio": 309.0, "nom_barrio": "San Pascual", "direccion": "76001 Carrera 13, San Pascual, Comuna 3, Cali, Valle del Cauca, COL,SAN PASCUAL", "sitio": "SIN INFORMACION", "x": -76.527740478520002, "y": 3.44476699829, "anio": 2023, "mes": "junio", "dia": 29, "dia_semana": 5, "hora_hecho": "23:00", "barrio": "SAN PASCUAL", "estrato": 1, "geom": "0101000020E610000000000080C62153C000000000E28E0B40", "fecha_hech": "2023-06-29 00:00:00", "Id": 0, "area": 136572.15568900001 }, "geometry": { "type": "Point", "coordinates": [ -76.527740478520002, 3.44476699829 ] } },
{ "type": "Feature", "properties": { "dinamica": "HURTO", "titulo": "DELITOS CONTRA EL PATRIMONIO ECONOMICO", "capitulo": "DEL HURTO", "articulo": "HURTO CALIFICADO. ART. 240 C.P.", "grado_deli": "NINGUNO", "tipo_notic": "DENUNCIA", "caracteriz": "HURTO A PERSONAS", "modalidad": "ATRACO", "modo": "ARMA DE FUEGO", "motivo": null, "pais": "COLOMBIA", "dane_dep": 76, "departamen": "VALLE DEL CAUCA", "dane_mpio": 76001, "municipio": "CALI", "cod_comuna": 3.0, "comuna": "Comuna 3", "cod_barrio": 309.0, "nom_barrio": "San Pascual", "direccion": "76001 CALLE 15 13A, SAN PASCUAL, COMUNA 3, CALI, VALLE DEL CAUCA", "sitio": "VIA PUBLICA", "x": -76.52638244629, "y": 3.4437301158900002, "anio": 2023, "mes": "junio", "dia": 30, "dia_semana": 6, "hora_hecho": "10:00", "barrio": "SAN PASCUAL", "estrato": 1, "geom": "0101000020E610000000000040B02153C000000060C28C0B40", "fecha_hech": "2023-06-30 00:00:00", "Id": 0, "area": 136572.15568900001 }, "geometry": { "type": "Point", "coordinates": [ -76.52638244629, 3.44373011589 ] } },
{ "type": "Feature", "properties": { "dinamica": "HURTO", "titulo": "DELITOS CONTRA EL PATRIMONIO ECONOMICO", "capitulo": "DEL HURTO", "articulo": "HURTO CALIFICADO. ART. 240 C.P.", "grado_deli": "NINGUNO", "tipo_notic": "DENUNCIA", "caracteriz": "HURTO A PERSONAS", "modalidad": "FACTOR DE OPORTUNIDAD", "modo": null, "motivo": null, "pais": "COLOMBIA", "dane_dep": 76, "departamen": "VALLE DEL CAUCA", "dane_mpio": 76001, "municipio": "CALI", "cod_comuna": 3.0, "comuna": "Comuna 3", "cod_barrio": 309.0, "nom_barrio": "San Pascual", "direccion": "76001 CARRERA 14, SAN PASCUAL, COMUNA 3, CALI, VALLE DEL CAUCA", "sitio": "DOMICILIO", "x": -76.526557922359999, "y": 3.4433150291399999, "anio": 2023, "mes": "julio", "dia": 3, "dia_semana": 2, "hora_hecho": "00:00", "barrio": "SAN PASCUAL", "estrato": 1, "geom": "0101000020E610000000000020B32153C0000000C0E88B0B40", "fecha_hech": "2023-07-03 00:00:00", "Id": 0, "area": 136572.15568900001 }, "geometry": { "type": "Point", "coordinates": [ -76.526557922359999, 3.44331502914 ] } },
{ "type": "Feature", "properties": { "dinamica": "HURTO", "titulo": "DELITOS CONTRA EL PATRIMONIO ECONOMICO", "capitulo": "DEL HURTO", "articulo": "HURTO CALIFICADO. ART. 240 C.P.", "grado_deli": "NINGUNO", "tipo_notic": "DENUNCIA", "caracteriz": "HURTO A CELULARES", "modalidad": "ATRACO", "modo": "ARMA DE FUEGO", "motivo": "SIN DETERMINAR", "pais": "COLOMBIA", "dane_dep": 76, "departamen": "VALLE DEL CAUCA", "dane_mpio": 76001, "municipio": "CALI", "cod_comuna": 3.0, "comuna": "Comuna 3", "cod_barrio": 309.0, "nom_barrio": "San Pascual", "direccion": "76001 Calle 13, San Pascual, Comuna 3, Cali, Valle del Cauca, COL,SAN PASCUAL", "sitio": "SIN INFORMACION", "x": -76.528755187990001, "y": 3.4434080123899999, "anio": 2023, "mes": "julio", "dia": 7, "dia_semana": 6, "hora_hecho": "15:00", "barrio": "SAN PASCUAL", "estrato": 1, "geom": "0101000020E610000000000020D72153C000000080198C0B40", "fecha_hech": "2023-07-07 00:00:00", "Id": 0, "area": 136572.15568900001 }, "geometry": { "type": "Point", "coordinates": [ -76.528755187990001, 3.44340801239 ] } },
{ "type": "Feature", "properties": { "dinamica": "HURTO", "titulo": "DELITOS CONTRA EL PATRIMONIO ECONOMICO", "capitulo": "DEL HURTO", "articulo": "HURTO CALIFICADO. ART. 240 C.P.", "grado_deli": "NINGUNO", "tipo_notic": "DENUNCIA", "caracteriz": "HURTO A PERSONAS", "modalidad": "ATRACO", "modo": "ARMA BLANCA", "motivo": null, "pais": "COLOMBIA", "dane_dep": 76, "departamen": "VALLE DEL CAUCA", "dane_mpio": 76001, "municipio": "CALI", "cod_comuna": 3.0, "comuna": "Comuna 3", "cod_barrio": 310.0, "nom_barrio": "El Calvario", "direccion": "76001 Calle 13 10, El Calvario, Comuna 3, Cali, Valle del Cauca, COL,EL CALVARIO", "sitio": "SIN INFORMACION", "x": -76.529792785639998, "y": 3.4472250938400002, "anio": 2023, "mes": "julio", "dia": 8, "dia_semana": 7, "hora_hecho": "15:00", "barrio": "EL CALVARIO", "estrato": 3, "geom": "0101000020E610000000000020E82153C0000000C0EA930B40", "fecha_hech": "2023-07-08 00:00:00", "Id": 0, "area": 136572.15568900001 }, "geometry": { "type": "Point", "coordinates": [ -76.529792785639998, 3.44722509384 ] } },
{ "type": "Feature", "properties": { "dinamica": "HURTO", "titulo": "DELITOS CONTRA EL PATRIMONIO ECONOMICO", "capitulo": "DEL HURTO", "articulo": "HURTO CALIFICADO. ART. 240 C.P.", "grado_deli": "NINGUNO", "tipo_notic": "DENUNCIA", "caracteriz": "HURTO A PERSONAS", "modalidad": "ATRACO", "modo": "ARMA BLANCA", "motivo": null, "pais": "COLOMBIA", "dane_dep": 76, "departamen": "VALLE DEL CAUCA", "dane_mpio": 76001, "municipio": "CALI", "cod_comuna": 3.0, "comuna": "Comuna 3", "cod_barrio": 309.0, "nom_barrio": "San Pascual", "direccion": "76001 CARRERA 14 13 18, SAN PASCUAL, COMUNA 3, CALI, VALLE DEL CAUCA", "sitio": "ESTACION DE SERVICIO", "x": -76.52857208252, "y": 3.4433100223499999, "anio": 2023, "mes": "julio", "dia": 11, "dia_semana": 3, "hora_hecho": "17:30", "barrio": "SAN PASCUAL", "estrato": 1, "geom": "0101000020E610000000000020D42153C000000020E68B0B40", "fecha_hech": "2023-07-11 00:00:00", "Id": 0, "area": 136572.15568900001 }, "geometry": { "type": "Point", "coordinates": [ -76.52857208252, 3.44331002235 ] } },
{ "type": "Feature", "properties": { "dinamica": "HURTO", "titulo": "DELITOS CONTRA EL PATRIMONIO ECONOMICO", "capitulo": "DEL HURTO", "articulo": "HURTO CALIFICADO. ART. 240 C.P.", "grado_deli": "NINGUNO", "tipo_notic": "DENUNCIA", "caracteriz": "HURTO A CELULARES", "modalidad": "ATRACO", "modo": "ARMA DE FUEGO", "motivo": "SIN DETERMINAR", "pais": "COLOMBIA", "dane_dep": 76, "departamen": "VALLE DEL CAUCA", "dane_mpio": 76001, "municipio": "CALI", "cod_comuna": 3.0, "comuna": "Comuna 3", "cod_barrio": 309.0, "nom_barrio": "San Pascual", "direccion": "76001 CALLE 13, SAN PASCUAL, COMUNA 3, CALI, VALLE DEL CAUCA", "sitio": "VIA PUBLICA", "x": -76.528686523440001, "y": 3.44310498238, "anio": 2023, "mes": "julio", "dia": 12, "dia_semana": 4, "hora_hecho": "08:00", "barrio": "SAN PASCUAL", "estrato": 1, "geom": "0101000020E610000000000000D62153C0000000A07A8B0B40", "fecha_hech": "2023-07-12 00:00:00", "Id": 0, "area": 136572.15568900001 }, "geometry": { "type": "Point", "coordinates": [ -76.528686523440001, 3.44310498238 ] } },
{ "type": "Feature", "properties": { "dinamica": "HURTO", "titulo": "DELITOS CONTRA EL PATRIMONIO ECONOMICO", "capitulo": "DEL HURTO", "articulo": "HURTO. ART. 239 C.P.", "grado_deli": "NINGUNO", "tipo_notic": "DENUNCIA", "caracteriz": "HURTO A PERSONAS", "modalidad": "COSQUILLEO", "modo": null, "motivo": null, "pais": "COLOMBIA", "dane_dep": 76, "departamen": "VALLE DEL CAUCA", "dane_mpio": 76001, "municipio": "CALI", "cod_comuna": 3.0, "comuna": "Comuna 3", "cod_barrio": 306.0, "nom_barrio": "San Juan Bosco", "direccion": "76001 KR 13 CON CL 11 CARRERA 13 CON CALLE 11", "sitio": "SIN INFORMACION", "x": -76.530815124509999, "y": 3.4445490837100001, "anio": 2023, "mes": "julio", "dia": 14, "dia_semana": 6, "hora_hecho": "06:30", "barrio": null, "estrato": 3, "geom": "0101000020E6100000000000E0F82153C0000000C06F8E0B40", "fecha_hech": "2023-07-14 00:00:00", "Id": 0, "area": 136572.15568900001 }, "geometry": { "type": "Point", "coordinates": [ -76.530815124509999, 3.44454908371 ] } },
{ "type": "Feature", "properties": { "dinamica": "HURTO", "titulo": "DELITOS CONTRA EL PATRIMONIO ECONOMICO", "capitulo": "DEL HURTO", "articulo": "HURTO CALIFICADO. ART. 240 C.P.", "grado_deli": "NINGUNO", "tipo_notic": "DENUNCIA", "caracteriz": "HURTO A PERSONAS", "modalidad": "ATRACO", "modo": "SIN ARMA", "motivo": null, "pais": "COLOMBIA", "dane_dep": 76, "departamen": "VALLE DEL CAUCA", "dane_mpio": 76001, "municipio": "CALI", "cod_comuna": 3.0, "comuna": "Comuna 3", "cod_barrio": 309.0, "nom_barrio": "San Pascual", "direccion": "76001 CARRERA 13 13 113, SAN PASCUAL, COMUNA 3, CALI, VALLE DEL CAUCA", "sitio": "VIA PUBLICA", "x": -76.528182983400001, "y": 3.4446630477900002, "anio": 2023, "mes": "julio", "dia": 14, "dia_semana": 6, "hora_hecho": "22:00", "barrio": "SAN PASCUAL", "estrato": 1, "geom": "0101000020E6100000000000C0CD2153C000000080AB8E0B40", "fecha_hech": "2023-07-14 00:00:00", "Id": 0, "area": 136572.15568900001 }, "geometry": { "type": "Point", "coordinates": [ -76.528182983400001, 3.44466304779 ] } },
{ "type": "Feature", "properties": { "dinamica": "HURTO", "titulo": "DELITOS CONTRA EL PATRIMONIO ECONOMICO", "capitulo": "DEL HURTO", "articulo": "HURTO. ART. 239 C.P.", "grado_deli": "NINGUNO", "tipo_notic": "DENUNCIA", "caracteriz": "HURTO A PERSONAS", "modalidad": "FACTOR DE OPORTUNIDAD", "modo": null, "motivo": null, "pais": "COLOMBIA", "dane_dep": 76, "departamen": "VALLE DEL CAUCA", "dane_mpio": 76001, "municipio": "CALI", "cod_comuna": 3.0, "comuna": "Comuna 3", "cod_barrio": 307.0, "nom_barrio": "Santa Rosa", "direccion": "76001 KR 10 CON CL 10 CARRERA 10 CALLE 10", "sitio": "SIN INFORMACION", "x": -76.53247833252, "y": 3.4468779563899998, "anio": 2023, "mes": "julio", "dia": 15, "dia_semana": 7, "hora_hecho": "11:00", "barrio": null, "estrato": 3, "geom": "0101000020E610000000000020142253C0000000C034930B40", "fecha_hech": "2023-07-15 00:00:00", "Id": 0, "area": 136572.15568900001 }, "geometry": { "type": "Point", "coordinates": [ -76.53247833252, 3.44687795639 ] } },
{ "type": "Feature", "properties": { "dinamica": "HURTO", "titulo": "DELITOS CONTRA EL PATRIMONIO ECONOMICO", "capitulo": "DEL HURTO", "articulo": "HURTO. ART. 239 C.P.", "grado_deli": "NINGUNO", "tipo_notic": "DENUNCIA", "caracteriz": "HURTO DE BICICLETAS", "modalidad": "HALADO", "modo": null, "motivo": null, "pais": "COLOMBIA", "dane_dep": 76, "departamen": "VALLE DEL CAUCA", "dane_mpio": 76001, "municipio": "CALI", "cod_comuna": 3.0, "comuna": "Comuna 3", "cod_barrio": 309.0, "nom_barrio": "San Pascual", "direccion": "76001 CALLE 15 13A, SAN PASCUAL, COMUNA 3, CALI, VALLE DEL CAUCA", "sitio": "PARQUEADERO", "x": -76.526252746579999, "y": 3.4433479309099999, "anio": 2023, "mes": "julio", "dia": 17, "dia_semana": 2, "hora_hecho": "03:40", "barrio": "SAN PASCUAL", "estrato": 1, "geom": "0101000020E610000000000020AE2153C000000000FA8B0B40", "fecha_hech": "2023-07-17 00:00:00", "Id": 0, "area": 136572.15568900001 }, "geometry": { "type": "Point", "coordinates": [ -76.526252746579999, 3.44334793091 ] } },
{ "type": "Feature", "properties": { "dinamica": "HURTO", "titulo": "DELITOS CONTRA EL PATRIMONIO ECONOMICO", "capitulo": "DEL HURTO", "articulo": "HURTO. ART. 239 C.P.", "grado_deli": "NINGUNO", "tipo_notic": "DENUNCIA", "caracteriz": "HURTO A PERSONAS", "modalidad": "COSQUILLEO", "modo": null, "motivo": null, "pais": "COLOMBIA", "dane_dep": 76, "departamen": "VALLE DEL CAUCA", "dane_mpio": 76001, "municipio": "CALI", "cod_comuna": 3.0, "comuna": "Comuna 3", "cod_barrio": 309.0, "nom_barrio": "San Pascual", "direccion": "76001 KR 15 CON CL 15 CL 15 KR 15", "sitio": "SIN INFORMACION", "x": -76.526695251459998, "y": 3.4432690143600002, "anio": 2023, "mes": "julio", "dia": 17, "dia_semana": 2, "hora_hecho": "07:00", "barrio": null, "estrato": 1, "geom": "0101000020E610000000000060B52153C0000000A0D08B0B40", "fecha_hech": "2023-07-17 00:00:00", "Id": 0, "area": 136572.15568900001 }, "geometry": { "type": "Point", "coordinates": [ -76.526695251459998, 3.44326901436 ] } },
{ "type": "Feature", "properties": { "dinamica": "HURTO", "titulo": "DELITOS CONTRA EL PATRIMONIO ECONOMICO", "capitulo": "DEL HURTO", "articulo": "HURTO CALIFICADO. ART. 240 C.P.", "grado_deli": "NINGUNO", "tipo_notic": "DENUNCIA", "caracteriz": "HURTO A CELULARES", "modalidad": "ATRACO", "modo": "ARMA BLANCA", "motivo": "SIN DETERMINAR", "pais": "COLOMBIA", "dane_dep": 76, "departamen": "VALLE DEL CAUCA", "dane_mpio": 76001, "municipio": "CALI", "cod_comuna": 3.0, "comuna": "Comuna 3", "cod_barrio": 307.0, "nom_barrio": "Santa Rosa", "direccion": "76001 CARRERA 11 10 48, SANTA ROSA, COMUNA 3, CALI, VALLE DEL CAUCA", "sitio": "VIA PUBLICA", "x": -76.531997680659998, "y": 3.4461600780500001, "anio": 2023, "mes": "julio", "dia": 18, "dia_semana": 3, "hora_hecho": "17:30", "barrio": "SANTA ROSA", "estrato": 3, "geom": "0101000020E6100000000000400C2253C000000060BC910B40", "fecha_hech": "2023-07-18 00:00:00", "Id": 0, "area": 136572.15568900001 }, "geometry": { "type": "Point", "coordinates": [ -76.531997680659998, 3.44616007805 ] } },
{ "type": "Feature", "properties": { "dinamica": "HURTO", "titulo": "DELITOS CONTRA EL PATRIMONIO ECONOMICO", "capitulo": "DEL HURTO", "articulo": "HURTO CALIFICADO. ART. 240 C.P.", "grado_deli": "NINGUNO", "tipo_notic": "DENUNCIA", "caracteriz": "HURTO A PERSONAS", "modalidad": "ATRACO", "modo": "ARMA BLANCA", "motivo": null, "pais": "COLOMBIA", "dane_dep": 76, "departamen": "VALLE DEL CAUCA", "dane_mpio": 76001, "municipio": "CALI", "cod_comuna": 9.0, "comuna": "Comuna 9", "cod_barrio": 909.0, "nom_barrio": "Sucre", "direccion": "76001", "sitio": "SIN INFORMACION", "x": -76.52749633789, "y": 3.4478960037199999, "anio": 2023, "mes": "julio", "dia": 20, "dia_semana": 5, "hora_hecho": "11:10", "barrio": null, "estrato": 1, "geom": "0101000020E610000000000080C22153C0000000804A950B40", "fecha_hech": "2023-07-20 00:00:00", "Id": 0, "area": 136572.15568900001 }, "geometry": { "type": "Point", "coordinates": [ -76.52749633789, 3.44789600372 ] } },
{ "type": "Feature", "properties": { "dinamica": "HURTO", "titulo": "DELITOS CONTRA EL PATRIMONIO ECONOMICO", "capitulo": "DEL HURTO", "articulo": "HURTO. ART. 239 C.P.", "grado_deli": "AGRAVADO", "tipo_notic": "DENUNCIA", "caracteriz": "HURTO A PERSONAS", "modalidad": "COSQUILLEO", "modo": null, "motivo": null, "pais": "COLOMBIA", "dane_dep": 76, "departamen": "VALLE DEL CAUCA", "dane_mpio": 76001, "municipio": "CALI", "cod_comuna": 3.0, "comuna": "Comuna 3", "cod_barrio": 309.0, "nom_barrio": "San Pascual", "direccion": "76001 Carrera 13, San Pascual, Comuna 3, Cali, Valle del Cauca, COL,SAN PASCUAL", "sitio": "SIN INFORMACION", "x": -76.52759552002, "y": 3.4447131156899999, "anio": 2023, "mes": "julio", "dia": 25, "dia_semana": 3, "hora_hecho": "03:00", "barrio": "SAN PASCUAL", "estrato": 1, "geom": "0101000020E610000000000020C42153C0000000C0C58E0B40", "fecha_hech": "2023-07-25 00:00:00", "Id": 0, "area": 136572.15568900001 }, "geometry": { "type": "Point", "coordinates": [ -76.52759552002, 3.44471311569 ] } },
{ "type": "Feature", "properties": { "dinamica": "HURTO", "titulo": "DELITOS CONTRA EL PATRIMONIO ECONOMICO", "capitulo": "DEL HURTO", "articulo": "HURTO CALIFICADO. ART. 240 C.P.", "grado_deli": "NINGUNO", "tipo_notic": "DENUNCIA", "caracteriz": "HURTO DE BICICLETAS", "modalidad": "ATRACO", "modo": "ARMA BLANCA", "motivo": null, "pais": "COLOMBIA", "dane_dep": 76, "departamen": "VALLE DEL CAUCA", "dane_mpio": 76001, "municipio": "CALI", "cod_comuna": 3.0, "comuna": "Comuna 3", "cod_barrio": 310.0, "nom_barrio": "El Calvario", "direccion": "76001 CARRERA 10 CON CALLE 15, EL CALVARIO, COMUNA 9, CALI, VALLE DEL CAUCA", "sitio": "OTRO", "x": -76.52758026123, "y": 3.4478800296799998, "anio": 2023, "mes": "julio", "dia": 25, "dia_semana": 3, "hora_hecho": "10:25", "barrio": "EL CALVARIO", "estrato": 3, "geom": "0101000020E6100000000000E0C32153C00000002042950B40", "fecha_hech": "2023-07-25 00:00:00", "Id": 0, "area": 136572.15568900001 }, "geometry": { "type": "Point", "coordinates": [ -76.52758026123, 3.44788002968 ] } },
{ "type": "Feature", "properties": { "dinamica": "HURTO", "titulo": "DELITOS CONTRA EL PATRIMONIO ECONOMICO", "capitulo": "DEL HURTO", "articulo": "HURTO CALIFICADO. ART. 240 C.P.", "grado_deli": "NINGUNO", "tipo_notic": "DENUNCIA", "caracteriz": "HURTO A PERSONAS", "modalidad": "ATRACO", "modo": "ARMA BLANCA", "motivo": null, "pais": "COLOMBIA", "dane_dep": 76, "departamen": "VALLE DEL CAUCA", "dane_mpio": 76001, "municipio": "CALI", "cod_comuna": 3.0, "comuna": "Comuna 3", "cod_barrio": 310.0, "nom_barrio": "El Calvario", "direccion": "76001 CALLE 13A 10, EL CALVARIO, COMUNA 3, CALI, VALLE DEL CAUCA", "sitio": "VIA PUBLICA", "x": -76.528861999509999, "y": 3.44741511345, "anio": 2023, "mes": "julio", "dia": 25, "dia_semana": 3, "hora_hecho": "18:00", "barrio": "EL CALVARIO", "estrato": 3, "geom": "0101000020E6100000000000E0D82153C0000000604E940B40", "fecha_hech": "2023-07-25 00:00:00", "Id": 0, "area": 136572.15568900001 }, "geometry": { "type": "Point", "coordinates": [ -76.528861999509999, 3.44741511345 ] } },
{ "type": "Feature", "properties": { "dinamica": "HURTO", "titulo": "DELITOS CONTRA EL PATRIMONIO ECONOMICO", "capitulo": "DEL HURTO", "articulo": "HURTO CALIFICADO. ART. 240 C.P.", "grado_deli": "NINGUNO", "tipo_notic": "DENUNCIA", "caracteriz": "HURTO A CELULARES", "modalidad": "ATRACO", "modo": "ARMA DE FUEGO", "motivo": "SIN DETERMINAR", "pais": "COLOMBIA", "dane_dep": 76, "departamen": "VALLE DEL CAUCA", "dane_mpio": 76001, "municipio": "CALI", "cod_comuna": 3.0, "comuna": "Comuna 3", "cod_barrio": 310.0, "nom_barrio": "El Calvario", "direccion": "76001 CARRERA 10 14, EL CALVARIO, COMUNA 3, CALI, VALLE DEL CAUCA", "sitio": "OTRO", "x": -76.52783203125, "y": 3.4478700161, "anio": 2023, "mes": "julio", "dia": 26, "dia_semana": 4, "hora_hecho": "08:00", "barrio": "EL CALVARIO", "estrato": 3, "geom": "0101000020E610000000000000C82153C0000000E03C950B40", "fecha_hech": "2023-07-26 00:00:00", "Id": 0, "area": 136572.15568900001 }, "geometry": { "type": "Point", "coordinates": [ -76.52783203125, 3.4478700161 ] } },
{ "type": "Feature", "properties": { "dinamica": "HURTO", "titulo": "DELITOS CONTRA EL PATRIMONIO ECONOMICO", "capitulo": "DEL HURTO", "articulo": "HURTO. ART. 239 C.P.", "grado_deli": "NINGUNO", "tipo_notic": "DENUNCIA", "caracteriz": "HURTO A CELULARES", "modalidad": "COSQUILLEO", "modo": null, "motivo": null, "pais": "COLOMBIA", "dane_dep": 76, "departamen": "VALLE DEL CAUCA", "dane_mpio": 76001, "municipio": "CALI", "cod_comuna": 3.0, "comuna": "Comuna 3", "cod_barrio": 310.0, "nom_barrio": "El Calvario", "direccion": "76001 CARRERA 11 CON CALLE 13, EL CALVARIO, COMUNA 3, CALI, VALLE DEL CAUCA", "sitio": "TRANSPORTE MASIVO", "x": -76.529678344730002, "y": 3.44673991203, "anio": 2023, "mes": "julio", "dia": 31, "dia_semana": 2, "hora_hecho": "08:00", "barrio": "EL CALVARIO", "estrato": 3, "geom": "0101000020E610000000000040E62153C000000060EC920B40", "fecha_hech": "2023-07-31 00:00:00", "Id": 0, "area": 136572.15568900001 }, "geometry": { "type": "Point", "coordinates": [ -76.529678344730002, 3.44673991203 ] } },
{ "type": "Feature", "properties": { "dinamica": "HURTO", "titulo": "DELITOS CONTRA EL PATRIMONIO ECONOMICO", "capitulo": "DEL HURTO", "articulo": "HURTO. ART. 239 C.P.", "grado_deli": "AGRAVADO", "tipo_notic": "DENUNCIA", "caracteriz": "HURTO A PERSONAS", "modalidad": "ENGAÑO", "modo": null, "motivo": null, "pais": "COLOMBIA", "dane_dep": 76, "departamen": "VALLE DEL CAUCA", "dane_mpio": 76001, "municipio": "CALI", "cod_comuna": 3.0, "comuna": "Comuna 3", "cod_barrio": 309.0, "nom_barrio": "San Pascual", "direccion": "76001 BARRIO/LOCALIDAD/COMUNA:SAN PASCUAL/COMUNA 3,CALI/VALLE DEL CAUCA,SAN PASCUAL", "sitio": "SIN INFORMACION", "x": -76.52677154541, "y": 3.4448490142799999, "anio": 2023, "mes": "julio", "dia": 31, "dia_semana": 2, "hora_hecho": "10:00", "barrio": "SAN PASCUAL", "estrato": 1, "geom": "0101000020E6100000000000A0B62153C0000000000D8F0B40", "fecha_hech": "2023-07-31 00:00:00", "Id": 0, "area": 136572.15568900001 }, "geometry": { "type": "Point", "coordinates": [ -76.52677154541, 3.44484901428 ] } },
{ "type": "Feature", "properties": { "dinamica": "HURTO", "titulo": "DELITOS CONTRA EL PATRIMONIO ECONOMICO", "capitulo": "DEL HURTO", "articulo": "HURTO CALIFICADO. ART. 240 C.P.", "grado_deli": "NINGUNO", "tipo_notic": "DENUNCIA", "caracteriz": "HURTO A CELULARES", "modalidad": "COSQUILLEO", "modo": null, "motivo": null, "pais": "COLOMBIA", "dane_dep": 76, "departamen": "VALLE DEL CAUCA", "dane_mpio": 76001, "municipio": "CALI", "cod_comuna": 3.0, "comuna": "Comuna 3", "cod_barrio": 306.0, "nom_barrio": "San Juan Bosco", "direccion": "76001 CARRERA 13, SAN JUAN BOSCO, COMUNA 3, CALI, VALLE DEL CAUCA", "sitio": "TRANSPORTE MASIVO", "x": -76.53150177002, "y": 3.44440507889, "anio": 2023, "mes": "julio", "dia": 31, "dia_semana": 2, "hora_hecho": "17:30", "barrio": "SAN JUAN BOSCO", "estrato": 3, "geom": "0101000020E610000000000020042253C000000040248E0B40", "fecha_hech": "2023-07-31 00:00:00", "Id": 0, "area": 136572.15568900001 }, "geometry": { "type": "Point", "coordinates": [ -76.53150177002, 3.44440507889 ] } },
{ "type": "Feature", "properties": { "dinamica": "HURTO", "titulo": "DELITOS CONTRA EL PATRIMONIO ECONOMICO", "capitulo": "DEL HURTO", "articulo": "HURTO CALIFICADO. ART. 240 C.P.", "grado_deli": "NINGUNO", "tipo_notic": "DENUNCIA", "caracteriz": "HURTO A PERSONAS", "modalidad": "ATRACO", "modo": "ARMA BLANCA", "motivo": null, "pais": "COLOMBIA", "dane_dep": 76, "departamen": "VALLE DEL CAUCA", "dane_mpio": 76001, "municipio": "CALI", "cod_comuna": 3.0, "comuna": "Comuna 3", "cod_barrio": 306.0, "nom_barrio": "San Juan Bosco", "direccion": "76001 Calle 10 14, San Juan Bosco, Comuna 3, Cali, Valle del Cauca, COL,SAN JUAN BOSCO", "sitio": "SIN INFORMACION", "x": -76.53205871582, "y": 3.4430150985700001, "anio": 2023, "mes": "agosto", "dia": 1, "dia_semana": 3, "hora_hecho": "23:40", "barrio": "SAN JUAN BOSCO", "estrato": 3, "geom": "0101000020E6100000000000400D2253C0000000804B8B0B40", "fecha_hech": "2023-08-01 00:00:00", "Id": 0, "area": 136572.15568900001 }, "geometry": { "type": "Point", "coordinates": [ -76.53205871582, 3.44301509857 ] } },
{ "type": "Feature", "properties": { "dinamica": "HURTO", "titulo": "DELITOS CONTRA EL PATRIMONIO ECONOMICO", "capitulo": "DEL HURTO", "articulo": "HURTO. ART. 239 C.P.", "grado_deli": "NINGUNO", "tipo_notic": "DENUNCIA", "caracteriz": "HURTO A PERSONAS", "modalidad": "ATRACO", "modo": "ARMA DE FUEGO", "motivo": null, "pais": "COLOMBIA", "dane_dep": 76, "departamen": "VALLE DEL CAUCA", "dane_mpio": 76001, "municipio": "CALI", "cod_comuna": 3.0, "comuna": "Comuna 3", "cod_barrio": 309.0, "nom_barrio": "San Pascual", "direccion": "76001 Calle 13, San Pascual, Comuna 3, Cali, Valle del Cauca, COL,SAN PASCUAL", "sitio": "SIN INFORMACION", "x": -76.5287399292, "y": 3.4431130886100001, "anio": 2023, "mes": "agosto", "dia": 2, "dia_semana": 4, "hora_hecho": "10:17", "barrio": "SAN PASCUAL", "estrato": 1, "geom": "0101000020E6100000000000E0D62153C0000000E07E8B0B40", "fecha_hech": "2023-08-02 00:00:00", "Id": 0, "area": 136572.15568900001 }, "geometry": { "type": "Point", "coordinates": [ -76.5287399292, 3.44311308861 ] } },
{ "type": "Feature", "properties": { "dinamica": "HURTO", "titulo": "DELITOS CONTRA EL PATRIMONIO ECONOMICO", "capitulo": "DEL HURTO", "articulo": "HURTO CALIFICADO. ART. 240 C.P.", "grado_deli": "NINGUNO", "tipo_notic": "DENUNCIA", "caracteriz": "HURTO A PERSONAS", "modalidad": "ATRACO", "modo": "ARMA BLANCA", "motivo": null, "pais": "COLOMBIA", "dane_dep": 76, "departamen": "VALLE DEL CAUCA", "dane_mpio": 76001, "municipio": "CALI", "cod_comuna": 3.0, "comuna": "Comuna 3", "cod_barrio": 309.0, "nom_barrio": "San Pascual", "direccion": "76001 CARRERA 14 13 18, SAN PASCUAL, COMUNA 3, CALI, VALLE DEL CAUCA", "sitio": "VIA PUBLICA", "x": -76.52857208252, "y": 3.4433100223499999, "anio": 2023, "mes": "agosto", "dia": 2, "dia_semana": 4, "hora_hecho": "15:07", "barrio": "SAN PASCUAL", "estrato": 1, "geom": "0101000020E610000000000020D42153C000000020E68B0B40", "fecha_hech": "2023-08-02 00:00:00", "Id": 0, "area": 136572.15568900001 }, "geometry": { "type": "Point", "coordinates": [ -76.52857208252, 3.44331002235 ] } },
{ "type": "Feature", "properties": { "dinamica": "HURTO", "titulo": "DELITOS CONTRA EL PATRIMONIO ECONOMICO", "capitulo": "DEL HURTO", "articulo": "HURTO CALIFICADO. ART. 240 C.P.", "grado_deli": "NINGUNO", "tipo_notic": "DENUNCIA", "caracteriz": "HURTO A PERSONAS", "modalidad": "FACTOR DE OPORTUNIDAD", "modo": null, "motivo": null, "pais": "COLOMBIA", "dane_dep": 76, "departamen": "VALLE DEL CAUCA", "dane_mpio": 76001, "municipio": "CALI", "cod_comuna": 3.0, "comuna": "Comuna 3", "cod_barrio": 309.0, "nom_barrio": "San Pascual", "direccion": "76001 CALLE 15 12 55, SAN PASCUAL, COMUNA 3, CALI, VALLE DEL CAUCA", "sitio": "HOTEL / HOSTAL", "x": -76.52700805664, "y": 3.4456338882400002, "anio": 2023, "mes": "agosto", "dia": 4, "dia_semana": 6, "hora_hecho": "00:30", "barrio": "SAN PASCUAL", "estrato": 1, "geom": "0101000020E610000000000080BA2153C000000080A8900B40", "fecha_hech": "2023-08-04 00:00:00", "Id": 0, "area": 136572.15568900001 }, "geometry": { "type": "Point", "coordinates": [ -76.52700805664, 3.44563388824 ] } },
{ "type": "Feature", "properties": { "dinamica": "HURTO", "titulo": "DELITOS CONTRA EL PATRIMONIO ECONOMICO", "capitulo": "DEL HURTO", "articulo": "HURTO. ART. 239 C.P.", "grado_deli": "NINGUNO", "tipo_notic": "DENUNCIA", "caracteriz": "HURTO A PERSONAS", "modalidad": "FACTOR DE OPORTUNIDAD", "modo": null, "motivo": null, "pais": "COLOMBIA", "dane_dep": 76, "departamen": "VALLE DEL CAUCA", "dane_mpio": 76001, "municipio": "CALI", "cod_comuna": 3.0, "comuna": "Comuna 3", "cod_barrio": 309.0, "nom_barrio": "San Pascual", "direccion": "76001 BARRIO/LOCALIDAD/COMUNA:SAN PASCUAL/COMUNA 3,CALI/VALLE DEL CAUCA,SAN PASCUAL", "sitio": "LOCAL COMERCIAL", "x": -76.52815246582, "y": 3.44490695, "anio": 2023, "mes": "agosto", "dia": 5, "dia_semana": 7, "hora_hecho": "09:00", "barrio": "SAN PASCUAL", "estrato": 1, "geom": "0101000020E610000000000040CD2153C0000000602B8F0B40", "fecha_hech": "2023-08-05 00:00:00", "Id": 0, "area": 136572.15568900001 }, "geometry": { "type": "Point", "coordinates": [ -76.52815246582, 3.44490695 ] } },
{ "type": "Feature", "properties": { "dinamica": "HURTO", "titulo": "DELITOS CONTRA EL PATRIMONIO ECONOMICO", "capitulo": "DEL HURTO", "articulo": "HURTO CALIFICADO. ART. 240 C.P.", "grado_deli": "NINGUNO", "tipo_notic": "DENUNCIA", "caracteriz": "HURTO A CELULARES", "modalidad": "ATRACO", "modo": "ARMA BLANCA", "motivo": "SIN DETERMINAR", "pais": "COLOMBIA", "dane_dep": 76, "departamen": "VALLE DEL CAUCA", "dane_mpio": 76001, "municipio": "CALI", "cod_comuna": 3.0, "comuna": "Comuna 3", "cod_barrio": 310.0, "nom_barrio": "El Calvario", "direccion": "76001 CARRERA 10, EL CALVARIO, COMUNA 3, CALI, VALLE DEL CAUCA", "sitio": "VIA PUBLICA", "x": -76.52783203125, "y": 3.4478700161, "anio": 2023, "mes": "agosto", "dia": 8, "dia_semana": 3, "hora_hecho": "03:30", "barrio": "EL CALVARIO", "estrato": 3, "geom": "0101000020E610000000000000C82153C0000000E03C950B40", "fecha_hech": "2023-08-08 00:00:00", "Id": 0, "area": 136572.15568900001 }, "geometry": { "type": "Point", "coordinates": [ -76.52783203125, 3.4478700161 ] } },
{ "type": "Feature", "properties": { "dinamica": "HURTO", "titulo": "DELITOS CONTRA EL PATRIMONIO ECONOMICO", "capitulo": "DEL HURTO", "articulo": "HURTO. ART. 239 C.P.", "grado_deli": "NINGUNO", "tipo_notic": "DENUNCIA", "caracteriz": "HURTO A PERSONAS", "modalidad": "COSQUILLEO", "modo": null, "motivo": null, "pais": "COLOMBIA", "dane_dep": 76, "departamen": "VALLE DEL CAUCA", "dane_mpio": 76001, "municipio": "CALI", "cod_comuna": 3.0, "comuna": "Comuna 3", "cod_barrio": 310.0, "nom_barrio": "El Calvario", "direccion": "76001 CARRERA 10 14, EL CALVARIO, COMUNA 3, CALI, VALLE DEL CAUCA", "sitio": "VIA PUBLICA", "x": -76.52783203125, "y": 3.4478700161, "anio": 2023, "mes": "agosto", "dia": 13, "dia_semana": 1, "hora_hecho": "11:30", "barrio": "EL CALVARIO", "estrato": 3, "geom": "0101000020E610000000000000C82153C0000000E03C950B40", "fecha_hech": "2023-08-13 00:00:00", "Id": 0, "area": 136572.15568900001 }, "geometry": { "type": "Point", "coordinates": [ -76.52783203125, 3.4478700161 ] } },
{ "type": "Feature", "properties": { "dinamica": "HURTO", "titulo": "DELITOS CONTRA EL PATRIMONIO ECONOMICO", "capitulo": "DEL HURTO", "articulo": "HURTO CALIFICADO. ART. 240 C.P.", "grado_deli": "NINGUNO", "tipo_notic": "DENUNCIA", "caracteriz": "HURTO A PERSONAS", "modalidad": "ATRACO", "modo": "SIN ARMA", "motivo": null, "pais": "COLOMBIA", "dane_dep": 76, "departamen": "VALLE DEL CAUCA", "dane_mpio": 76001, "municipio": "CALI", "cod_comuna": 3.0, "comuna": "Comuna 3", "cod_barrio": 306.0, "nom_barrio": "San Juan Bosco", "direccion": "76001 CARRERA 15 CON CALLE 10, SAN JUAN BOSCO, COMUNA 3, CALI, VALLE DEL CAUCA", "sitio": "VEHICULO DE UBER", "x": -76.531967163090002, "y": 3.44250011444, "anio": 2023, "mes": "agosto", "dia": 13, "dia_semana": 1, "hora_hecho": "17:12", "barrio": "SAN JUAN BOSCO", "estrato": 3, "geom": "0101000020E6100000000000C00B2253C0000000803D8A0B40", "fecha_hech": "2023-08-13 00:00:00", "Id": 0, "area": 136572.15568900001 }, "geometry": { "type": "Point", "coordinates": [ -76.531967163090002, 3.44250011444 ] } },
{ "type": "Feature", "properties": { "dinamica": "HURTO", "titulo": "DELITOS CONTRA EL PATRIMONIO ECONOMICO", "capitulo": "DEL HURTO", "articulo": "HURTO. ART. 239 C.P.", "grado_deli": "NINGUNO", "tipo_notic": "DENUNCIA", "caracteriz": "HURTO A CELULARES", "modalidad": "FACTOR DE OPORTUNIDAD", "modo": null, "motivo": null, "pais": "COLOMBIA", "dane_dep": 76, "departamen": "VALLE DEL CAUCA", "dane_mpio": 76001, "municipio": "CALI", "cod_comuna": 3.0, "comuna": "Comuna 3", "cod_barrio": 309.0, "nom_barrio": "San Pascual", "direccion": "76001 CALI, VALLE DEL CAUCA", "sitio": "DOMICILIO", "x": -76.528869628910002, "y": 3.44373893738, "anio": 2023, "mes": "agosto", "dia": 13, "dia_semana": 1, "hora_hecho": "20:00", "barrio": "SAN PASCUAL", "estrato": 1, "geom": "0101000020E610000000000000D92153C000000000C78C0B40", "fecha_hech": "2023-08-13 00:00:00", "Id": 0, "area": 136572.15568900001 }, "geometry": { "type": "Point", "coordinates": [ -76.528869628910002, 3.44373893738 ] } },
{ "type": "Feature", "properties": { "dinamica": "HURTO", "titulo": "DELITOS CONTRA EL PATRIMONIO ECONOMICO", "capitulo": "DEL HURTO", "articulo": "HURTO CALIFICADO. ART. 240 C.P.", "grado_deli": "NINGUNO", "tipo_notic": "DENUNCIA", "caracteriz": "HURTO A PERSONAS", "modalidad": "ATRACO", "modo": "ARMA DE FUEGO", "motivo": null, "pais": "COLOMBIA", "dane_dep": 76, "departamen": "VALLE DEL CAUCA", "dane_mpio": 76001, "municipio": "CALI", "cod_comuna": 3.0, "comuna": "Comuna 3", "cod_barrio": 309.0, "nom_barrio": "San Pascual", "direccion": "76001 CALLE 13A, SAN PASCUAL, COMUNA 3, CALI, VALLE DEL CAUCA", "sitio": "ESTACION DE ARTICULADO", "x": -76.527992248540002, "y": 3.44417500496, "anio": 2023, "mes": "agosto", "dia": 14, "dia_semana": 2, "hora_hecho": "10:00", "barrio": "SAN PASCUAL", "estrato": 1, "geom": "0101000020E6100000000000A0CA2153C0000000A0AB8D0B40", "fecha_hech": "2023-08-14 00:00:00", "Id": 0, "area": 136572.15568900001 }, "geometry": { "type": "Point", "coordinates": [ -76.527992248540002, 3.44417500496 ] } },
{ "type": "Feature", "properties": { "dinamica": "HURTO", "titulo": "DELITOS CONTRA EL PATRIMONIO ECONOMICO", "capitulo": "DEL HURTO", "articulo": "HURTO. ART. 239 C.P.", "grado_deli": "NINGUNO", "tipo_notic": "DENUNCIA", "caracteriz": "HURTO A CELULARES", "modalidad": "COSQUILLEO", "modo": null, "motivo": null, "pais": "COLOMBIA", "dane_dep": 76, "departamen": "VALLE DEL CAUCA", "dane_mpio": 76001, "municipio": "CALI", "cod_comuna": 3.0, "comuna": "Comuna 3", "cod_barrio": 309.0, "nom_barrio": "San Pascual", "direccion": "76001 Calle 13, San Pascual, Comuna 3, Cali, Valle del Cauca, COL,SAN PASCUAL", "sitio": "SIN INFORMACION", "x": -76.528762817379999, "y": 3.4431319236800002, "anio": 2023, "mes": "agosto", "dia": 14, "dia_semana": 2, "hora_hecho": "13:00", "barrio": "SAN PASCUAL", "estrato": 1, "geom": "0101000020E610000000000040D72153C0000000C0888B0B40", "fecha_hech": "2023-08-14 00:00:00", "Id": 0, "area": 136572.15568900001 }, "geometry": { "type": "Point", "coordinates": [ -76.528762817379999, 3.44313192368 ] } },
{ "type": "Feature", "properties": { "dinamica": "HURTO", "titulo": "DELITOS CONTRA EL PATRIMONIO ECONOMICO", "capitulo": "DEL HURTO", "articulo": "HURTO CALIFICADO. ART. 240 C.P.", "grado_deli": "NINGUNO", "tipo_notic": "DENUNCIA", "caracteriz": "HURTO A CELULARES", "modalidad": "ATRACO", "modo": "ARMA DE FUEGO", "motivo": "SIN DETERMINAR", "pais": "COLOMBIA", "dane_dep": 76, "departamen": "VALLE DEL CAUCA", "dane_mpio": 76001, "municipio": "CALI", "cod_comuna": 3.0, "comuna": "Comuna 3", "cod_barrio": 310.0, "nom_barrio": "El Calvario", "direccion": "76001 CARRERA 11 CON CALLE 15, EL CALVARIO, COMUNA 3, CALI, VALLE DEL CAUCA", "sitio": "VIA PUBLICA", "x": -76.52741241455, "y": 3.44738006592, "anio": 2023, "mes": "agosto", "dia": 14, "dia_semana": 2, "hora_hecho": "22:00", "barrio": "EL CALVARIO", "estrato": 3, "geom": "0101000020E610000000000020C12153C0000000003C940B40", "fecha_hech": "2023-08-14 00:00:00", "Id": 0, "area": 136572.15568900001 }, "geometry": { "type": "Point", "coordinates": [ -76.52741241455, 3.44738006592 ] } },
{ "type": "Feature", "properties": { "dinamica": "HURTO", "titulo": "DELITOS CONTRA EL PATRIMONIO ECONOMICO", "capitulo": "DEL HURTO", "articulo": "HURTO CALIFICADO. ART. 240 C.P.", "grado_deli": "NINGUNO", "tipo_notic": "DENUNCIA", "caracteriz": "HURTO A CELULARES", "modalidad": "ATRACO", "modo": "ARMA DE FUEGO", "motivo": "SIN DETERMINAR", "pais": "COLOMBIA", "dane_dep": 76, "departamen": "VALLE DEL CAUCA", "dane_mpio": 76001, "municipio": "CALI", "cod_comuna": 3.0, "comuna": "Comuna 3", "cod_barrio": 309.0, "nom_barrio": "San Pascual", "direccion": "76001 Calle 13 13 86, San Pascual, Comuna 3, Cali, Valle del Cauca, COL,SAN PASCUAL", "sitio": "SIN INFORMACION", "x": -76.529014587399999, "y": 3.4443459510799999, "anio": 2023, "mes": "agosto", "dia": 17, "dia_semana": 5, "hora_hecho": "19:14", "barrio": "SAN PASCUAL", "estrato": 1, "geom": "0101000020E610000000000060DB2153C000000040058E0B40", "fecha_hech": "2023-08-17 00:00:00", "Id": 0, "area": 136572.15568900001 }, "geometry": { "type": "Point", "coordinates": [ -76.529014587399999, 3.44434595108 ] } },
{ "type": "Feature", "properties": { "dinamica": "HURTO", "titulo": "DELITOS CONTRA EL PATRIMONIO ECONOMICO", "capitulo": "DEL HURTO", "articulo": "HURTO CALIFICADO. ART. 240 C.P.", "grado_deli": "AGRAVADO", "tipo_notic": "DENUNCIA", "caracteriz": "HURTO DE VEHICULOS", "modalidad": "FACTOR DE OPORTUNIDAD", "modo": null, "motivo": null, "pais": "COLOMBIA", "dane_dep": 76, "departamen": "VALLE DEL CAUCA", "dane_mpio": 76001, "municipio": "CALI", "cod_comuna": 3.0, "comuna": "Comuna 3", "cod_barrio": 309.0, "nom_barrio": "San Pascual", "direccion": "76001 CALLE 13 CON CARRERA 13, SAN PASCUAL, COMUNA 3, CALI, VALLE DEL CAUCA", "sitio": "OTRO", "x": -76.529098510739999, "y": 3.4445300102199998, "anio": 2023, "mes": "agosto", "dia": 18, "dia_semana": 6, "hora_hecho": "09:30", "barrio": "SAN PASCUAL", "estrato": 1, "geom": "0101000020E6100000000000C0DC2153C0000000C0658E0B40", "fecha_hech": "2023-08-18 00:00:00", "Id": 0, "area": 136572.15568900001 }, "geometry": { "type": "Point", "coordinates": [ -76.529098510739999, 3.44453001022 ] } },
{ "type": "Feature", "properties": { "dinamica": "HURTO", "titulo": "DELITOS CONTRA EL PATRIMONIO ECONOMICO", "capitulo": "DEL HURTO", "articulo": "HURTO CALIFICADO. ART. 240 C.P.", "grado_deli": "NINGUNO", "tipo_notic": "DENUNCIA", "caracteriz": "HURTO DE MOTOCICLETAS", "modalidad": "HALADO", "modo": null, "motivo": null, "pais": "COLOMBIA", "dane_dep": 76, "departamen": "VALLE DEL CAUCA", "dane_mpio": 76001, "municipio": "CALI", "cod_comuna": 3.0, "comuna": "Comuna 3", "cod_barrio": 310.0, "nom_barrio": "El Calvario", "direccion": "76001 CARRERA 10 CON CALLE 15, EL CALVARIO, COMUNA 9, CALI, VALLE DEL CAUCA", "sitio": "VIA PUBLICA", "x": -76.52758026123, "y": 3.4478800296799998, "anio": 2023, "mes": "agosto", "dia": 18, "dia_semana": 6, "hora_hecho": "10:36", "barrio": "EL CALVARIO", "estrato": 3, "geom": "0101000020E6100000000000E0C32153C00000002042950B40", "fecha_hech": "2023-08-18 00:00:00", "Id": 0, "area": 136572.15568900001 }, "geometry": { "type": "Point", "coordinates": [ -76.52758026123, 3.44788002968 ] } },
{ "type": "Feature", "properties": { "dinamica": "HURTO", "titulo": "DELITOS CONTRA EL PATRIMONIO ECONOMICO", "capitulo": "DEL HURTO", "articulo": "HURTO CALIFICADO. ART. 240 C.P.", "grado_deli": "AGRAVADO", "tipo_notic": "ACTOS URGENTES", "caracteriz": "HURTO A PERSONAS", "modalidad": "ATRACO", "modo": "ARMA BLANCA", "motivo": null, "pais": "COLOMBIA", "dane_dep": 76, "departamen": "VALLE DEL CAUCA", "dane_mpio": 76001, "municipio": "CALI", "cod_comuna": 3.0, "comuna": "Comuna 3", "cod_barrio": 309.0, "nom_barrio": "San Pascual", "direccion": "76001 CALLE 13A 14, SAN PASCUAL, COMUNA 3, CALI, VALLE DEL CAUCA", "sitio": "ESTACION TRANSPORTE MASIVO", "x": -76.528182983400001, "y": 3.44316506386, "anio": 2023, "mes": "agosto", "dia": 19, "dia_semana": 7, "hora_hecho": "15:50", "barrio": "SAN PASCUAL", "estrato": 1, "geom": "0101000020E6100000000000C0CD2153C0000000209A8B0B40", "fecha_hech": "2023-08-19 00:00:00", "Id": 0, "area": 136572.15568900001 }, "geometry": { "type": "Point", "coordinates": [ -76.528182983400001, 3.44316506386 ] } },
{ "type": "Feature", "properties": { "dinamica": "HURTO", "titulo": "DELITOS CONTRA EL PATRIMONIO ECONOMICO", "capitulo": "DEL HURTO", "articulo": "HURTO. ART. 239 C.P.", "grado_deli": "AGRAVADO", "tipo_notic": "DENUNCIA", "caracteriz": "HURTO A PERSONAS", "modalidad": "COSQUILLEO", "modo": null, "motivo": null, "pais": "COLOMBIA", "dane_dep": 76, "departamen": "VALLE DEL CAUCA", "dane_mpio": 76001, "municipio": "CALI", "cod_comuna": 3.0, "comuna": "Comuna 3", "cod_barrio": 310.0, "nom_barrio": "El Calvario", "direccion": "76001 Calle 15 con Carrera 10, El Calvario, Comuna 9, Cali, Valle del Cauca, COL,EL CALVARIO", "sitio": "SIN INFORMACION", "x": -76.52758026123, "y": 3.4478800296799998, "anio": 2023, "mes": "agosto", "dia": 25, "dia_semana": 6, "hora_hecho": "10:21", "barrio": "EL CALVARIO", "estrato": 3, "geom": "0101000020E6100000000000E0C32153C00000002042950B40", "fecha_hech": "2023-08-25 00:00:00", "Id": 0, "area": 136572.15568900001 }, "geometry": { "type": "Point", "coordinates": [ -76.52758026123, 3.44788002968 ] } },
{ "type": "Feature", "properties": { "dinamica": "HURTO", "titulo": "DELITOS CONTRA EL PATRIMONIO ECONOMICO", "capitulo": "DEL HURTO", "articulo": "HURTO CALIFICADO. ART. 240 C.P.", "grado_deli": "NINGUNO", "tipo_notic": "DENUNCIA", "caracteriz": "HURTO A PERSONAS", "modalidad": "ATRACO", "modo": "ARMA DE FUEGO", "motivo": null, "pais": "COLOMBIA", "dane_dep": 76, "departamen": "VALLE DEL CAUCA", "dane_mpio": 76001, "municipio": "CALI", "cod_comuna": 3.0, "comuna": "Comuna 3", "cod_barrio": 310.0, "nom_barrio": "El Calvario", "direccion": "76001 CALLE 13A 10, EL CALVARIO, COMUNA 3, CALI, VALLE DEL CAUCA", "sitio": "VIA PUBLICA", "x": -76.528861999509999, "y": 3.44741511345, "anio": 2023, "mes": "agosto", "dia": 25, "dia_semana": 6, "hora_hecho": "13:00", "barrio": "EL CALVARIO", "estrato": 3, "geom": "0101000020E6100000000000E0D82153C0000000604E940B40", "fecha_hech": "2023-08-25 00:00:00", "Id": 0, "area": 136572.15568900001 }, "geometry": { "type": "Point", "coordinates": [ -76.528861999509999, 3.44741511345 ] } },
{ "type": "Feature", "properties": { "dinamica": "HURTO", "titulo": "DELITOS CONTRA EL PATRIMONIO ECONOMICO", "capitulo": "DEL HURTO", "articulo": "HURTO CALIFICADO. ART. 240 C.P.", "grado_deli": "NINGUNO", "tipo_notic": "DENUNCIA", "caracteriz": "HURTO A PERSONAS", "modalidad": "ATRACO", "modo": "ARMA BLANCA", "motivo": null, "pais": "COLOMBIA", "dane_dep": 76, "departamen": "VALLE DEL CAUCA", "dane_mpio": 76001, "municipio": "CALI", "cod_comuna": 3.0, "comuna": "Comuna 3", "cod_barrio": 309.0, "nom_barrio": "San Pascual", "direccion": "76001 CALLE 13, SAN PASCUAL, COMUNA 3, CALI, VALLE DEL CAUCA", "sitio": "OTRO", "x": -76.528686523440001, "y": 3.44310498238, "anio": 2023, "mes": "agosto", "dia": 26, "dia_semana": 7, "hora_hecho": "13:30", "barrio": "SAN PASCUAL", "estrato": 1, "geom": "0101000020E610000000000000D62153C0000000A07A8B0B40", "fecha_hech": "2023-08-26 00:00:00", "Id": 0, "area": 136572.15568900001 }, "geometry": { "type": "Point", "coordinates": [ -76.528686523440001, 3.44310498238 ] } },
{ "type": "Feature", "properties": { "dinamica": "HURTO", "titulo": "DELITOS CONTRA EL PATRIMONIO ECONOMICO", "capitulo": "DEL HURTO", "articulo": "HURTO CALIFICADO. ART. 240 C.P.", "grado_deli": "AGRAVADO", "tipo_notic": "DENUNCIA", "caracteriz": "HURTO A PERSONAS", "modalidad": "ATRACO", "modo": "ARMA BLANCA", "motivo": null, "pais": "COLOMBIA", "dane_dep": 76, "departamen": "VALLE DEL CAUCA", "dane_mpio": 76001, "municipio": "CALI", "cod_comuna": 3.0, "comuna": "Comuna 3", "cod_barrio": 309.0, "nom_barrio": "San Pascual", "direccion": "76001 Calle 13 con Carrera 14, San Pascual, Comuna 3, Cali, Valle del Cauca, COL,SAN PASCUAL", "sitio": "SIN INFORMACION", "x": -76.5287399292, "y": 3.4434299468999998, "anio": 2023, "mes": "agosto", "dia": 29, "dia_semana": 3, "hora_hecho": "16:11", "barrio": "SAN PASCUAL", "estrato": 1, "geom": "0101000020E6100000000000E0D62153C000000000258C0B40", "fecha_hech": "2023-08-29 00:00:00", "Id": 0, "area": 136572.15568900001 }, "geometry": { "type": "Point", "coordinates": [ -76.5287399292, 3.4434299469 ] } },
{ "type": "Feature", "properties": { "dinamica": "HURTO", "titulo": "DELITOS CONTRA EL PATRIMONIO ECONOMICO", "capitulo": "DEL HURTO", "articulo": "HURTO CALIFICADO. ART. 240 C.P.", "grado_deli": "NINGUNO", "tipo_notic": "DENUNCIA", "caracteriz": "HURTO A PERSONAS", "modalidad": "RAPONAZO", "modo": null, "motivo": null, "pais": "COLOMBIA", "dane_dep": 76, "departamen": "VALLE DEL CAUCA", "dane_mpio": 76001, "municipio": "CALI", "cod_comuna": 3.0, "comuna": "Comuna 3", "cod_barrio": 309.0, "nom_barrio": "San Pascual", "direccion": "76001 CARRERA 13, SAN PASCUAL, COMUNA 3, CALI, VALLE DEL CAUCA", "sitio": "VIA PUBLICA", "x": -76.527954101559999, "y": 3.4446260929100001, "anio": 2023, "mes": "agosto", "dia": 30, "dia_semana": 4, "hora_hecho": "19:30", "barrio": "SAN PASCUAL", "estrato": 1, "geom": "0101000020E610000000000000CA2153C000000020988E0B40", "fecha_hech": "2023-08-30 00:00:00", "Id": 0, "area": 136572.15568900001 }, "geometry": { "type": "Point", "coordinates": [ -76.527954101559999, 3.44462609291 ] } },
{ "type": "Feature", "properties": { "dinamica": "HURTO", "titulo": "DELITOS CONTRA EL PATRIMONIO ECONOMICO", "capitulo": "DEL HURTO", "articulo": "HURTO. ART. 239 C.P.", "grado_deli": "AGRAVADO", "tipo_notic": "DENUNCIA", "caracteriz": "HURTO A PERSONAS", "modalidad": "COSQUILLEO", "modo": null, "motivo": null, "pais": "COLOMBIA", "dane_dep": 76, "departamen": "VALLE DEL CAUCA", "dane_mpio": 76001, "municipio": "CALI", "cod_comuna": 3.0, "comuna": "Comuna 3", "cod_barrio": 310.0, "nom_barrio": "El Calvario", "direccion": "76001 CARRERA 10, EL CALVARIO, COMUNA 3, CALI, VALLE DEL CAUCA", "sitio": "VIA PUBLICA", "x": -76.52783203125, "y": 3.4478700161, "anio": 2023, "mes": "agosto", "dia": 30, "dia_semana": 4, "hora_hecho": "19:30", "barrio": "EL CALVARIO", "estrato": 3, "geom": "0101000020E610000000000000C82153C0000000E03C950B40", "fecha_hech": "2023-08-30 00:00:00", "Id": 0, "area": 136572.15568900001 }, "geometry": { "type": "Point", "coordinates": [ -76.52783203125, 3.4478700161 ] } },
{ "type": "Feature", "properties": { "dinamica": "HURTO", "titulo": "DELITOS CONTRA EL PATRIMONIO ECONOMICO", "capitulo": "DEL HURTO", "articulo": "HURTO. ART. 239 C.P.", "grado_deli": "NINGUNO", "tipo_notic": "DENUNCIA", "caracteriz": "HURTO A CELULARES", "modalidad": "COSQUILLEO", "modo": null, "motivo": null, "pais": "COLOMBIA", "dane_dep": 76, "departamen": "VALLE DEL CAUCA", "dane_mpio": 76001, "municipio": "CALI", "cod_comuna": 3.0, "comuna": "Comuna 3", "cod_barrio": 309.0, "nom_barrio": "San Pascual", "direccion": "76001 CARRERA 14 CON CALLE 13, SAN PASCUAL, COMUNA 3, CALI, VALLE DEL CAUCA", "sitio": "TRANSPORTE MASIVO", "x": -76.5287399292, "y": 3.4434299468999998, "anio": 2023, "mes": "agosto", "dia": 31, "dia_semana": 5, "hora_hecho": "06:00", "barrio": "SAN PASCUAL", "estrato": 1, "geom": "0101000020E6100000000000E0D62153C000000000258C0B40", "fecha_hech": "2023-08-31 00:00:00", "Id": 0, "area": 136572.15568900001 }, "geometry": { "type": "Point", "coordinates": [ -76.5287399292, 3.4434299469 ] } },
{ "type": "Feature", "properties": { "dinamica": "HURTO", "titulo": "DELITOS CONTRA EL PATRIMONIO ECONOMICO", "capitulo": "DEL HURTO", "articulo": "HURTO CALIFICADO. ART. 240 C.P.", "grado_deli": "NINGUNO", "tipo_notic": "DENUNCIA", "caracteriz": "HURTO A CELULARES", "modalidad": "RAPONAZO", "modo": null, "motivo": "SIN DETERMINAR", "pais": "COLOMBIA", "dane_dep": 76, "departamen": "VALLE DEL CAUCA", "dane_mpio": 76001, "municipio": "CALI", "cod_comuna": 3.0, "comuna": "Comuna 3", "cod_barrio": 307.0, "nom_barrio": "Santa Rosa", "direccion": "76001 Carrera 10 10 60, Santa Rosa, Comuna 3, Cali, Valle del Cauca, COL,SANTA ROSA", "sitio": "SIN INFORMACION", "x": -76.531967163090002, "y": 3.4470300674400001, "anio": 2023, "mes": "agosto", "dia": 31, "dia_semana": 5, "hora_hecho": "08:45", "barrio": "SANTA ROSA", "estrato": 3, "geom": "0101000020E6100000000000C00B2253C00000008084930B40", "fecha_hech": "2023-08-31 00:00:00", "Id": 0, "area": 136572.15568900001 }, "geometry": { "type": "Point", "coordinates": [ -76.531967163090002, 3.44703006744 ] } },
{ "type": "Feature", "properties": { "dinamica": "HURTO", "titulo": "DELITOS CONTRA EL PATRIMONIO ECONOMICO", "capitulo": "DEL HURTO", "articulo": "HURTO CALIFICADO. ART. 240 C.P.", "grado_deli": "NINGUNO", "tipo_notic": "DENUNCIA", "caracteriz": "HURTO A PERSONAS", "modalidad": "ATRACO", "modo": "ARMA BLANCA", "motivo": null, "pais": "COLOMBIA", "dane_dep": 76, "departamen": "VALLE DEL CAUCA", "dane_mpio": 76001, "municipio": "CALI", "cod_comuna": 3.0, "comuna": "Comuna 3", "cod_barrio": 306.0, "nom_barrio": "San Juan Bosco", "direccion": "76001 CALLE 10 CON CARRERA 15 9, SAN JUAN BOSCO, COMUNA 3, CALI, VALLE DEL CAUCA", "sitio": "VIA PUBLICA", "x": -76.531967163090002, "y": 3.44250011444, "anio": 2023, "mes": "septiembre", "dia": 1, "dia_semana": 6, "hora_hecho": "03:00", "barrio": "SAN JUAN BOSCO", "estrato": 3, "geom": "0101000020E6100000000000C00B2253C0000000803D8A0B40", "fecha_hech": "2023-09-01 00:00:00", "Id": 0, "area": 136572.15568900001 }, "geometry": { "type": "Point", "coordinates": [ -76.531967163090002, 3.44250011444 ] } },
{ "type": "Feature", "properties": { "dinamica": "HURTO", "titulo": "DELITOS CONTRA EL PATRIMONIO ECONOMICO", "capitulo": "DEL HURTO", "articulo": "HURTO CALIFICADO. ART. 240 C.P.", "grado_deli": "NINGUNO", "tipo_notic": "DENUNCIA", "caracteriz": "HURTO DE MOTOCICLETAS", "modalidad": "ATRACO", "modo": "ARMA DE FUEGO", "motivo": null, "pais": "COLOMBIA", "dane_dep": 76, "departamen": "VALLE DEL CAUCA", "dane_mpio": 76001, "municipio": "CALI", "cod_comuna": 3.0, "comuna": "Comuna 3", "cod_barrio": 310.0, "nom_barrio": "El Calvario", "direccion": "76001 CL 12 B CON KR 10 A-12", "sitio": "SIN INFORMACION", "x": -76.530632019039999, "y": 3.447067976, "anio": 2023, "mes": "septiembre", "dia": 1, "dia_semana": 6, "hora_hecho": "07:00", "barrio": null, "estrato": 3, "geom": "0101000020E6100000000000E0F52153C00000006098930B40", "fecha_hech": "2023-09-01 00:00:00", "Id": 0, "area": 136572.15568900001 }, "geometry": { "type": "Point", "coordinates": [ -76.530632019039999, 3.447067976 ] } },
{ "type": "Feature", "properties": { "dinamica": "HURTO", "titulo": "DELITOS CONTRA EL PATRIMONIO ECONOMICO", "capitulo": "DEL HURTO", "articulo": "HURTO. ART. 239 C.P.", "grado_deli": "NINGUNO", "tipo_notic": "DENUNCIA", "caracteriz": "HURTO A CELULARES", "modalidad": "COSQUILLEO", "modo": null, "motivo": null, "pais": "COLOMBIA", "dane_dep": 76, "departamen": "VALLE DEL CAUCA", "dane_mpio": 76001, "municipio": "CALI", "cod_comuna": 3.0, "comuna": "Comuna 3", "cod_barrio": 310.0, "nom_barrio": "El Calvario", "direccion": "76001 CALLE 15 CON CARRERA 10, EL CALVARIO, COMUNA 9, CALI, VALLE DEL CAUCA", "sitio": "ESTACION TRANSPORTE MASIVO", "x": -76.52758026123, "y": 3.4478800296799998, "anio": 2023, "mes": "septiembre", "dia": 1, "dia_semana": 6, "hora_hecho": "09:00", "barrio": "EL CALVARIO", "estrato": 3, "geom": "0101000020E6100000000000E0C32153C00000002042950B40", "fecha_hech": "2023-09-01 00:00:00", "Id": 0, "area": 136572.15568900001 }, "geometry": { "type": "Point", "coordinates": [ -76.52758026123, 3.44788002968 ] } },
{ "type": "Feature", "properties": { "dinamica": "HURTO", "titulo": "DELITOS CONTRA EL PATRIMONIO ECONOMICO", "capitulo": "DEL HURTO", "articulo": "HURTO CALIFICADO. ART. 240 C.P.", "grado_deli": "AGRAVADO", "tipo_notic": "DENUNCIA", "caracteriz": "HURTO DE AUTOPARTES", "modalidad": "FACTOR DE OPORTUNIDAD", "modo": null, "motivo": null, "pais": "COLOMBIA", "dane_dep": 76, "departamen": "VALLE DEL CAUCA", "dane_mpio": 76001, "municipio": "CALI", "cod_comuna": 3.0, "comuna": "Comuna 3", "cod_barrio": 310.0, "nom_barrio": "El Calvario", "direccion": "76001 El Calvario, Comuna 3, Cali, Valle del Cauca, COL,EL CALVARIO", "sitio": "SIN INFORMACION", "x": -76.529167175289999, "y": 3.44689011574, "anio": 2023, "mes": "septiembre", "dia": 1, "dia_semana": 6, "hora_hecho": "11:13", "barrio": "EL CALVARIO", "estrato": 3, "geom": "0101000020E6100000000000E0DD2153C0000000203B930B40", "fecha_hech": "2023-09-01 00:00:00", "Id": 0, "area": 136572.15568900001 }, "geometry": { "type": "Point", "coordinates": [ -76.529167175289999, 3.44689011574 ] } },
{ "type": "Feature", "properties": { "dinamica": "HURTO", "titulo": "DELITOS CONTRA EL PATRIMONIO ECONOMICO", "capitulo": "DEL HURTO", "articulo": "HURTO CALIFICADO. ART. 240 C.P.", "grado_deli": "NINGUNO", "tipo_notic": "ACTOS URGENTES", "caracteriz": "HURTO A PERSONAS", "modalidad": "ATRACO", "modo": "ARMA DE FUEGO", "motivo": null, "pais": "COLOMBIA", "dane_dep": 76, "departamen": "VALLE DEL CAUCA", "dane_mpio": 76001, "municipio": "CALI", "cod_comuna": 3.0, "comuna": "Comuna 3", "cod_barrio": 306.0, "nom_barrio": "San Juan Bosco", "direccion": "76001 CARRERA 15 9 98", "sitio": "ESTABLECIMIENTO DE COMERCIO", "x": -76.53197479248, "y": 3.4424760341599998, "anio": 2023, "mes": "septiembre", "dia": 4, "dia_semana": 2, "hora_hecho": "02:00", "barrio": "SAN JUAN BOSCO", "estrato": 3, "geom": "0101000020E6100000000000E00B2253C0000000E0308A0B40", "fecha_hech": "2023-09-04 00:00:00", "Id": 0, "area": 136572.15568900001 }, "geometry": { "type": "Point", "coordinates": [ -76.53197479248, 3.44247603416 ] } },
{ "type": "Feature", "properties": { "dinamica": "HURTO", "titulo": "DELITOS CONTRA EL PATRIMONIO ECONOMICO", "capitulo": "DEL HURTO", "articulo": "HURTO CALIFICADO. ART. 240 C.P.", "grado_deli": "AGRAVADO", "tipo_notic": "DENUNCIA", "caracteriz": "HURTO A PERSONAS", "modalidad": "ATRACO", "modo": "SIN ARMA", "motivo": null, "pais": "COLOMBIA", "dane_dep": 76, "departamen": "VALLE DEL CAUCA", "dane_mpio": 76001, "municipio": "CALI", "cod_comuna": 3.0, "comuna": "Comuna 3", "cod_barrio": 306.0, "nom_barrio": "San Juan Bosco", "direccion": "76001 CL 10 CON KR 12-15 CL 10 12 15", "sitio": "SIN INFORMACION", "x": -76.53221130371, "y": 3.44524908066, "anio": 2023, "mes": "septiembre", "dia": 5, "dia_semana": 3, "hora_hecho": "16:30", "barrio": null, "estrato": 3, "geom": "0101000020E6100000000000C00F2253C0000000C0DE8F0B40", "fecha_hech": "2023-09-05 00:00:00", "Id": 0, "area": 136572.15568900001 }, "geometry": { "type": "Point", "coordinates": [ -76.53221130371, 3.44524908066 ] } },
{ "type": "Feature", "properties": { "dinamica": "HURTO", "titulo": "DELITOS CONTRA EL PATRIMONIO ECONOMICO", "capitulo": "DEL HURTO", "articulo": "HURTO. ART. 239 C.P.", "grado_deli": "NINGUNO", "tipo_notic": "DENUNCIA", "caracteriz": "HURTO A PERSONAS", "modalidad": "COSQUILLEO", "modo": null, "motivo": null, "pais": "COLOMBIA", "dane_dep": 76, "departamen": "VALLE DEL CAUCA", "dane_mpio": 76001, "municipio": "CALI", "cod_comuna": 3.0, "comuna": "Comuna 3", "cod_barrio": 309.0, "nom_barrio": "San Pascual", "direccion": "76001 CARRERA 14 13 18, SAN PASCUAL, COMUNA 3, CALI, VALLE DEL CAUCA", "sitio": "TRANSPORTE PUBLICO URBANO", "x": -76.52857208252, "y": 3.4433100223499999, "anio": 2023, "mes": "septiembre", "dia": 6, "dia_semana": 4, "hora_hecho": "07:00", "barrio": "SAN PASCUAL", "estrato": 1, "geom": "0101000020E610000000000020D42153C000000020E68B0B40", "fecha_hech": "2023-09-06 00:00:00", "Id": 0, "area": 136572.15568900001 }, "geometry": { "type": "Point", "coordinates": [ -76.52857208252, 3.44331002235 ] } },
{ "type": "Feature", "properties": { "dinamica": "HURTO", "titulo": "DELITOS CONTRA EL PATRIMONIO ECONOMICO", "capitulo": "DEL HURTO", "articulo": "HURTO. ART. 239 C.P.", "grado_deli": "AGRAVADO", "tipo_notic": "DENUNCIA", "caracteriz": "HURTO A CELULARES", "modalidad": "COSQUILLEO", "modo": null, "motivo": null, "pais": "COLOMBIA", "dane_dep": 76, "departamen": "VALLE DEL CAUCA", "dane_mpio": 76001, "municipio": "CALI", "cod_comuna": 3.0, "comuna": "Comuna 3", "cod_barrio": 309.0, "nom_barrio": "San Pascual", "direccion": "76001 KR 14 CL 13-18 KR 14 13 18", "sitio": "SIN INFORMACION", "x": -76.528610229489999, "y": 3.4433960914599999, "anio": 2023, "mes": "septiembre", "dia": 6, "dia_semana": 4, "hora_hecho": "19:00", "barrio": null, "estrato": 1, "geom": "0101000020E6100000000000C0D42153C000000040138C0B40", "fecha_hech": "2023-09-06 00:00:00", "Id": 0, "area": 136572.15568900001 }, "geometry": { "type": "Point", "coordinates": [ -76.528610229489999, 3.44339609146 ] } },
{ "type": "Feature", "properties": { "dinamica": "HURTO", "titulo": "DELITOS CONTRA EL PATRIMONIO ECONOMICO", "capitulo": "DEL HURTO", "articulo": "HURTO CALIFICADO. ART. 240 C.P.", "grado_deli": "TENTATIVA", "tipo_notic": "ACTOS URGENTES", "caracteriz": "HURTO A PERSONAS", "modalidad": "ATRACO", "modo": "ARMA BLANCA", "motivo": null, "pais": "COLOMBIA", "dane_dep": 76, "departamen": "VALLE DEL CAUCA", "dane_mpio": 76001, "municipio": "CALI", "cod_comuna": 3.0, "comuna": "Comuna 3", "cod_barrio": 309.0, "nom_barrio": "San Pascual", "direccion": "76001 CARRERA 14 13 18, SAN PASCUAL, COMUNA 3, CALI, VALLE DEL CAUCA", "sitio": "VIA PUBLICA", "x": -76.52857208252, "y": 3.4433100223499999, "anio": 2023, "mes": "septiembre", "dia": 7, "dia_semana": 5, "hora_hecho": "07:25", "barrio": "SAN PASCUAL", "estrato": 1, "geom": "0101000020E610000000000020D42153C000000020E68B0B40", "fecha_hech": "2023-09-07 00:00:00", "Id": 0, "area": 136572.15568900001 }, "geometry": { "type": "Point", "coordinates": [ -76.52857208252, 3.44331002235 ] } },
{ "type": "Feature", "properties": { "dinamica": "HURTO", "titulo": "DELITOS CONTRA EL PATRIMONIO ECONOMICO", "capitulo": "DEL HURTO", "articulo": "HURTO. ART. 239 C.P.", "grado_deli": "NINGUNO", "tipo_notic": "QUERELLA", "caracteriz": "HURTO A ESTABLECIMIENTOS", "modalidad": "FACTOR DE OPORTUNIDAD", "modo": null, "motivo": null, "pais": "COLOMBIA", "dane_dep": 76, "departamen": "VALLE DEL CAUCA", "dane_mpio": 76001, "municipio": "CALI", "cod_comuna": 3.0, "comuna": "Comuna 3", "cod_barrio": 306.0, "nom_barrio": "San Juan Bosco", "direccion": "76001 CARRERA 15 11 15, SAN JUAN BOSCO, COMUNA 3, CALI, VALLE DEL CAUCA", "sitio": "VIA PUBLICA", "x": -76.53067779541, "y": 3.4427371025100002, "anio": 2023, "mes": "septiembre", "dia": 7, "dia_semana": 5, "hora_hecho": "10:00", "barrio": "SAN JUAN BOSCO", "estrato": 3, "geom": "0101000020E6100000000000A0F62153C0000000C0B98A0B40", "fecha_hech": "2023-09-07 00:00:00", "Id": 0, "area": 136572.15568900001 }, "geometry": { "type": "Point", "coordinates": [ -76.53067779541, 3.44273710251 ] } },
{ "type": "Feature", "properties": { "dinamica": "HURTO", "titulo": "DELITOS CONTRA EL PATRIMONIO ECONOMICO", "capitulo": "DEL HURTO", "articulo": "HURTO. ART. 239 C.P.", "grado_deli": "NINGUNO", "tipo_notic": "DENUNCIA", "caracteriz": "HURTO A PERSONAS", "modalidad": "ATRACO", "modo": "ARMA DE FUEGO", "motivo": null, "pais": "COLOMBIA", "dane_dep": 76, "departamen": "VALLE DEL CAUCA", "dane_mpio": 76001, "municipio": "CALI", "cod_comuna": 3.0, "comuna": "Comuna 3", "cod_barrio": 309.0, "nom_barrio": "San Pascual", "direccion": "76001 CARRERA 14 13 18, SAN PASCUAL, COMUNA 3, CALI, VALLE DEL CAUCA", "sitio": "ESTACION TRANSPORTE MASIVO", "x": -76.52857208252, "y": 3.4433100223499999, "anio": 2023, "mes": "septiembre", "dia": 7, "dia_semana": 5, "hora_hecho": "21:30", "barrio": "SAN PASCUAL", "estrato": 1, "geom": "0101000020E610000000000020D42153C000000020E68B0B40", "fecha_hech": "2023-09-07 00:00:00", "Id": 0, "area": 136572.15568900001 }, "geometry": { "type": "Point", "coordinates": [ -76.52857208252, 3.44331002235 ] } },
{ "type": "Feature", "properties": { "dinamica": "HURTO", "titulo": "DELITOS CONTRA EL PATRIMONIO ECONOMICO", "capitulo": "DEL HURTO", "articulo": "HURTO CALIFICADO. ART. 240 C.P.", "grado_deli": "AGRAVADO", "tipo_notic": "DENUNCIA", "caracteriz": "HURTO A CELULARES", "modalidad": "COSQUILLEO", "modo": null, "motivo": null, "pais": "COLOMBIA", "dane_dep": 76, "departamen": "VALLE DEL CAUCA", "dane_mpio": 76001, "municipio": "CALI", "cod_comuna": 3.0, "comuna": "Comuna 3", "cod_barrio": 309.0, "nom_barrio": "San Pascual", "direccion": "76001 CARRERA 14 CON CALLE 13, SAN PASCUAL, COMUNA 3, CALI, VALLE DEL CAUCA", "sitio": "TRANSPORTE MASIVO", "x": -76.5287399292, "y": 3.4434299468999998, "anio": 2023, "mes": "septiembre", "dia": 8, "dia_semana": 6, "hora_hecho": "06:00", "barrio": "SAN PASCUAL", "estrato": 1, "geom": "0101000020E6100000000000E0D62153C000000000258C0B40", "fecha_hech": "2023-09-08 00:00:00", "Id": 0, "area": 136572.15568900001 }, "geometry": { "type": "Point", "coordinates": [ -76.5287399292, 3.4434299469 ] } },
{ "type": "Feature", "properties": { "dinamica": "HURTO", "titulo": "DELITOS CONTRA EL PATRIMONIO ECONOMICO", "capitulo": "DEL HURTO", "articulo": "HURTO. ART. 239 C.P.", "grado_deli": "NINGUNO", "tipo_notic": "DENUNCIA", "caracteriz": "HURTO A CELULARES", "modalidad": "COSQUILLEO", "modo": null, "motivo": null, "pais": "COLOMBIA", "dane_dep": 76, "departamen": "VALLE DEL CAUCA", "dane_mpio": 76001, "municipio": "CALI", "cod_comuna": 3.0, "comuna": "Comuna 3", "cod_barrio": 309.0, "nom_barrio": "San Pascual", "direccion": "76001 CARRERA 13 12 13, SAN PASCUAL, COMUNA 3, CALI, VALLE DEL CAUCA", "sitio": "VIA PUBLICA", "x": -76.52986907959, "y": 3.4445040226, "anio": 2023, "mes": "septiembre", "dia": 9, "dia_semana": 7, "hora_hecho": "12:00", "barrio": "SAN PASCUAL", "estrato": 1, "geom": "0101000020E610000000000060E92153C000000020588E0B40", "fecha_hech": "2023-09-09 00:00:00", "Id": 0, "area": 136572.15568900001 }, "geometry": { "type": "Point", "coordinates": [ -76.52986907959, 3.4445040226 ] } },
{ "type": "Feature", "properties": { "dinamica": "HURTO", "titulo": "DELITOS CONTRA EL PATRIMONIO ECONOMICO", "capitulo": "DEL HURTO", "articulo": "HURTO CALIFICADO. ART. 240 C.P.", "grado_deli": "AGRAVADO", "tipo_notic": "DENUNCIA", "caracteriz": "HURTO A PERSONAS", "modalidad": "ATRACO", "modo": "ARMA DE FUEGO", "motivo": null, "pais": "COLOMBIA", "dane_dep": 76, "departamen": "VALLE DEL CAUCA", "dane_mpio": 76001, "municipio": "CALI", "cod_comuna": 3.0, "comuna": "Comuna 3", "cod_barrio": 310.0, "nom_barrio": "El Calvario", "direccion": "76001 KR 10 CON CL 13 KR 10 CL 13", "sitio": "SIN INFORMACION", "x": -76.529830932620001, "y": 3.4476718902600001, "anio": 2023, "mes": "septiembre", "dia": 9, "dia_semana": 7, "hora_hecho": "13:30", "barrio": null, "estrato": 3, "geom": "0101000020E6100000000000C0E82153C000000000D5940B40", "fecha_hech": "2023-09-09 00:00:00", "Id": 0, "area": 136572.15568900001 }, "geometry": { "type": "Point", "coordinates": [ -76.529830932620001, 3.44767189026 ] } },
{ "type": "Feature", "properties": { "dinamica": "HURTO", "titulo": "DELITOS CONTRA EL PATRIMONIO ECONOMICO", "capitulo": "DEL HURTO", "articulo": "HURTO. ART. 239 C.P.", "grado_deli": "AGRAVADO", "tipo_notic": "DENUNCIA", "caracteriz": "HURTO A PERSONAS", "modalidad": "FACTOR DE OPORTUNIDAD", "modo": null, "motivo": null, "pais": "COLOMBIA", "dane_dep": 76, "departamen": "VALLE DEL CAUCA", "dane_mpio": 76001, "municipio": "CALI", "cod_comuna": 3.0, "comuna": "Comuna 3", "cod_barrio": 309.0, "nom_barrio": "San Pascual", "direccion": "76001 CARRERA 13, SAN PASCUAL, COMUNA 3, CALI, VALLE DEL CAUCA", "sitio": "LOCAL COMERCIAL", "x": -76.529495239260001, "y": 3.4444870948799999, "anio": 2023, "mes": "septiembre", "dia": 9, "dia_semana": 7, "hora_hecho": "17:00", "barrio": "SAN PASCUAL", "estrato": 1, "geom": "0101000020E610000000000040E32153C0000000404F8E0B40", "fecha_hech": "2023-09-09 00:00:00", "Id": 0, "area": 136572.15568900001 }, "geometry": { "type": "Point", "coordinates": [ -76.529495239260001, 3.44448709488 ] } },
{ "type": "Feature", "properties": { "dinamica": "HURTO", "titulo": "DELITOS CONTRA EL PATRIMONIO ECONOMICO", "capitulo": "DEL HURTO", "articulo": "HURTO CALIFICADO. ART. 240 C.P.", "grado_deli": "NINGUNO", "tipo_notic": "DENUNCIA", "caracteriz": "HURTO DE BICICLETAS", "modalidad": "ATRACO", "modo": "ARMA BLANCA", "motivo": null, "pais": "COLOMBIA", "dane_dep": 76, "departamen": "VALLE DEL CAUCA", "dane_mpio": 76001, "municipio": "CALI", "cod_comuna": 3.0, "comuna": "Comuna 3", "cod_barrio": 309.0, "nom_barrio": "San Pascual", "direccion": "76001 Carrera 12 con Calle 15, El Calvario, Comuna 9, Cali, Valle del Cauca, COL,SAN PASCUAL", "sitio": "SIN INFORMACION", "x": -76.52700805664, "y": 3.4458899498000002, "anio": 2023, "mes": "septiembre", "dia": 12, "dia_semana": 3, "hora_hecho": "04:56", "barrio": "SAN PASCUAL", "estrato": 1, "geom": "0101000020E610000000000080BA2153C0000000C02E910B40", "fecha_hech": "2023-09-12 00:00:00", "Id": 0, "area": 136572.15568900001 }, "geometry": { "type": "Point", "coordinates": [ -76.52700805664, 3.4458899498 ] } },
{ "type": "Feature", "properties": { "dinamica": "HURTO", "titulo": "DELITOS CONTRA EL PATRIMONIO ECONOMICO", "capitulo": "DEL HURTO", "articulo": "HURTO CALIFICADO. ART. 240 C.P.", "grado_deli": "NINGUNO", "tipo_notic": "DENUNCIA", "caracteriz": "HURTO A PERSONAS", "modalidad": "ATRACO", "modo": "ARMA DE FUEGO", "motivo": null, "pais": "COLOMBIA", "dane_dep": 76, "departamen": "VALLE DEL CAUCA", "dane_mpio": 76001, "municipio": "CALI", "cod_comuna": 3.0, "comuna": "Comuna 3", "cod_barrio": 309.0, "nom_barrio": "San Pascual", "direccion": "76001 CALLE 13A 12A 24, SAN PASCUAL, COMUNA 3, CALI, VALLE DEL CAUCA", "sitio": "VIA PUBLICA", "x": -76.528282165530001, "y": 3.4450209140800001, "anio": 2023, "mes": "septiembre", "dia": 12, "dia_semana": 3, "hora_hecho": "17:30", "barrio": "SAN PASCUAL", "estrato": 1, "geom": "0101000020E610000000000060CF2153C000000020678F0B40", "fecha_hech": "2023-09-12 00:00:00", "Id": 0, "area": 136572.15568900001 }, "geometry": { "type": "Point", "coordinates": [ -76.528282165530001, 3.44502091408 ] } },
{ "type": "Feature", "properties": { "dinamica": "HURTO", "titulo": "DELITOS CONTRA EL PATRIMONIO ECONOMICO", "capitulo": "DEL HURTO", "articulo": "HURTO CALIFICADO. ART. 240 C.P.", "grado_deli": "AGRAVADO", "tipo_notic": "DENUNCIA", "caracteriz": "HURTO A PERSONAS", "modalidad": "ATRACO", "modo": "ARMA BLANCA", "motivo": null, "pais": "COLOMBIA", "dane_dep": 76, "departamen": "VALLE DEL CAUCA", "dane_mpio": 76001, "municipio": "CALI", "cod_comuna": 3.0, "comuna": "Comuna 3", "cod_barrio": 309.0, "nom_barrio": "San Pascual", "direccion": "76001 CALLE 13 14 3, SAN PASCUAL, COMUNA 3, CALI, VALLE DEL CAUCA", "sitio": "TRANSPORTE MASIVO", "x": -76.528701782230002, "y": 3.4428460598, "anio": 2023, "mes": "septiembre", "dia": 18, "dia_semana": 2, "hora_hecho": "16:15", "barrio": "SAN PASCUAL", "estrato": 1, "geom": "0101000020E610000000000040D62153C0000000E0F28A0B40", "fecha_hech": "2023-09-18 00:00:00", "Id": 0, "area": 136572.15568900001 }, "geometry": { "type": "Point", "coordinates": [ -76.528701782230002, 3.4428460598 ] } },
{ "type": "Feature", "properties": { "dinamica": "HURTO", "titulo": "DELITOS CONTRA EL PATRIMONIO ECONOMICO", "capitulo": "DEL HURTO", "articulo": "HURTO CALIFICADO. ART. 240 C.P.", "grado_deli": "NINGUNO", "tipo_notic": "DENUNCIA", "caracteriz": "HURTO DE MOTOCICLETAS", "modalidad": "HALADO", "modo": null, "motivo": null, "pais": "COLOMBIA", "dane_dep": 76, "departamen": "VALLE DEL CAUCA", "dane_mpio": 76001, "municipio": "CALI", "cod_comuna": 3.0, "comuna": "Comuna 3", "cod_barrio": 309.0, "nom_barrio": "San Pascual", "direccion": "76001 CARRERA 15 13, SAN PASCUAL, COMUNA 3, CALI, VALLE DEL CAUCA", "sitio": "VIA PUBLICA", "x": -76.528549194340002, "y": 3.4427950382199999, "anio": 2023, "mes": "septiembre", "dia": 22, "dia_semana": 6, "hora_hecho": "00:00", "barrio": "GUAYAQUIL", "estrato": 1, "geom": "0101000020E6100000000000C0D32153C000000020D88A0B40", "fecha_hech": "2023-09-22 00:00:00", "Id": 0, "area": 136572.15568900001 }, "geometry": { "type": "Point", "coordinates": [ -76.528549194340002, 3.44279503822 ] } },
{ "type": "Feature", "properties": { "dinamica": "HURTO", "titulo": "DELITOS CONTRA EL PATRIMONIO ECONOMICO", "capitulo": "DEL HURTO", "articulo": "HURTO CALIFICADO. ART. 240 C.P.", "grado_deli": "AGRAVADO", "tipo_notic": "DENUNCIA", "caracteriz": "HURTO A CELULARES", "modalidad": "COSQUILLEO", "modo": null, "motivo": null, "pais": "COLOMBIA", "dane_dep": 76, "departamen": "VALLE DEL CAUCA", "dane_mpio": 76001, "municipio": "CALI", "cod_comuna": 3.0, "comuna": "Comuna 3", "cod_barrio": 306.0, "nom_barrio": "San Juan Bosco", "direccion": "76001 CALLE 10 CON CARRERA 15, SAN JUAN BOSCO, COMUNA 3, CALI, VALLE DEL CAUCA", "sitio": "ESTACION TRANSPORTE MASIVO", "x": -76.531967163090002, "y": 3.44250011444, "anio": 2023, "mes": "septiembre", "dia": 22, "dia_semana": 6, "hora_hecho": "16:00", "barrio": "SAN JUAN BOSCO", "estrato": 3, "geom": "0101000020E6100000000000C00B2253C0000000803D8A0B40", "fecha_hech": "2023-09-22 00:00:00", "Id": 0, "area": 136572.15568900001 }, "geometry": { "type": "Point", "coordinates": [ -76.531967163090002, 3.44250011444 ] } },
{ "type": "Feature", "properties": { "dinamica": "HURTO", "titulo": "DELITOS CONTRA EL PATRIMONIO ECONOMICO", "capitulo": "DEL HURTO", "articulo": "HURTO CALIFICADO. ART. 240 C.P.", "grado_deli": "NINGUNO", "tipo_notic": "DENUNCIA", "caracteriz": "HURTO A CELULARES", "modalidad": "ATRACO", "modo": "ARMA BLANCA", "motivo": "SIN DETERMINAR", "pais": "COLOMBIA", "dane_dep": 76, "departamen": "VALLE DEL CAUCA", "dane_mpio": 76001, "municipio": "CALI", "cod_comuna": 3.0, "comuna": "Comuna 3", "cod_barrio": 309.0, "nom_barrio": "San Pascual", "direccion": "76001 CARRERA 12 12, EL CALVARIO, COMUNA 3, CALI, VALLE DEL CAUCA", "sitio": "VIA PUBLICA", "x": -76.529808044429998, "y": 3.44555997849, "anio": 2023, "mes": "septiembre", "dia": 25, "dia_semana": 2, "hora_hecho": "19:30", "barrio": "SAN PASCUAL", "estrato": 1, "geom": "0101000020E610000000000060E82153C0000000C081900B40", "fecha_hech": "2023-09-25 00:00:00", "Id": 0, "area": 136572.15568900001 }, "geometry": { "type": "Point", "coordinates": [ -76.529808044429998, 3.44555997849 ] } },
{ "type": "Feature", "properties": { "dinamica": "HURTO", "titulo": "DELITOS CONTRA EL PATRIMONIO ECONOMICO", "capitulo": "DEL HURTO", "articulo": "HURTO CALIFICADO. ART. 240 C.P.", "grado_deli": "NINGUNO", "tipo_notic": "DENUNCIA", "caracteriz": "HURTO A PERSONAS", "modalidad": "ATRACO", "modo": "ARMA DE FUEGO", "motivo": null, "pais": "COLOMBIA", "dane_dep": 76, "departamen": "VALLE DEL CAUCA", "dane_mpio": 76001, "municipio": "CALI", "cod_comuna": 3.0, "comuna": "Comuna 3", "cod_barrio": 309.0, "nom_barrio": "San Pascual", "direccion": "76001 San Pascual, Comuna 3, Cali, Valle del Cauca, COL,SAN PASCUAL", "sitio": "SIN INFORMACION", "x": -76.527992248540002, "y": 3.44416999817, "anio": 2023, "mes": "septiembre", "dia": 25, "dia_semana": 2, "hora_hecho": "22:30", "barrio": "SAN PASCUAL", "estrato": 1, "geom": "0101000020E6100000000000A0CA2153C000000000A98D0B40", "fecha_hech": "2023-09-25 00:00:00", "Id": 0, "area": 136572.15568900001 }, "geometry": { "type": "Point", "coordinates": [ -76.527992248540002, 3.44416999817 ] } },
{ "type": "Feature", "properties": { "dinamica": "HURTO", "titulo": "DELITOS CONTRA EL PATRIMONIO ECONOMICO", "capitulo": "DEL HURTO", "articulo": "HURTO. ART. 239 C.P.", "grado_deli": "NINGUNO", "tipo_notic": "DENUNCIA", "caracteriz": "HURTO A CELULARES", "modalidad": "COSQUILLEO", "modo": null, "motivo": null, "pais": "COLOMBIA", "dane_dep": 76, "departamen": "VALLE DEL CAUCA", "dane_mpio": 76001, "municipio": "CALI", "cod_comuna": 3.0, "comuna": "Comuna 3", "cod_barrio": 309.0, "nom_barrio": "San Pascual", "direccion": "76001 CALLE 15 CON CARRERA 15, SAN PASCUAL, COMUNA 3, CALI, VALLE DEL CAUCA", "sitio": "ESTACION TRANSPORTE MASIVO", "x": -76.52619934082, "y": 3.4426898956300001, "anio": 2023, "mes": "septiembre", "dia": 26, "dia_semana": 3, "hora_hecho": "07:30", "barrio": "GUAYAQUIL", "estrato": 1, "geom": "0101000020E610000000000040AD2153C000000000A18A0B40", "fecha_hech": "2023-09-26 00:00:00", "Id": 0, "area": 136572.15568900001 }, "geometry": { "type": "Point", "coordinates": [ -76.52619934082, 3.44268989563 ] } },
{ "type": "Feature", "properties": { "dinamica": "HURTO", "titulo": "DELITOS CONTRA EL PATRIMONIO ECONOMICO", "capitulo": "DEL HURTO", "articulo": "HURTO CALIFICADO. ART. 240 C.P.", "grado_deli": "NINGUNO", "tipo_notic": "DENUNCIA", "caracteriz": "HURTO A PERSONAS", "modalidad": "ATRACO", "modo": "ARMA DE FUEGO", "motivo": null, "pais": "COLOMBIA", "dane_dep": 76, "departamen": "VALLE DEL CAUCA", "dane_mpio": 76001, "municipio": "CALI", "cod_comuna": 3.0, "comuna": "Comuna 3", "cod_barrio": 306.0, "nom_barrio": "San Juan Bosco", "direccion": "76001 CARRERA 14 11 11, SAN JUAN BOSCO, COMUNA 3, CALI, VALLE DEL CAUCA", "sitio": "VIA PUBLICA", "x": -76.530624389650001, "y": 3.4435160160099998, "anio": 2023, "mes": "septiembre", "dia": 26, "dia_semana": 3, "hora_hecho": "08:00", "barrio": "SAN JUAN BOSCO", "estrato": 3, "geom": "0101000020E6100000000000C0F52153C000000020528C0B40", "fecha_hech": "2023-09-26 00:00:00", "Id": 0, "area": 136572.15568900001 }, "geometry": { "type": "Point", "coordinates": [ -76.530624389650001, 3.44351601601 ] } },
{ "type": "Feature", "properties": { "dinamica": "HURTO", "titulo": "DELITOS CONTRA EL PATRIMONIO ECONOMICO", "capitulo": "DEL HURTO", "articulo": "HURTO. ART. 239 C.P.", "grado_deli": "NINGUNO", "tipo_notic": "DENUNCIA", "caracteriz": "HURTO A CELULARES", "modalidad": "COSQUILLEO", "modo": null, "motivo": null, "pais": "COLOMBIA", "dane_dep": 76, "departamen": "VALLE DEL CAUCA", "dane_mpio": 76001, "municipio": "CALI", "cod_comuna": 3.0, "comuna": "Comuna 3", "cod_barrio": 309.0, "nom_barrio": "San Pascual", "direccion": "76001 CALLE 13A 13, SAN PASCUAL, COMUNA 3, CALI, VALLE DEL CAUCA", "sitio": "ESTACION TRANSPORTE MASIVO", "x": -76.527992248540002, "y": 3.44417500496, "anio": 2023, "mes": "septiembre", "dia": 27, "dia_semana": 4, "hora_hecho": "18:30", "barrio": "SAN PASCUAL", "estrato": 1, "geom": "0101000020E6100000000000A0CA2153C0000000A0AB8D0B40", "fecha_hech": "2023-09-27 00:00:00", "Id": 0, "area": 136572.15568900001 }, "geometry": { "type": "Point", "coordinates": [ -76.527992248540002, 3.44417500496 ] } },
{ "type": "Feature", "properties": { "dinamica": "HURTO", "titulo": "DELITOS CONTRA EL PATRIMONIO ECONOMICO", "capitulo": "DEL HURTO", "articulo": "HURTO. ART. 239 C.P.", "grado_deli": "NINGUNO", "tipo_notic": "DENUNCIA", "caracteriz": "HURTO A CELULARES", "modalidad": "COSQUILLEO", "modo": null, "motivo": null, "pais": "COLOMBIA", "dane_dep": 76, "departamen": "VALLE DEL CAUCA", "dane_mpio": 76001, "municipio": "CALI", "cod_comuna": 3.0, "comuna": "Comuna 3", "cod_barrio": 310.0, "nom_barrio": "El Calvario", "direccion": "76001 CALLE 13A 10, EL CALVARIO, COMUNA 3, CALI, VALLE DEL CAUCA", "sitio": "TRANSPORTE MASIVO", "x": -76.528861999509999, "y": 3.44741511345, "anio": 2023, "mes": "septiembre", "dia": 28, "dia_semana": 5, "hora_hecho": "01:30", "barrio": "EL CALVARIO", "estrato": 3, "geom": "0101000020E6100000000000E0D82153C0000000604E940B40", "fecha_hech": "2023-09-28 00:00:00", "Id": 0, "area": 136572.15568900001 }, "geometry": { "type": "Point", "coordinates": [ -76.528861999509999, 3.44741511345 ] } },
{ "type": "Feature", "properties": { "dinamica": "HURTO", "titulo": "DELITOS CONTRA EL PATRIMONIO ECONOMICO", "capitulo": "DEL HURTO", "articulo": "HURTO. ART. 239 C.P.", "grado_deli": "AGRAVADO", "tipo_notic": "DENUNCIA", "caracteriz": "HURTO A PERSONAS", "modalidad": "COSQUILLEO", "modo": null, "motivo": null, "pais": "COLOMBIA", "dane_dep": 76, "departamen": "VALLE DEL CAUCA", "dane_mpio": 76001, "municipio": "CALI", "cod_comuna": 3.0, "comuna": "Comuna 3", "cod_barrio": 310.0, "nom_barrio": "El Calvario", "direccion": "76001 Calle 15 con Carrera 10, El Calvario, Comuna 3, Cali, Valle del Cauca, COL,EL CALVARIO", "sitio": "SIN INFORMACION", "x": -76.52758026123, "y": 3.4478800296799998, "anio": 2023, "mes": "octubre", "dia": 4, "dia_semana": 4, "hora_hecho": "06:40", "barrio": "EL CALVARIO", "estrato": 3, "geom": "0101000020E6100000000000E0C32153C00000002042950B40", "fecha_hech": "2023-10-04 00:00:00", "Id": 0, "area": 136572.15568900001 }, "geometry": { "type": "Point", "coordinates": [ -76.52758026123, 3.44788002968 ] } },
{ "type": "Feature", "properties": { "dinamica": "HURTO", "titulo": "DELITOS CONTRA EL PATRIMONIO ECONOMICO", "capitulo": "DEL HURTO", "articulo": "HURTO. ART. 239 C.P.", "grado_deli": "NINGUNO", "tipo_notic": "DENUNCIA", "caracteriz": "HURTO A CELULARES", "modalidad": "COSQUILLEO", "modo": null, "motivo": null, "pais": "COLOMBIA", "dane_dep": 76, "departamen": "VALLE DEL CAUCA", "dane_mpio": 76001, "municipio": "CALI", "cod_comuna": 3.0, "comuna": "Comuna 3", "cod_barrio": 309.0, "nom_barrio": "San Pascual", "direccion": "76001 CARRERA 15, SAN PASCUAL, COMUNA 3, CALI, VALLE DEL CAUCA", "sitio": "TRANSPORTE MASIVO", "x": -76.528549194340002, "y": 3.4427950382199999, "anio": 2023, "mes": "octubre", "dia": 4, "dia_semana": 4, "hora_hecho": "18:00", "barrio": "GUAYAQUIL", "estrato": 1, "geom": "0101000020E6100000000000C0D32153C000000020D88A0B40", "fecha_hech": "2023-10-04 00:00:00", "Id": 0, "area": 136572.15568900001 }, "geometry": { "type": "Point", "coordinates": [ -76.528549194340002, 3.44279503822 ] } },
{ "type": "Feature", "properties": { "dinamica": "HURTO", "titulo": "DELITOS CONTRA EL PATRIMONIO ECONOMICO", "capitulo": "DEL HURTO", "articulo": "HURTO. ART. 239 C.P.", "grado_deli": "NINGUNO", "tipo_notic": "DENUNCIA", "caracteriz": "HURTO A CELULARES", "modalidad": "COSQUILLEO", "modo": null, "motivo": null, "pais": "COLOMBIA", "dane_dep": 76, "departamen": "VALLE DEL CAUCA", "dane_mpio": 76001, "municipio": "CALI", "cod_comuna": 3.0, "comuna": "Comuna 3", "cod_barrio": 310.0, "nom_barrio": "El Calvario", "direccion": "76001 CARRERA 11 14 93", "sitio": "TRANSPORTE MASIVO", "x": -76.52751159668, "y": 3.44735789299, "anio": 2023, "mes": "octubre", "dia": 5, "dia_semana": 5, "hora_hecho": "07:00", "barrio": "EL CALVARIO", "estrato": 3, "geom": "0101000020E6100000000000C0C22153C00000006030940B40", "fecha_hech": "2023-10-05 00:00:00", "Id": 0, "area": 136572.15568900001 }, "geometry": { "type": "Point", "coordinates": [ -76.52751159668, 3.44735789299 ] } },
{ "type": "Feature", "properties": { "dinamica": "HURTO", "titulo": "DELITOS CONTRA EL PATRIMONIO ECONOMICO", "capitulo": "DEL HURTO", "articulo": "HURTO CALIFICADO. ART. 240 C.P.", "grado_deli": "NINGUNO", "tipo_notic": "DENUNCIA", "caracteriz": "HURTO A PERSONAS", "modalidad": "ATRACO", "modo": "ARMA DE FUEGO", "motivo": null, "pais": "COLOMBIA", "dane_dep": 76, "departamen": "VALLE DEL CAUCA", "dane_mpio": 76001, "municipio": "CALI", "cod_comuna": 3.0, "comuna": "Comuna 3", "cod_barrio": 309.0, "nom_barrio": "San Pascual", "direccion": "76001 CALLE 13 CON CARRERA 13, SAN PASCUAL, COMUNA 3, CALI, VALLE DEL CAUCA", "sitio": "VIA PUBLICA", "x": -76.529098510739999, "y": 3.4445300102199998, "anio": 2023, "mes": "octubre", "dia": 5, "dia_semana": 5, "hora_hecho": "09:30", "barrio": "SAN PASCUAL", "estrato": 1, "geom": "0101000020E6100000000000C0DC2153C0000000C0658E0B40", "fecha_hech": "2023-10-05 00:00:00", "Id": 0, "area": 136572.15568900001 }, "geometry": { "type": "Point", "coordinates": [ -76.529098510739999, 3.44453001022 ] } },
{ "type": "Feature", "properties": { "dinamica": "HURTO", "titulo": "DELITOS CONTRA EL PATRIMONIO ECONOMICO", "capitulo": "DEL HURTO", "articulo": "HURTO CALIFICADO. ART. 240 C.P.", "grado_deli": "AGRAVADO", "tipo_notic": "ACTOS URGENTES", "caracteriz": "HURTO A PERSONAS", "modalidad": "ATRACO", "modo": "ARMA BLANCA", "motivo": null, "pais": "COLOMBIA", "dane_dep": 76, "departamen": "VALLE DEL CAUCA", "dane_mpio": 76001, "municipio": "CALI", "cod_comuna": 3.0, "comuna": "Comuna 3", "cod_barrio": 310.0, "nom_barrio": "El Calvario", "direccion": "76001 CARRERA 11 CON CALLE 11, EL CALVARIO, COMUNA 3, CALI, VALLE DEL CAUCA", "sitio": "VIA PUBLICA", "x": -76.531257629389998, "y": 3.44638991356, "anio": 2023, "mes": "octubre", "dia": 5, "dia_semana": 5, "hora_hecho": "18:50", "barrio": "EL CALVARIO", "estrato": 3, "geom": "0101000020E610000000000020002253C0000000E034920B40", "fecha_hech": "2023-10-05 00:00:00", "Id": 0, "area": 136572.15568900001 }, "geometry": { "type": "Point", "coordinates": [ -76.531257629389998, 3.44638991356 ] } },
{ "type": "Feature", "properties": { "dinamica": "HURTO", "titulo": "DELITOS CONTRA EL PATRIMONIO ECONOMICO", "capitulo": "DEL HURTO", "articulo": "HURTO CALIFICADO. ART. 240 C.P.", "grado_deli": "NINGUNO", "tipo_notic": "DENUNCIA", "caracteriz": "HURTO A CELULARES", "modalidad": "RAPONAZO", "modo": null, "motivo": "SIN DETERMINAR", "pais": "COLOMBIA", "dane_dep": 76, "departamen": "VALLE DEL CAUCA", "dane_mpio": 76001, "municipio": "CALI", "cod_comuna": 3.0, "comuna": "Comuna 3", "cod_barrio": 310.0, "nom_barrio": "El Calvario", "direccion": "76001 CALLE 13 10, EL CALVARIO, COMUNA 3, CALI, VALLE DEL CAUCA", "sitio": "VIA PUBLICA", "x": -76.529792785639998, "y": 3.4472250938400002, "anio": 2023, "mes": "octubre", "dia": 9, "dia_semana": 2, "hora_hecho": "06:30", "barrio": "EL CALVARIO", "estrato": 3, "geom": "0101000020E610000000000020E82153C0000000C0EA930B40", "fecha_hech": "2023-10-09 00:00:00", "Id": 0, "area": 136572.15568900001 }, "geometry": { "type": "Point", "coordinates": [ -76.529792785639998, 3.44722509384 ] } },
{ "type": "Feature", "properties": { "dinamica": "HURTO", "titulo": "DELITOS CONTRA EL PATRIMONIO ECONOMICO", "capitulo": "DEL HURTO", "articulo": "HURTO CALIFICADO. ART. 240 C.P.", "grado_deli": "NINGUNO", "tipo_notic": "DENUNCIA", "caracteriz": "HURTO A PERSONAS", "modalidad": "ATRACO", "modo": "ARMA DE FUEGO", "motivo": null, "pais": "COLOMBIA", "dane_dep": 76, "departamen": "VALLE DEL CAUCA", "dane_mpio": 76001, "municipio": "CALI", "cod_comuna": 3.0, "comuna": "Comuna 3", "cod_barrio": 306.0, "nom_barrio": "San Juan Bosco", "direccion": "76001 Carrera 12 con Calle 12, El Calvario, Comuna 3, Cali, Valle del Cauca, COL,EL CALVARIO", "sitio": "SIN INFORMACION", "x": -76.530227661129999, "y": 3.4455199241600001, "anio": 2023, "mes": "octubre", "dia": 9, "dia_semana": 2, "hora_hecho": "11:00", "barrio": "EL CALVARIO", "estrato": 3, "geom": "0101000020E610000000000040EF2153C0000000C06C900B40", "fecha_hech": "2023-10-09 00:00:00", "Id": 0, "area": 136572.15568900001 }, "geometry": { "type": "Point", "coordinates": [ -76.530227661129999, 3.44551992416 ] } },
{ "type": "Feature", "properties": { "dinamica": "HURTO", "titulo": "DELITOS CONTRA EL PATRIMONIO ECONOMICO", "capitulo": "DEL HURTO", "articulo": "HURTO CALIFICADO. ART. 240 C.P.", "grado_deli": "NINGUNO", "tipo_notic": "DENUNCIA", "caracteriz": "HURTO A PERSONAS", "modalidad": "ATRACO", "modo": "ARMA DE FUEGO", "motivo": null, "pais": "COLOMBIA", "dane_dep": 76, "departamen": "VALLE DEL CAUCA", "dane_mpio": 76001, "municipio": "CALI", "cod_comuna": 3.0, "comuna": "Comuna 3", "cod_barrio": 310.0, "nom_barrio": "El Calvario", "direccion": "76001 CALLE 11 CON CARRERA 11, EL CALVARIO, COMUNA 3, CALI, VALLE DEL CAUCA", "sitio": "VIA PUBLICA", "x": -76.531257629389998, "y": 3.44638991356, "anio": 2023, "mes": "octubre", "dia": 10, "dia_semana": 3, "hora_hecho": "16:30", "barrio": "EL CALVARIO", "estrato": 3, "geom": "0101000020E610000000000020002253C0000000E034920B40", "fecha_hech": "2023-10-10 00:00:00", "Id": 0, "area": 136572.15568900001 }, "geometry": { "type": "Point", "coordinates": [ -76.531257629389998, 3.44638991356 ] } },
{ "type": "Feature", "properties": { "dinamica": "HURTO", "titulo": "DELITOS CONTRA EL PATRIMONIO ECONOMICO", "capitulo": "DEL HURTO", "articulo": "HURTO CALIFICADO. ART. 240 C.P.", "grado_deli": "NINGUNO", "tipo_notic": "DENUNCIA", "caracteriz": "HURTO DE MOTOCICLETAS", "modalidad": "ATRACO", "modo": "ARMA DE FUEGO", "motivo": null, "pais": "COLOMBIA", "dane_dep": 76, "departamen": "VALLE DEL CAUCA", "dane_mpio": 76001, "municipio": "CALI", "cod_comuna": 3.0, "comuna": "Comuna 3", "cod_barrio": 309.0, "nom_barrio": "San Pascual", "direccion": "76001 Carrera 15 con Calle 15, San Pascual, Comuna 3, Cali, Valle del Cauca, COL,GUAYAQUIL", "sitio": "SIN INFORMACION", "x": -76.52619934082, "y": 3.4426898956300001, "anio": 2023, "mes": "octubre", "dia": 13, "dia_semana": 6, "hora_hecho": "05:30", "barrio": "GUAYAQUIL", "estrato": 1, "geom": "0101000020E610000000000040AD2153C000000000A18A0B40", "fecha_hech": "2023-10-13 00:00:00", "Id": 0, "area": 136572.15568900001 }, "geometry": { "type": "Point", "coordinates": [ -76.52619934082, 3.44268989563 ] } },
{ "type": "Feature", "properties": { "dinamica": "HURTO", "titulo": "DELITOS CONTRA EL PATRIMONIO ECONOMICO", "capitulo": "DEL HURTO", "articulo": "HURTO. ART. 239 C.P.", "grado_deli": "NINGUNO", "tipo_notic": "DENUNCIA", "caracteriz": "HURTO A PERSONAS", "modalidad": "COSQUILLEO", "modo": null, "motivo": null, "pais": "COLOMBIA", "dane_dep": 76, "departamen": "VALLE DEL CAUCA", "dane_mpio": 76001, "municipio": "CALI", "cod_comuna": 3.0, "comuna": "Comuna 3", "cod_barrio": 310.0, "nom_barrio": "El Calvario", "direccion": "76001 CALLE 15 CON CARRERA 10, EL CALVARIO, COMUNA 3, CALI, VALLE DEL CAUCA", "sitio": "ESTACION TRANSPORTE MASIVO", "x": -76.52758026123, "y": 3.4478800296799998, "anio": 2023, "mes": "octubre", "dia": 14, "dia_semana": 7, "hora_hecho": "14:00", "barrio": "EL CALVARIO", "estrato": 3, "geom": "0101000020E6100000000000E0C32153C00000002042950B40", "fecha_hech": "2023-10-14 00:00:00", "Id": 0, "area": 136572.15568900001 }, "geometry": { "type": "Point", "coordinates": [ -76.52758026123, 3.44788002968 ] } },
{ "type": "Feature", "properties": { "dinamica": "HURTO", "titulo": "DELITOS CONTRA EL PATRIMONIO ECONOMICO", "capitulo": "DEL HURTO", "articulo": "HURTO CALIFICADO. ART. 240 C.P.", "grado_deli": "AGRAVADO", "tipo_notic": "DENUNCIA", "caracteriz": "HURTO DE AUTOPARTES", "modalidad": "RAPONAZO", "modo": null, "motivo": null, "pais": "COLOMBIA", "dane_dep": 76, "departamen": "VALLE DEL CAUCA", "dane_mpio": 76001, "municipio": "CALI", "cod_comuna": 3.0, "comuna": "Comuna 3", "cod_barrio": 310.0, "nom_barrio": "El Calvario", "direccion": "76001 Carrera 10 con Calle 15, El Calvario, Comuna 3, Cali, Valle del Cauca, COL,EL CALVARIO", "sitio": "SIN INFORMACION", "x": -76.52758026123, "y": 3.4478800296799998, "anio": 2023, "mes": "octubre", "dia": 18, "dia_semana": 4, "hora_hecho": "12:40", "barrio": "EL CALVARIO", "estrato": 3, "geom": "0101000020E6100000000000E0C32153C00000002042950B40", "fecha_hech": "2023-10-18 00:00:00", "Id": 0, "area": 136572.15568900001 }, "geometry": { "type": "Point", "coordinates": [ -76.52758026123, 3.44788002968 ] } },
{ "type": "Feature", "properties": { "dinamica": "HURTO", "titulo": "DELITOS CONTRA EL PATRIMONIO ECONOMICO", "capitulo": "DEL HURTO", "articulo": "HURTO CALIFICADO. ART. 240 C.P.", "grado_deli": "AGRAVADO", "tipo_notic": "DENUNCIA", "caracteriz": "HURTO A CELULARES", "modalidad": "COSQUILLEO", "modo": null, "motivo": null, "pais": "COLOMBIA", "dane_dep": 76, "departamen": "VALLE DEL CAUCA", "dane_mpio": 76001, "municipio": "CALI", "cod_comuna": 3.0, "comuna": "Comuna 3", "cod_barrio": 309.0, "nom_barrio": "San Pascual", "direccion": "76001 CALLE 13A 13 56, SAN PASCUAL, COMUNA 3, CALI, VALLE DEL CAUCA", "sitio": "TRANSPORTE MASIVO", "x": -76.528076171880002, "y": 3.4442579746200002, "anio": 2023, "mes": "octubre", "dia": 18, "dia_semana": 4, "hora_hecho": "14:00", "barrio": "SAN PASCUAL", "estrato": 1, "geom": "0101000020E610000000000000CC2153C000000020D78D0B40", "fecha_hech": "2023-10-18 00:00:00", "Id": 0, "area": 136572.15568900001 }, "geometry": { "type": "Point", "coordinates": [ -76.528076171880002, 3.44425797462 ] } },
{ "type": "Feature", "properties": { "dinamica": "HURTO", "titulo": "DELITOS CONTRA EL PATRIMONIO ECONOMICO", "capitulo": "DEL HURTO", "articulo": "HURTO CALIFICADO. ART. 240 C.P.", "grado_deli": "NINGUNO", "tipo_notic": "DENUNCIA", "caracteriz": "HURTO A PERSONAS", "modalidad": "COSQUILLEO", "modo": null, "motivo": null, "pais": "COLOMBIA", "dane_dep": 76, "departamen": "VALLE DEL CAUCA", "dane_mpio": 76001, "municipio": "CALI", "cod_comuna": 3.0, "comuna": "Comuna 3", "cod_barrio": 309.0, "nom_barrio": "San Pascual", "direccion": "76001 CALLE 15 CON CARRERA 12, EL CALVARIO, COMUNA 3, CALI, VALLE DEL CAUCA", "sitio": "TRANSPORTE MASIVO", "x": -76.52700805664, "y": 3.4458899498000002, "anio": 2023, "mes": "octubre", "dia": 20, "dia_semana": 6, "hora_hecho": "01:30", "barrio": "SAN PASCUAL", "estrato": 1, "geom": "0101000020E610000000000080BA2153C0000000C02E910B40", "fecha_hech": "2023-10-20 00:00:00", "Id": 0, "area": 136572.15568900001 }, "geometry": { "type": "Point", "coordinates": [ -76.52700805664, 3.4458899498 ] } },
{ "type": "Feature", "properties": { "dinamica": "HURTO", "titulo": "DELITOS CONTRA EL PATRIMONIO ECONOMICO", "capitulo": "DEL HURTO", "articulo": "HURTO. ART. 239 C.P.", "grado_deli": "AGRAVADO", "tipo_notic": "DENUNCIA", "caracteriz": "HURTO A ESTABLECIMIENTOS", "modalidad": "LLAVE MAESTRA", "modo": null, "motivo": null, "pais": "COLOMBIA", "dane_dep": 76, "departamen": "VALLE DEL CAUCA", "dane_mpio": 76001, "municipio": "CALI", "cod_comuna": 3.0, "comuna": "Comuna 3", "cod_barrio": 309.0, "nom_barrio": "San Pascual", "direccion": "76001 KR 12 CL 13-73 KR 12 13 73", "sitio": "SIN INFORMACION", "x": -76.528694152829999, "y": 3.4455358982100002, "anio": 2023, "mes": "octubre", "dia": 23, "dia_semana": 2, "hora_hecho": "07:30", "barrio": null, "estrato": 1, "geom": "0101000020E610000000000020D62153C00000002075900B40", "fecha_hech": "2023-10-23 00:00:00", "Id": 0, "area": 136572.15568900001 }, "geometry": { "type": "Point", "coordinates": [ -76.528694152829999, 3.44553589821 ] } },
{ "type": "Feature", "properties": { "dinamica": "HURTO", "titulo": "DELITOS CONTRA EL PATRIMONIO ECONOMICO", "capitulo": "DEL HURTO", "articulo": "HURTO CALIFICADO. ART. 240 C.P.", "grado_deli": "NINGUNO", "tipo_notic": "DENUNCIA", "caracteriz": "HURTO A ESTABLECIMIENTOS", "modalidad": "VIOLACION DE CERRADURA", "modo": null, "motivo": null, "pais": "COLOMBIA", "dane_dep": 76, "departamen": "VALLE DEL CAUCA", "dane_mpio": 76001, "municipio": "CALI", "cod_comuna": 3.0, "comuna": "Comuna 3", "cod_barrio": 310.0, "nom_barrio": "El Calvario", "direccion": "76001 Carrera 10 14, El Calvario, Comuna 3, Cali, Valle del Cauca, COL,EL CALVARIO", "sitio": "SIN INFORMACION", "x": -76.52783203125, "y": 3.4478700161, "anio": 2023, "mes": "octubre", "dia": 25, "dia_semana": 4, "hora_hecho": "14:30", "barrio": "EL CALVARIO", "estrato": 3, "geom": "0101000020E610000000000000C82153C0000000E03C950B40", "fecha_hech": "2023-10-25 00:00:00", "Id": 0, "area": 136572.15568900001 }, "geometry": { "type": "Point", "coordinates": [ -76.52783203125, 3.4478700161 ] } },
{ "type": "Feature", "properties": { "dinamica": "HURTO", "titulo": "DELITOS CONTRA EL PATRIMONIO ECONOMICO", "capitulo": "DEL HURTO", "articulo": "HURTO. ART. 239 C.P.", "grado_deli": "NINGUNO", "tipo_notic": "DENUNCIA", "caracteriz": "HURTO A CELULARES", "modalidad": "COSQUILLEO", "modo": null, "motivo": null, "pais": "COLOMBIA", "dane_dep": 76, "departamen": "VALLE DEL CAUCA", "dane_mpio": 76001, "municipio": "CALI", "cod_comuna": 3.0, "comuna": "Comuna 3", "cod_barrio": 309.0, "nom_barrio": "San Pascual", "direccion": "76001 CARRERA 14 13 18, SAN PASCUAL, COMUNA 3, CALI, VALLE DEL CAUCA", "sitio": "TRANSPORTE MASIVO", "x": -76.52857208252, "y": 3.4433100223499999, "anio": 2023, "mes": "octubre", "dia": 25, "dia_semana": 4, "hora_hecho": "18:30", "barrio": "SAN PASCUAL", "estrato": 1, "geom": "0101000020E610000000000020D42153C000000020E68B0B40", "fecha_hech": "2023-10-25 00:00:00", "Id": 0, "area": 136572.15568900001 }, "geometry": { "type": "Point", "coordinates": [ -76.52857208252, 3.44331002235 ] } },
{ "type": "Feature", "properties": { "dinamica": "HURTO", "titulo": "DELITOS CONTRA EL PATRIMONIO ECONOMICO", "capitulo": "DEL HURTO", "articulo": "HURTO. ART. 239 C.P.", "grado_deli": "NINGUNO", "tipo_notic": "ACTOS URGENTES", "caracteriz": "HURTO A PERSONAS", "modalidad": "ATRACO", "modo": "ARMA BLANCA", "motivo": null, "pais": "COLOMBIA", "dane_dep": 76, "departamen": "VALLE DEL CAUCA", "dane_mpio": 76001, "municipio": "CALI", "cod_comuna": 3.0, "comuna": "Comuna 3", "cod_barrio": 309.0, "nom_barrio": "San Pascual", "direccion": "76001 CALLE 15 CON CARRERA 15 13A, SAN PASCUAL, COMUNA 3, CALI, VALLE DEL CAUCA", "sitio": "ESTABLECIMIENTO PUBLICO", "x": -76.52619934082, "y": 3.4426898956300001, "anio": 2023, "mes": "octubre", "dia": 26, "dia_semana": 5, "hora_hecho": "07:15", "barrio": "GUAYAQUIL", "estrato": 1, "geom": "0101000020E610000000000040AD2153C000000000A18A0B40", "fecha_hech": "2023-10-26 00:00:00", "Id": 0, "area": 136572.15568900001 }, "geometry": { "type": "Point", "coordinates": [ -76.52619934082, 3.44268989563 ] } },
{ "type": "Feature", "properties": { "dinamica": "HURTO", "titulo": "DELITOS CONTRA EL PATRIMONIO ECONOMICO", "capitulo": "DEL HURTO", "articulo": "HURTO. ART. 239 C.P.", "grado_deli": "AGRAVADO", "tipo_notic": "ACTOS URGENTES", "caracteriz": "HURTO A CELULARES", "modalidad": "COSQUILLEO", "modo": null, "motivo": null, "pais": "COLOMBIA", "dane_dep": 76, "departamen": "VALLE DEL CAUCA", "dane_mpio": 76001, "municipio": "CALI", "cod_comuna": 3.0, "comuna": "Comuna 3", "cod_barrio": 309.0, "nom_barrio": "San Pascual", "direccion": "76001 CARRERA 15, SAN PASCUAL, COMUNA 3, CALI, VALLE DEL CAUCA", "sitio": "ESTACION DE ARTICULADO", "x": -76.526374816889998, "y": 3.4427099227900002, "anio": 2023, "mes": "octubre", "dia": 27, "dia_semana": 6, "hora_hecho": "07:00", "barrio": "GUAYAQUIL", "estrato": 1, "geom": "0101000020E610000000000020B02153C000000080AB8A0B40", "fecha_hech": "2023-10-27 00:00:00", "Id": 0, "area": 136572.15568900001 }, "geometry": { "type": "Point", "coordinates": [ -76.526374816889998, 3.44270992279 ] } },
{ "type": "Feature", "properties": { "dinamica": "HURTO", "titulo": "DELITOS CONTRA EL PATRIMONIO ECONOMICO", "capitulo": "DEL HURTO", "articulo": "HURTO CALIFICADO. ART. 240 C.P.", "grado_deli": "NINGUNO", "tipo_notic": "DENUNCIA", "caracteriz": "HURTO A PERSONAS", "modalidad": "ATRACO", "modo": "ARMA BLANCA", "motivo": null, "pais": "COLOMBIA", "dane_dep": 76, "departamen": "VALLE DEL CAUCA", "dane_mpio": 76001, "municipio": "CALI", "cod_comuna": 3.0, "comuna": "Comuna 3", "cod_barrio": 309.0, "nom_barrio": "San Pascual", "direccion": "76001 CARRERA 13A 14 76, SAN PASCUAL, COMUNA 3, CALI, VALLE DEL CAUCA", "sitio": "VIA PUBLICA", "x": -76.526657104489999, "y": 3.44404196739, "anio": 2023, "mes": "octubre", "dia": 28, "dia_semana": 7, "hora_hecho": "14:23", "barrio": "SAN PASCUAL", "estrato": 1, "geom": "0101000020E6100000000000C0B42153C0000000E0658D0B40", "fecha_hech": "2023-10-28 00:00:00", "Id": 0, "area": 136572.15568900001 }, "geometry": { "type": "Point", "coordinates": [ -76.526657104489999, 3.44404196739 ] } },
{ "type": "Feature", "properties": { "dinamica": "HURTO", "titulo": "DELITOS CONTRA EL PATRIMONIO ECONOMICO", "capitulo": "DEL HURTO", "articulo": "HURTO CALIFICADO. ART. 240 C.P.", "grado_deli": "NINGUNO", "tipo_notic": "DENUNCIA", "caracteriz": "HURTO DE MOTOCICLETAS", "modalidad": "ATRACO", "modo": "ARMA BLANCA", "motivo": null, "pais": "COLOMBIA", "dane_dep": 76, "departamen": "VALLE DEL CAUCA", "dane_mpio": 76001, "municipio": "CALI", "cod_comuna": 3.0, "comuna": "Comuna 3", "cod_barrio": 309.0, "nom_barrio": "San Pascual", "direccion": "76001 CALLE 13 12 12, SAN PASCUAL, COMUNA 3, CALI, VALLE DEL CAUCA", "sitio": "VIA PUBLICA", "x": -76.529098510739999, "y": 3.4446799755100002, "anio": 2023, "mes": "octubre", "dia": 29, "dia_semana": 1, "hora_hecho": "00:00", "barrio": "SAN PASCUAL", "estrato": 1, "geom": "0101000020E6100000000000C0DC2153C000000060B48E0B40", "fecha_hech": "2023-10-29 00:00:00", "Id": 0, "area": 136572.15568900001 }, "geometry": { "type": "Point", "coordinates": [ -76.529098510739999, 3.44467997551 ] } },
{ "type": "Feature", "properties": { "dinamica": "HURTO", "titulo": "DELITOS CONTRA EL PATRIMONIO ECONOMICO", "capitulo": "DEL HURTO", "articulo": "HURTO CALIFICADO. ART. 240 C.P.", "grado_deli": "NINGUNO", "tipo_notic": "DENUNCIA", "caracteriz": "HURTO DE MOTOCICLETAS", "modalidad": "ATRACO", "modo": "ARMA DE FUEGO", "motivo": null, "pais": "COLOMBIA", "dane_dep": 76, "departamen": "VALLE DEL CAUCA", "dane_mpio": 76001, "municipio": "CALI", "cod_comuna": 3.0, "comuna": "Comuna 3", "cod_barrio": 307.0, "nom_barrio": "Santa Rosa", "direccion": "76001 CARRERA 10 10 52, SANTA ROSA, COMUNA 3, CALI, VALLE DEL CAUCA", "sitio": "VIA PUBLICA", "x": -76.532043457029999, "y": 3.4470100402799999, "anio": 2023, "mes": "octubre", "dia": 30, "dia_semana": 2, "hora_hecho": "14:00", "barrio": "SANTA ROSA", "estrato": 3, "geom": "0101000020E6100000000000000D2253C0000000007A930B40", "fecha_hech": "2023-10-30 00:00:00", "Id": 0, "area": 136572.15568900001 }, "geometry": { "type": "Point", "coordinates": [ -76.532043457029999, 3.44701004028 ] } },
{ "type": "Feature", "properties": { "dinamica": "HURTO", "titulo": "DELITOS CONTRA EL PATRIMONIO ECONOMICO", "capitulo": "DEL HURTO", "articulo": "HURTO. ART. 239 C.P.", "grado_deli": "NINGUNO", "tipo_notic": "DENUNCIA", "caracteriz": "HURTO A PERSONAS", "modalidad": "COSQUILLEO", "modo": null, "motivo": null, "pais": "COLOMBIA", "dane_dep": 76, "departamen": "VALLE DEL CAUCA", "dane_mpio": 76001, "municipio": "CALI", "cod_comuna": 3.0, "comuna": "Comuna 3", "cod_barrio": 309.0, "nom_barrio": "San Pascual", "direccion": "76001 Carrera 14 13 18, San Pascual, Comuna 3, Cali, Valle del Cauca, COL,SAN PASCUAL", "sitio": "SIN INFORMACION", "x": -76.52857208252, "y": 3.4433100223499999, "anio": 2023, "mes": "noviembre", "dia": 1, "dia_semana": 4, "hora_hecho": "23:30", "barrio": "SAN PASCUAL", "estrato": 1, "geom": "0101000020E610000000000020D42153C000000020E68B0B40", "fecha_hech": "2023-11-01 00:00:00", "Id": 0, "area": 136572.15568900001 }, "geometry": { "type": "Point", "coordinates": [ -76.52857208252, 3.44331002235 ] } },
{ "type": "Feature", "properties": { "dinamica": "HURTO", "titulo": "DELITOS CONTRA EL PATRIMONIO ECONOMICO", "capitulo": "DEL HURTO", "articulo": "HURTO CALIFICADO. ART. 240 C.P.", "grado_deli": "NINGUNO", "tipo_notic": "DENUNCIA", "caracteriz": "HURTO A PERSONAS", "modalidad": "ATRACO", "modo": "ARMA BLANCA", "motivo": null, "pais": "COLOMBIA", "dane_dep": 76, "departamen": "VALLE DEL CAUCA", "dane_mpio": 76001, "municipio": "CALI", "cod_comuna": 3.0, "comuna": "Comuna 3", "cod_barrio": 310.0, "nom_barrio": "El Calvario", "direccion": "76001 Carrera 10 13 10-98, El Calvario, Comuna 3, Cali, Valle del Cauca, COL,EL CALVARIO", "sitio": "SIN INFORMACION", "x": -76.529289245610002, "y": 3.4476239681199998, "anio": 2023, "mes": "noviembre", "dia": 2, "dia_semana": 5, "hora_hecho": "11:00", "barrio": "EL CALVARIO", "estrato": 3, "geom": "0101000020E6100000000000E0DF2153C0000000E0BB940B40", "fecha_hech": "2023-11-02 00:00:00", "Id": 0, "area": 136572.15568900001 }, "geometry": { "type": "Point", "coordinates": [ -76.529289245610002, 3.44762396812 ] } },
{ "type": "Feature", "properties": { "dinamica": "HURTO", "titulo": "DELITOS CONTRA EL PATRIMONIO ECONOMICO", "capitulo": "DEL HURTO", "articulo": "HURTO. ART. 239 C.P.", "grado_deli": "NINGUNO", "tipo_notic": "DENUNCIA", "caracteriz": "HURTO A PERSONAS", "modalidad": "COSQUILLEO", "modo": null, "motivo": null, "pais": "COLOMBIA", "dane_dep": 76, "departamen": "VALLE DEL CAUCA", "dane_mpio": 76001, "municipio": "CALI", "cod_comuna": 3.0, "comuna": "Comuna 3", "cod_barrio": 306.0, "nom_barrio": "San Juan Bosco", "direccion": "76001 CALLE 11 CON CARRERA 14, SAN JUAN BOSCO, COMUNA 3, CALI, VALLE DEL CAUCA", "sitio": "VIA PUBLICA", "x": -76.530769348139998, "y": 3.4434599876399998, "anio": 2023, "mes": "noviembre", "dia": 2, "dia_semana": 5, "hora_hecho": "16:00", "barrio": "SAN JUAN BOSCO", "estrato": 3, "geom": "0101000020E610000000000020F82153C0000000C0348C0B40", "fecha_hech": "2023-11-02 00:00:00", "Id": 0, "area": 136572.15568900001 }, "geometry": { "type": "Point", "coordinates": [ -76.530769348139998, 3.44345998764 ] } },
{ "type": "Feature", "properties": { "dinamica": "HURTO", "titulo": "DELITOS CONTRA EL PATRIMONIO ECONOMICO", "capitulo": "DEL HURTO", "articulo": "HURTO CALIFICADO. ART. 240 C.P.", "grado_deli": "NINGUNO", "tipo_notic": "DENUNCIA", "caracteriz": "HURTO A PERSONAS", "modalidad": "ATRACO", "modo": "ARMA BLANCA", "motivo": null, "pais": "COLOMBIA", "dane_dep": 76, "departamen": "VALLE DEL CAUCA", "dane_mpio": 76001, "municipio": "CALI", "cod_comuna": 3.0, "comuna": "Comuna 3", "cod_barrio": 310.0, "nom_barrio": "El Calvario", "direccion": "76001 Calle 12, El Calvario, Comuna 3, Cali, Valle del Cauca, COL,EL CALVARIO", "sitio": "SIN INFORMACION", "x": -76.530738830570002, "y": 3.44740605354, "anio": 2023, "mes": "noviembre", "dia": 4, "dia_semana": 7, "hora_hecho": "02:20", "barrio": "EL CALVARIO", "estrato": 3, "geom": "0101000020E6100000000000A0F72153C0000000A049940B40", "fecha_hech": "2023-11-04 00:00:00", "Id": 0, "area": 136572.15568900001 }, "geometry": { "type": "Point", "coordinates": [ -76.530738830570002, 3.44740605354 ] } },
{ "type": "Feature", "properties": { "dinamica": "HURTO", "titulo": "DELITOS CONTRA EL PATRIMONIO ECONOMICO", "capitulo": "DEL HURTO", "articulo": "HURTO CALIFICADO. ART. 240 C.P.", "grado_deli": "AGRAVADO", "tipo_notic": "DENUNCIA", "caracteriz": "HURTO A PERSONAS", "modalidad": "ATRACO", "modo": "ARMA BLANCA", "motivo": null, "pais": "COLOMBIA", "dane_dep": 76, "departamen": "VALLE DEL CAUCA", "dane_mpio": 76001, "municipio": "CALI", "cod_comuna": 3.0, "comuna": "Comuna 3", "cod_barrio": 309.0, "nom_barrio": "San Pascual", "direccion": "76001 CALLE 13, SAN PASCUAL, COMUNA 3, CALI, VALLE DEL CAUCA", "sitio": "TRANSPORTE MASIVO", "x": -76.529243469240001, "y": 3.44506502151, "anio": 2023, "mes": "noviembre", "dia": 4, "dia_semana": 7, "hora_hecho": "16:30", "barrio": "SAN PASCUAL", "estrato": 1, "geom": "0101000020E610000000000020DF2153C0000000407E8F0B40", "fecha_hech": "2023-11-04 00:00:00", "Id": 0, "area": 136572.15568900001 }, "geometry": { "type": "Point", "coordinates": [ -76.529243469240001, 3.44506502151 ] } },
{ "type": "Feature", "properties": { "dinamica": "HURTO", "titulo": "DELITOS CONTRA EL PATRIMONIO ECONOMICO", "capitulo": "DEL HURTO", "articulo": "HURTO CALIFICADO. ART. 240 C.P.", "grado_deli": "NINGUNO", "tipo_notic": "DENUNCIA", "caracteriz": "HURTO A PERSONAS", "modalidad": "FACTOR DE OPORTUNIDAD", "modo": null, "motivo": null, "pais": "COLOMBIA", "dane_dep": 76, "departamen": "VALLE DEL CAUCA", "dane_mpio": 76001, "municipio": "CALI", "cod_comuna": 3.0, "comuna": "Comuna 3", "cod_barrio": 306.0, "nom_barrio": "San Juan Bosco", "direccion": "76001 CALLE 11 CON CARRERA 13, SAN JUAN BOSCO, COMUNA 3, CALI, VALLE DEL CAUCA", "sitio": "VIA PUBLICA", "x": -76.53074645996, "y": 3.4444200992599998, "anio": 2023, "mes": "noviembre", "dia": 5, "dia_semana": 1, "hora_hecho": "01:00", "barrio": "SAN JUAN BOSCO", "estrato": 3, "geom": "0101000020E6100000000000C0F72153C0000000202C8E0B40", "fecha_hech": "2023-11-05 00:00:00", "Id": 0, "area": 136572.15568900001 }, "geometry": { "type": "Point", "coordinates": [ -76.53074645996, 3.44442009926 ] } },
{ "type": "Feature", "properties": { "dinamica": "HURTO", "titulo": "DELITOS CONTRA EL PATRIMONIO ECONOMICO", "capitulo": "DEL HURTO", "articulo": "HURTO CALIFICADO. ART. 240 C.P.", "grado_deli": "AGRAVADO", "tipo_notic": "DENUNCIA", "caracteriz": "HURTO A CELULARES", "modalidad": "ATRACO", "modo": "ARMA BLANCA", "motivo": "SIN DETERMINAR", "pais": "COLOMBIA", "dane_dep": 76, "departamen": "VALLE DEL CAUCA", "dane_mpio": 76001, "municipio": "CALI", "cod_comuna": 3.0, "comuna": "Comuna 3", "cod_barrio": 306.0, "nom_barrio": "San Juan Bosco", "direccion": "76001 CARRERA 15 11 83, SAN JUAN BOSCO, COMUNA 3, CALI, VALLE DEL CAUCA", "sitio": "VIA PUBLICA", "x": -76.530212402339998, "y": 3.4427659511600002, "anio": 2023, "mes": "noviembre", "dia": 5, "dia_semana": 1, "hora_hecho": "07:00", "barrio": "SAN JUAN BOSCO", "estrato": 3, "geom": "0101000020E610000000000000EF2153C0000000E0C88A0B40", "fecha_hech": "2023-11-05 00:00:00", "Id": 0, "area": 136572.15568900001 }, "geometry": { "type": "Point", "coordinates": [ -76.530212402339998, 3.44276595116 ] } },
{ "type": "Feature", "properties": { "dinamica": "HURTO", "titulo": "DELITOS CONTRA EL PATRIMONIO ECONOMICO", "capitulo": "DEL HURTO", "articulo": "HURTO. ART. 239 C.P.", "grado_deli": "NINGUNO", "tipo_notic": "QUERELLA", "caracteriz": "HURTO A PERSONAS", "modalidad": "FACTOR DE OPORTUNIDAD", "modo": null, "motivo": null, "pais": "COLOMBIA", "dane_dep": 76, "departamen": "VALLE DEL CAUCA", "dane_mpio": 76001, "municipio": "CALI", "cod_comuna": 3.0, "comuna": "Comuna 3", "cod_barrio": 306.0, "nom_barrio": "San Juan Bosco", "direccion": "76001 Carrera 12 10 60, San Juan Bosco, Comuna 3, Cali, Valle del Cauca, COL,SAN JUAN BOSCO", "sitio": "SIN INFORMACION", "x": -76.53172302246, "y": 3.4453101158099999, "anio": 2023, "mes": "noviembre", "dia": 9, "dia_semana": 5, "hora_hecho": "16:00", "barrio": "SAN JUAN BOSCO", "estrato": 3, "geom": "0101000020E6100000000000C0072253C0000000C0FE8F0B40", "fecha_hech": "2023-11-09 00:00:00", "Id": 0, "area": 136572.15568900001 }, "geometry": { "type": "Point", "coordinates": [ -76.53172302246, 3.44531011581 ] } },
{ "type": "Feature", "properties": { "dinamica": "HURTO", "titulo": "DELITOS CONTRA EL PATRIMONIO ECONOMICO", "capitulo": "DEL HURTO", "articulo": "HURTO CALIFICADO. ART. 240 C.P.", "grado_deli": "AGRAVADO", "tipo_notic": "DENUNCIA", "caracteriz": "HURTO A PERSONAS", "modalidad": "ATRACO", "modo": "ARMA DE FUEGO", "motivo": null, "pais": "COLOMBIA", "dane_dep": 76, "departamen": "VALLE DEL CAUCA", "dane_mpio": 76001, "municipio": "CALI", "cod_comuna": 3.0, "comuna": "Comuna 3", "cod_barrio": 310.0, "nom_barrio": "El Calvario", "direccion": "76001 Calle 13 10 2-98, El Calvario, Comuna 3, Cali, Valle del Cauca, COL,EL CALVARIO", "sitio": "SIN INFORMACION", "x": -76.529830932620001, "y": 3.44759988785, "anio": 2023, "mes": "noviembre", "dia": 11, "dia_semana": 7, "hora_hecho": "17:15", "barrio": "EL CALVARIO", "estrato": 3, "geom": "0101000020E6100000000000C0E82153C000000040AF940B40", "fecha_hech": "2023-11-11 00:00:00", "Id": 0, "area": 136572.15568900001 }, "geometry": { "type": "Point", "coordinates": [ -76.529830932620001, 3.44759988785 ] } },
{ "type": "Feature", "properties": { "dinamica": "HURTO", "titulo": "DELITOS CONTRA EL PATRIMONIO ECONOMICO", "capitulo": "DEL HURTO", "articulo": "HURTO CALIFICADO. ART. 240 C.P.", "grado_deli": "NINGUNO", "tipo_notic": "DENUNCIA", "caracteriz": "HURTO A PERSONAS", "modalidad": "ATRACO", "modo": "ARMA BLANCA", "motivo": null, "pais": "COLOMBIA", "dane_dep": 76, "departamen": "VALLE DEL CAUCA", "dane_mpio": 76001, "municipio": "CALI", "cod_comuna": 3.0, "comuna": "Comuna 3", "cod_barrio": 309.0, "nom_barrio": "San Pascual", "direccion": "76001 CARRERA 15 CON CALLE 13, SAN PASCUAL, COMUNA 3, CALI, VALLE DEL CAUCA", "sitio": "VIA PUBLICA", "x": -76.528747558589998, "y": 3.4427700042699998, "anio": 2023, "mes": "noviembre", "dia": 18, "dia_semana": 7, "hora_hecho": "04:30", "barrio": "SAN PASCUAL", "estrato": 1, "geom": "0101000020E610000000000000D72153C000000000CB8A0B40", "fecha_hech": "2023-11-18 00:00:00", "Id": 0, "area": 136572.15568900001 }, "geometry": { "type": "Point", "coordinates": [ -76.528747558589998, 3.44277000427 ] } },
{ "type": "Feature", "properties": { "dinamica": "HURTO", "titulo": "DELITOS CONTRA EL PATRIMONIO ECONOMICO", "capitulo": "DEL HURTO", "articulo": "HURTO CALIFICADO. ART. 240 C.P.", "grado_deli": "NINGUNO", "tipo_notic": "DENUNCIA", "caracteriz": "HURTO DE MOTOCICLETAS", "modalidad": "HALADO", "modo": null, "motivo": null, "pais": "COLOMBIA", "dane_dep": 76, "departamen": "VALLE DEL CAUCA", "dane_mpio": 76001, "municipio": "CALI", "cod_comuna": 3.0, "comuna": "Comuna 3", "cod_barrio": 310.0, "nom_barrio": "El Calvario", "direccion": "76001 CARRERA 10 12 12, EL CALVARIO, COMUNA 3, CALI, VALLE DEL CAUCA", "sitio": "VIA PUBLICA", "x": -76.530624389650001, "y": 3.4474630355799998, "anio": 2023, "mes": "noviembre", "dia": 20, "dia_semana": 2, "hora_hecho": "00:00", "barrio": "EL CALVARIO", "estrato": 3, "geom": "0101000020E6100000000000C0F52153C00000008067940B40", "fecha_hech": "2023-11-20 00:00:00", "Id": 0, "area": 136572.15568900001 }, "geometry": { "type": "Point", "coordinates": [ -76.530624389650001, 3.44746303558 ] } },
{ "type": "Feature", "properties": { "dinamica": "HURTO", "titulo": "DELITOS CONTRA EL PATRIMONIO ECONOMICO", "capitulo": "DEL HURTO", "articulo": "HURTO CALIFICADO. ART. 240 C.P.", "grado_deli": "NINGUNO", "tipo_notic": "DENUNCIA", "caracteriz": "HURTO A PERSONAS", "modalidad": "FLETEO", "modo": null, "motivo": null, "pais": "COLOMBIA", "dane_dep": 76, "departamen": "VALLE DEL CAUCA", "dane_mpio": 76001, "municipio": "CALI", "cod_comuna": 3.0, "comuna": "Comuna 3", "cod_barrio": 310.0, "nom_barrio": "El Calvario", "direccion": "76001 CARRERA 10 CON CALLE 15, EL CALVARIO, COMUNA 3, CALI, VALLE DEL CAUCA", "sitio": "VIA PUBLICA", "x": -76.52758026123, "y": 3.4478800296799998, "anio": 2023, "mes": "noviembre", "dia": 20, "dia_semana": 2, "hora_hecho": "11:00", "barrio": "EL CALVARIO", "estrato": 3, "geom": "0101000020E6100000000000E0C32153C00000002042950B40", "fecha_hech": "2023-11-20 00:00:00", "Id": 0, "area": 136572.15568900001 }, "geometry": { "type": "Point", "coordinates": [ -76.52758026123, 3.44788002968 ] } },
{ "type": "Feature", "properties": { "dinamica": "HURTO", "titulo": "DELITOS CONTRA EL PATRIMONIO ECONOMICO", "capitulo": "DEL HURTO", "articulo": "HURTO CALIFICADO. ART. 240 C.P.", "grado_deli": "AGRAVADO", "tipo_notic": "DENUNCIA", "caracteriz": "HURTO A CELULARES", "modalidad": "COSQUILLEO", "modo": null, "motivo": null, "pais": "COLOMBIA", "dane_dep": 76, "departamen": "VALLE DEL CAUCA", "dane_mpio": 76001, "municipio": "CALI", "cod_comuna": 3.0, "comuna": "Comuna 3", "cod_barrio": 310.0, "nom_barrio": "El Calvario", "direccion": "76001 CALLE 15 CON CARRERA 10, EL CALVARIO, COMUNA 3, CALI, VALLE DEL CAUCA", "sitio": "TRANSPORTE MASIVO", "x": -76.52758026123, "y": 3.4478800296799998, "anio": 2023, "mes": "noviembre", "dia": 24, "dia_semana": 6, "hora_hecho": "02:00", "barrio": "EL CALVARIO", "estrato": 3, "geom": "0101000020E6100000000000E0C32153C00000002042950B40", "fecha_hech": "2023-11-24 00:00:00", "Id": 0, "area": 136572.15568900001 }, "geometry": { "type": "Point", "coordinates": [ -76.52758026123, 3.44788002968 ] } },
{ "type": "Feature", "properties": { "dinamica": "HURTO", "titulo": "DELITOS CONTRA EL PATRIMONIO ECONOMICO", "capitulo": "DEL HURTO", "articulo": "HURTO CALIFICADO. ART. 240 C.P.", "grado_deli": "NINGUNO", "tipo_notic": "DENUNCIA", "caracteriz": "HURTO A PERSONAS", "modalidad": "VIOLACION DE CERRADURA", "modo": null, "motivo": null, "pais": "COLOMBIA", "dane_dep": 76, "departamen": "VALLE DEL CAUCA", "dane_mpio": 76001, "municipio": "CALI", "cod_comuna": 3.0, "comuna": "Comuna 3", "cod_barrio": 309.0, "nom_barrio": "San Pascual", "direccion": "76001 BARRIO/LOCALIDAD/COMUNA:SAN PASCUAL/COMUNA 3,CALI/VALLE DEL CAUCA,SAN PASCUAL", "sitio": "SIN INFORMACION", "x": -76.528549194340002, "y": 3.4442999362900002, "anio": 2023, "mes": "noviembre", "dia": 26, "dia_semana": 1, "hora_hecho": "15:00", "barrio": "SAN PASCUAL", "estrato": 1, "geom": "0101000020E6100000000000C0D32153C000000020ED8D0B40", "fecha_hech": "2023-11-26 00:00:00", "Id": 0, "area": 136572.15568900001 }, "geometry": { "type": "Point", "coordinates": [ -76.528549194340002, 3.44429993629 ] } },
{ "type": "Feature", "properties": { "dinamica": "HURTO", "titulo": "DELITOS CONTRA EL PATRIMONIO ECONOMICO", "capitulo": "DEL HURTO", "articulo": "HURTO. ART. 239 C.P.", "grado_deli": "NINGUNO", "tipo_notic": "DENUNCIA", "caracteriz": "HURTO A PERSONAS", "modalidad": "COSQUILLEO", "modo": null, "motivo": null, "pais": "COLOMBIA", "dane_dep": 76, "departamen": "VALLE DEL CAUCA", "dane_mpio": 76001, "municipio": "CALI", "cod_comuna": 3.0, "comuna": "Comuna 3", "cod_barrio": 309.0, "nom_barrio": "San Pascual", "direccion": "76001 CARRERA 15, SAN PASCUAL, COMUNA 3, CALI, VALLE DEL CAUCA", "sitio": "VIA PUBLICA", "x": -76.528549194340002, "y": 3.4427950382199999, "anio": 2023, "mes": "noviembre", "dia": 30, "dia_semana": 5, "hora_hecho": "18:00", "barrio": "GUAYAQUIL", "estrato": 1, "geom": "0101000020E6100000000000C0D32153C000000020D88A0B40", "fecha_hech": "2023-11-30 00:00:00", "Id": 0, "area": 136572.15568900001 }, "geometry": { "type": "Point", "coordinates": [ -76.528549194340002, 3.44279503822 ] } },
{ "type": "Feature", "properties": { "dinamica": "HURTO", "titulo": "DELITOS CONTRA EL PATRIMONIO ECONOMICO", "capitulo": "DEL HURTO", "articulo": "HURTO. ART. 239 C.P.", "grado_deli": "NINGUNO", "tipo_notic": "DENUNCIA", "caracteriz": "HURTO A CELULARES", "modalidad": "FACTOR DE OPORTUNIDAD", "modo": null, "motivo": null, "pais": "COLOMBIA", "dane_dep": 76, "departamen": "VALLE DEL CAUCA", "dane_mpio": 76001, "municipio": "CALI", "cod_comuna": 3.0, "comuna": "Comuna 3", "cod_barrio": 309.0, "nom_barrio": "San Pascual", "direccion": "76001 CARRERA 15 CON CALLE 13, SAN PASCUAL, COMUNA 3, CALI, VALLE DEL CAUCA", "sitio": "ESTACION TRANSPORTE MASIVO", "x": -76.528747558589998, "y": 3.4427700042699998, "anio": 2023, "mes": "diciembre", "dia": 1, "dia_semana": 6, "hora_hecho": "20:00", "barrio": "SAN PASCUAL", "estrato": 1, "geom": "0101000020E610000000000000D72153C000000000CB8A0B40", "fecha_hech": "2023-12-01 00:00:00", "Id": 0, "area": 136572.15568900001 }, "geometry": { "type": "Point", "coordinates": [ -76.528747558589998, 3.44277000427 ] } },
{ "type": "Feature", "properties": { "dinamica": "HURTO", "titulo": "DELITOS CONTRA EL PATRIMONIO ECONOMICO", "capitulo": "DEL HURTO", "articulo": "HURTO CALIFICADO. ART. 240 C.P.", "grado_deli": "AGRAVADO", "tipo_notic": "DENUNCIA", "caracteriz": "HURTO A CELULARES", "modalidad": "COSQUILLEO", "modo": null, "motivo": null, "pais": "COLOMBIA", "dane_dep": 76, "departamen": "VALLE DEL CAUCA", "dane_mpio": 76001, "municipio": "CALI", "cod_comuna": 3.0, "comuna": "Comuna 3", "cod_barrio": 309.0, "nom_barrio": "San Pascual", "direccion": "76001 CARRERA 15, SAN PASCUAL, COMUNA 3, CALI, VALLE DEL CAUCA", "sitio": "TRANSPORTE MASIVO", "x": -76.528549194340002, "y": 3.4427950382199999, "anio": 2023, "mes": "diciembre", "dia": 2, "dia_semana": 7, "hora_hecho": "03:00", "barrio": "GUAYAQUIL", "estrato": 1, "geom": "0101000020E6100000000000C0D32153C000000020D88A0B40", "fecha_hech": "2023-12-02 00:00:00", "Id": 0, "area": 136572.15568900001 }, "geometry": { "type": "Point", "coordinates": [ -76.528549194340002, 3.44279503822 ] } },
{ "type": "Feature", "properties": { "dinamica": "HURTO", "titulo": "DELITOS CONTRA EL PATRIMONIO ECONOMICO", "capitulo": "DEL HURTO", "articulo": "HURTO CALIFICADO. ART. 240 C.P.", "grado_deli": "NINGUNO", "tipo_notic": "DENUNCIA", "caracteriz": "HURTO DE MOTOCICLETAS", "modalidad": "HALADO", "modo": null, "motivo": null, "pais": "COLOMBIA", "dane_dep": 76, "departamen": "VALLE DEL CAUCA", "dane_mpio": 76001, "municipio": "CALI", "cod_comuna": 3.0, "comuna": "Comuna 3", "cod_barrio": 306.0, "nom_barrio": "San Juan Bosco", "direccion": "76001 CALLE 10 14 13, SAN JUAN BOSCO, COMUNA 3, CALI, VALLE DEL CAUCA", "sitio": "DOMICILIO", "x": -76.53205871582, "y": 3.4434080123899999, "anio": 2023, "mes": "diciembre", "dia": 5, "dia_semana": 3, "hora_hecho": "00:00", "barrio": "SAN JUAN BOSCO", "estrato": 3, "geom": "0101000020E6100000000000400D2253C000000080198C0B40", "fecha_hech": "2023-12-05 00:00:00", "Id": 0, "area": 136572.15568900001 }, "geometry": { "type": "Point", "coordinates": [ -76.53205871582, 3.44340801239 ] } },
{ "type": "Feature", "properties": { "dinamica": "HURTO", "titulo": "DELITOS CONTRA EL PATRIMONIO ECONOMICO", "capitulo": "DEL HURTO", "articulo": "HURTO CALIFICADO. ART. 240 C.P.", "grado_deli": "NINGUNO", "tipo_notic": "DENUNCIA", "caracteriz": "HURTO A ESTABLECIMIENTOS", "modalidad": "ATRACO", "modo": "ARMA BLANCA", "motivo": null, "pais": "COLOMBIA", "dane_dep": 76, "departamen": "VALLE DEL CAUCA", "dane_mpio": 76001, "municipio": "CALI", "cod_comuna": 3.0, "comuna": "Comuna 3", "cod_barrio": 309.0, "nom_barrio": "San Pascual", "direccion": "76001 CALLE 13 13 59", "sitio": "VIA PUBLICA", "x": -76.52896118164, "y": 3.44406294823, "anio": 2023, "mes": "diciembre", "dia": 7, "dia_semana": 5, "hora_hecho": "11:30", "barrio": "SAN PASCUAL", "estrato": 1, "geom": "0101000020E610000000000080DA2153C0000000E0708D0B40", "fecha_hech": "2023-12-07 00:00:00", "Id": 0, "area": 136572.15568900001 }, "geometry": { "type": "Point", "coordinates": [ -76.52896118164, 3.44406294823 ] } },
{ "type": "Feature", "properties": { "dinamica": "HURTO", "titulo": "DELITOS CONTRA EL PATRIMONIO ECONOMICO", "capitulo": "DEL HURTO", "articulo": "HURTO. ART. 239 C.P.", "grado_deli": "NINGUNO", "tipo_notic": "DENUNCIA", "caracteriz": "HURTO A CELULARES", "modalidad": "COSQUILLEO", "modo": null, "motivo": null, "pais": "COLOMBIA", "dane_dep": 76, "departamen": "VALLE DEL CAUCA", "dane_mpio": 76001, "municipio": "CALI", "cod_comuna": 3.0, "comuna": "Comuna 3", "cod_barrio": 309.0, "nom_barrio": "San Pascual", "direccion": "76001 CL 15 CON CON KR 14 CALLE 15 CON CARRERA 14", "sitio": "SIN INFORMACION", "x": -76.526237487789999, "y": 3.4435238838200002, "anio": 2023, "mes": "diciembre", "dia": 12, "dia_semana": 3, "hora_hecho": "18:00", "barrio": null, "estrato": 1, "geom": "0101000020E6100000000000E0AD2153C000000040568C0B40", "fecha_hech": "2023-12-12 00:00:00", "Id": 0, "area": 136572.15568900001 }, "geometry": { "type": "Point", "coordinates": [ -76.526237487789999, 3.44352388382 ] } },
{ "type": "Feature", "properties": { "dinamica": "HURTO", "titulo": "DELITOS CONTRA EL PATRIMONIO ECONOMICO", "capitulo": "DEL HURTO", "articulo": "HURTO. ART. 239 C.P.", "grado_deli": "NINGUNO", "tipo_notic": "DENUNCIA", "caracteriz": "HURTO A CELULARES", "modalidad": "COSQUILLEO", "modo": null, "motivo": null, "pais": "COLOMBIA", "dane_dep": 76, "departamen": "VALLE DEL CAUCA", "dane_mpio": 76001, "municipio": "CALI", "cod_comuna": 3.0, "comuna": "Comuna 3", "cod_barrio": 309.0, "nom_barrio": "San Pascual", "direccion": "76001 CL 15 CON CON KR 14 CL 15 KR 14", "sitio": "SIN INFORMACION", "x": -76.526077270510001, "y": 3.4429240226700002, "anio": 2023, "mes": "diciembre", "dia": 15, "dia_semana": 6, "hora_hecho": "18:00", "barrio": null, "estrato": 1, "geom": "0101000020E610000000000040AB2153C0000000C01B8B0B40", "fecha_hech": "2023-12-15 00:00:00", "Id": 0, "area": 136572.15568900001 }, "geometry": { "type": "Point", "coordinates": [ -76.526077270510001, 3.44292402267 ] } },
{ "type": "Feature", "properties": { "dinamica": "HURTO", "titulo": "DELITOS CONTRA EL PATRIMONIO ECONOMICO", "capitulo": "DEL HURTO", "articulo": "HURTO. ART. 239 C.P.", "grado_deli": "NINGUNO", "tipo_notic": "DENUNCIA", "caracteriz": "HURTO A CELULARES", "modalidad": "RAPONAZO", "modo": null, "motivo": "IBA HABLANDO", "pais": "COLOMBIA", "dane_dep": 76, "departamen": "VALLE DEL CAUCA", "dane_mpio": 76001, "municipio": "CALI", "cod_comuna": 3.0, "comuna": "Comuna 3", "cod_barrio": 309.0, "nom_barrio": "San Pascual", "direccion": "76001 KR 14 CON CL 18 KR 14 13 18", "sitio": "SIN INFORMACION", "x": -76.52838897705, "y": 3.44421410561, "anio": 2023, "mes": "diciembre", "dia": 15, "dia_semana": 6, "hora_hecho": "22:30", "barrio": null, "estrato": 1, "geom": "0101000020E610000000000020D12153C000000020C08D0B40", "fecha_hech": "2023-12-15 00:00:00", "Id": 0, "area": 136572.15568900001 }, "geometry": { "type": "Point", "coordinates": [ -76.52838897705, 3.44421410561 ] } },
{ "type": "Feature", "properties": { "dinamica": "HURTO", "titulo": "DELITOS CONTRA EL PATRIMONIO ECONOMICO", "capitulo": "DEL HURTO", "articulo": "HURTO CALIFICADO. ART. 240 C.P.", "grado_deli": "NINGUNO", "tipo_notic": "DENUNCIA", "caracteriz": "HURTO A PERSONAS", "modalidad": "ATRACO", "modo": "ARMA DE FUEGO", "motivo": null, "pais": "COLOMBIA", "dane_dep": 76, "departamen": "VALLE DEL CAUCA", "dane_mpio": 76001, "municipio": "CALI", "cod_comuna": 3.0, "comuna": "Comuna 3", "cod_barrio": 306.0, "nom_barrio": "San Juan Bosco", "direccion": "76001 CARRERA 12 11 2", "sitio": "VIA PUBLICA", "x": -76.530990600590002, "y": 3.4454259872400002, "anio": 2023, "mes": "diciembre", "dia": 18, "dia_semana": 2, "hora_hecho": "08:01", "barrio": "SAN JUAN BOSCO", "estrato": 3, "geom": "0101000020E6100000000000C0FB2153C0000000803B900B40", "fecha_hech": "2023-12-18 00:00:00", "Id": 0, "area": 136572.15568900001 }, "geometry": { "type": "Point", "coordinates": [ -76.530990600590002, 3.44542598724 ] } },
{ "type": "Feature", "properties": { "dinamica": "HURTO", "titulo": "DELITOS CONTRA EL PATRIMONIO ECONOMICO", "capitulo": "DEL HURTO", "articulo": "HURTO. ART. 239 C.P.", "grado_deli": "NINGUNO", "tipo_notic": "DENUNCIA", "caracteriz": "HURTO A CELULARES", "modalidad": "COSQUILLEO", "modo": null, "motivo": null, "pais": "COLOMBIA", "dane_dep": 76, "departamen": "VALLE DEL CAUCA", "dane_mpio": 76001, "municipio": "CALI", "cod_comuna": 3.0, "comuna": "Comuna 3", "cod_barrio": 309.0, "nom_barrio": "San Pascual", "direccion": "76001 CALLE 13 14 37, SAN PASCUAL, COMUNA 3, CALI, VALLE DEL CAUCA", "sitio": "TRANSPORTE MASIVO", "x": -76.528633117680002, "y": 3.44313001633, "anio": 2023, "mes": "diciembre", "dia": 20, "dia_semana": 4, "hora_hecho": "16:00", "barrio": "SAN PASCUAL", "estrato": 1, "geom": "0101000020E610000000000020D52153C0000000C0878B0B40", "fecha_hech": "2023-12-20 00:00:00", "Id": 0, "area": 136572.15568900001 }, "geometry": { "type": "Point", "coordinates": [ -76.528633117680002, 3.44313001633 ] } },
{ "type": "Feature", "properties": { "dinamica": "HURTO", "titulo": "DELITOS CONTRA EL PATRIMONIO ECONOMICO", "capitulo": "DEL HURTO", "articulo": "HURTO CALIFICADO. ART. 240 C.P.", "grado_deli": "NINGUNO", "tipo_notic": "DENUNCIA", "caracteriz": "HURTO DE MOTOCICLETAS", "modalidad": "HALADO", "modo": null, "motivo": null, "pais": "COLOMBIA", "dane_dep": 76, "departamen": "VALLE DEL CAUCA", "dane_mpio": 76001, "municipio": "CALI", "cod_comuna": 3.0, "comuna": "Comuna 3", "cod_barrio": 310.0, "nom_barrio": "El Calvario", "direccion": "76001 CARRERA 10 CON CALLE 15 10, EL CALVARIO, COMUNA 3, CALI, VALLE DEL CAUCA", "sitio": "DOMICILIO", "x": -76.52758026123, "y": 3.4478800296799998, "anio": 2023, "mes": "diciembre", "dia": 23, "dia_semana": 7, "hora_hecho": "00:00", "barrio": "EL CALVARIO", "estrato": 3, "geom": "0101000020E6100000000000E0C32153C00000002042950B40", "fecha_hech": "2023-12-23 00:00:00", "Id": 0, "area": 136572.15568900001 }, "geometry": { "type": "Point", "coordinates": [ -76.52758026123, 3.44788002968 ] } },
{ "type": "Feature", "properties": { "dinamica": "HURTO", "titulo": "DELITOS CONTRA EL PATRIMONIO ECONOMICO", "capitulo": "DEL HURTO", "articulo": "HURTO CALIFICADO. ART. 240 C.P.", "grado_deli": "NINGUNO", "tipo_notic": "DENUNCIA", "caracteriz": "HURTO A PERSONAS", "modalidad": "ATRACO", "modo": "ARMA BLANCA", "motivo": null, "pais": "COLOMBIA", "dane_dep": 76, "departamen": "VALLE DEL CAUCA", "dane_mpio": 76001, "municipio": "CALI", "cod_comuna": 3.0, "comuna": "Comuna 3", "cod_barrio": 307.0, "nom_barrio": "Santa Rosa", "direccion": "76001 AVENIDA GENERAL ELISEO PAYAN 80", "sitio": "VEHICULO", "x": -76.531730651860002, "y": 3.44704699516, "anio": 2023, "mes": "diciembre", "dia": 24, "dia_semana": 1, "hora_hecho": "04:00", "barrio": "SANTA ROSA", "estrato": 3, "geom": "0101000020E6100000000000E0072253C0000000608D930B40", "fecha_hech": "2023-12-24 00:00:00", "Id": 0, "area": 136572.15568900001 }, "geometry": { "type": "Point", "coordinates": [ -76.531730651860002, 3.44704699516 ] } },
{ "type": "Feature", "properties": { "dinamica": "HURTO", "titulo": "DELITOS CONTRA EL PATRIMONIO ECONOMICO", "capitulo": "DEL HURTO", "articulo": "HURTO. ART. 239 C.P.", "grado_deli": "NINGUNO", "tipo_notic": "DENUNCIA", "caracteriz": "HURTO A CELULARES", "modalidad": "FACTOR DE OPORTUNIDAD", "modo": null, "motivo": null, "pais": "COLOMBIA", "dane_dep": 76, "departamen": "VALLE DEL CAUCA", "dane_mpio": 76001, "municipio": "CALI", "cod_comuna": 3.0, "comuna": "Comuna 3", "cod_barrio": 309.0, "nom_barrio": "San Pascual", "direccion": "76001 CALLE 13 13 45", "sitio": "LUGAR DE TRABAJO", "x": -76.52879333496, "y": 3.4442019462600002, "anio": 2023, "mes": "diciembre", "dia": 25, "dia_semana": 2, "hora_hecho": "09:00", "barrio": "SAN PASCUAL", "estrato": 1, "geom": "0101000020E6100000000000C0D72153C0000000C0B98D0B40", "fecha_hech": "2023-12-25 00:00:00", "Id": 0, "area": 136572.15568900001 }, "geometry": { "type": "Point", "coordinates": [ -76.52879333496, 3.44420194626 ] } },
{ "type": "Feature", "properties": { "dinamica": "HURTO", "titulo": "DELITOS CONTRA EL PATRIMONIO ECONOMICO", "capitulo": "DEL HURTO", "articulo": "HURTO CALIFICADO. ART. 240 C.P.", "grado_deli": "NINGUNO", "tipo_notic": "DENUNCIA", "caracteriz": "HURTO A PERSONAS", "modalidad": "ATRACO", "modo": "ARMA BLANCA", "motivo": null, "pais": "COLOMBIA", "dane_dep": 76, "departamen": "VALLE DEL CAUCA", "dane_mpio": 76001, "municipio": "CALI", "cod_comuna": 3.0, "comuna": "Comuna 3", "cod_barrio": 310.0, "nom_barrio": "El Calvario", "direccion": "76001 Palacio 13, Carrera 10 13, El Calvario, Comuna 3, Cali, Valle del Cauca, COL,EL CALVARIO", "sitio": "SIN INFORMACION", "x": -76.529525756840002, "y": 3.4476480484000001, "anio": 2023, "mes": "diciembre", "dia": 25, "dia_semana": 2, "hora_hecho": "10:00", "barrio": "EL CALVARIO", "estrato": 3, "geom": "0101000020E6100000000000C0E32153C000000080C8940B40", "fecha_hech": "2023-12-25 00:00:00", "Id": 0, "area": 136572.15568900001 }, "geometry": { "type": "Point", "coordinates": [ -76.529525756840002, 3.4476480484 ] } },
{ "type": "Feature", "properties": { "dinamica": "HURTO", "titulo": "DELITOS CONTRA EL PATRIMONIO ECONOMICO", "capitulo": "DEL HURTO", "articulo": "HURTO CALIFICADO. ART. 240 C.P.", "grado_deli": "NINGUNO", "tipo_notic": "DENUNCIA", "caracteriz": "HURTO A PERSONAS", "modalidad": "RAPONAZO", "modo": null, "motivo": null, "pais": "COLOMBIA", "dane_dep": 76, "departamen": "VALLE DEL CAUCA", "dane_mpio": 76001, "municipio": "CALI", "cod_comuna": 3.0, "comuna": "Comuna 3", "cod_barrio": 309.0, "nom_barrio": "San Pascual", "direccion": "76001 CL 70 CON CON KR 7 ESTE CALLE 70 CON CARRERA 7", "sitio": "VIA PUBLICA", "x": -76.526245117190001, "y": 3.44277596474, "anio": 2024, "mes": "enero", "dia": 2, "dia_semana": 3, "hora_hecho": "14:30", "barrio": null, "estrato": 1, "geom": "0101000020E610000000000000AE2153C000000020CE8A0B40", "fecha_hech": "2024-01-02 00:00:00", "Id": 0, "area": 136572.15568900001 }, "geometry": { "type": "Point", "coordinates": [ -76.526245117190001, 3.44277596474 ] } },
{ "type": "Feature", "properties": { "dinamica": "HURTO", "titulo": "DELITOS CONTRA EL PATRIMONIO ECONOMICO", "capitulo": "DEL HURTO", "articulo": "HURTO CALIFICADO. ART. 240 C.P.", "grado_deli": "AGRAVADO", "tipo_notic": "DENUNCIA", "caracteriz": "HURTO A PERSONAS", "modalidad": "ATRACO", "modo": "ARMA BLANCA", "motivo": null, "pais": "COLOMBIA", "dane_dep": 76, "departamen": "VALLE DEL CAUCA", "dane_mpio": 76001, "municipio": "CALI", "cod_comuna": 3.0, "comuna": "Comuna 3", "cod_barrio": 309.0, "nom_barrio": "San Pascual", "direccion": "76001 CARRERA 13 14 10, SAN PASCUAL, COMUNA 3, CALI, VALLE DEL CAUCA", "sitio": "VIA PUBLICA", "x": -76.527374267580001, "y": 3.44462203979, "anio": 2024, "mes": "enero", "dia": 4, "dia_semana": 5, "hora_hecho": "23:36", "barrio": "SAN PASCUAL", "estrato": 1, "geom": "0101000020E610000000000080C02153C000000000968E0B40", "fecha_hech": "2024-01-04 00:00:00", "Id": 0, "area": 136572.15568900001 }, "geometry": { "type": "Point", "coordinates": [ -76.527374267580001, 3.44462203979 ] } },
{ "type": "Feature", "properties": { "dinamica": "HURTO", "titulo": "DELITOS CONTRA EL PATRIMONIO ECONOMICO", "capitulo": "DEL HURTO", "articulo": "HURTO CALIFICADO. ART. 240 C.P.", "grado_deli": "NINGUNO", "tipo_notic": "DENUNCIA", "caracteriz": "HURTO A PERSONAS", "modalidad": "ATRACO", "modo": "ARMA DE FUEGO", "motivo": null, "pais": "COLOMBIA", "dane_dep": 76, "departamen": "VALLE DEL CAUCA", "dane_mpio": 76001, "municipio": "CALI", "cod_comuna": 3.0, "comuna": "Comuna 3", "cod_barrio": 306.0, "nom_barrio": "San Juan Bosco", "direccion": "76001 CARRERA 12 CON CALLE 12, EL CALVARIO, COMUNA 3, CALI, VALLE DEL CAUCA", "sitio": "VIA PUBLICA", "x": -76.530227661129999, "y": 3.4455199241600001, "anio": 2024, "mes": "enero", "dia": 5, "dia_semana": 6, "hora_hecho": "13:30", "barrio": "EL CALVARIO", "estrato": 3, "geom": "0101000020E610000000000040EF2153C0000000C06C900B40", "fecha_hech": "2024-01-05 00:00:00", "Id": 0, "area": 136572.15568900001 }, "geometry": { "type": "Point", "coordinates": [ -76.530227661129999, 3.44551992416 ] } },
{ "type": "Feature", "properties": { "dinamica": "HURTO", "titulo": "DELITOS CONTRA EL PATRIMONIO ECONOMICO", "capitulo": "DEL HURTO", "articulo": "HURTO CALIFICADO. ART. 240 C.P.", "grado_deli": "NINGUNO", "tipo_notic": "DENUNCIA", "caracteriz": "HURTO A PERSONAS", "modalidad": "ATRACO", "modo": "ARMA BLANCA", "motivo": null, "pais": "COLOMBIA", "dane_dep": 76, "departamen": "VALLE DEL CAUCA", "dane_mpio": 76001, "municipio": "CALI", "cod_comuna": 3.0, "comuna": "Comuna 3", "cod_barrio": 310.0, "nom_barrio": "El Calvario", "direccion": "76001 CARRERA 10 CON CALLE 15, EL CALVARIO, COMUNA 3, CALI, VALLE DEL CAUCA", "sitio": "VIA PUBLICA", "x": -76.52758026123, "y": 3.4478800296799998, "anio": 2024, "mes": "enero", "dia": 5, "dia_semana": 6, "hora_hecho": "18:30", "barrio": "EL CALVARIO", "estrato": 3, "geom": "0101000020E6100000000000E0C32153C00000002042950B40", "fecha_hech": "2024-01-05 00:00:00", "Id": 0, "area": 136572.15568900001 }, "geometry": { "type": "Point", "coordinates": [ -76.52758026123, 3.44788002968 ] } },
{ "type": "Feature", "properties": { "dinamica": "HURTO", "titulo": "DELITOS CONTRA EL PATRIMONIO ECONOMICO", "capitulo": "DEL HURTO", "articulo": "HURTO CALIFICADO. ART. 240 C.P.", "grado_deli": "AGRAVADO", "tipo_notic": "DENUNCIA", "caracteriz": "HURTO A CELULARES", "modalidad": "COSQUILLEO", "modo": null, "motivo": null, "pais": "COLOMBIA", "dane_dep": 76, "departamen": "VALLE DEL CAUCA", "dane_mpio": 76001, "municipio": "CALI", "cod_comuna": 3.0, "comuna": "Comuna 3", "cod_barrio": 309.0, "nom_barrio": "San Pascual", "direccion": "76001 CARRERA 14 13 18, SAN PASCUAL, COMUNA 3, CALI, VALLE DEL CAUCA", "sitio": "TRANSPORTE MASIVO", "x": -76.52857208252, "y": 3.4433100223499999, "anio": 2024, "mes": "enero", "dia": 6, "dia_semana": 7, "hora_hecho": "06:30", "barrio": "SAN PASCUAL", "estrato": 1, "geom": "0101000020E610000000000020D42153C000000020E68B0B40", "fecha_hech": "2024-01-06 00:00:00", "Id": 0, "area": 136572.15568900001 }, "geometry": { "type": "Point", "coordinates": [ -76.52857208252, 3.44331002235 ] } },
{ "type": "Feature", "properties": { "dinamica": "HURTO", "titulo": "DELITOS CONTRA EL PATRIMONIO ECONOMICO", "capitulo": "DEL HURTO", "articulo": "HURTO CALIFICADO. ART. 240 C.P.", "grado_deli": "NINGUNO", "tipo_notic": "DENUNCIA", "caracteriz": "HURTO A CELULARES", "modalidad": "ATRACO", "modo": "ARMA BLANCA", "motivo": "SIN DETERMINAR", "pais": "COLOMBIA", "dane_dep": 76, "departamen": "VALLE DEL CAUCA", "dane_mpio": 76001, "municipio": "CALI", "cod_comuna": 3.0, "comuna": "Comuna 3", "cod_barrio": 309.0, "nom_barrio": "San Pascual", "direccion": "76001 Carrera 15 con Calle 13, San Pascual, Comuna 3, Cali, Valle del Cauca, COL,SAN PASCUAL", "sitio": "SIN INFORMACION", "x": -76.528747558589998, "y": 3.4427700042699998, "anio": 2024, "mes": "enero", "dia": 8, "dia_semana": 2, "hora_hecho": "19:00", "barrio": "SAN PASCUAL", "estrato": 1, "geom": "0101000020E610000000000000D72153C000000000CB8A0B40", "fecha_hech": "2024-01-08 00:00:00", "Id": 0, "area": 136572.15568900001 }, "geometry": { "type": "Point", "coordinates": [ -76.528747558589998, 3.44277000427 ] } },
{ "type": "Feature", "properties": { "dinamica": "HURTO", "titulo": "DELITOS CONTRA EL PATRIMONIO ECONOMICO", "capitulo": "DEL HURTO", "articulo": "HURTO. ART. 239 C.P.", "grado_deli": "NINGUNO", "tipo_notic": "DENUNCIA", "caracteriz": "HURTO A PERSONAS", "modalidad": "FACTOR DE OPORTUNIDAD", "modo": null, "motivo": null, "pais": "COLOMBIA", "dane_dep": 76, "departamen": "VALLE DEL CAUCA", "dane_mpio": 76001, "municipio": "CALI", "cod_comuna": 3.0, "comuna": "Comuna 3", "cod_barrio": 309.0, "nom_barrio": "San Pascual", "direccion": "76001 CALLE 13 14 43", "sitio": "VIA PUBLICA", "x": -76.528785705570002, "y": 3.4430708885199999, "anio": 2024, "mes": "enero", "dia": 9, "dia_semana": 3, "hora_hecho": "11:00", "barrio": "SAN PASCUAL", "estrato": 1, "geom": "0101000020E6100000000000A0D72153C0000000C0688B0B40", "fecha_hech": "2024-01-09 00:00:00", "Id": 0, "area": 136572.15568900001 }, "geometry": { "type": "Point", "coordinates": [ -76.528785705570002, 3.44307088852 ] } },
{ "type": "Feature", "properties": { "dinamica": "HURTO", "titulo": "DELITOS CONTRA EL PATRIMONIO ECONOMICO", "capitulo": "DEL HURTO", "articulo": "HURTO. ART. 239 C.P.", "grado_deli": "NINGUNO", "tipo_notic": "DENUNCIA", "caracteriz": "HURTO A PERSONAS", "modalidad": "RAPONAZO", "modo": null, "motivo": null, "pais": "COLOMBIA", "dane_dep": 76, "departamen": "VALLE DEL CAUCA", "dane_mpio": 76001, "municipio": "CALI", "cod_comuna": 3.0, "comuna": "Comuna 3", "cod_barrio": 310.0, "nom_barrio": "El Calvario", "direccion": "76001 CARRERA 10 CON CALLE 15, EL CALVARIO, COMUNA 3, CALI, VALLE DEL CAUCA", "sitio": "VIA PUBLICA", "x": -76.52758026123, "y": 3.4478800296799998, "anio": 2024, "mes": "enero", "dia": 11, "dia_semana": 5, "hora_hecho": "18:30", "barrio": "EL CALVARIO", "estrato": 3, "geom": "0101000020E6100000000000E0C32153C00000002042950B40", "fecha_hech": "2024-01-11 00:00:00", "Id": 0, "area": 136572.15568900001 }, "geometry": { "type": "Point", "coordinates": [ -76.52758026123, 3.44788002968 ] } },
{ "type": "Feature", "properties": { "dinamica": "HURTO", "titulo": "DELITOS CONTRA EL PATRIMONIO ECONOMICO", "capitulo": "DEL HURTO", "articulo": "HURTO CALIFICADO. ART. 240 C.P.", "grado_deli": "NINGUNO", "tipo_notic": "ACTOS URGENTES", "caracteriz": "HURTO A CELULARES", "modalidad": "ATRACO", "modo": "ARMA BLANCA", "motivo": "SIN DETERMINAR", "pais": "COLOMBIA", "dane_dep": 76, "departamen": "VALLE DEL CAUCA", "dane_mpio": 76001, "municipio": "CALI", "cod_comuna": 3.0, "comuna": "Comuna 3", "cod_barrio": 309.0, "nom_barrio": "San Pascual", "direccion": "76001 CALLE 13A 13 13, SAN PASCUAL, COMUNA 3, CALI, VALLE DEL CAUCA", "sitio": "VIA PUBLICA", "x": -76.528030395510001, "y": 3.4445099830600001, "anio": 2024, "mes": "enero", "dia": 12, "dia_semana": 6, "hora_hecho": "12:14", "barrio": "SAN PASCUAL", "estrato": 1, "geom": "0101000020E610000000000040CB2153C0000000405B8E0B40", "fecha_hech": "2024-01-12 00:00:00", "Id": 0, "area": 136572.15568900001 }, "geometry": { "type": "Point", "coordinates": [ -76.528030395510001, 3.44450998306 ] } },
{ "type": "Feature", "properties": { "dinamica": "HURTO", "titulo": "DELITOS CONTRA EL PATRIMONIO ECONOMICO", "capitulo": "DEL HURTO", "articulo": "HURTO. ART. 239 C.P.", "grado_deli": "NINGUNO", "tipo_notic": "DENUNCIA", "caracteriz": "HURTO A PERSONAS", "modalidad": "RAPONAZO", "modo": null, "motivo": null, "pais": "COLOMBIA", "dane_dep": 76, "departamen": "VALLE DEL CAUCA", "dane_mpio": 76001, "municipio": "CALI", "cod_comuna": 3.0, "comuna": "Comuna 3", "cod_barrio": 306.0, "nom_barrio": "San Juan Bosco", "direccion": "76001 CARRERA 15 CON CALLE 12, SAN JUAN BOSCO, COMUNA 3, CALI, VALLE DEL CAUCA", "sitio": "VIA PUBLICA", "x": -76.52970123291, "y": 3.4427399635299998, "anio": 2024, "mes": "enero", "dia": 13, "dia_semana": 7, "hora_hecho": "20:00", "barrio": "SAN JUAN BOSCO", "estrato": 3, "geom": "0101000020E6100000000000A0E62153C000000040BB8A0B40", "fecha_hech": "2024-01-13 00:00:00", "Id": 0, "area": 136572.15568900001 }, "geometry": { "type": "Point", "coordinates": [ -76.52970123291, 3.44273996353 ] } },
{ "type": "Feature", "properties": { "dinamica": "HURTO", "titulo": "DELITOS CONTRA EL PATRIMONIO ECONOMICO", "capitulo": "DEL HURTO", "articulo": "HURTO CALIFICADO. ART. 240 C.P.", "grado_deli": "NINGUNO", "tipo_notic": "DENUNCIA", "caracteriz": "HURTO DE AUTOPARTES", "modalidad": "FACTOR DE OPORTUNIDAD", "modo": null, "motivo": null, "pais": "COLOMBIA", "dane_dep": 76, "departamen": "VALLE DEL CAUCA", "dane_mpio": 76001, "municipio": "CALI", "cod_comuna": 3.0, "comuna": "Comuna 3", "cod_barrio": 310.0, "nom_barrio": "El Calvario", "direccion": "76001 CALLE 15 CON CARRERA 10, EL CALVARIO, COMUNA 3, CALI, VALLE DEL CAUCA", "sitio": "VIA PUBLICA", "x": -76.52758026123, "y": 3.4478800296799998, "anio": 2024, "mes": "enero", "dia": 15, "dia_semana": 2, "hora_hecho": "06:30", "barrio": "EL CALVARIO", "estrato": 3, "geom": "0101000020E6100000000000E0C32153C00000002042950B40", "fecha_hech": "2024-01-15 00:00:00", "Id": 0, "area": 136572.15568900001 }, "geometry": { "type": "Point", "coordinates": [ -76.52758026123, 3.44788002968 ] } },
{ "type": "Feature", "properties": { "dinamica": "HURTO", "titulo": "DELITOS CONTRA EL PATRIMONIO ECONOMICO", "capitulo": "DEL HURTO", "articulo": "HURTO. ART. 239 C.P.", "grado_deli": "NINGUNO", "tipo_notic": "DENUNCIA", "caracteriz": "HURTO A PERSONAS", "modalidad": "FACTOR DE OPORTUNIDAD", "modo": null, "motivo": null, "pais": "COLOMBIA", "dane_dep": 76, "departamen": "VALLE DEL CAUCA", "dane_mpio": 76001, "municipio": "CALI", "cod_comuna": 3.0, "comuna": "Comuna 3", "cod_barrio": 309.0, "nom_barrio": "San Pascual", "direccion": "76001 CARRERA 14 13 90, SAN PASCUAL, COMUNA 3, CALI, VALLE DEL CAUCA", "sitio": "LOCAL COMERCIAL", "x": -76.52840423584, "y": 3.4433379173300001, "anio": 2024, "mes": "enero", "dia": 16, "dia_semana": 3, "hora_hecho": "02:30", "barrio": "SAN PASCUAL", "estrato": 1, "geom": "0101000020E610000000000060D12153C0000000C0F48B0B40", "fecha_hech": "2024-01-16 00:00:00", "Id": 0, "area": 136572.15568900001 }, "geometry": { "type": "Point", "coordinates": [ -76.52840423584, 3.44333791733 ] } },
{ "type": "Feature", "properties": { "dinamica": "HURTO", "titulo": "DELITOS CONTRA EL PATRIMONIO ECONOMICO", "capitulo": "DEL HURTO", "articulo": "HURTO. ART. 239 C.P.", "grado_deli": "NINGUNO", "tipo_notic": "DENUNCIA", "caracteriz": "HURTO A PERSONAS", "modalidad": "COSQUILLEO", "modo": null, "motivo": null, "pais": "COLOMBIA", "dane_dep": 76, "departamen": "VALLE DEL CAUCA", "dane_mpio": 76001, "municipio": "CALI", "cod_comuna": 3.0, "comuna": "Comuna 3", "cod_barrio": 306.0, "nom_barrio": "San Juan Bosco", "direccion": "76001 CALLE 10 14, SAN JUAN BOSCO, COMUNA 3, CALI, VALLE DEL CAUCA", "sitio": "VIA PUBLICA", "x": -76.53205871582, "y": 3.4430150985700001, "anio": 2024, "mes": "enero", "dia": 17, "dia_semana": 4, "hora_hecho": "22:08", "barrio": "SAN JUAN BOSCO", "estrato": 3, "geom": "0101000020E6100000000000400D2253C0000000804B8B0B40", "fecha_hech": "2024-01-17 00:00:00", "Id": 0, "area": 136572.15568900001 }, "geometry": { "type": "Point", "coordinates": [ -76.53205871582, 3.44301509857 ] } },
{ "type": "Feature", "properties": { "dinamica": "HURTO", "titulo": "DELITOS CONTRA EL PATRIMONIO ECONOMICO", "capitulo": "DEL HURTO", "articulo": "HURTO. ART. 239 C.P.", "grado_deli": "TENTATIVA", "tipo_notic": "DENUNCIA", "caracteriz": "HURTO A ESTABLECIMIENTOS", "modalidad": "FACTOR DE OPORTUNIDAD", "modo": null, "motivo": null, "pais": "COLOMBIA", "dane_dep": 76, "departamen": "VALLE DEL CAUCA", "dane_mpio": 76001, "municipio": "CALI", "cod_comuna": 3.0, "comuna": "Comuna 3", "cod_barrio": 309.0, "nom_barrio": "San Pascual", "direccion": "76001 CALLE 13 14, SAN PASCUAL, CALI, VALLE DEL CAUCA", "sitio": "TERMINAL DE TRANSPORTE", "x": -76.528770446780001, "y": 3.4430940151199998, "anio": 2024, "mes": "enero", "dia": 18, "dia_semana": 5, "hora_hecho": "08:34", "barrio": "SAN PASCUAL", "estrato": 1, "geom": "0101000020E610000000000060D72153C0000000E0748B0B40", "fecha_hech": "2024-01-18 00:00:00", "Id": 0, "area": 136572.15568900001 }, "geometry": { "type": "Point", "coordinates": [ -76.528770446780001, 3.44309401512 ] } },
{ "type": "Feature", "properties": { "dinamica": "HURTO", "titulo": "DELITOS CONTRA EL PATRIMONIO ECONOMICO", "capitulo": "DEL HURTO", "articulo": "HURTO CALIFICADO. ART. 240 C.P.", "grado_deli": "AGRAVADO", "tipo_notic": "DENUNCIA", "caracteriz": "HURTO DE VEHICULOS", "modalidad": "HALADO", "modo": null, "motivo": null, "pais": "COLOMBIA", "dane_dep": 76, "departamen": "VALLE DEL CAUCA", "dane_mpio": 76001, "municipio": "CALI", "cod_comuna": 3.0, "comuna": "Comuna 3", "cod_barrio": 309.0, "nom_barrio": "San Pascual", "direccion": "76001 CALLE 13A 14 7, SAN PASCUAL, COMUNA 3, CALI, VALLE DEL CAUCA", "sitio": "VIA PUBLICA", "x": -76.528106689449999, "y": 3.4432890415199999, "anio": 2024, "mes": "enero", "dia": 18, "dia_semana": 5, "hora_hecho": "11:45", "barrio": "SAN PASCUAL", "estrato": 1, "geom": "0101000020E610000000000080CC2153C000000020DB8B0B40", "fecha_hech": "2024-01-18 00:00:00", "Id": 0, "area": 136572.15568900001 }, "geometry": { "type": "Point", "coordinates": [ -76.528106689449999, 3.44328904152 ] } },
{ "type": "Feature", "properties": { "dinamica": "HURTO", "titulo": "DELITOS CONTRA EL PATRIMONIO ECONOMICO", "capitulo": "DEL HURTO", "articulo": "HURTO CALIFICADO. ART. 240 C.P.", "grado_deli": "NINGUNO", "tipo_notic": "DENUNCIA", "caracteriz": "HURTO A PERSONAS", "modalidad": "ATRACO", "modo": "ARMA BLANCA", "motivo": null, "pais": "COLOMBIA", "dane_dep": 76, "departamen": "VALLE DEL CAUCA", "dane_mpio": 76001, "municipio": "CALI", "cod_comuna": 3.0, "comuna": "Comuna 3", "cod_barrio": 309.0, "nom_barrio": "San Pascual", "direccion": "76001 AVENIDA CIUDADES CONFEDERADAS 14 148", "sitio": "ESTACION DE ARTICULADO", "x": -76.526191711430002, "y": 3.44279694557, "anio": 2024, "mes": "enero", "dia": 18, "dia_semana": 5, "hora_hecho": "22:00", "barrio": "SAN PASCUAL", "estrato": 1, "geom": "0101000020E610000000000020AD2153C000000020D98A0B40", "fecha_hech": "2024-01-18 00:00:00", "Id": 0, "area": 136572.15568900001 }, "geometry": { "type": "Point", "coordinates": [ -76.526191711430002, 3.44279694557 ] } },
{ "type": "Feature", "properties": { "dinamica": "HURTO", "titulo": "DELITOS CONTRA EL PATRIMONIO ECONOMICO", "capitulo": "DEL HURTO", "articulo": "HURTO CALIFICADO. ART. 240 C.P.", "grado_deli": "NINGUNO", "tipo_notic": "DENUNCIA", "caracteriz": "HURTO A PERSONAS", "modalidad": "ATRACO", "modo": "ARMA DE FUEGO", "motivo": null, "pais": "COLOMBIA", "dane_dep": 76, "departamen": "VALLE DEL CAUCA", "dane_mpio": 76001, "municipio": "CALI", "cod_comuna": 3.0, "comuna": "Comuna 3", "cod_barrio": 310.0, "nom_barrio": "El Calvario", "direccion": "76001 KR 12 CON CL 12 CARRERA 12 CON CALLE 12", "sitio": "IGLESIA O PARROQUIA", "x": -76.530227661129999, "y": 3.4456479549400001, "anio": 2024, "mes": "enero", "dia": 19, "dia_semana": 6, "hora_hecho": "18:30", "barrio": null, "estrato": 3, "geom": "0101000020E610000000000040EF2153C0000000E0AF900B40", "fecha_hech": "2024-01-19 00:00:00", "Id": 0, "area": 136572.15568900001 }, "geometry": { "type": "Point", "coordinates": [ -76.530227661129999, 3.44564795494 ] } },
{ "type": "Feature", "properties": { "dinamica": "HURTO", "titulo": "DELITOS CONTRA EL PATRIMONIO ECONOMICO", "capitulo": "DEL HURTO", "articulo": "HURTO. ART. 239 C.P.", "grado_deli": "NINGUNO", "tipo_notic": "DENUNCIA", "caracteriz": "HURTO A RESIDENCIA", "modalidad": "FACTOR DE OPORTUNIDAD", "modo": null, "motivo": null, "pais": "COLOMBIA", "dane_dep": 76, "departamen": "VALLE DEL CAUCA", "dane_mpio": 76001, "municipio": "CALI", "cod_comuna": 3.0, "comuna": "Comuna 3", "cod_barrio": 309.0, "nom_barrio": "San Pascual", "direccion": "76001 CALLE 13A 13A 17, SAN PASCUAL, COMUNA 3, CALI, VALLE DEL CAUCA", "sitio": "LOCAL COMERCIAL", "x": -76.527786254879999, "y": 3.4436659812900001, "anio": 2024, "mes": "enero", "dia": 20, "dia_semana": 7, "hora_hecho": "05:30", "barrio": "SAN PASCUAL", "estrato": 1, "geom": "0101000020E610000000000040C72153C0000000C0A08C0B40", "fecha_hech": "2024-01-20 00:00:00", "Id": 0, "area": 136572.15568900001 }, "geometry": { "type": "Point", "coordinates": [ -76.527786254879999, 3.44366598129 ] } },
{ "type": "Feature", "properties": { "dinamica": "HURTO", "titulo": "DELITOS CONTRA EL PATRIMONIO ECONOMICO", "capitulo": "DEL HURTO", "articulo": "HURTO CALIFICADO. ART. 240 C.P.", "grado_deli": "NINGUNO", "tipo_notic": "DENUNCIA", "caracteriz": "HURTO A PERSONAS", "modalidad": "ATRACO", "modo": "ARMA BLANCA", "motivo": null, "pais": "COLOMBIA", "dane_dep": 76, "departamen": "VALLE DEL CAUCA", "dane_mpio": 76001, "municipio": "CALI", "cod_comuna": 3.0, "comuna": "Comuna 3", "cod_barrio": 310.0, "nom_barrio": "El Calvario", "direccion": "76001 CALLE 15, EL CALVARIO, COMUNA 3, CALI, VALLE DEL CAUCA", "sitio": "VIA PUBLICA", "x": -76.52749633789, "y": 3.4476299285900001, "anio": 2024, "mes": "enero", "dia": 22, "dia_semana": 2, "hora_hecho": "03:30", "barrio": "EL CALVARIO", "estrato": 3, "geom": "0101000020E610000000000080C22153C000000000BF940B40", "fecha_hech": "2024-01-22 00:00:00", "Id": 0, "area": 136572.15568900001 }, "geometry": { "type": "Point", "coordinates": [ -76.52749633789, 3.44762992859 ] } },
{ "type": "Feature", "properties": { "dinamica": "HURTO", "titulo": "DELITOS CONTRA EL PATRIMONIO ECONOMICO", "capitulo": "DEL HURTO", "articulo": "HURTO CALIFICADO. ART. 240 C.P.", "grado_deli": "NINGUNO", "tipo_notic": "DENUNCIA", "caracteriz": "HURTO A PERSONAS", "modalidad": "ATRACO", "modo": "ARMA BLANCA", "motivo": null, "pais": "COLOMBIA", "dane_dep": 76, "departamen": "VALLE DEL CAUCA", "dane_mpio": 76001, "municipio": "CALI", "cod_comuna": 3.0, "comuna": "Comuna 3", "cod_barrio": 310.0, "nom_barrio": "El Calvario", "direccion": "76001 Carrera 10 con Calle 15, El Calvario, Comuna 3, Cali, Valle del Cauca, COL,EL CALVARIO", "sitio": "SIN INFORMACION", "x": -76.52758026123, "y": 3.4478800296799998, "anio": 2024, "mes": "enero", "dia": 22, "dia_semana": 2, "hora_hecho": "20:25", "barrio": "EL CALVARIO", "estrato": 3, "geom": "0101000020E6100000000000E0C32153C00000002042950B40", "fecha_hech": "2024-01-22 00:00:00", "Id": 0, "area": 136572.15568900001 }, "geometry": { "type": "Point", "coordinates": [ -76.52758026123, 3.44788002968 ] } },
{ "type": "Feature", "properties": { "dinamica": "HURTO", "titulo": "DELITOS CONTRA EL PATRIMONIO ECONOMICO", "capitulo": "DEL HURTO", "articulo": "HURTO CALIFICADO. ART. 240 C.P.", "grado_deli": "NINGUNO", "tipo_notic": "DENUNCIA", "caracteriz": "HURTO A PERSONAS", "modalidad": "ATRACO", "modo": "ARMA BLANCA", "motivo": null, "pais": "COLOMBIA", "dane_dep": 76, "departamen": "VALLE DEL CAUCA", "dane_mpio": 76001, "municipio": "CALI", "cod_comuna": 3.0, "comuna": "Comuna 3", "cod_barrio": 306.0, "nom_barrio": "San Juan Bosco", "direccion": "76001 CARRERA 13 10 23", "sitio": "VIA PUBLICA", "x": -76.53205871582, "y": 3.4444110393499998, "anio": 2024, "mes": "enero", "dia": 23, "dia_semana": 3, "hora_hecho": "05:30", "barrio": "SAN JUAN BOSCO", "estrato": 3, "geom": "0101000020E6100000000000400D2253C000000060278E0B40", "fecha_hech": "2024-01-23 00:00:00", "Id": 0, "area": 136572.15568900001 }, "geometry": { "type": "Point", "coordinates": [ -76.53205871582, 3.44441103935 ] } },
{ "type": "Feature", "properties": { "dinamica": "HURTO", "titulo": "DELITOS CONTRA EL PATRIMONIO ECONOMICO", "capitulo": "DEL HURTO", "articulo": "HURTO CALIFICADO. ART. 240 C.P.", "grado_deli": "NINGUNO", "tipo_notic": "DENUNCIA", "caracteriz": "HURTO DE MOTOCICLETAS", "modalidad": "HALADO", "modo": null, "motivo": null, "pais": "COLOMBIA", "dane_dep": 76, "departamen": "VALLE DEL CAUCA", "dane_mpio": 76001, "municipio": "CALI", "cod_comuna": 3.0, "comuna": "Comuna 3", "cod_barrio": 310.0, "nom_barrio": "El Calvario", "direccion": "76001 KR 10 CON CL 15 CARRERA 10 CALLE 15", "sitio": "SIN INFORMACION", "x": -76.527648925779999, "y": 3.44781398773, "anio": 2024, "mes": "enero", "dia": 23, "dia_semana": 3, "hora_hecho": "12:30", "barrio": null, "estrato": 3, "geom": "0101000020E610000000000000C52153C0000000801F950B40", "fecha_hech": "2024-01-23 00:00:00", "Id": 0, "area": 136572.15568900001 }, "geometry": { "type": "Point", "coordinates": [ -76.527648925779999, 3.44781398773 ] } },
{ "type": "Feature", "properties": { "dinamica": "HURTO", "titulo": "DELITOS CONTRA EL PATRIMONIO ECONOMICO", "capitulo": "DEL HURTO", "articulo": "HURTO CALIFICADO. ART. 240 C.P.", "grado_deli": "NINGUNO", "tipo_notic": "DENUNCIA", "caracteriz": "HURTO A ESTABLECIMIENTOS", "modalidad": "FACTOR DE OPORTUNIDAD", "modo": null, "motivo": null, "pais": "COLOMBIA", "dane_dep": 76, "departamen": "VALLE DEL CAUCA", "dane_mpio": 76001, "municipio": "CALI", "cod_comuna": 3.0, "comuna": "Comuna 3", "cod_barrio": 306.0, "nom_barrio": "San Juan Bosco", "direccion": "76001 Calle 12 con Carrera 13, San Juan Bosco, Comuna 3, Cali, Valle del Cauca, COL,SAN JUAN BOSCO", "sitio": "SIN INFORMACION", "x": -76.53002166748, "y": 3.4444301128400001, "anio": 2024, "mes": "enero", "dia": 25, "dia_semana": 5, "hora_hecho": "10:30", "barrio": "SAN JUAN BOSCO", "estrato": 3, "geom": "0101000020E6100000000000E0EB2153C000000060318E0B40", "fecha_hech": "2024-01-25 00:00:00", "Id": 0, "area": 136572.15568900001 }, "geometry": { "type": "Point", "coordinates": [ -76.53002166748, 3.44443011284 ] } },
{ "type": "Feature", "properties": { "dinamica": "HURTO", "titulo": "DELITOS CONTRA EL PATRIMONIO ECONOMICO", "capitulo": "DEL HURTO", "articulo": "HURTO CALIFICADO. ART. 240 C.P.", "grado_deli": "NINGUNO", "tipo_notic": "DENUNCIA", "caracteriz": "HURTO DE AUTOPARTES", "modalidad": "RAPONAZO", "modo": null, "motivo": null, "pais": "COLOMBIA", "dane_dep": 76, "departamen": "VALLE DEL CAUCA", "dane_mpio": 76001, "municipio": "CALI", "cod_comuna": 3.0, "comuna": "Comuna 3", "cod_barrio": 310.0, "nom_barrio": "El Calvario", "direccion": "76001 CARRERA 10 CON CALLE 15, EL CALVARIO, COMUNA 3, CALI, VALLE DEL CAUCA", "sitio": "VIA PUBLICA", "x": -76.52758026123, "y": 3.4478800296799998, "anio": 2024, "mes": "enero", "dia": 25, "dia_semana": 5, "hora_hecho": "19:10", "barrio": "EL CALVARIO", "estrato": 3, "geom": "0101000020E6100000000000E0C32153C00000002042950B40", "fecha_hech": "2024-01-25 00:00:00", "Id": 0, "area": 136572.15568900001 }, "geometry": { "type": "Point", "coordinates": [ -76.52758026123, 3.44788002968 ] } },
{ "type": "Feature", "properties": { "dinamica": "HURTO", "titulo": "DELITOS CONTRA EL PATRIMONIO ECONOMICO", "capitulo": "DEL HURTO", "articulo": "HURTO. ART. 239 C.P.", "grado_deli": "AGRAVADO", "tipo_notic": "DENUNCIA", "caracteriz": "HURTO A CELULARES", "modalidad": "FACTOR DE OPORTUNIDAD", "modo": null, "motivo": null, "pais": "COLOMBIA", "dane_dep": 76, "departamen": "VALLE DEL CAUCA", "dane_mpio": 76001, "municipio": "CALI", "cod_comuna": 3.0, "comuna": "Comuna 3", "cod_barrio": 306.0, "nom_barrio": "San Juan Bosco", "direccion": "76001 Carrera 13 10, San Juan Bosco, Comuna 3, Cali, Valle del Cauca, COL,SAN JUAN BOSCO", "sitio": "SIN INFORMACION", "x": -76.53150177002, "y": 3.44440507889, "anio": 2024, "mes": "enero", "dia": 28, "dia_semana": 1, "hora_hecho": "13:17", "barrio": "SAN JUAN BOSCO", "estrato": 3, "geom": "0101000020E610000000000020042253C000000040248E0B40", "fecha_hech": "2024-01-28 00:00:00", "Id": 0, "area": 136572.15568900001 }, "geometry": { "type": "Point", "coordinates": [ -76.53150177002, 3.44440507889 ] } },
{ "type": "Feature", "properties": { "dinamica": "HURTO", "titulo": "DELITOS CONTRA EL PATRIMONIO ECONOMICO", "capitulo": "DEL HURTO", "articulo": "HURTO CALIFICADO. ART. 240 C.P.", "grado_deli": "NINGUNO", "tipo_notic": "DENUNCIA", "caracteriz": "HURTO A PERSONAS", "modalidad": "ATRACO", "modo": "ARMA BLANCA", "motivo": null, "pais": "COLOMBIA", "dane_dep": 76, "departamen": "VALLE DEL CAUCA", "dane_mpio": 76001, "municipio": "CALI", "cod_comuna": 3.0, "comuna": "Comuna 3", "cod_barrio": 309.0, "nom_barrio": "San Pascual", "direccion": "76001 CARRERA 14 13, SAN PASCUAL, COMUNA 3, CALI, VALLE DEL CAUCA", "sitio": "TRANSPORTE MASIVO", "x": -76.528450012210001, "y": 3.4433999061599998, "anio": 2024, "mes": "enero", "dia": 30, "dia_semana": 3, "hora_hecho": "22:00", "barrio": "SAN PASCUAL", "estrato": 1, "geom": "0101000020E610000000000020D22153C000000040158C0B40", "fecha_hech": "2024-01-30 00:00:00", "Id": 0, "area": 136572.15568900001 }, "geometry": { "type": "Point", "coordinates": [ -76.528450012210001, 3.44339990616 ] } },
{ "type": "Feature", "properties": { "dinamica": "HURTO", "titulo": "DELITOS CONTRA EL PATRIMONIO ECONOMICO", "capitulo": "DEL HURTO", "articulo": "HURTO. ART. 239 C.P.", "grado_deli": "AGRAVADO", "tipo_notic": "DENUNCIA", "caracteriz": "HURTO A PERSONAS", "modalidad": "COSQUILLEO", "modo": null, "motivo": null, "pais": "COLOMBIA", "dane_dep": 76, "departamen": "VALLE DEL CAUCA", "dane_mpio": 76001, "municipio": "CALI", "cod_comuna": 3.0, "comuna": "Comuna 3", "cod_barrio": 309.0, "nom_barrio": "San Pascual", "direccion": "76001 CALLE 13 CON CARRERA 14, SAN PASCUAL, COMUNA 3, CALI, VALLE DEL CAUCA", "sitio": "VIA PUBLICA", "x": -76.5287399292, "y": 3.4434299468999998, "anio": 2024, "mes": "febrero", "dia": 2, "dia_semana": 6, "hora_hecho": "18:20", "barrio": "SAN PASCUAL", "estrato": 1, "geom": "0101000020E6100000000000E0D62153C000000000258C0B40", "fecha_hech": "2024-02-02 00:00:00", "Id": 0, "area": 136572.15568900001 }, "geometry": { "type": "Point", "coordinates": [ -76.5287399292, 3.4434299469 ] } },
{ "type": "Feature", "properties": { "dinamica": "HURTO", "titulo": "DELITOS CONTRA EL PATRIMONIO ECONOMICO", "capitulo": "DEL HURTO", "articulo": "HURTO. ART. 239 C.P.", "grado_deli": "NINGUNO", "tipo_notic": "DENUNCIA", "caracteriz": "HURTO A CELULARES", "modalidad": "COSQUILLEO", "modo": null, "motivo": null, "pais": "COLOMBIA", "dane_dep": 76, "departamen": "VALLE DEL CAUCA", "dane_mpio": 76001, "municipio": "CALI", "cod_comuna": 3.0, "comuna": "Comuna 3", "cod_barrio": 309.0, "nom_barrio": "San Pascual", "direccion": "76001 CALLE 15 CON CARRERA 13, SAN PASCUAL, COMUNA 3, CALI, VALLE DEL CAUCA", "sitio": "TRANSPORTE MASIVO", "x": -76.526733398440001, "y": 3.4447300434099999, "anio": 2024, "mes": "febrero", "dia": 3, "dia_semana": 7, "hora_hecho": "03:00", "barrio": "SAN PASCUAL", "estrato": 1, "geom": "0101000020E610000000000000B62153C0000000A0CE8E0B40", "fecha_hech": "2024-02-03 00:00:00", "Id": 0, "area": 136572.15568900001 }, "geometry": { "type": "Point", "coordinates": [ -76.526733398440001, 3.44473004341 ] } },
{ "type": "Feature", "properties": { "dinamica": "HURTO", "titulo": "DELITOS CONTRA EL PATRIMONIO ECONOMICO", "capitulo": "DEL HURTO", "articulo": "HURTO. ART. 239 C.P.", "grado_deli": "NINGUNO", "tipo_notic": "DENUNCIA", "caracteriz": "HURTO A CELULARES", "modalidad": "COSQUILLEO", "modo": null, "motivo": null, "pais": "COLOMBIA", "dane_dep": 76, "departamen": "VALLE DEL CAUCA", "dane_mpio": 76001, "municipio": "CALI", "cod_comuna": 3.0, "comuna": "Comuna 3", "cod_barrio": 309.0, "nom_barrio": "San Pascual", "direccion": "76001 CL 15 CON CON KR 13 CL 15  KR 13", "sitio": "TRANSPORTE MASIVO", "x": -76.526664733890001, "y": 3.4447479248000001, "anio": 2024, "mes": "febrero", "dia": 3, "dia_semana": 7, "hora_hecho": "03:30", "barrio": null, "estrato": 1, "geom": "0101000020E6100000000000E0B42153C000000000D88E0B40", "fecha_hech": "2024-02-03 00:00:00", "Id": 0, "area": 136572.15568900001 }, "geometry": { "type": "Point", "coordinates": [ -76.526664733890001, 3.4447479248 ] } },
{ "type": "Feature", "properties": { "dinamica": "HURTO", "titulo": "DELITOS CONTRA EL PATRIMONIO ECONOMICO", "capitulo": "DEL HURTO", "articulo": "HURTO CALIFICADO. ART. 240 C.P.", "grado_deli": "AGRAVADO", "tipo_notic": "DE OFICIO (INFORMES)", "caracteriz": "HURTO A PERSONAS", "modalidad": "ATRACO", "modo": "ARMA CONTUNDENTE", "motivo": null, "pais": "COLOMBIA", "dane_dep": 76, "departamen": "VALLE DEL CAUCA", "dane_mpio": 76001, "municipio": "CALI", "cod_comuna": 3.0, "comuna": "Comuna 3", "cod_barrio": 306.0, "nom_barrio": "San Juan Bosco", "direccion": "76001 CARRERA 13 10 108, SAN JUAN BOSCO, COMUNA 3, CALI, VALLE DEL CAUCA", "sitio": "VIA PUBLICA", "x": -76.531440734859999, "y": 3.4443490505200001, "anio": 2024, "mes": "febrero", "dia": 3, "dia_semana": 7, "hora_hecho": "04:30", "barrio": "SAN JUAN BOSCO", "estrato": 3, "geom": "0101000020E610000000000020032253C0000000E0068E0B40", "fecha_hech": "2024-02-03 00:00:00", "Id": 0, "area": 136572.15568900001 }, "geometry": { "type": "Point", "coordinates": [ -76.531440734859999, 3.44434905052 ] } },
{ "type": "Feature", "properties": { "dinamica": "HURTO", "titulo": "DELITOS CONTRA EL PATRIMONIO ECONOMICO", "capitulo": "DEL HURTO", "articulo": "HURTO CALIFICADO. ART. 240 C.P.", "grado_deli": "AGRAVADO", "tipo_notic": "DENUNCIA", "caracteriz": "HURTO A PERSONAS", "modalidad": "VIOLACION DE CERRADURA", "modo": null, "motivo": null, "pais": "COLOMBIA", "dane_dep": 76, "departamen": "VALLE DEL CAUCA", "dane_mpio": 76001, "municipio": "CALI", "cod_comuna": 3.0, "comuna": "Comuna 3", "cod_barrio": 309.0, "nom_barrio": "San Pascual", "direccion": "76001 Calle 13a 13 20, Santiago De Cali, Cali, Valle Del Cauca, COL,SAN PASCUAL", "sitio": "SIN INFORMACION", "x": -76.528106689449999, "y": 3.4442589283, "anio": 2024, "mes": "febrero", "dia": 5, "dia_semana": 2, "hora_hecho": "08:00", "barrio": "SAN PASCUAL", "estrato": 1, "geom": "0101000020E610000000000080CC2153C0000000A0D78D0B40", "fecha_hech": "2024-02-05 00:00:00", "Id": 0, "area": 136572.15568900001 }, "geometry": { "type": "Point", "coordinates": [ -76.528106689449999, 3.4442589283 ] } },
{ "type": "Feature", "properties": { "dinamica": "HURTO", "titulo": "DELITOS CONTRA EL PATRIMONIO ECONOMICO", "capitulo": "DEL HURTO", "articulo": "HURTO CALIFICADO. ART. 240 C.P.", "grado_deli": "NINGUNO", "tipo_notic": "DENUNCIA", "caracteriz": "HURTO A PERSONAS", "modalidad": "FACTOR DE OPORTUNIDAD", "modo": null, "motivo": null, "pais": "COLOMBIA", "dane_dep": 76, "departamen": "VALLE DEL CAUCA", "dane_mpio": 76001, "municipio": "CALI", "cod_comuna": 3.0, "comuna": "Comuna 3", "cod_barrio": 307.0, "nom_barrio": "Santa Rosa", "direccion": "76001 Carrera 10 10 108, Santa Rosa, Comuna 3, Cali, Valle del Cauca, COL,SANTA ROSA", "sitio": "SIN INFORMACION", "x": -76.531799316410002, "y": 3.4471290111499999, "anio": 2024, "mes": "febrero", "dia": 5, "dia_semana": 2, "hora_hecho": "09:00", "barrio": "SANTA ROSA", "estrato": 3, "geom": "0101000020E610000000000000092253C000000060B8930B40", "fecha_hech": "2024-02-05 00:00:00", "Id": 0, "area": 136572.15568900001 }, "geometry": { "type": "Point", "coordinates": [ -76.531799316410002, 3.44712901115 ] } },
{ "type": "Feature", "properties": { "dinamica": "HURTO", "titulo": "DELITOS CONTRA EL PATRIMONIO ECONOMICO", "capitulo": "DEL HURTO", "articulo": "HURTO CALIFICADO. ART. 240 C.P.", "grado_deli": "NINGUNO", "tipo_notic": "DENUNCIA", "caracteriz": "HURTO A PERSONAS", "modalidad": "ATRACO", "modo": "SIN ARMA", "motivo": null, "pais": "COLOMBIA", "dane_dep": 76, "departamen": "VALLE DEL CAUCA", "dane_mpio": 76001, "municipio": "CALI", "cod_comuna": 3.0, "comuna": "Comuna 3", "cod_barrio": 310.0, "nom_barrio": "El Calvario", "direccion": "76001 Carrera 10 con Calle 15, El Calvario, Comuna 3, Cali, Valle del Cauca, COL,EL CALVARIO", "sitio": "SIN INFORMACION", "x": -76.52758026123, "y": 3.4478800296799998, "anio": 2024, "mes": "febrero", "dia": 6, "dia_semana": 3, "hora_hecho": "00:00", "barrio": "EL CALVARIO", "estrato": 3, "geom": "0101000020E6100000000000E0C32153C00000002042950B40", "fecha_hech": "2024-02-06 00:00:00", "Id": 0, "area": 136572.15568900001 }, "geometry": { "type": "Point", "coordinates": [ -76.52758026123, 3.44788002968 ] } },
{ "type": "Feature", "properties": { "dinamica": "HURTO", "titulo": "DELITOS CONTRA EL PATRIMONIO ECONOMICO", "capitulo": "DEL HURTO", "articulo": "HURTO. ART. 239 C.P.", "grado_deli": "NINGUNO", "tipo_notic": "DENUNCIA", "caracteriz": "HURTO A PERSONAS", "modalidad": "ATRACO", "modo": "SIN ARMA", "motivo": null, "pais": "COLOMBIA", "dane_dep": 76, "departamen": "VALLE DEL CAUCA", "dane_mpio": 76001, "municipio": "CALI", "cod_comuna": 3.0, "comuna": "Comuna 3", "cod_barrio": 309.0, "nom_barrio": "San Pascual", "direccion": "76001 CARRERA 15, SAN PASCUAL, COMUNA 3, CALI, VALLE DEL CAUCA", "sitio": "VIA PUBLICA", "x": -76.526374816889998, "y": 3.4427099227900002, "anio": 2024, "mes": "febrero", "dia": 8, "dia_semana": 5, "hora_hecho": "09:00", "barrio": "GUAYAQUIL", "estrato": 1, "geom": "0101000020E610000000000020B02153C000000080AB8A0B40", "fecha_hech": "2024-02-08 00:00:00", "Id": 0, "area": 136572.15568900001 }, "geometry": { "type": "Point", "coordinates": [ -76.526374816889998, 3.44270992279 ] } },
{ "type": "Feature", "properties": { "dinamica": "HURTO", "titulo": "DELITOS CONTRA EL PATRIMONIO ECONOMICO", "capitulo": "DEL HURTO", "articulo": "HURTO. ART. 239 C.P.", "grado_deli": "NINGUNO", "tipo_notic": "DENUNCIA", "caracteriz": "HURTO A PERSONAS", "modalidad": "ATRACO", "modo": "SIN ARMA", "motivo": null, "pais": "COLOMBIA", "dane_dep": 76, "departamen": "VALLE DEL CAUCA", "dane_mpio": 76001, "municipio": "CALI", "cod_comuna": 3.0, "comuna": "Comuna 3", "cod_barrio": 309.0, "nom_barrio": "San Pascual", "direccion": "76001 Carrera 15 12, San Pascual, Comuna 3, Cali, Valle del Cauca, COL,SAN PASCUAL", "sitio": "SIN INFORMACION", "x": -76.52922821045, "y": 3.4427471160900001, "anio": 2024, "mes": "febrero", "dia": 9, "dia_semana": 6, "hora_hecho": "02:00", "barrio": "SAN PASCUAL", "estrato": 1, "geom": "0101000020E6100000000000E0DE2153C000000000BF8A0B40", "fecha_hech": "2024-02-09 00:00:00", "Id": 0, "area": 136572.15568900001 }, "geometry": { "type": "Point", "coordinates": [ -76.52922821045, 3.44274711609 ] } },
{ "type": "Feature", "properties": { "dinamica": "HURTO", "titulo": "DELITOS CONTRA EL PATRIMONIO ECONOMICO", "capitulo": "DEL HURTO", "articulo": "HURTO CALIFICADO. ART. 240 C.P.", "grado_deli": "AGRAVADO", "tipo_notic": "DENUNCIA", "caracteriz": "HURTO A CELULARES", "modalidad": "ATRACO", "modo": "ARMA DE FUEGO", "motivo": "SIN DETERMINAR", "pais": "COLOMBIA", "dane_dep": 76, "departamen": "VALLE DEL CAUCA", "dane_mpio": 76001, "municipio": "CALI", "cod_comuna": 3.0, "comuna": "Comuna 3", "cod_barrio": 309.0, "nom_barrio": "San Pascual", "direccion": "76001 KR 14 CL 13-18 KR 14 13 18", "sitio": "TRANSPORTE MASIVO", "x": -76.52857208252, "y": 3.4433579444900002, "anio": 2024, "mes": "febrero", "dia": 11, "dia_semana": 1, "hora_hecho": "04:30", "barrio": null, "estrato": 1, "geom": "0101000020E610000000000020D42153C000000040FF8B0B40", "fecha_hech": "2024-02-11 00:00:00", "Id": 0, "area": 136572.15568900001 }, "geometry": { "type": "Point", "coordinates": [ -76.52857208252, 3.44335794449 ] } },
{ "type": "Feature", "properties": { "dinamica": "HURTO", "titulo": "DELITOS CONTRA EL PATRIMONIO ECONOMICO", "capitulo": "DEL HURTO", "articulo": "HURTO CALIFICADO. ART. 240 C.P.", "grado_deli": "AGRAVADO", "tipo_notic": "DENUNCIA", "caracteriz": "HURTO A PERSONAS", "modalidad": "ATRACO", "modo": "ARMA DE FUEGO", "motivo": null, "pais": "COLOMBIA", "dane_dep": 76, "departamen": "VALLE DEL CAUCA", "dane_mpio": 76001, "municipio": "CALI", "cod_comuna": 3.0, "comuna": "Comuna 3", "cod_barrio": 310.0, "nom_barrio": "El Calvario", "direccion": "76001 Calle 12 11, El Calvario, Comuna 3, Cali, Valle del Cauca, COL,EL CALVARIO", "sitio": "SIN INFORMACION", "x": -76.53037261963, "y": 3.4460399150800001, "anio": 2024, "mes": "febrero", "dia": 12, "dia_semana": 2, "hora_hecho": "12:15", "barrio": "EL CALVARIO", "estrato": 3, "geom": "0101000020E6100000000000A0F12153C0000000607D910B40", "fecha_hech": "2024-02-12 00:00:00", "Id": 0, "area": 136572.15568900001 }, "geometry": { "type": "Point", "coordinates": [ -76.53037261963, 3.44603991508 ] } },
{ "type": "Feature", "properties": { "dinamica": "HURTO", "titulo": "DELITOS CONTRA EL PATRIMONIO ECONOMICO", "capitulo": "DEL HURTO", "articulo": "HURTO. ART. 239 C.P.", "grado_deli": "AGRAVADO", "tipo_notic": "DENUNCIA", "caracteriz": "HURTO A CELULARES", "modalidad": "COSQUILLEO", "modo": null, "motivo": null, "pais": "COLOMBIA", "dane_dep": 76, "departamen": "VALLE DEL CAUCA", "dane_mpio": 76001, "municipio": "CALI", "cod_comuna": 3.0, "comuna": "Comuna 3", "cod_barrio": 309.0, "nom_barrio": "San Pascual", "direccion": "76001 Policía Metropolitana, Calle 13A, San Pascual, Comuna 3, Cali, Valle del Cauca, COL,SAN PASCUAL", "sitio": "SIN INFORMACION", "x": -76.528106689449999, "y": 3.4442489147200002, "anio": 2024, "mes": "febrero", "dia": 14, "dia_semana": 4, "hora_hecho": "18:30", "barrio": "SAN PASCUAL", "estrato": 1, "geom": "0101000020E610000000000080CC2153C000000060D28D0B40", "fecha_hech": "2024-02-14 00:00:00", "Id": 0, "area": 136572.15568900001 }, "geometry": { "type": "Point", "coordinates": [ -76.528106689449999, 3.44424891472 ] } },
{ "type": "Feature", "properties": { "dinamica": "HURTO", "titulo": "DELITOS CONTRA EL PATRIMONIO ECONOMICO", "capitulo": "DEL HURTO", "articulo": "HURTO CALIFICADO. ART. 240 C.P.", "grado_deli": "NINGUNO", "tipo_notic": "DENUNCIA", "caracteriz": "HURTO A PERSONAS", "modalidad": "ATRACO", "modo": "ARMA BLANCA", "motivo": null, "pais": "COLOMBIA", "dane_dep": 76, "departamen": "VALLE DEL CAUCA", "dane_mpio": 76001, "municipio": "CALI", "cod_comuna": 3.0, "comuna": "Comuna 3", "cod_barrio": 309.0, "nom_barrio": "San Pascual", "direccion": "76001 Calle 15 con Carrera 15, San Pascual, Comuna 3, Cali, Valle del Cauca, COL,GUAYAQUIL", "sitio": "SIN INFORMACION", "x": -76.52619934082, "y": 3.4426898956300001, "anio": 2024, "mes": "febrero", "dia": 15, "dia_semana": 5, "hora_hecho": "00:00", "barrio": "GUAYAQUIL", "estrato": 1, "geom": "0101000020E610000000000040AD2153C000000000A18A0B40", "fecha_hech": "2024-02-15 00:00:00", "Id": 0, "area": 136572.15568900001 }, "geometry": { "type": "Point", "coordinates": [ -76.52619934082, 3.44268989563 ] } },
{ "type": "Feature", "properties": { "dinamica": "HURTO", "titulo": "DELITOS CONTRA EL PATRIMONIO ECONOMICO", "capitulo": "DEL HURTO", "articulo": "HURTO CALIFICADO. ART. 240 C.P.", "grado_deli": "NINGUNO", "tipo_notic": "DENUNCIA", "caracteriz": "HURTO A PERSONAS", "modalidad": "FACTOR DE OPORTUNIDAD", "modo": null, "motivo": null, "pais": "COLOMBIA", "dane_dep": 76, "departamen": "VALLE DEL CAUCA", "dane_mpio": 76001, "municipio": "CALI", "cod_comuna": 3.0, "comuna": "Comuna 3", "cod_barrio": 310.0, "nom_barrio": "El Calvario", "direccion": "76001 Calle 13 10, El Calvario, Comuna 3, Cali, Valle del Cauca, COL,EL CALVARIO", "sitio": "SIN INFORMACION", "x": -76.529792785639998, "y": 3.4472250938400002, "anio": 2024, "mes": "febrero", "dia": 15, "dia_semana": 5, "hora_hecho": "10:37", "barrio": "EL CALVARIO", "estrato": 3, "geom": "0101000020E610000000000020E82153C0000000C0EA930B40", "fecha_hech": "2024-02-15 00:00:00", "Id": 0, "area": 136572.15568900001 }, "geometry": { "type": "Point", "coordinates": [ -76.529792785639998, 3.44722509384 ] } },
{ "type": "Feature", "properties": { "dinamica": "HURTO", "titulo": "DELITOS CONTRA EL PATRIMONIO ECONOMICO", "capitulo": "DEL HURTO", "articulo": "HURTO CALIFICADO. ART. 240 C.P.", "grado_deli": "NINGUNO", "tipo_notic": "DENUNCIA", "caracteriz": "HURTO A CELULARES", "modalidad": "ATRACO", "modo": "SIN ARMA", "motivo": "SIN DETERMINAR", "pais": "COLOMBIA", "dane_dep": 76, "departamen": "VALLE DEL CAUCA", "dane_mpio": 76001, "municipio": "CALI", "cod_comuna": 3.0, "comuna": "Comuna 3", "cod_barrio": 310.0, "nom_barrio": "El Calvario", "direccion": "76001 Calle 13, El Calvario, Cali, Valle del Cauca, COL,EL CALVARIO", "sitio": "SIN INFORMACION", "x": -76.529762268070002, "y": 3.4473938942000002, "anio": 2024, "mes": "febrero", "dia": 15, "dia_semana": 5, "hora_hecho": "19:00", "barrio": "EL CALVARIO", "estrato": 3, "geom": "0101000020E6100000000000A0E72153C00000004043940B40", "fecha_hech": "2024-02-15 00:00:00", "Id": 0, "area": 136572.15568900001 }, "geometry": { "type": "Point", "coordinates": [ -76.529762268070002, 3.4473938942 ] } },
{ "type": "Feature", "properties": { "dinamica": "HURTO", "titulo": "DELITOS CONTRA EL PATRIMONIO ECONOMICO", "capitulo": "DEL HURTO", "articulo": "HURTO. ART. 239 C.P.", "grado_deli": "NINGUNO", "tipo_notic": "DENUNCIA", "caracteriz": "HURTO A PERSONAS", "modalidad": "COSQUILLEO", "modo": null, "motivo": null, "pais": "COLOMBIA", "dane_dep": 76, "departamen": "VALLE DEL CAUCA", "dane_mpio": 76001, "municipio": "CALI", "cod_comuna": 3.0, "comuna": "Comuna 3", "cod_barrio": 309.0, "nom_barrio": "San Pascual", "direccion": "76001 Calle 15 con Carrera 15, San Pascual, Comuna 3, Cali, Valle del Cauca, COL,GUAYAQUIL", "sitio": "SIN INFORMACION", "x": -76.52619934082, "y": 3.4426898956300001, "anio": 2024, "mes": "febrero", "dia": 17, "dia_semana": 7, "hora_hecho": "15:15", "barrio": "GUAYAQUIL", "estrato": 1, "geom": "0101000020E610000000000040AD2153C000000000A18A0B40", "fecha_hech": "2024-02-17 00:00:00", "Id": 0, "area": 136572.15568900001 }, "geometry": { "type": "Point", "coordinates": [ -76.52619934082, 3.44268989563 ] } },
{ "type": "Feature", "properties": { "dinamica": "HURTO", "titulo": "DELITOS CONTRA EL PATRIMONIO ECONOMICO", "capitulo": "DEL HURTO", "articulo": "HURTO. ART. 239 C.P.", "grado_deli": "NINGUNO", "tipo_notic": "DENUNCIA", "caracteriz": "HURTO A CELULARES", "modalidad": "COSQUILLEO", "modo": null, "motivo": null, "pais": "COLOMBIA", "dane_dep": 76, "departamen": "VALLE DEL CAUCA", "dane_mpio": 76001, "municipio": "CALI", "cod_comuna": 3.0, "comuna": "Comuna 3", "cod_barrio": 310.0, "nom_barrio": "El Calvario", "direccion": "76001 CALLE 15 CON CARRERA 10, EL CALVARIO, COMUNA 3, CALI, VALLE DEL CAUCA", "sitio": "TRANSPORTE MASIVO", "x": -76.52758026123, "y": 3.4478800296799998, "anio": 2024, "mes": "febrero", "dia": 19, "dia_semana": 2, "hora_hecho": "06:30", "barrio": "EL CALVARIO", "estrato": 3, "geom": "0101000020E6100000000000E0C32153C00000002042950B40", "fecha_hech": "2024-02-19 00:00:00", "Id": 0, "area": 136572.15568900001 }, "geometry": { "type": "Point", "coordinates": [ -76.52758026123, 3.44788002968 ] } },
{ "type": "Feature", "properties": { "dinamica": "HURTO", "titulo": "DELITOS CONTRA EL PATRIMONIO ECONOMICO", "capitulo": "DEL HURTO", "articulo": "HURTO. ART. 239 C.P.", "grado_deli": "NINGUNO", "tipo_notic": "DENUNCIA", "caracteriz": "HURTO A CELULARES", "modalidad": "COSQUILLEO", "modo": null, "motivo": null, "pais": "COLOMBIA", "dane_dep": 76, "departamen": "VALLE DEL CAUCA", "dane_mpio": 76001, "municipio": "CALI", "cod_comuna": 3.0, "comuna": "Comuna 3", "cod_barrio": 310.0, "nom_barrio": "El Calvario", "direccion": "76001 CALLE 13 10 49", "sitio": "TRANSPORTE MASIVO", "x": -76.529777526860002, "y": 3.4472188949599998, "anio": 2024, "mes": "febrero", "dia": 20, "dia_semana": 3, "hora_hecho": "18:00", "barrio": "EL CALVARIO", "estrato": 3, "geom": "0101000020E6100000000000E0E72153C000000080E7930B40", "fecha_hech": "2024-02-20 00:00:00", "Id": 0, "area": 136572.15568900001 }, "geometry": { "type": "Point", "coordinates": [ -76.529777526860002, 3.44721889496 ] } },
{ "type": "Feature", "properties": { "dinamica": "HURTO", "titulo": "DELITOS CONTRA EL PATRIMONIO ECONOMICO", "capitulo": "DEL HURTO", "articulo": "HURTO CALIFICADO. ART. 240 C.P.", "grado_deli": "AGRAVADO", "tipo_notic": "DENUNCIA", "caracteriz": "HURTO DE BICICLETAS", "modalidad": "ATRACO", "modo": "ARMA DE FUEGO", "motivo": null, "pais": "COLOMBIA", "dane_dep": 76, "departamen": "VALLE DEL CAUCA", "dane_mpio": 76001, "municipio": "CALI", "cod_comuna": 3.0, "comuna": "Comuna 3", "cod_barrio": 309.0, "nom_barrio": "San Pascual", "direccion": "76001 KR 14 CON CL 13 KR 14 CL 13 18 NES", "sitio": "SIN INFORMACION", "x": -76.52833557129, "y": 3.4434809684799998, "anio": 2024, "mes": "febrero", "dia": 21, "dia_semana": 4, "hora_hecho": "18:00", "barrio": null, "estrato": 1, "geom": "0101000020E610000000000040D02153C0000000C03F8C0B40", "fecha_hech": "2024-02-21 00:00:00", "Id": 0, "area": 136572.15568900001 }, "geometry": { "type": "Point", "coordinates": [ -76.52833557129, 3.44348096848 ] } },
{ "type": "Feature", "properties": { "dinamica": "HURTO", "titulo": "DELITOS CONTRA EL PATRIMONIO ECONOMICO", "capitulo": "DEL HURTO", "articulo": "HURTO. ART. 239 C.P.", "grado_deli": "NINGUNO", "tipo_notic": "DENUNCIA", "caracteriz": "HURTO A PERSONAS", "modalidad": "COSQUILLEO", "modo": null, "motivo": null, "pais": "COLOMBIA", "dane_dep": 76, "departamen": "VALLE DEL CAUCA", "dane_mpio": 76001, "municipio": "CALI", "cod_comuna": 3.0, "comuna": "Comuna 3", "cod_barrio": 309.0, "nom_barrio": "San Pascual", "direccion": "76001 CALLE 15 13, SAN PASCUAL, COMUNA 3, CALI, VALLE DEL CAUCA", "sitio": "TRANSPORTE MASIVO", "x": -76.526626586909998, "y": 3.444439888, "anio": 2024, "mes": "febrero", "dia": 25, "dia_semana": 1, "hora_hecho": "05:30", "barrio": "SAN PASCUAL", "estrato": 1, "geom": "0101000020E610000000000040B42153C000000080368E0B40", "fecha_hech": "2024-02-25 00:00:00", "Id": 0, "area": 136572.15568900001 }, "geometry": { "type": "Point", "coordinates": [ -76.526626586909998, 3.444439888 ] } },
{ "type": "Feature", "properties": { "dinamica": "HURTO", "titulo": "DELITOS CONTRA EL PATRIMONIO ECONOMICO", "capitulo": "DEL HURTO", "articulo": "HURTO CALIFICADO. ART. 240 C.P.", "grado_deli": "AGRAVADO", "tipo_notic": "DENUNCIA", "caracteriz": "HURTO A PERSONAS", "modalidad": "ATRACO", "modo": "ARMA DE FUEGO", "motivo": null, "pais": "COLOMBIA", "dane_dep": 76, "departamen": "VALLE DEL CAUCA", "dane_mpio": 76001, "municipio": "CALI", "cod_comuna": 3.0, "comuna": "Comuna 3", "cod_barrio": 309.0, "nom_barrio": "San Pascual", "direccion": "76001 CARRERA 15 CON CALLE 15, SAN PASCUAL, COMUNA 3, CALI, VALLE DEL CAUCA, COL,GUAYAQUIL", "sitio": "VIA PUBLICA", "x": -76.52619934082, "y": 3.4426898956300001, "anio": 2024, "mes": "febrero", "dia": 26, "dia_semana": 2, "hora_hecho": "12:30", "barrio": "GUAYAQUIL", "estrato": 1, "geom": "0101000020E610000000000040AD2153C000000000A18A0B40", "fecha_hech": "2024-02-26 00:00:00", "Id": 0, "area": 136572.15568900001 }, "geometry": { "type": "Point", "coordinates": [ -76.52619934082, 3.44268989563 ] } },
{ "type": "Feature", "properties": { "dinamica": "HURTO", "titulo": "DELITOS CONTRA EL PATRIMONIO ECONOMICO", "capitulo": "DEL HURTO", "articulo": "HURTO CALIFICADO. ART. 240 C.P.", "grado_deli": "NINGUNO", "tipo_notic": "DENUNCIA", "caracteriz": "HURTO A PERSONAS", "modalidad": "ATRACO", "modo": "ARMA BLANCA", "motivo": null, "pais": "COLOMBIA", "dane_dep": 76, "departamen": "VALLE DEL CAUCA", "dane_mpio": 76001, "municipio": "CALI", "cod_comuna": 3.0, "comuna": "Comuna 3", "cod_barrio": 309.0, "nom_barrio": "San Pascual", "direccion": "76001 CALLE 13 CON CARRERA 15, SAN PASCUAL, COMUNA 3, CALI, VALLE DEL CAUCA", "sitio": "VIA PUBLICA", "x": -76.528747558589998, "y": 3.4427700042699998, "anio": 2024, "mes": "febrero", "dia": 26, "dia_semana": 2, "hora_hecho": "16:20", "barrio": "SAN PASCUAL", "estrato": 1, "geom": "0101000020E610000000000000D72153C000000000CB8A0B40", "fecha_hech": "2024-02-26 00:00:00", "Id": 0, "area": 136572.15568900001 }, "geometry": { "type": "Point", "coordinates": [ -76.528747558589998, 3.44277000427 ] } },
{ "type": "Feature", "properties": { "dinamica": "HURTO", "titulo": "DELITOS CONTRA EL PATRIMONIO ECONOMICO", "capitulo": "DEL HURTO", "articulo": "HURTO CALIFICADO. ART. 240 C.P.", "grado_deli": "NINGUNO", "tipo_notic": "DENUNCIA", "caracteriz": "HURTO A PERSONAS", "modalidad": "RAPONAZO", "modo": null, "motivo": null, "pais": "COLOMBIA", "dane_dep": 76, "departamen": "VALLE DEL CAUCA", "dane_mpio": 76001, "municipio": "CALI", "cod_comuna": 3.0, "comuna": "Comuna 3", "cod_barrio": 309.0, "nom_barrio": "San Pascual", "direccion": "76001 KR 15 CON CL 13 CARRERA 15 CON CALLE 13", "sitio": "TRANSPORTE MASIVO", "x": -76.52879333496, "y": 3.4429409503900001, "anio": 2024, "mes": "febrero", "dia": 27, "dia_semana": 3, "hora_hecho": "10:30", "barrio": null, "estrato": 1, "geom": "0101000020E6100000000000C0D72153C0000000A0248B0B40", "fecha_hech": "2024-02-27 00:00:00", "Id": 0, "area": 136572.15568900001 }, "geometry": { "type": "Point", "coordinates": [ -76.52879333496, 3.44294095039 ] } },
{ "type": "Feature", "properties": { "dinamica": "HURTO", "titulo": "DELITOS CONTRA EL PATRIMONIO ECONOMICO", "capitulo": "DEL HURTO", "articulo": "HURTO CALIFICADO. ART. 240 C.P.", "grado_deli": "NINGUNO", "tipo_notic": "DENUNCIA", "caracteriz": "HURTO A PERSONAS", "modalidad": "ATRACO", "modo": "ARMA DE FUEGO", "motivo": null, "pais": "COLOMBIA", "dane_dep": 76, "departamen": "VALLE DEL CAUCA", "dane_mpio": 76001, "municipio": "CALI", "cod_comuna": 3.0, "comuna": "Comuna 3", "cod_barrio": 306.0, "nom_barrio": "San Juan Bosco", "direccion": "76001 CALLE 12 12, SAN JUAN BOSCO, COMUNA 3, CALI, VALLE DEL CAUCA", "sitio": "VIA PUBLICA", "x": -76.530128478999998, "y": 3.44497489929, "anio": 2024, "mes": "febrero", "dia": 27, "dia_semana": 3, "hora_hecho": "16:30", "barrio": "SAN JUAN BOSCO", "estrato": 3, "geom": "0101000020E6100000000000A0ED2153C0000000004F8F0B40", "fecha_hech": "2024-02-27 00:00:00", "Id": 0, "area": 136572.15568900001 }, "geometry": { "type": "Point", "coordinates": [ -76.530128479, 3.44497489929 ] } },
{ "type": "Feature", "properties": { "dinamica": "HURTO", "titulo": "DELITOS CONTRA EL PATRIMONIO ECONOMICO", "capitulo": "DEL HURTO", "articulo": "HURTO. ART. 239 C.P.", "grado_deli": "NINGUNO", "tipo_notic": "DENUNCIA", "caracteriz": "HURTO A PERSONAS", "modalidad": "COSQUILLEO", "modo": null, "motivo": null, "pais": "COLOMBIA", "dane_dep": 76, "departamen": "VALLE DEL CAUCA", "dane_mpio": 76001, "municipio": "CALI", "cod_comuna": 3.0, "comuna": "Comuna 3", "cod_barrio": 309.0, "nom_barrio": "San Pascual", "direccion": "76001 CALLE 15 CON CARRERA 15, SAN PASCUAL, COMUNA 3, CALI, VALLE DEL CAUCA", "sitio": "TRANSPORTE MASIVO", "x": -76.52619934082, "y": 3.4426898956300001, "anio": 2024, "mes": "febrero", "dia": 29, "dia_semana": 5, "hora_hecho": "08:00", "barrio": "GUAYAQUIL", "estrato": 1, "geom": "0101000020E610000000000040AD2153C000000000A18A0B40", "fecha_hech": "2024-02-29 00:00:00", "Id": 0, "area": 136572.15568900001 }, "geometry": { "type": "Point", "coordinates": [ -76.52619934082, 3.44268989563 ] } },
{ "type": "Feature", "properties": { "dinamica": "HURTO", "titulo": "DELITOS CONTRA EL PATRIMONIO ECONOMICO", "capitulo": "DEL HURTO", "articulo": "HURTO. ART. 239 C.P.", "grado_deli": "NINGUNO", "tipo_notic": "DENUNCIA", "caracteriz": "HURTO A PERSONAS", "modalidad": "COSQUILLEO", "modo": null, "motivo": null, "pais": "COLOMBIA", "dane_dep": 76, "departamen": "VALLE DEL CAUCA", "dane_mpio": 76001, "municipio": "CALI", "cod_comuna": 3.0, "comuna": "Comuna 3", "cod_barrio": 309.0, "nom_barrio": "San Pascual", "direccion": "76001 Calle 13 14 47, San Pascual, Comuna 3, Cali, Valle del Cauca, COL,SAN PASCUAL", "sitio": "SIN INFORMACION", "x": -76.528610229489999, "y": 3.44299793243, "anio": 2024, "mes": "marzo", "dia": 1, "dia_semana": 6, "hora_hecho": "08:30", "barrio": "SAN PASCUAL", "estrato": 1, "geom": "0101000020E6100000000000C0D42153C000000080428B0B40", "fecha_hech": "2024-03-01 00:00:00", "Id": 0, "area": 136572.15568900001 }, "geometry": { "type": "Point", "coordinates": [ -76.528610229489999, 3.44299793243 ] } },
{ "type": "Feature", "properties": { "dinamica": "HURTO", "titulo": "DELITOS CONTRA EL PATRIMONIO ECONOMICO", "capitulo": "DEL HURTO", "articulo": "HURTO CALIFICADO. ART. 240 C.P.", "grado_deli": "NINGUNO", "tipo_notic": "DENUNCIA", "caracteriz": "HURTO DE MOTOCICLETAS", "modalidad": "HALADO", "modo": null, "motivo": null, "pais": "COLOMBIA", "dane_dep": 76, "departamen": "VALLE DEL CAUCA", "dane_mpio": 76001, "municipio": "CALI", "cod_comuna": 3.0, "comuna": "Comuna 3", "cod_barrio": 309.0, "nom_barrio": "San Pascual", "direccion": "76001 CARRERA 15 CON CALLE 15 14, GUAYAQUIL, COMUNA 9, CALI, VALLE DEL CAUCA", "sitio": "ZONA DE PARQUEO", "x": -76.52619934082, "y": 3.4426898956300001, "anio": 2024, "mes": "marzo", "dia": 3, "dia_semana": 1, "hora_hecho": "00:00", "barrio": "GUAYAQUIL", "estrato": 1, "geom": "0101000020E610000000000040AD2153C000000000A18A0B40", "fecha_hech": "2024-03-03 00:00:00", "Id": 0, "area": 136572.15568900001 }, "geometry": { "type": "Point", "coordinates": [ -76.52619934082, 3.44268989563 ] } },
{ "type": "Feature", "properties": { "dinamica": "HURTO", "titulo": "DELITOS CONTRA EL PATRIMONIO ECONOMICO", "capitulo": "DEL HURTO", "articulo": "HURTO CALIFICADO. ART. 240 C.P.", "grado_deli": "NINGUNO", "tipo_notic": "DENUNCIA", "caracteriz": "HURTO A PERSONAS", "modalidad": "ATRACO", "modo": "ARMA BLANCA", "motivo": null, "pais": "COLOMBIA", "dane_dep": 76, "departamen": "VALLE DEL CAUCA", "dane_mpio": 76001, "municipio": "CALI", "cod_comuna": 3.0, "comuna": "Comuna 3", "cod_barrio": 309.0, "nom_barrio": "San Pascual", "direccion": "76001 CALLE 13 14 49, SAN PASCUAL, COMUNA 3, CALI, VALLE DEL CAUCA", "sitio": "VIA PUBLICA", "x": -76.528602600100001, "y": 3.4429399967199998, "anio": 2024, "mes": "marzo", "dia": 6, "dia_semana": 4, "hora_hecho": "06:00", "barrio": "SAN PASCUAL", "estrato": 1, "geom": "0101000020E6100000000000A0D42153C000000020248B0B40", "fecha_hech": "2024-03-06 00:00:00", "Id": 0, "area": 136572.15568900001 }, "geometry": { "type": "Point", "coordinates": [ -76.528602600100001, 3.44293999672 ] } },
{ "type": "Feature", "properties": { "dinamica": "HURTO", "titulo": "DELITOS CONTRA EL PATRIMONIO ECONOMICO", "capitulo": "DEL HURTO", "articulo": "HURTO. ART. 239 C.P.", "grado_deli": "NINGUNO", "tipo_notic": "DENUNCIA", "caracteriz": "HURTO A CELULARES", "modalidad": "ATRACO", "modo": "SIN ARMA", "motivo": "SIN DETERMINAR", "pais": "COLOMBIA", "dane_dep": 76, "departamen": "VALLE DEL CAUCA", "dane_mpio": 76001, "municipio": "CALI", "cod_comuna": 3.0, "comuna": "Comuna 3", "cod_barrio": 309.0, "nom_barrio": "San Pascual", "direccion": "76001 CARRERA 15 12, SAN PASCUAL, COMUNA 3, CALI, VALLE DEL CAUCA", "sitio": "VIA PUBLICA", "x": -76.52936553955, "y": 3.4427449703200002, "anio": 2024, "mes": "marzo", "dia": 7, "dia_semana": 5, "hora_hecho": "22:00", "barrio": "GUAYAQUIL", "estrato": 1, "geom": "0101000020E610000000000020E12153C0000000E0BD8A0B40", "fecha_hech": "2024-03-07 00:00:00", "Id": 0, "area": 136572.15568900001 }, "geometry": { "type": "Point", "coordinates": [ -76.52936553955, 3.44274497032 ] } },
{ "type": "Feature", "properties": { "dinamica": "HURTO", "titulo": "DELITOS CONTRA EL PATRIMONIO ECONOMICO", "capitulo": "DEL HURTO", "articulo": "HURTO CALIFICADO. ART. 240 C.P.", "grado_deli": "NINGUNO", "tipo_notic": "DENUNCIA", "caracteriz": "HURTO DE MOTOCICLETAS", "modalidad": "ATRACO", "modo": "ARMA DE FUEGO", "motivo": null, "pais": "COLOMBIA", "dane_dep": 76, "departamen": "VALLE DEL CAUCA", "dane_mpio": 76001, "municipio": "CALI", "cod_comuna": 3.0, "comuna": "Comuna 3", "cod_barrio": 309.0, "nom_barrio": "San Pascual", "direccion": "76001 Carrera 13 con Calle 13, San Pascual, Comuna 3, Cali, Valle del Cauca, COL,SAN PASCUAL", "sitio": "SIN INFORMACION", "x": -76.529098510739999, "y": 3.4445300102199998, "anio": 2024, "mes": "marzo", "dia": 8, "dia_semana": 6, "hora_hecho": "16:20", "barrio": "SAN PASCUAL", "estrato": 1, "geom": "0101000020E6100000000000C0DC2153C0000000C0658E0B40", "fecha_hech": "2024-03-08 00:00:00", "Id": 0, "area": 136572.15568900001 }, "geometry": { "type": "Point", "coordinates": [ -76.529098510739999, 3.44453001022 ] } },
{ "type": "Feature", "properties": { "dinamica": "HURTO", "titulo": "DELITOS CONTRA EL PATRIMONIO ECONOMICO", "capitulo": "DEL HURTO", "articulo": "HURTO. ART. 239 C.P.", "grado_deli": "AGRAVADO", "tipo_notic": "ACTOS URGENTES", "caracteriz": "HURTO A CELULARES", "modalidad": "RAPONAZO", "modo": null, "motivo": "IBA HABLANDO", "pais": "COLOMBIA", "dane_dep": 76, "departamen": "VALLE DEL CAUCA", "dane_mpio": 76001, "municipio": "CALI", "cod_comuna": 3.0, "comuna": "Comuna 3", "cod_barrio": 309.0, "nom_barrio": "San Pascual", "direccion": "76001 CARRERA 14 13A 121", "sitio": "ESTACION TRANSPORTE MASIVO", "x": -76.52709197998, "y": 3.4433410167699998, "anio": 2024, "mes": "marzo", "dia": 12, "dia_semana": 3, "hora_hecho": "08:40", "barrio": "SAN PASCUAL", "estrato": 1, "geom": "0101000020E6100000000000E0BB2153C000000060F68B0B40", "fecha_hech": "2024-03-12 00:00:00", "Id": 0, "area": 136572.15568900001 }, "geometry": { "type": "Point", "coordinates": [ -76.52709197998, 3.44334101677 ] } },
{ "type": "Feature", "properties": { "dinamica": "HURTO", "titulo": "DELITOS CONTRA EL PATRIMONIO ECONOMICO", "capitulo": "DEL HURTO", "articulo": "HURTO. ART. 239 C.P.", "grado_deli": "AGRAVADO", "tipo_notic": "DENUNCIA", "caracteriz": "HURTO A CELULARES", "modalidad": "COSQUILLEO", "modo": null, "motivo": null, "pais": "COLOMBIA", "dane_dep": 76, "departamen": "VALLE DEL CAUCA", "dane_mpio": 76001, "municipio": "CALI", "cod_comuna": 3.0, "comuna": "Comuna 3", "cod_barrio": 310.0, "nom_barrio": "El Calvario", "direccion": "76001 CARRERA 10 14, EL CALVARIO, COMUNA 3, CALI, VALLE DEL CAUCA", "sitio": "VIA PUBLICA", "x": -76.52783203125, "y": 3.4478700161, "anio": 2024, "mes": "marzo", "dia": 16, "dia_semana": 7, "hora_hecho": "02:00", "barrio": "EL CALVARIO", "estrato": 3, "geom": "0101000020E610000000000000C82153C0000000E03C950B40", "fecha_hech": "2024-03-16 00:00:00", "Id": 0, "area": 136572.15568900001 }, "geometry": { "type": "Point", "coordinates": [ -76.52783203125, 3.4478700161 ] } },
{ "type": "Feature", "properties": { "dinamica": "HURTO", "titulo": "DELITOS CONTRA EL PATRIMONIO ECONOMICO", "capitulo": "DEL HURTO", "articulo": "HURTO CALIFICADO. ART. 240 C.P.", "grado_deli": "NINGUNO", "tipo_notic": "DENUNCIA", "caracteriz": "HURTO DE MOTOCICLETAS", "modalidad": "HALADO", "modo": null, "motivo": null, "pais": "COLOMBIA", "dane_dep": 76, "departamen": "VALLE DEL CAUCA", "dane_mpio": 76001, "municipio": "CALI", "cod_comuna": 3.0, "comuna": "Comuna 3", "cod_barrio": 306.0, "nom_barrio": "San Juan Bosco", "direccion": "76001 CALLE 10 14 148", "sitio": "VIA PUBLICA", "x": -76.53197479248, "y": 3.4425120353700001, "anio": 2024, "mes": "marzo", "dia": 18, "dia_semana": 2, "hora_hecho": "00:00", "barrio": "SAN JUAN BOSCO", "estrato": 3, "geom": "0101000020E6100000000000E00B2253C0000000C0438A0B40", "fecha_hech": "2024-03-18 00:00:00", "Id": 0, "area": 136572.15568900001 }, "geometry": { "type": "Point", "coordinates": [ -76.53197479248, 3.44251203537 ] } },
{ "type": "Feature", "properties": { "dinamica": "HURTO", "titulo": "DELITOS CONTRA EL PATRIMONIO ECONOMICO", "capitulo": "DEL HURTO", "articulo": "HURTO. ART. 239 C.P.", "grado_deli": "NINGUNO", "tipo_notic": "DENUNCIA", "caracteriz": "HURTO A PERSONAS", "modalidad": "COSQUILLEO", "modo": null, "motivo": null, "pais": "COLOMBIA", "dane_dep": 76, "departamen": "VALLE DEL CAUCA", "dane_mpio": 76001, "municipio": "CALI", "cod_comuna": 3.0, "comuna": "Comuna 3", "cod_barrio": 310.0, "nom_barrio": "El Calvario", "direccion": "76001 Carrera 11, El Calvario, Comuna 3, Cali, Valle del Cauca, COL,EL CALVARIO", "sitio": "SIN INFORMACION", "x": -76.528930664059999, "y": 3.4468250274700001, "anio": 2024, "mes": "marzo", "dia": 18, "dia_semana": 2, "hora_hecho": "04:21", "barrio": "EL CALVARIO", "estrato": 3, "geom": "0101000020E610000000000000DA2153C00000000019930B40", "fecha_hech": "2024-03-18 00:00:00", "Id": 0, "area": 136572.15568900001 }, "geometry": { "type": "Point", "coordinates": [ -76.528930664059999, 3.44682502747 ] } },
{ "type": "Feature", "properties": { "dinamica": "HURTO", "titulo": "DELITOS CONTRA EL PATRIMONIO ECONOMICO", "capitulo": "DEL HURTO", "articulo": "HURTO CALIFICADO. ART. 240 C.P.", "grado_deli": "AGRAVADO", "tipo_notic": "DENUNCIA", "caracteriz": "HURTO A PERSONAS", "modalidad": "ATRACO", "modo": "ARMA DE FUEGO", "motivo": null, "pais": "COLOMBIA", "dane_dep": 76, "departamen": "VALLE DEL CAUCA", "dane_mpio": 76001, "municipio": "CALI", "cod_comuna": 3.0, "comuna": "Comuna 3", "cod_barrio": 309.0, "nom_barrio": "San Pascual", "direccion": "76001 Calle 13 13 1-149, San Pascual, Comuna 3, Cali, Valle del Cauca, COL,SAN PASCUAL", "sitio": "SIN INFORMACION", "x": -76.528915405269998, "y": 3.4443879127499999, "anio": 2024, "mes": "marzo", "dia": 18, "dia_semana": 2, "hora_hecho": "13:27", "barrio": "SAN PASCUAL", "estrato": 1, "geom": "0101000020E6100000000000C0D92153C0000000401B8E0B40", "fecha_hech": "2024-03-18 00:00:00", "Id": 0, "area": 136572.15568900001 }, "geometry": { "type": "Point", "coordinates": [ -76.528915405269998, 3.44438791275 ] } },
{ "type": "Feature", "properties": { "dinamica": "HURTO", "titulo": "DELITOS CONTRA EL PATRIMONIO ECONOMICO", "capitulo": "DEL HURTO", "articulo": "HURTO CALIFICADO. ART. 240 C.P.", "grado_deli": "NINGUNO", "tipo_notic": "DENUNCIA", "caracteriz": "HURTO A PERSONAS", "modalidad": "ATRACO", "modo": "ARMA BLANCA", "motivo": null, "pais": "COLOMBIA", "dane_dep": 76, "departamen": "VALLE DEL CAUCA", "dane_mpio": 76001, "municipio": "CALI", "cod_comuna": 3.0, "comuna": "Comuna 3", "cod_barrio": 309.0, "nom_barrio": "San Pascual", "direccion": "76001 Paso Ancho 13-42, San Pascual, Cali, Valle del Cauca, COL,SAN PASCUAL", "sitio": "SIN INFORMACION", "x": -76.528999328609999, "y": 3.4440500736200002, "anio": 2024, "mes": "marzo", "dia": 19, "dia_semana": 3, "hora_hecho": "23:00", "barrio": "SAN PASCUAL", "estrato": 1, "geom": "0101000020E610000000000020DB2153C0000000206A8D0B40", "fecha_hech": "2024-03-19 00:00:00", "Id": 0, "area": 136572.15568900001 }, "geometry": { "type": "Point", "coordinates": [ -76.528999328609999, 3.44405007362 ] } },
{ "type": "Feature", "properties": { "dinamica": "HURTO", "titulo": "DELITOS CONTRA EL PATRIMONIO ECONOMICO", "capitulo": "DEL HURTO", "articulo": "HURTO CALIFICADO. ART. 240 C.P.", "grado_deli": "NINGUNO", "tipo_notic": "DENUNCIA", "caracteriz": "HURTO A CELULARES", "modalidad": "ATRACO", "modo": "ARMA DE FUEGO", "motivo": "SIN DETERMINAR", "pais": "COLOMBIA", "dane_dep": 76, "departamen": "VALLE DEL CAUCA", "dane_mpio": 76001, "municipio": "CALI", "cod_comuna": 3.0, "comuna": "Comuna 3", "cod_barrio": 309.0, "nom_barrio": "San Pascual", "direccion": "76001 CALLE 13 CON CARRERA 12, EL CALVARIO, COMUNA 3, CALI, VALLE DEL CAUCA", "sitio": "VIA PUBLICA", "x": -76.529388427729998, "y": 3.4456000328099998, "anio": 2024, "mes": "marzo", "dia": 20, "dia_semana": 4, "hora_hecho": "23:00", "barrio": "SAN PASCUAL", "estrato": 1, "geom": "0101000020E610000000000080E12153C0000000C096900B40", "fecha_hech": "2024-03-20 00:00:00", "Id": 0, "area": 136572.15568900001 }, "geometry": { "type": "Point", "coordinates": [ -76.529388427729998, 3.44560003281 ] } },
{ "type": "Feature", "properties": { "dinamica": "HURTO", "titulo": "DELITOS CONTRA EL PATRIMONIO ECONOMICO", "capitulo": "DEL HURTO", "articulo": "HURTO CALIFICADO. ART. 240 C.P.", "grado_deli": "NINGUNO", "tipo_notic": "DENUNCIA", "caracteriz": "HURTO DE MOTOCICLETAS", "modalidad": "ATRACO", "modo": "SIN ARMA", "motivo": null, "pais": "COLOMBIA", "dane_dep": 76, "departamen": "VALLE DEL CAUCA", "dane_mpio": 76001, "municipio": "CALI", "cod_comuna": 3.0, "comuna": "Comuna 3", "cod_barrio": 307.0, "nom_barrio": "Santa Rosa", "direccion": "76001 CARRERA 12 10 17", "sitio": "VIA PUBLICA", "x": -76.532196044919999, "y": 3.445333004, "anio": 2024, "mes": "marzo", "dia": 22, "dia_semana": 6, "hora_hecho": "22:00", "barrio": "SANTA ROSA", "estrato": 3, "geom": "0101000020E6100000000000800F2253C0000000C00A900B40", "fecha_hech": "2024-03-22 00:00:00", "Id": 0, "area": 136572.15568900001 }, "geometry": { "type": "Point", "coordinates": [ -76.532196044919999, 3.445333004 ] } },
{ "type": "Feature", "properties": { "dinamica": "HURTO", "titulo": "DELITOS CONTRA EL PATRIMONIO ECONOMICO", "capitulo": "DEL HURTO", "articulo": "HURTO CALIFICADO. ART. 240 C.P.", "grado_deli": "NINGUNO", "tipo_notic": "DENUNCIA", "caracteriz": "HURTO A PERSONAS", "modalidad": "ATRACO", "modo": "ARMA BLANCA", "motivo": null, "pais": "COLOMBIA", "dane_dep": 76, "departamen": "VALLE DEL CAUCA", "dane_mpio": 76001, "municipio": "CALI", "cod_comuna": 3.0, "comuna": "Comuna 3", "cod_barrio": 310.0, "nom_barrio": "El Calvario", "direccion": "76001 CALLE 15 CON CARRERA 12, EL CALVARIO, CALI, VALLE DEL CAUCA", "sitio": "VIA PUBLICA", "x": -76.526947021479998, "y": 3.4459118843100001, "anio": 2024, "mes": "abril", "dia": 2, "dia_semana": 3, "hora_hecho": "02:20", "barrio": "EL CALVARIO", "estrato": 3, "geom": "0101000020E610000000000080B92153C0000000403A910B40", "fecha_hech": "2024-04-02 00:00:00", "Id": 0, "area": 136572.15568900001 }, "geometry": { "type": "Point", "coordinates": [ -76.526947021479998, 3.44591188431 ] } },
{ "type": "Feature", "properties": { "dinamica": "HURTO", "titulo": "DELITOS CONTRA EL PATRIMONIO ECONOMICO", "capitulo": "DEL HURTO", "articulo": "HURTO CALIFICADO. ART. 240 C.P.", "grado_deli": "TENTATIVA", "tipo_notic": "ACTOS URGENTES", "caracteriz": "HURTO A CELULARES", "modalidad": "RAPONAZO", "modo": null, "motivo": "SIN DETERMINAR", "pais": "COLOMBIA", "dane_dep": 76, "departamen": "VALLE DEL CAUCA", "dane_mpio": 76001, "municipio": "CALI", "cod_comuna": 3.0, "comuna": "Comuna 3", "cod_barrio": 309.0, "nom_barrio": "San Pascual", "direccion": "76001 CALLE 14, SAN PASCUAL, CALI, VALLE DEL CAUCA", "sitio": "TRANSPORTE MASIVO", "x": -76.52693939209, "y": 3.4436440467799998, "anio": 2024, "mes": "abril", "dia": 3, "dia_semana": 4, "hora_hecho": "19:00", "barrio": "SAN PASCUAL", "estrato": 1, "geom": "0101000020E610000000000060B92153C000000040958C0B40", "fecha_hech": "2024-04-03 00:00:00", "Id": 0, "area": 136572.15568900001 }, "geometry": { "type": "Point", "coordinates": [ -76.52693939209, 3.44364404678 ] } },
{ "type": "Feature", "properties": { "dinamica": "HURTO", "titulo": "DELITOS CONTRA EL PATRIMONIO ECONOMICO", "capitulo": "DEL HURTO", "articulo": "HURTO CALIFICADO. ART. 240 C.P.", "grado_deli": "NINGUNO", "tipo_notic": "ACTOS URGENTES", "caracteriz": "HURTO A PERSONAS", "modalidad": "ATRACO", "modo": "ARMA BLANCA", "motivo": null, "pais": "COLOMBIA", "dane_dep": 76, "departamen": "VALLE DEL CAUCA", "dane_mpio": 76001, "municipio": "CALI", "cod_comuna": 3.0, "comuna": "Comuna 3", "cod_barrio": 306.0, "nom_barrio": "San Juan Bosco", "direccion": "76001 CALLE 12 14 97", "sitio": "VIA PUBLICA", "x": -76.529708862299998, "y": 3.44284105301, "anio": 2024, "mes": "abril", "dia": 4, "dia_semana": 5, "hora_hecho": "18:40", "barrio": "SAN PASCUAL", "estrato": 3, "geom": "0101000020E6100000000000C0E62153C000000040F08A0B40", "fecha_hech": "2024-04-04 00:00:00", "Id": 0, "area": 136572.15568900001 }, "geometry": { "type": "Point", "coordinates": [ -76.529708862299998, 3.44284105301 ] } },
{ "type": "Feature", "properties": { "dinamica": "HURTO", "titulo": "DELITOS CONTRA EL PATRIMONIO ECONOMICO", "capitulo": "DEL HURTO", "articulo": "HURTO. ART. 239 C.P.", "grado_deli": "NINGUNO", "tipo_notic": "DENUNCIA", "caracteriz": "HURTO A PERSONAS", "modalidad": "ATRACO", "modo": "SIN ARMA", "motivo": null, "pais": "COLOMBIA", "dane_dep": 76, "departamen": "VALLE DEL CAUCA", "dane_mpio": 76001, "municipio": "CALI", "cod_comuna": 3.0, "comuna": "Comuna 3", "cod_barrio": 309.0, "nom_barrio": "San Pascual", "direccion": "76001 San Pascual, Cali, Valle del Cauca, COL,SAN PASCUAL", "sitio": "SIN INFORMACION", "x": -76.528007507319998, "y": 3.4441530704500001, "anio": 2024, "mes": "abril", "dia": 10, "dia_semana": 4, "hora_hecho": "01:30", "barrio": "SAN PASCUAL", "estrato": 1, "geom": "0101000020E6100000000000E0CA2153C000000020A08D0B40", "fecha_hech": "2024-04-10 00:00:00", "Id": 0, "area": 136572.15568900001 }, "geometry": { "type": "Point", "coordinates": [ -76.528007507319998, 3.44415307045 ] } },
{ "type": "Feature", "properties": { "dinamica": "HURTO", "titulo": "DELITOS CONTRA EL PATRIMONIO ECONOMICO", "capitulo": "DEL HURTO", "articulo": "HURTO CALIFICADO. ART. 240 C.P.", "grado_deli": "AGRAVADO", "tipo_notic": "DENUNCIA", "caracteriz": "HURTO A PERSONAS", "modalidad": "RAPONAZO", "modo": null, "motivo": null, "pais": "COLOMBIA", "dane_dep": 76, "departamen": "VALLE DEL CAUCA", "dane_mpio": 76001, "municipio": "CALI", "cod_comuna": 3.0, "comuna": "Comuna 3", "cod_barrio": 310.0, "nom_barrio": "El Calvario", "direccion": "76001 CALLE 12 10 22", "sitio": "VIA PUBLICA", "x": -76.530700683589998, "y": 3.4472379684400001, "anio": 2024, "mes": "abril", "dia": 11, "dia_semana": 5, "hora_hecho": "13:30", "barrio": "EL CALVARIO", "estrato": 3, "geom": "0101000020E610000000000000F72153C000000080F1930B40", "fecha_hech": "2024-04-11 00:00:00", "Id": 0, "area": 136572.15568900001 }, "geometry": { "type": "Point", "coordinates": [ -76.530700683589998, 3.44723796844 ] } },
{ "type": "Feature", "properties": { "dinamica": "HURTO", "titulo": "DELITOS CONTRA EL PATRIMONIO ECONOMICO", "capitulo": "DEL HURTO", "articulo": "HURTO. ART. 239 C.P.", "grado_deli": "AGRAVADO", "tipo_notic": "DENUNCIA", "caracteriz": "HURTO A PERSONAS", "modalidad": "COSQUILLEO", "modo": null, "motivo": null, "pais": "COLOMBIA", "dane_dep": 76, "departamen": "VALLE DEL CAUCA", "dane_mpio": 76001, "municipio": "CALI", "cod_comuna": 3.0, "comuna": "Comuna 3", "cod_barrio": 309.0, "nom_barrio": "San Pascual", "direccion": "76001 CALLE 13 14 47", "sitio": "TRANSPORTE MASIVO", "x": -76.528770446780001, "y": 3.4430899620100002, "anio": 2024, "mes": "abril", "dia": 11, "dia_semana": 5, "hora_hecho": "18:30", "barrio": "SAN PASCUAL", "estrato": 1, "geom": "0101000020E610000000000060D72153C0000000C0728B0B40", "fecha_hech": "2024-04-11 00:00:00", "Id": 0, "area": 136572.15568900001 }, "geometry": { "type": "Point", "coordinates": [ -76.528770446780001, 3.44308996201 ] } },
{ "type": "Feature", "properties": { "dinamica": "HURTO", "titulo": "DELITOS CONTRA EL PATRIMONIO ECONOMICO", "capitulo": "DEL HURTO", "articulo": "HURTO CALIFICADO. ART. 240 C.P.", "grado_deli": "NINGUNO", "tipo_notic": "DENUNCIA", "caracteriz": "HURTO A PERSONAS", "modalidad": "FACTOR DE OPORTUNIDAD", "modo": null, "motivo": null, "pais": "COLOMBIA", "dane_dep": 76, "departamen": "VALLE DEL CAUCA", "dane_mpio": 76001, "municipio": "CALI", "cod_comuna": 3.0, "comuna": "Comuna 3", "cod_barrio": 307.0, "nom_barrio": "Santa Rosa", "direccion": "76001 CALLE 11 29A, SANTA ROSA, CALI, VALLE DEL CAUCA", "sitio": "VIA PUBLICA", "x": -76.531463623050001, "y": 3.44685602188, "anio": 2024, "mes": "abril", "dia": 12, "dia_semana": 6, "hora_hecho": "21:30", "barrio": "SANTA ROSA", "estrato": 3, "geom": "0101000020E610000000000080032253C00000004029930B40", "fecha_hech": "2024-04-12 00:00:00", "Id": 0, "area": 136572.15568900001 }, "geometry": { "type": "Point", "coordinates": [ -76.531463623050001, 3.44685602188 ] } },
{ "type": "Feature", "properties": { "dinamica": "HURTO", "titulo": "DELITOS CONTRA EL PATRIMONIO ECONOMICO", "capitulo": "DEL HURTO", "articulo": "HURTO. ART. 239 C.P.", "grado_deli": "NINGUNO", "tipo_notic": "QUERELLA", "caracteriz": "HURTO DE AUTOPARTES", "modalidad": "FACTOR DE OPORTUNIDAD", "modo": null, "motivo": null, "pais": "COLOMBIA", "dane_dep": 76, "departamen": "VALLE DEL CAUCA", "dane_mpio": 76001, "municipio": "CALI", "cod_comuna": 3.0, "comuna": "Comuna 3", "cod_barrio": 309.0, "nom_barrio": "San Pascual", "direccion": "76001 CARRERA 14, SAN PASCUAL, CALI, VALLE DEL CAUCA", "sitio": "VIA PUBLICA", "x": -76.528266906740001, "y": 3.4433710575099998, "anio": 2024, "mes": "abril", "dia": 15, "dia_semana": 2, "hora_hecho": "04:00", "barrio": "SAN PASCUAL", "estrato": 1, "geom": "0101000020E610000000000020CF2153C000000020068C0B40", "fecha_hech": "2024-04-15 00:00:00", "Id": 0, "area": 136572.15568900001 }, "geometry": { "type": "Point", "coordinates": [ -76.528266906740001, 3.44337105751 ] } },
{ "type": "Feature", "properties": { "dinamica": "HURTO", "titulo": "DELITOS CONTRA EL PATRIMONIO ECONOMICO", "capitulo": "DEL HURTO", "articulo": "HURTO CALIFICADO. ART. 240 C.P.", "grado_deli": "AGRAVADO", "tipo_notic": "DENUNCIA", "caracteriz": "HURTO DE MOTOCICLETAS", "modalidad": "ATRACO", "modo": "ARMA DE FUEGO", "motivo": null, "pais": "COLOMBIA", "dane_dep": 76, "departamen": "VALLE DEL CAUCA", "dane_mpio": 76001, "municipio": "CALI", "cod_comuna": 3.0, "comuna": "Comuna 3", "cod_barrio": 307.0, "nom_barrio": "Santa Rosa", "direccion": "76001 CARRERA 11, SANTA ROSA, CALI, VALLE DEL CAUCA", "sitio": "DOMICILIO", "x": -76.531875610349999, "y": 3.4462180137599998, "anio": 2024, "mes": "abril", "dia": 20, "dia_semana": 7, "hora_hecho": "13:20", "barrio": "SANTA ROSA", "estrato": 3, "geom": "0101000020E6100000000000400A2253C0000000C0DA910B40", "fecha_hech": "2024-04-20 00:00:00", "Id": 0, "area": 136572.15568900001 }, "geometry": { "type": "Point", "coordinates": [ -76.531875610349999, 3.44621801376 ] } },
{ "type": "Feature", "properties": { "dinamica": "HURTO", "titulo": "DELITOS CONTRA EL PATRIMONIO ECONOMICO", "capitulo": "DEL HURTO", "articulo": "HURTO CALIFICADO. ART. 240 C.P.", "grado_deli": "AGRAVADO", "tipo_notic": "DENUNCIA", "caracteriz": "HURTO A PERSONAS", "modalidad": "ATRACO", "modo": "SUSTANCIA TÓXICA", "motivo": null, "pais": "COLOMBIA", "dane_dep": 76, "departamen": "VALLE DEL CAUCA", "dane_mpio": 76001, "municipio": "CALI", "cod_comuna": 3.0, "comuna": "Comuna 3", "cod_barrio": 309.0, "nom_barrio": "San Pascual", "direccion": "76001 CARRERA 15 13 1", "sitio": "ESTABLECIMIENTO DE COMERCIO", "x": -76.52857208252, "y": 3.4428319931, "anio": 2024, "mes": "abril", "dia": 22, "dia_semana": 2, "hora_hecho": "12:28", "barrio": "SAN PASCUAL", "estrato": 1, "geom": "0101000020E610000000000020D42153C000000080EB8A0B40", "fecha_hech": "2024-04-22 00:00:00", "Id": 0, "area": 136572.15568900001 }, "geometry": { "type": "Point", "coordinates": [ -76.52857208252, 3.4428319931 ] } },
{ "type": "Feature", "properties": { "dinamica": "HURTO", "titulo": "DELITOS CONTRA EL PATRIMONIO ECONOMICO", "capitulo": "DEL HURTO", "articulo": "HURTO CALIFICADO. ART. 240 C.P.", "grado_deli": "NINGUNO", "tipo_notic": "DENUNCIA", "caracteriz": "HURTO A PERSONAS", "modalidad": "VIOLACION DE CERRADURA", "modo": null, "motivo": null, "pais": "COLOMBIA", "dane_dep": 76, "departamen": "VALLE DEL CAUCA", "dane_mpio": 76001, "municipio": "CALI", "cod_comuna": 3.0, "comuna": "Comuna 3", "cod_barrio": 310.0, "nom_barrio": "El Calvario", "direccion": "76001 CARRERA 10, EL CALVARIO, CALI, VALLE DEL CAUCA", "sitio": "VIA PUBLICA", "x": -76.530990600590002, "y": 3.4473650455499998, "anio": 2024, "mes": "abril", "dia": 23, "dia_semana": 3, "hora_hecho": "11:00", "barrio": "EL CALVARIO", "estrato": 3, "geom": "0101000020E6100000000000C0FB2153C00000002034940B40", "fecha_hech": "2024-04-23 00:00:00", "Id": 0, "area": 136572.15568900001 }, "geometry": { "type": "Point", "coordinates": [ -76.530990600590002, 3.44736504555 ] } },
{ "type": "Feature", "properties": { "dinamica": "HURTO", "titulo": "DELITOS CONTRA EL PATRIMONIO ECONOMICO", "capitulo": "DEL HURTO", "articulo": "HURTO CALIFICADO. ART. 240 C.P.", "grado_deli": "NINGUNO", "tipo_notic": "DENUNCIA", "caracteriz": "HURTO A PERSONAS", "modalidad": "ATRACO", "modo": "ARMA BLANCA", "motivo": null, "pais": "COLOMBIA", "dane_dep": 76, "departamen": "VALLE DEL CAUCA", "dane_mpio": 76001, "municipio": "CALI", "cod_comuna": 3.0, "comuna": "Comuna 3", "cod_barrio": 310.0, "nom_barrio": "El Calvario", "direccion": "76001 CALLE 12 CON CARRERA 11, EL CALVARIO, CALI, VALLE DEL CAUCA", "sitio": "VIA PUBLICA", "x": -76.530517578119998, "y": 3.4465730190300001, "anio": 2024, "mes": "abril", "dia": 25, "dia_semana": 5, "hora_hecho": "01:00", "barrio": "EL CALVARIO", "estrato": 3, "geom": "0101000020E610000000000000F42153C0000000E094920B40", "fecha_hech": "2024-04-25 00:00:00", "Id": 0, "area": 136572.15568900001 }, "geometry": { "type": "Point", "coordinates": [ -76.530517578119998, 3.44657301903 ] } },
{ "type": "Feature", "properties": { "dinamica": "HURTO", "titulo": "DELITOS CONTRA EL PATRIMONIO ECONOMICO", "capitulo": "DEL HURTO", "articulo": "HURTO CALIFICADO. ART. 240 C.P.", "grado_deli": "AGRAVADO", "tipo_notic": "DENUNCIA", "caracteriz": "HURTO A PERSONAS", "modalidad": "ATRACO", "modo": "ARMA BLANCA", "motivo": null, "pais": "COLOMBIA", "dane_dep": 76, "departamen": "VALLE DEL CAUCA", "dane_mpio": 76001, "municipio": "CALI", "cod_comuna": 3.0, "comuna": "Comuna 3", "cod_barrio": 310.0, "nom_barrio": "El Calvario", "direccion": "76001 CALLE 12 10 12", "sitio": "VIA PUBLICA", "x": -76.53077697754, "y": 3.4473021030400002, "anio": 2024, "mes": "abril", "dia": 25, "dia_semana": 5, "hora_hecho": "13:15", "barrio": "EL CALVARIO", "estrato": 3, "geom": "0101000020E610000000000040F82153C00000002013940B40", "fecha_hech": "2024-04-25 00:00:00", "Id": 0, "area": 136572.15568900001 }, "geometry": { "type": "Point", "coordinates": [ -76.53077697754, 3.44730210304 ] } },
{ "type": "Feature", "properties": { "dinamica": "HURTO", "titulo": "DELITOS CONTRA EL PATRIMONIO ECONOMICO", "capitulo": "DEL HURTO", "articulo": "HURTO. ART. 239 C.P.", "grado_deli": "NINGUNO", "tipo_notic": "DENUNCIA", "caracteriz": "HURTO A CELULARES", "modalidad": "RAPONAZO", "modo": null, "motivo": "SIN DETERMINAR", "pais": "COLOMBIA", "dane_dep": 76, "departamen": "VALLE DEL CAUCA", "dane_mpio": 76001, "municipio": "CALI", "cod_comuna": 3.0, "comuna": "Comuna 3", "cod_barrio": 306.0, "nom_barrio": "San Juan Bosco", "direccion": "76001 CARRERA 12, EL CALVARIO, CALI, VALLE DEL CAUCA", "sitio": "VIA PUBLICA", "x": -76.530517578119998, "y": 3.4454929828599998, "anio": 2024, "mes": "abril", "dia": 25, "dia_semana": 5, "hora_hecho": "19:30", "barrio": "EL CALVARIO", "estrato": 3, "geom": "0101000020E610000000000000F42153C0000000A05E900B40", "fecha_hech": "2024-04-25 00:00:00", "Id": 0, "area": 136572.15568900001 }, "geometry": { "type": "Point", "coordinates": [ -76.530517578119998, 3.44549298286 ] } },
{ "type": "Feature", "properties": { "dinamica": "HURTO", "titulo": "DELITOS CONTRA EL PATRIMONIO ECONOMICO", "capitulo": "DEL HURTO", "articulo": "HURTO. ART. 239 C.P.", "grado_deli": "NINGUNO", "tipo_notic": "QUERELLA", "caracteriz": "HURTO A PERSONAS", "modalidad": "FACTOR DE OPORTUNIDAD", "modo": null, "motivo": null, "pais": "COLOMBIA", "dane_dep": 76, "departamen": "VALLE DEL CAUCA", "dane_mpio": 76001, "municipio": "CALI", "cod_comuna": 3.0, "comuna": "Comuna 3", "cod_barrio": 306.0, "nom_barrio": "San Juan Bosco", "direccion": "76001 Calle 12 con Carrera 12, El Calvario, Cali, Valle del Cauca, COL,EL CALVARIO", "sitio": "SIN INFORMACION", "x": -76.530250549320002, "y": 3.4455239772800001, "anio": 2024, "mes": "abril", "dia": 26, "dia_semana": 6, "hora_hecho": "12:00", "barrio": "EL CALVARIO", "estrato": 3, "geom": "0101000020E6100000000000A0EF2153C0000000E06E900B40", "fecha_hech": "2024-04-26 00:00:00", "Id": 0, "area": 136572.15568900001 }, "geometry": { "type": "Point", "coordinates": [ -76.530250549320002, 3.44552397728 ] } },
{ "type": "Feature", "properties": { "dinamica": "HURTO", "titulo": "DELITOS CONTRA EL PATRIMONIO ECONOMICO", "capitulo": "DEL HURTO", "articulo": "HURTO CALIFICADO. ART. 240 C.P.", "grado_deli": "NINGUNO", "tipo_notic": "DENUNCIA", "caracteriz": "HURTO A CELULARES", "modalidad": "ATRACO", "modo": "ARMA BLANCA", "motivo": "SIN DETERMINAR", "pais": "COLOMBIA", "dane_dep": 76, "departamen": "VALLE DEL CAUCA", "dane_mpio": 76001, "municipio": "CALI", "cod_comuna": 3.0, "comuna": "Comuna 3", "cod_barrio": 309.0, "nom_barrio": "San Pascual", "direccion": "76001 AVENIDA CIUDADES CONFEDERADAS 99", "sitio": "VIA PUBLICA", "x": -76.526733398440001, "y": 3.4447178840600001, "anio": 2024, "mes": "abril", "dia": 26, "dia_semana": 6, "hora_hecho": "22:00", "barrio": "SAN PASCUAL", "estrato": 1, "geom": "0101000020E610000000000000B62153C000000040C88E0B40", "fecha_hech": "2024-04-26 00:00:00", "Id": 0, "area": 136572.15568900001 }, "geometry": { "type": "Point", "coordinates": [ -76.526733398440001, 3.44471788406 ] } },
{ "type": "Feature", "properties": { "dinamica": "HURTO", "titulo": "DELITOS CONTRA EL PATRIMONIO ECONOMICO", "capitulo": "DEL HURTO", "articulo": "HURTO CALIFICADO. ART. 240 C.P.", "grado_deli": "NINGUNO", "tipo_notic": "DENUNCIA", "caracteriz": "HURTO A CELULARES", "modalidad": "ATRACO", "modo": "ARMA DE FUEGO", "motivo": "SIN DETERMINAR", "pais": "COLOMBIA", "dane_dep": 76, "departamen": "VALLE DEL CAUCA", "dane_mpio": 76001, "municipio": "CALI", "cod_comuna": 3.0, "comuna": "Comuna 3", "cod_barrio": 309.0, "nom_barrio": "San Pascual", "direccion": "76001 CARRERA 15 CON CALLE 13, SAN PASCUAL, CALI, VALLE DEL CAUCA", "sitio": "ESTACION TRANSPORTE MASIVO", "x": -76.528625488279999, "y": 3.4427859783199999, "anio": 2024, "mes": "abril", "dia": 26, "dia_semana": 6, "hora_hecho": "22:30", "barrio": "SAN PASCUAL", "estrato": 1, "geom": "0101000020E610000000000000D52153C000000060D38A0B40", "fecha_hech": "2024-04-26 00:00:00", "Id": 0, "area": 136572.15568900001 }, "geometry": { "type": "Point", "coordinates": [ -76.528625488279999, 3.44278597832 ] } },
{ "type": "Feature", "properties": { "dinamica": "HURTO", "titulo": "DELITOS CONTRA EL PATRIMONIO ECONOMICO", "capitulo": "DEL HURTO", "articulo": "HURTO CALIFICADO. ART. 240 C.P.", "grado_deli": "NINGUNO", "tipo_notic": "DENUNCIA", "caracteriz": "HURTO A PERSONAS", "modalidad": "VIOLACION DE CERRADURA", "modo": null, "motivo": null, "pais": "COLOMBIA", "dane_dep": 76, "departamen": "VALLE DEL CAUCA", "dane_mpio": 76001, "municipio": "CALI", "cod_comuna": 3.0, "comuna": "Comuna 3", "cod_barrio": 306.0, "nom_barrio": "San Juan Bosco", "direccion": "76001 CARRERA 14 10-01, SAN JUAN BOSCO, CALI, VALLE DEL CAUCA", "sitio": "VIA PUBLICA", "x": -76.530815124509999, "y": 3.44342398643, "anio": 2024, "mes": "abril", "dia": 29, "dia_semana": 2, "hora_hecho": "05:13", "barrio": "SAN JUAN BOSCO", "estrato": 3, "geom": "0101000020E6100000000000E0F82153C0000000E0218C0B40", "fecha_hech": "2024-04-29 00:00:00", "Id": 0, "area": 136572.15568900001 }, "geometry": { "type": "Point", "coordinates": [ -76.530815124509999, 3.44342398643 ] } },
{ "type": "Feature", "properties": { "dinamica": "HURTO", "titulo": "DELITOS CONTRA EL PATRIMONIO ECONOMICO", "capitulo": "DEL HURTO", "articulo": "HURTO. ART. 239 C.P.", "grado_deli": "NINGUNO", "tipo_notic": "DENUNCIA", "caracteriz": "HURTO A PERSONAS", "modalidad": "RAPONAZO", "modo": null, "motivo": null, "pais": "COLOMBIA", "dane_dep": 76, "departamen": "VALLE DEL CAUCA", "dane_mpio": 76001, "municipio": "CALI", "cod_comuna": 3.0, "comuna": "Comuna 3", "cod_barrio": 307.0, "nom_barrio": "Santa Rosa", "direccion": "76001 CALLE 11 69, SANTA ROSA, CALI, VALLE DEL CAUCA", "sitio": "VIA PUBLICA", "x": -76.531517028810001, "y": 3.4470191001899999, "anio": 2024, "mes": "abril", "dia": 30, "dia_semana": 3, "hora_hecho": "04:30", "barrio": "SANTA ROSA", "estrato": 3, "geom": "0101000020E610000000000060042253C0000000C07E930B40", "fecha_hech": "2024-04-30 00:00:00", "Id": 0, "area": 136572.15568900001 }, "geometry": { "type": "Point", "coordinates": [ -76.531517028810001, 3.44701910019 ] } },
{ "type": "Feature", "properties": { "dinamica": "HURTO", "titulo": "DELITOS CONTRA EL PATRIMONIO ECONOMICO", "capitulo": "DEL HURTO", "articulo": "HURTO. ART. 239 C.P.", "grado_deli": "NINGUNO", "tipo_notic": "DENUNCIA", "caracteriz": "HURTO A PERSONAS", "modalidad": "COSQUILLEO", "modo": null, "motivo": null, "pais": "COLOMBIA", "dane_dep": 76, "departamen": "VALLE DEL CAUCA", "dane_mpio": 76001, "municipio": "CALI", "cod_comuna": 3.0, "comuna": "Comuna 3", "cod_barrio": 310.0, "nom_barrio": "El Calvario", "direccion": "76001 CARRERA 10 13-00, EL CALVARIO, CALI, VALLE DEL CAUCA", "sitio": "VIA PUBLICA", "x": -76.52978515625, "y": 3.4476449489599998, "anio": 2024, "mes": "abril", "dia": 30, "dia_semana": 3, "hora_hecho": "08:41", "barrio": "EL CALVARIO", "estrato": 3, "geom": "0101000020E610000000000000E82153C0000000E0C6940B40", "fecha_hech": "2024-04-30 00:00:00", "Id": 0, "area": 136572.15568900001 }, "geometry": { "type": "Point", "coordinates": [ -76.52978515625, 3.44764494896 ] } },
{ "type": "Feature", "properties": { "dinamica": "HURTO", "titulo": "DELITOS CONTRA EL PATRIMONIO ECONOMICO", "capitulo": "DEL HURTO", "articulo": "HURTO CALIFICADO. ART. 240 C.P.", "grado_deli": "NINGUNO", "tipo_notic": "DENUNCIA", "caracteriz": "HURTO A PERSONAS", "modalidad": "RAPONAZO", "modo": null, "motivo": null, "pais": "COLOMBIA", "dane_dep": 76, "departamen": "VALLE DEL CAUCA", "dane_mpio": 76001, "municipio": "CALI", "cod_comuna": 3.0, "comuna": "Comuna 3", "cod_barrio": 307.0, "nom_barrio": "Santa Rosa", "direccion": "76001 Carrera 10 10 60, Santiago De Cali, Cali, Valle Del Cauca, COL,SANTA ROSA", "sitio": "SIN INFORMACION", "x": -76.531929016109999, "y": 3.4468820095099999, "anio": 2024, "mes": "mayo", "dia": 1, "dia_semana": 4, "hora_hecho": "07:30", "barrio": "SANTA ROSA", "estrato": 3, "geom": "0101000020E6100000000000200B2253C0000000E036930B40", "fecha_hech": "2024-05-01 00:00:00", "Id": 0, "area": 136572.15568900001 }, "geometry": { "type": "Point", "coordinates": [ -76.531929016109999, 3.44688200951 ] } },
{ "type": "Feature", "properties": { "dinamica": "HURTO", "titulo": "DELITOS CONTRA EL PATRIMONIO ECONOMICO", "capitulo": "DEL HURTO", "articulo": "HURTO CALIFICADO. ART. 240 C.P.", "grado_deli": "AGRAVADO", "tipo_notic": "ACTOS URGENTES", "caracteriz": "HURTO A PERSONAS", "modalidad": "ATRACO", "modo": "ARMA BLANCA", "motivo": null, "pais": "COLOMBIA", "dane_dep": 76, "departamen": "VALLE DEL CAUCA", "dane_mpio": 76001, "municipio": "CALI", "cod_comuna": 3.0, "comuna": "Comuna 3", "cod_barrio": 310.0, "nom_barrio": "El Calvario", "direccion": "76001 CARRERA 10, EL CALVARIO, CALI, VALLE DEL CAUCA", "sitio": "VIA PUBLICA", "x": -76.530990600590002, "y": 3.4473650455499998, "anio": 2024, "mes": "mayo", "dia": 1, "dia_semana": 4, "hora_hecho": "12:30", "barrio": "EL CALVARIO", "estrato": 3, "geom": "0101000020E6100000000000C0FB2153C00000002034940B40", "fecha_hech": "2024-05-01 00:00:00", "Id": 0, "area": 136572.15568900001 }, "geometry": { "type": "Point", "coordinates": [ -76.530990600590002, 3.44736504555 ] } },
{ "type": "Feature", "properties": { "dinamica": "HURTO", "titulo": "DELITOS CONTRA EL PATRIMONIO ECONOMICO", "capitulo": "DEL HURTO", "articulo": "HURTO CALIFICADO. ART. 240 C.P.", "grado_deli": "AGRAVADO", "tipo_notic": "DENUNCIA", "caracteriz": "HURTO A PERSONAS", "modalidad": "ATRACO", "modo": "ARMA BLANCA", "motivo": null, "pais": "COLOMBIA", "dane_dep": 76, "departamen": "VALLE DEL CAUCA", "dane_mpio": 76001, "municipio": "CALI", "cod_comuna": 3.0, "comuna": "Comuna 3", "cod_barrio": 309.0, "nom_barrio": "San Pascual", "direccion": "76001 Carrera 15 13a 143, Santiago De Cali, Cali, Valle Del Cauca, COL,SAN PASCUAL", "sitio": "SIN INFORMACION", "x": -76.526321411129999, "y": 3.4428570270500001, "anio": 2024, "mes": "mayo", "dia": 2, "dia_semana": 5, "hora_hecho": "05:02", "barrio": "SAN PASCUAL", "estrato": 1, "geom": "0101000020E610000000000040AF2153C0000000A0F88A0B40", "fecha_hech": "2024-05-02 00:00:00", "Id": 0, "area": 136572.15568900001 }, "geometry": { "type": "Point", "coordinates": [ -76.526321411129999, 3.44285702705 ] } },
{ "type": "Feature", "properties": { "dinamica": "HURTO", "titulo": "DELITOS CONTRA EL PATRIMONIO ECONOMICO", "capitulo": "DEL HURTO", "articulo": "HURTO. ART. 239 C.P.", "grado_deli": "NINGUNO", "tipo_notic": "QUERELLA", "caracteriz": "HURTO A PERSONAS", "modalidad": "FACTOR DE OPORTUNIDAD", "modo": null, "motivo": null, "pais": "COLOMBIA", "dane_dep": 76, "departamen": "VALLE DEL CAUCA", "dane_mpio": 76001, "municipio": "CALI", "cod_comuna": 3.0, "comuna": "Comuna 3", "cod_barrio": 309.0, "nom_barrio": "San Pascual", "direccion": "76001 Carrera 14 con Calle 13, San Pascual, Cali, Valle del Cauca, COL,SAN PASCUAL", "sitio": "SIN INFORMACION", "x": -76.52880859375, "y": 3.4434030056, "anio": 2024, "mes": "mayo", "dia": 2, "dia_semana": 5, "hora_hecho": "21:19", "barrio": "SAN PASCUAL", "estrato": 1, "geom": "0101000020E610000000000000D82153C0000000E0168C0B40", "fecha_hech": "2024-05-02 00:00:00", "Id": 0, "area": 136572.15568900001 }, "geometry": { "type": "Point", "coordinates": [ -76.52880859375, 3.4434030056 ] } },
{ "type": "Feature", "properties": { "dinamica": "HURTO", "titulo": "DELITOS CONTRA EL PATRIMONIO ECONOMICO", "capitulo": "DEL HURTO", "articulo": "HURTO CALIFICADO. ART. 240 C.P.", "grado_deli": "NINGUNO", "tipo_notic": "DENUNCIA", "caracteriz": "HURTO A PERSONAS", "modalidad": "ATRACO", "modo": "ARMA BLANCA", "motivo": null, "pais": "COLOMBIA", "dane_dep": 76, "departamen": "VALLE DEL CAUCA", "dane_mpio": 76001, "municipio": "CALI", "cod_comuna": 3.0, "comuna": "Comuna 3", "cod_barrio": 310.0, "nom_barrio": "El Calvario", "direccion": "76001 Calle 12 con Carrera 11, El Calvario, Cali, Valle del Cauca, COL,EL CALVARIO", "sitio": "SIN INFORMACION", "x": -76.530517578119998, "y": 3.4465730190300001, "anio": 2024, "mes": "mayo", "dia": 3, "dia_semana": 6, "hora_hecho": "13:00", "barrio": "EL CALVARIO", "estrato": 3, "geom": "0101000020E610000000000000F42153C0000000E094920B40", "fecha_hech": "2024-05-03 00:00:00", "Id": 0, "area": 136572.15568900001 }, "geometry": { "type": "Point", "coordinates": [ -76.530517578119998, 3.44657301903 ] } },
{ "type": "Feature", "properties": { "dinamica": "HURTO", "titulo": "DELITOS CONTRA EL PATRIMONIO ECONOMICO", "capitulo": "DEL HURTO", "articulo": "HURTO CALIFICADO. ART. 240 C.P.", "grado_deli": "NINGUNO", "tipo_notic": "DENUNCIA", "caracteriz": "HURTO DE AUTOPARTES", "modalidad": "FACTOR DE OPORTUNIDAD", "modo": null, "motivo": null, "pais": "COLOMBIA", "dane_dep": 76, "departamen": "VALLE DEL CAUCA", "dane_mpio": 76001, "municipio": "CALI", "cod_comuna": 3.0, "comuna": "Comuna 3", "cod_barrio": 310.0, "nom_barrio": "El Calvario", "direccion": "76001 CARRERA 11 13 113", "sitio": "VIA PUBLICA", "x": -76.529014587399999, "y": 3.44699597359, "anio": 2024, "mes": "mayo", "dia": 4, "dia_semana": 7, "hora_hecho": "10:00", "barrio": "EL CALVARIO", "estrato": 3, "geom": "0101000020E610000000000060DB2153C0000000A072930B40", "fecha_hech": "2024-05-04 00:00:00", "Id": 0, "area": 136572.15568900001 }, "geometry": { "type": "Point", "coordinates": [ -76.529014587399999, 3.44699597359 ] } },
{ "type": "Feature", "properties": { "dinamica": "HURTO", "titulo": "DELITOS CONTRA EL PATRIMONIO ECONOMICO", "capitulo": "DEL HURTO", "articulo": "HURTO CALIFICADO. ART. 240 C.P.", "grado_deli": "AGRAVADO", "tipo_notic": "DENUNCIA", "caracteriz": "HURTO A PERSONAS", "modalidad": "FACTOR DE OPORTUNIDAD", "modo": null, "motivo": null, "pais": "COLOMBIA", "dane_dep": 76, "departamen": "VALLE DEL CAUCA", "dane_mpio": 76001, "municipio": "CALI", "cod_comuna": 3.0, "comuna": "Comuna 3", "cod_barrio": 306.0, "nom_barrio": "San Juan Bosco", "direccion": "76001 Carrera 15 10-10, San Juan Bosco, Cali, Valle del Cauca, COL,SAN JUAN BOSCO", "sitio": "SIN INFORMACION", "x": -76.531028747560001, "y": 3.44269895554, "anio": 2024, "mes": "mayo", "dia": 4, "dia_semana": 7, "hora_hecho": "13:10", "barrio": "SAN JUAN BOSCO", "estrato": 3, "geom": "0101000020E610000000000060FC2153C0000000C0A58A0B40", "fecha_hech": "2024-05-04 00:00:00", "Id": 0, "area": 136572.15568900001 }, "geometry": { "type": "Point", "coordinates": [ -76.531028747560001, 3.44269895554 ] } },
{ "type": "Feature", "properties": { "dinamica": "HURTO", "titulo": "DELITOS CONTRA EL PATRIMONIO ECONOMICO", "capitulo": "DEL HURTO", "articulo": "HURTO CALIFICADO. ART. 240 C.P.", "grado_deli": "NINGUNO", "tipo_notic": "DENUNCIA", "caracteriz": "HURTO DE MOTOCICLETAS", "modalidad": "HALADO", "modo": null, "motivo": null, "pais": "COLOMBIA", "dane_dep": 76, "departamen": "VALLE DEL CAUCA", "dane_mpio": 76001, "municipio": "CALI", "cod_comuna": 3.0, "comuna": "Comuna 3", "cod_barrio": 310.0, "nom_barrio": "El Calvario", "direccion": "76001 CARRERA 10 14 20", "sitio": "VIA PUBLICA", "x": -76.527938842769998, "y": 3.4478619098699999, "anio": 2024, "mes": "mayo", "dia": 5, "dia_semana": 1, "hora_hecho": "11:40", "barrio": "EL CALVARIO", "estrato": 3, "geom": "0101000020E6100000000000C0C92153C0000000A038950B40", "fecha_hech": "2024-05-05 00:00:00", "Id": 0, "area": 136572.15568900001 }, "geometry": { "type": "Point", "coordinates": [ -76.527938842769998, 3.44786190987 ] } },
{ "type": "Feature", "properties": { "dinamica": "HURTO", "titulo": "DELITOS CONTRA EL PATRIMONIO ECONOMICO", "capitulo": "DEL HURTO", "articulo": "HURTO CALIFICADO. ART. 240 C.P.", "grado_deli": "AGRAVADO", "tipo_notic": "ACTOS URGENTES", "caracteriz": "HURTO A PERSONAS", "modalidad": "RAPONAZO", "modo": null, "motivo": null, "pais": "COLOMBIA", "dane_dep": 76, "departamen": "VALLE DEL CAUCA", "dane_mpio": 76001, "municipio": "CALI", "cod_comuna": 3.0, "comuna": "Comuna 3", "cod_barrio": 309.0, "nom_barrio": "San Pascual", "direccion": "76001 CALLE 13 CON CARRERA 13, SAN PASCUAL, CALI, VALLE DEL CAUCA", "sitio": "ESTACION TRANSPORTE MASIVO", "x": -76.52904510498, "y": 3.44453310966, "anio": 2024, "mes": "mayo", "dia": 6, "dia_semana": 2, "hora_hecho": "17:30", "barrio": "SAN PASCUAL", "estrato": 1, "geom": "0101000020E6100000000000E0DB2153C000000060678E0B40", "fecha_hech": "2024-05-06 00:00:00", "Id": 0, "area": 136572.15568900001 }, "geometry": { "type": "Point", "coordinates": [ -76.52904510498, 3.44453310966 ] } },
{ "type": "Feature", "properties": { "dinamica": "HURTO", "titulo": "DELITOS CONTRA EL PATRIMONIO ECONOMICO", "capitulo": "DEL HURTO", "articulo": "HURTO CALIFICADO. ART. 240 C.P.", "grado_deli": "NINGUNO", "tipo_notic": "DENUNCIA", "caracteriz": "HURTO A PERSONAS", "modalidad": "FACTOR DE OPORTUNIDAD", "modo": null, "motivo": null, "pais": "COLOMBIA", "dane_dep": 76, "departamen": "VALLE DEL CAUCA", "dane_mpio": 76001, "municipio": "CALI", "cod_comuna": 3.0, "comuna": "Comuna 3", "cod_barrio": 306.0, "nom_barrio": "San Juan Bosco", "direccion": "76001 CARRERA 13 10-63, SAN JUAN BOSCO, CALI, VALLE DEL CAUCA", "sitio": "DOMICILIO", "x": -76.53131866455, "y": 3.4444620609299998, "anio": 2024, "mes": "mayo", "dia": 9, "dia_semana": 5, "hora_hecho": "03:07", "barrio": "SAN JUAN BOSCO", "estrato": 3, "geom": "0101000020E610000000000020012253C000000020428E0B40", "fecha_hech": "2024-05-09 00:00:00", "Id": 0, "area": 136572.15568900001 }, "geometry": { "type": "Point", "coordinates": [ -76.53131866455, 3.44446206093 ] } },
{ "type": "Feature", "properties": { "dinamica": "HURTO", "titulo": "DELITOS CONTRA EL PATRIMONIO ECONOMICO", "capitulo": "DEL HURTO", "articulo": "HURTO. ART. 239 C.P.", "grado_deli": "NINGUNO", "tipo_notic": "DENUNCIA", "caracteriz": "HURTO A PERSONAS", "modalidad": "COSQUILLEO", "modo": null, "motivo": null, "pais": "COLOMBIA", "dane_dep": 76, "departamen": "VALLE DEL CAUCA", "dane_mpio": 76001, "municipio": "CALI", "cod_comuna": 3.0, "comuna": "Comuna 3", "cod_barrio": 310.0, "nom_barrio": "El Calvario", "direccion": "76001 CALLE 11 6, SANTA ROSA, CALI, VALLE DEL CAUCA", "sitio": "VIA PUBLICA", "x": -76.531326293950002, "y": 3.4467899799300001, "anio": 2024, "mes": "mayo", "dia": 9, "dia_semana": 5, "hora_hecho": "20:07", "barrio": "EL CALVARIO", "estrato": 3, "geom": "0101000020E610000000000040012253C0000000A006930B40", "fecha_hech": "2024-05-09 00:00:00", "Id": 0, "area": 136572.15568900001 }, "geometry": { "type": "Point", "coordinates": [ -76.531326293950002, 3.44678997993 ] } },
{ "type": "Feature", "properties": { "dinamica": "HURTO", "titulo": "DELITOS CONTRA EL PATRIMONIO ECONOMICO", "capitulo": "DEL HURTO", "articulo": "HURTO CALIFICADO. ART. 240 C.P.", "grado_deli": "NINGUNO", "tipo_notic": "DENUNCIA", "caracteriz": "HURTO A PERSONAS", "modalidad": "ATRACO", "modo": "ARMA DE FUEGO", "motivo": null, "pais": "COLOMBIA", "dane_dep": 76, "departamen": "VALLE DEL CAUCA", "dane_mpio": 76001, "municipio": "CALI", "cod_comuna": 3.0, "comuna": "Comuna 3", "cod_barrio": 306.0, "nom_barrio": "San Juan Bosco", "direccion": "76001 CALLE 10 CON CARRERA 15, SAN JUAN BOSCO, CALI, VALLE DEL CAUCA", "sitio": "VIA PUBLICA", "x": -76.53197479248, "y": 3.4424951076500001, "anio": 2024, "mes": "mayo", "dia": 14, "dia_semana": 3, "hora_hecho": "18:30", "barrio": "SAN JUAN BOSCO", "estrato": 3, "geom": "0101000020E6100000000000E00B2253C0000000E03A8A0B40", "fecha_hech": "2024-05-14 00:00:00", "Id": 0, "area": 136572.15568900001 }, "geometry": { "type": "Point", "coordinates": [ -76.53197479248, 3.44249510765 ] } },
{ "type": "Feature", "properties": { "dinamica": "HURTO", "titulo": "DELITOS CONTRA EL PATRIMONIO ECONOMICO", "capitulo": "DEL HURTO", "articulo": "HURTO. ART. 239 C.P.", "grado_deli": "AGRAVADO", "tipo_notic": "DENUNCIA", "caracteriz": "HURTO A CELULARES", "modalidad": "COSQUILLEO", "modo": null, "motivo": null, "pais": "COLOMBIA", "dane_dep": 76, "departamen": "VALLE DEL CAUCA", "dane_mpio": 76001, "municipio": "CALI", "cod_comuna": 3.0, "comuna": "Comuna 3", "cod_barrio": 309.0, "nom_barrio": "San Pascual", "direccion": "76001 CALLE 13 13 5", "sitio": "TRANSPORTE MASIVO", "x": -76.528854370120001, "y": 3.4435560703300001, "anio": 2024, "mes": "mayo", "dia": 20, "dia_semana": 2, "hora_hecho": "06:30", "barrio": "SAN PASCUAL", "estrato": 1, "geom": "0101000020E6100000000000C0D82153C000000020678C0B40", "fecha_hech": "2024-05-20 00:00:00", "Id": 0, "area": 136572.15568900001 }, "geometry": { "type": "Point", "coordinates": [ -76.528854370120001, 3.44355607033 ] } },
{ "type": "Feature", "properties": { "dinamica": "HURTO", "titulo": "DELITOS CONTRA EL PATRIMONIO ECONOMICO", "capitulo": "DEL HURTO", "articulo": "HURTO CALIFICADO. ART. 240 C.P.", "grado_deli": "NINGUNO", "tipo_notic": "DENUNCIA", "caracteriz": "HURTO A PERSONAS", "modalidad": "ATRACO", "modo": "ARMA DE FUEGO", "motivo": null, "pais": "COLOMBIA", "dane_dep": 76, "departamen": "VALLE DEL CAUCA", "dane_mpio": 76001, "municipio": "CALI", "cod_comuna": 3.0, "comuna": "Comuna 3", "cod_barrio": 309.0, "nom_barrio": "San Pascual", "direccion": "76001 Carrera 15 12 39, Santiago De Cali, Cali, Valle Del Cauca, COL,SAN PASCUAL", "sitio": "SIN INFORMACION", "x": -76.529327392580001, "y": 3.4428689479800001, "anio": 2024, "mes": "mayo", "dia": 22, "dia_semana": 4, "hora_hecho": "19:47", "barrio": "SAN PASCUAL", "estrato": 1, "geom": "0101000020E610000000000080E02153C0000000E0FE8A0B40", "fecha_hech": "2024-05-22 00:00:00", "Id": 0, "area": 136572.15568900001 }, "geometry": { "type": "Point", "coordinates": [ -76.529327392580001, 3.44286894798 ] } },
{ "type": "Feature", "properties": { "dinamica": "HURTO", "titulo": "DELITOS CONTRA EL PATRIMONIO ECONOMICO", "capitulo": "DEL HURTO", "articulo": "HURTO CALIFICADO. ART. 240 C.P.", "grado_deli": "NINGUNO", "tipo_notic": "DENUNCIA", "caracteriz": "HURTO A PERSONAS", "modalidad": "ATRACO", "modo": "ARMA DE FUEGO", "motivo": null, "pais": "COLOMBIA", "dane_dep": 76, "departamen": "VALLE DEL CAUCA", "dane_mpio": 76001, "municipio": "CALI", "cod_comuna": 3.0, "comuna": "Comuna 3", "cod_barrio": 309.0, "nom_barrio": "San Pascual", "direccion": "76001 Calle 13 con Carrera 12, El Calvario, Cali, Valle del Cauca, COL,SAN PASCUAL", "sitio": "SIN INFORMACION", "x": -76.529251098629999, "y": 3.4456059932700001, "anio": 2024, "mes": "mayo", "dia": 24, "dia_semana": 6, "hora_hecho": "21:34", "barrio": "SAN PASCUAL", "estrato": 1, "geom": "0101000020E610000000000040DF2153C0000000E099900B40", "fecha_hech": "2024-05-24 00:00:00", "Id": 0, "area": 136572.15568900001 }, "geometry": { "type": "Point", "coordinates": [ -76.529251098629999, 3.44560599327 ] } },
{ "type": "Feature", "properties": { "dinamica": "HURTO", "titulo": "DELITOS CONTRA EL PATRIMONIO ECONOMICO", "capitulo": "DEL HURTO", "articulo": "HURTO CALIFICADO. ART. 240 C.P.", "grado_deli": "AGRAVADO", "tipo_notic": "DENUNCIA", "caracteriz": "HURTO A PERSONAS", "modalidad": "COSQUILLEO", "modo": null, "motivo": null, "pais": "COLOMBIA", "dane_dep": 76, "departamen": "VALLE DEL CAUCA", "dane_mpio": 76001, "municipio": "CALI", "cod_comuna": 3.0, "comuna": "Comuna 3", "cod_barrio": 309.0, "nom_barrio": "San Pascual", "direccion": "76001 Carrera 14 13 18, Santiago De Cali, Cali, Valle Del Cauca, COL,SAN PASCUAL", "sitio": "SIN INFORMACION", "x": -76.52857208252, "y": 3.4432439804100001, "anio": 2024, "mes": "mayo", "dia": 25, "dia_semana": 7, "hora_hecho": "10:00", "barrio": "SAN PASCUAL", "estrato": 1, "geom": "0101000020E610000000000020D42153C000000080C38B0B40", "fecha_hech": "2024-05-25 00:00:00", "Id": 0, "area": 136572.15568900001 }, "geometry": { "type": "Point", "coordinates": [ -76.52857208252, 3.44324398041 ] } },
{ "type": "Feature", "properties": { "dinamica": "HURTO", "titulo": "DELITOS CONTRA EL PATRIMONIO ECONOMICO", "capitulo": "DEL HURTO", "articulo": "HURTO CALIFICADO. ART. 240 C.P.", "grado_deli": "NINGUNO", "tipo_notic": "DENUNCIA", "caracteriz": "HURTO A PERSONAS", "modalidad": "ATRACO", "modo": "ARMA BLANCA", "motivo": null, "pais": "COLOMBIA", "dane_dep": 76, "departamen": "VALLE DEL CAUCA", "dane_mpio": 76001, "municipio": "CALI", "cod_comuna": 3.0, "comuna": "Comuna 3", "cod_barrio": 310.0, "nom_barrio": "El Calvario", "direccion": "76001 CALLE 15 CON CARRERA 12, EL CALVARIO, CALI, VALLE DEL CAUCA", "sitio": "VIA PUBLICA", "x": -76.526947021479998, "y": 3.4459118843100001, "anio": 2024, "mes": "mayo", "dia": 27, "dia_semana": 2, "hora_hecho": "02:52", "barrio": "EL CALVARIO", "estrato": 3, "geom": "0101000020E610000000000080B92153C0000000403A910B40", "fecha_hech": "2024-05-27 00:00:00", "Id": 0, "area": 136572.15568900001 }, "geometry": { "type": "Point", "coordinates": [ -76.526947021479998, 3.44591188431 ] } },
{ "type": "Feature", "properties": { "dinamica": "HURTO", "titulo": "DELITOS CONTRA EL PATRIMONIO ECONOMICO", "capitulo": "DEL HURTO", "articulo": "HURTO. ART. 239 C.P.", "grado_deli": "NINGUNO", "tipo_notic": "DENUNCIA", "caracteriz": "HURTO A PERSONAS", "modalidad": "COSQUILLEO", "modo": null, "motivo": null, "pais": "COLOMBIA", "dane_dep": 76, "departamen": "VALLE DEL CAUCA", "dane_mpio": 76001, "municipio": "CALI", "cod_comuna": 3.0, "comuna": "Comuna 3", "cod_barrio": 310.0, "nom_barrio": "El Calvario", "direccion": "76001 CALLE 13A 10 55, SANTIAGO DE CALI, CALI, VALLE DEL CAUCA", "sitio": "TRANSPORTE MASIVO", "x": -76.528373718259999, "y": 3.4475269317600001, "anio": 2024, "mes": "mayo", "dia": 30, "dia_semana": 5, "hora_hecho": "10:23", "barrio": "EL CALVARIO", "estrato": 3, "geom": "0101000020E6100000000000E0D02153C00000000089940B40", "fecha_hech": "2024-05-30 00:00:00", "Id": 0, "area": 136572.15568900001 }, "geometry": { "type": "Point", "coordinates": [ -76.528373718259999, 3.44752693176 ] } },
{ "type": "Feature", "properties": { "dinamica": "HURTO", "titulo": "DELITOS CONTRA EL PATRIMONIO ECONOMICO", "capitulo": "DEL HURTO", "articulo": "HURTO CALIFICADO. ART. 240 C.P.", "grado_deli": "AGRAVADO", "tipo_notic": "DENUNCIA", "caracteriz": "HURTO DE MOTOCICLETAS", "modalidad": "HALADO", "modo": null, "motivo": null, "pais": "COLOMBIA", "dane_dep": 76, "departamen": "VALLE DEL CAUCA", "dane_mpio": 76001, "municipio": "CALI", "cod_comuna": 3.0, "comuna": "Comuna 3", "cod_barrio": 309.0, "nom_barrio": "San Pascual", "direccion": "76001 CL 15 CON CON KR 13 CL 15 KR 13", "sitio": "SIN INFORMACION", "x": -76.52687072754, "y": 3.44479703903, "anio": 2024, "mes": "junio", "dia": 1, "dia_semana": 7, "hora_hecho": "15:00", "barrio": null, "estrato": 1, "geom": "0101000020E610000000000040B82153C0000000C0F18E0B40", "fecha_hech": "2024-06-01 00:00:00", "Id": 0, "area": 136572.15568900001 }, "geometry": { "type": "Point", "coordinates": [ -76.52687072754, 3.44479703903 ] } },
{ "type": "Feature", "properties": { "dinamica": "HURTO", "titulo": "DELITOS CONTRA EL PATRIMONIO ECONOMICO", "capitulo": "DEL HURTO", "articulo": "HURTO CALIFICADO. ART. 240 C.P.", "grado_deli": "AGRAVADO", "tipo_notic": "DENUNCIA", "caracteriz": "HURTO A PERSONAS", "modalidad": "ATRACO", "modo": "ARMA BLANCA", "motivo": null, "pais": "COLOMBIA", "dane_dep": 76, "departamen": "VALLE DEL CAUCA", "dane_mpio": 76001, "municipio": "CALI", "cod_comuna": 3.0, "comuna": "Comuna 3", "cod_barrio": 306.0, "nom_barrio": "San Juan Bosco", "direccion": "76001 Calle 10 14, San Juan Bosco, Cali, Valle del Cauca, COL,SAN JUAN BOSCO", "sitio": "SIN INFORMACION", "x": -76.532005310060001, "y": 3.4430620670300001, "anio": 2024, "mes": "junio", "dia": 1, "dia_semana": 7, "hora_hecho": "15:46", "barrio": "SAN JUAN BOSCO", "estrato": 3, "geom": "0101000020E6100000000000600C2253C000000020648B0B40", "fecha_hech": "2024-06-01 00:00:00", "Id": 0, "area": 136572.15568900001 }, "geometry": { "type": "Point", "coordinates": [ -76.532005310060001, 3.44306206703 ] } },
{ "type": "Feature", "properties": { "dinamica": "HURTO", "titulo": "DELITOS CONTRA EL PATRIMONIO ECONOMICO", "capitulo": "DEL HURTO", "articulo": "HURTO CALIFICADO. ART. 240 C.P.", "grado_deli": "AGRAVADO", "tipo_notic": "DENUNCIA", "caracteriz": "HURTO A PERSONAS", "modalidad": "ATRACO", "modo": "ARMA BLANCA", "motivo": null, "pais": "COLOMBIA", "dane_dep": 76, "departamen": "VALLE DEL CAUCA", "dane_mpio": 76001, "municipio": "CALI", "cod_comuna": 3.0, "comuna": "Comuna 3", "cod_barrio": 310.0, "nom_barrio": "El Calvario", "direccion": "76001 CALLE 14, EL CALVARIO, CALI, VALLE DEL CAUCA", "sitio": "VIA PUBLICA", "x": -76.527969360349999, "y": 3.44753694534, "anio": 2024, "mes": "junio", "dia": 6, "dia_semana": 5, "hora_hecho": "04:00", "barrio": "EL CALVARIO", "estrato": 3, "geom": "0101000020E610000000000040CA2153C0000000408E940B40", "fecha_hech": "2024-06-06 00:00:00", "Id": 0, "area": 136572.15568900001 }, "geometry": { "type": "Point", "coordinates": [ -76.527969360349999, 3.44753694534 ] } },
{ "type": "Feature", "properties": { "dinamica": "HURTO", "titulo": "DELITOS CONTRA EL PATRIMONIO ECONOMICO", "capitulo": "DEL HURTO", "articulo": "HURTO CALIFICADO. ART. 240 C.P.", "grado_deli": "NINGUNO", "tipo_notic": "DENUNCIA", "caracteriz": "HURTO A PERSONAS", "modalidad": "COSQUILLEO", "modo": null, "motivo": null, "pais": "COLOMBIA", "dane_dep": 76, "departamen": "VALLE DEL CAUCA", "dane_mpio": 76001, "municipio": "CALI", "cod_comuna": 3.0, "comuna": "Comuna 3", "cod_barrio": 309.0, "nom_barrio": "San Pascual", "direccion": "76001 CALLE 14 12A 99", "sitio": "CENTRO COMERCIAL", "x": -76.52744293213, "y": 3.4447400569900002, "anio": 2024, "mes": "junio", "dia": 6, "dia_semana": 5, "hora_hecho": "15:00", "barrio": "SAN PASCUAL", "estrato": 1, "geom": "0101000020E6100000000000A0C12153C0000000E0D38E0B40", "fecha_hech": "2024-06-06 00:00:00", "Id": 0, "area": 136572.15568900001 }, "geometry": { "type": "Point", "coordinates": [ -76.52744293213, 3.44474005699 ] } },
{ "type": "Feature", "properties": { "dinamica": "HURTO", "titulo": "DELITOS CONTRA EL PATRIMONIO ECONOMICO", "capitulo": "DEL HURTO", "articulo": "HURTO CALIFICADO. ART. 240 C.P.", "grado_deli": "NINGUNO", "tipo_notic": "DENUNCIA", "caracteriz": "HURTO A PERSONAS", "modalidad": "ATRACO", "modo": "ARMA DE FUEGO", "motivo": null, "pais": "COLOMBIA", "dane_dep": 76, "departamen": "VALLE DEL CAUCA", "dane_mpio": 76001, "municipio": "CALI", "cod_comuna": 3.0, "comuna": "Comuna 3", "cod_barrio": 309.0, "nom_barrio": "San Pascual", "direccion": "76001 AVENIDA CIUDADES CONFEDERADAS 89", "sitio": "VIA PUBLICA", "x": -76.526725769039999, "y": 3.4445900917099999, "anio": 2024, "mes": "junio", "dia": 6, "dia_semana": 5, "hora_hecho": "15:30", "barrio": "SAN PASCUAL", "estrato": 1, "geom": "0101000020E6100000000000E0B52153C000000040858E0B40", "fecha_hech": "2024-06-06 00:00:00", "Id": 0, "area": 136572.15568900001 }, "geometry": { "type": "Point", "coordinates": [ -76.526725769039999, 3.44459009171 ] } },
{ "type": "Feature", "properties": { "dinamica": "HURTO", "titulo": "DELITOS CONTRA EL PATRIMONIO ECONOMICO", "capitulo": "DEL HURTO", "articulo": "HURTO CALIFICADO. ART. 240 C.P.", "grado_deli": "NINGUNO", "tipo_notic": "DENUNCIA", "caracteriz": "HURTO A CELULARES", "modalidad": "COSQUILLEO", "modo": null, "motivo": null, "pais": "COLOMBIA", "dane_dep": 76, "departamen": "VALLE DEL CAUCA", "dane_mpio": 76001, "municipio": "CALI", "cod_comuna": 3.0, "comuna": "Comuna 3", "cod_barrio": 307.0, "nom_barrio": "Santa Rosa", "direccion": "76001 CARRERA 10 10 60, SANTIAGO DE CALI, CALI, VALLE DEL CAUCA", "sitio": "ESTABLECIMIENTO DE COMERCIO", "x": -76.531929016109999, "y": 3.4468820095099999, "anio": 2024, "mes": "junio", "dia": 8, "dia_semana": 7, "hora_hecho": "01:45", "barrio": "SANTA ROSA", "estrato": 3, "geom": "0101000020E6100000000000200B2253C0000000E036930B40", "fecha_hech": "2024-06-08 00:00:00", "Id": 0, "area": 136572.15568900001 }, "geometry": { "type": "Point", "coordinates": [ -76.531929016109999, 3.44688200951 ] } },
{ "type": "Feature", "properties": { "dinamica": "HURTO", "titulo": "DELITOS CONTRA EL PATRIMONIO ECONOMICO", "capitulo": "DEL HURTO", "articulo": "HURTO CALIFICADO. ART. 240 C.P.", "grado_deli": "NINGUNO", "tipo_notic": "DENUNCIA", "caracteriz": "HURTO DE MOTOCICLETAS", "modalidad": "HALADO", "modo": null, "motivo": null, "pais": "COLOMBIA", "dane_dep": 76, "departamen": "VALLE DEL CAUCA", "dane_mpio": 76001, "municipio": "CALI", "cod_comuna": 3.0, "comuna": "Comuna 3", "cod_barrio": 310.0, "nom_barrio": "El Calvario", "direccion": "76001 CALLE 14, EL CALVARIO, CALI, VALLE DEL CAUCA", "sitio": "VIA PUBLICA", "x": -76.527969360349999, "y": 3.44753694534, "anio": 2024, "mes": "junio", "dia": 10, "dia_semana": 2, "hora_hecho": "01:30", "barrio": "EL CALVARIO", "estrato": 3, "geom": "0101000020E610000000000040CA2153C0000000408E940B40", "fecha_hech": "2024-06-10 00:00:00", "Id": 0, "area": 136572.15568900001 }, "geometry": { "type": "Point", "coordinates": [ -76.527969360349999, 3.44753694534 ] } },
{ "type": "Feature", "properties": { "dinamica": "HURTO", "titulo": "DELITOS CONTRA EL PATRIMONIO ECONOMICO", "capitulo": "DEL HURTO", "articulo": "HURTO. ART. 239 C.P.", "grado_deli": "AGRAVADO", "tipo_notic": "DENUNCIA", "caracteriz": "HURTO A PERSONAS", "modalidad": "COSQUILLEO", "modo": null, "motivo": null, "pais": "COLOMBIA", "dane_dep": 76, "departamen": "VALLE DEL CAUCA", "dane_mpio": 76001, "municipio": "CALI", "cod_comuna": 3.0, "comuna": "Comuna 3", "cod_barrio": 309.0, "nom_barrio": "San Pascual", "direccion": "76001 CALLE 13A 13 42", "sitio": "TRANSPORTE MASIVO", "x": -76.528053283689999, "y": 3.44433307648, "anio": 2024, "mes": "junio", "dia": 12, "dia_semana": 4, "hora_hecho": "22:30", "barrio": "SAN PASCUAL", "estrato": 1, "geom": "0101000020E6100000000000A0CB2153C000000080FE8D0B40", "fecha_hech": "2024-06-12 00:00:00", "Id": 0, "area": 136572.15568900001 }, "geometry": { "type": "Point", "coordinates": [ -76.528053283689999, 3.44433307648 ] } },
{ "type": "Feature", "properties": { "dinamica": "HURTO", "titulo": "DELITOS CONTRA EL PATRIMONIO ECONOMICO", "capitulo": "DEL HURTO", "articulo": "HURTO CALIFICADO. ART. 240 C.P.", "grado_deli": "NINGUNO", "tipo_notic": "DENUNCIA", "caracteriz": "HURTO A PERSONAS", "modalidad": "ATRACO", "modo": "ARMA DE FUEGO", "motivo": null, "pais": "COLOMBIA", "dane_dep": 76, "departamen": "VALLE DEL CAUCA", "dane_mpio": 76001, "municipio": "CALI", "cod_comuna": 3.0, "comuna": "Comuna 3", "cod_barrio": 309.0, "nom_barrio": "San Pascual", "direccion": "76001 Calle 15 12 30, Santiago De Cali, Cali, Valle Del Cauca, COL,SAN PASCUAL", "sitio": "SIN INFORMACION", "x": -76.52717590332, "y": 3.4455399513199998, "anio": 2024, "mes": "junio", "dia": 15, "dia_semana": 7, "hora_hecho": "08:14", "barrio": "SAN PASCUAL", "estrato": 1, "geom": "0101000020E610000000000040BD2153C00000004077900B40", "fecha_hech": "2024-06-15 00:00:00", "Id": 0, "area": 136572.15568900001 }, "geometry": { "type": "Point", "coordinates": [ -76.52717590332, 3.44553995132 ] } },
{ "type": "Feature", "properties": { "dinamica": "HURTO", "titulo": "DELITOS CONTRA EL PATRIMONIO ECONOMICO", "capitulo": "DEL HURTO", "articulo": "HURTO CALIFICADO. ART. 240 C.P.", "grado_deli": "NINGUNO", "tipo_notic": "DENUNCIA", "caracteriz": "HURTO A PERSONAS", "modalidad": "ATRACO", "modo": "ARMA BLANCA", "motivo": null, "pais": "COLOMBIA", "dane_dep": 76, "departamen": "VALLE DEL CAUCA", "dane_mpio": 76001, "municipio": "CALI", "cod_comuna": 3.0, "comuna": "Comuna 3", "cod_barrio": 309.0, "nom_barrio": "San Pascual", "direccion": "76001 BARRIO/LOCALIDAD/COMUNA:SAN PASCUAL/COMUNA 3,CALI/VALLE DEL CAUCA,SAN PASCUAL", "sitio": "SIN INFORMACION", "x": -76.527725219730002, "y": 3.4442870616899999, "anio": 2024, "mes": "junio", "dia": 21, "dia_semana": 6, "hora_hecho": "06:02", "barrio": "SAN PASCUAL", "estrato": 1, "geom": "0101000020E610000000000040C62153C000000060E68D0B40", "fecha_hech": "2024-06-21 00:00:00", "Id": 0, "area": 136572.15568900001 }, "geometry": { "type": "Point", "coordinates": [ -76.527725219730002, 3.44428706169 ] } },
{ "type": "Feature", "properties": { "dinamica": "HURTO", "titulo": "DELITOS CONTRA EL PATRIMONIO ECONOMICO", "capitulo": "DEL HURTO", "articulo": "HURTO CALIFICADO. ART. 240 C.P.", "grado_deli": "AGRAVADO", "tipo_notic": "DENUNCIA", "caracteriz": "HURTO A CELULARES", "modalidad": "ATRACO", "modo": "ARMA BLANCA", "motivo": "SIN DETERMINAR", "pais": "COLOMBIA", "dane_dep": 76, "departamen": "VALLE DEL CAUCA", "dane_mpio": 76001, "municipio": "CALI", "cod_comuna": 3.0, "comuna": "Comuna 3", "cod_barrio": 309.0, "nom_barrio": "San Pascual", "direccion": "76001 SAN PASCUAL, CALI, VALLE DEL CAUCA, COL,SAN PASCUAL", "sitio": "TRANSPORTE MASIVO", "x": -76.528007507319998, "y": 3.4441530704500001, "anio": 2024, "mes": "junio", "dia": 22, "dia_semana": 7, "hora_hecho": "04:20", "barrio": "SAN PASCUAL", "estrato": 1, "geom": "0101000020E6100000000000E0CA2153C000000020A08D0B40", "fecha_hech": "2024-06-22 00:00:00", "Id": 0, "area": 136572.15568900001 }, "geometry": { "type": "Point", "coordinates": [ -76.528007507319998, 3.44415307045 ] } },
{ "type": "Feature", "properties": { "dinamica": "HURTO", "titulo": "DELITOS CONTRA EL PATRIMONIO ECONOMICO", "capitulo": "DEL HURTO", "articulo": "HURTO. ART. 239 C.P.", "grado_deli": "NINGUNO", "tipo_notic": "DENUNCIA", "caracteriz": "HURTO A CELULARES", "modalidad": "FACTOR DE OPORTUNIDAD", "modo": null, "motivo": null, "pais": "COLOMBIA", "dane_dep": 76, "departamen": "VALLE DEL CAUCA", "dane_mpio": 76001, "municipio": "CALI", "cod_comuna": 3.0, "comuna": "Comuna 3", "cod_barrio": 307.0, "nom_barrio": "Santa Rosa", "direccion": "76001 Carrera 10 10 60, Santiago De Cali, Cali, Valle Del Cauca, COL,SANTA ROSA", "sitio": "SIN INFORMACION", "x": -76.531929016109999, "y": 3.4468820095099999, "anio": 2024, "mes": "junio", "dia": 22, "dia_semana": 7, "hora_hecho": "06:06", "barrio": "SANTA ROSA", "estrato": 3, "geom": "0101000020E6100000000000200B2253C0000000E036930B40", "fecha_hech": "2024-06-22 00:00:00", "Id": 0, "area": 136572.15568900001 }, "geometry": { "type": "Point", "coordinates": [ -76.531929016109999, 3.44688200951 ] } },
{ "type": "Feature", "properties": { "dinamica": "HURTO", "titulo": "DELITOS CONTRA EL PATRIMONIO ECONOMICO", "capitulo": "DEL HURTO", "articulo": "HURTO. ART. 239 C.P.", "grado_deli": "AGRAVADO", "tipo_notic": "DENUNCIA", "caracteriz": "HURTO A PERSONAS", "modalidad": "COSQUILLEO", "modo": null, "motivo": null, "pais": "COLOMBIA", "dane_dep": 76, "departamen": "VALLE DEL CAUCA", "dane_mpio": 76001, "municipio": "CALI", "cod_comuna": 3.0, "comuna": "Comuna 3", "cod_barrio": 309.0, "nom_barrio": "San Pascual", "direccion": "76001 CL 15 CON CON KR 15", "sitio": "SIN INFORMACION", "x": -76.526039123540002, "y": 3.44271707535, "anio": 2024, "mes": "junio", "dia": 25, "dia_semana": 3, "hora_hecho": "07:00", "barrio": null, "estrato": 1, "geom": "0101000020E6100000000000A0AA2153C000000040AF8A0B40", "fecha_hech": "2024-06-25 00:00:00", "Id": 0, "area": 136572.15568900001 }, "geometry": { "type": "Point", "coordinates": [ -76.526039123540002, 3.44271707535 ] } },
{ "type": "Feature", "properties": { "dinamica": "HURTO", "titulo": "DELITOS CONTRA EL PATRIMONIO ECONOMICO", "capitulo": "DEL HURTO", "articulo": "HURTO CALIFICADO. ART. 240 C.P.", "grado_deli": "AGRAVADO", "tipo_notic": "DENUNCIA", "caracteriz": "HURTO A PERSONAS", "modalidad": "ATRACO", "modo": "ARMA BLANCA", "motivo": null, "pais": "COLOMBIA", "dane_dep": 76, "departamen": "VALLE DEL CAUCA", "dane_mpio": 76001, "municipio": "CALI", "cod_comuna": 3.0, "comuna": "Comuna 3", "cod_barrio": 307.0, "nom_barrio": "Santa Rosa", "direccion": "76001 CARRERA 11 10 144", "sitio": "VIA PUBLICA", "x": -76.531364440920001, "y": 3.4463319778399999, "anio": 2024, "mes": "junio", "dia": 25, "dia_semana": 3, "hora_hecho": "15:00", "barrio": "SANTA ROSA", "estrato": 3, "geom": "0101000020E6100000000000E0012253C00000008016920B40", "fecha_hech": "2024-06-25 00:00:00", "Id": 0, "area": 136572.15568900001 }, "geometry": { "type": "Point", "coordinates": [ -76.531364440920001, 3.44633197784 ] } },
{ "type": "Feature", "properties": { "dinamica": "HURTO", "titulo": "DELITOS CONTRA EL PATRIMONIO ECONOMICO", "capitulo": "DEL HURTO", "articulo": "HURTO. ART. 239 C.P.", "grado_deli": "AGRAVADO", "tipo_notic": "DENUNCIA", "caracteriz": "HURTO A CELULARES", "modalidad": "COSQUILLEO", "modo": null, "motivo": null, "pais": "COLOMBIA", "dane_dep": 76, "departamen": "VALLE DEL CAUCA", "dane_mpio": 76001, "municipio": "CALI", "cod_comuna": 3.0, "comuna": "Comuna 3", "cod_barrio": 307.0, "nom_barrio": "Santa Rosa", "direccion": "76001 CALLE 10 10 15", "sitio": "ESTABLECIMIENTO DE COMERCIO", "x": -76.532348632809999, "y": 3.4467461109199999, "anio": 2024, "mes": "junio", "dia": 30, "dia_semana": 1, "hora_hecho": "23:00", "barrio": "SANTA ROSA", "estrato": 3, "geom": "0101000020E610000000000000122253C0000000A0EF920B40", "fecha_hech": "2024-06-30 00:00:00", "Id": 0, "area": 136572.15568900001 }, "geometry": { "type": "Point", "coordinates": [ -76.532348632809999, 3.44674611092 ] } },
{ "type": "Feature", "properties": { "dinamica": "HURTO", "titulo": "DELITOS CONTRA EL PATRIMONIO ECONOMICO", "capitulo": "DEL HURTO", "articulo": "HURTO CALIFICADO. ART. 240 C.P.", "grado_deli": "NINGUNO", "tipo_notic": "DENUNCIA", "caracteriz": "HURTO A PERSONAS", "modalidad": "ATRACO", "modo": "ARMA BLANCA", "motivo": null, "pais": "COLOMBIA", "dane_dep": 76, "departamen": "VALLE DEL CAUCA", "dane_mpio": 76001, "municipio": "CALI", "cod_comuna": 3.0, "comuna": "Comuna 3", "cod_barrio": 306.0, "nom_barrio": "San Juan Bosco", "direccion": "76001 CARRERA A 18 09, SANTIAGO DE CALI, CALI, VALLE DEL CAUCA", "sitio": "VIA PUBLICA", "x": -76.531646728520002, "y": 3.44480895996, "anio": 2024, "mes": "julio", "dia": 7, "dia_semana": 1, "hora_hecho": "09:10", "barrio": "SAN JUAN BOSCO", "estrato": 3, "geom": "0101000020E610000000000080062253C000000000F88E0B40", "fecha_hech": "2024-07-07 00:00:00", "Id": 0, "area": 136572.15568900001 }, "geometry": { "type": "Point", "coordinates": [ -76.531646728520002, 3.44480895996 ] } },
{ "type": "Feature", "properties": { "dinamica": "HURTO", "titulo": "DELITOS CONTRA EL PATRIMONIO ECONOMICO", "capitulo": "DEL HURTO", "articulo": "HURTO. ART. 239 C.P.", "grado_deli": "NINGUNO", "tipo_notic": "DENUNCIA", "caracteriz": "HURTO A PERSONAS", "modalidad": "COSQUILLEO", "modo": null, "motivo": null, "pais": "COLOMBIA", "dane_dep": 76, "departamen": "VALLE DEL CAUCA", "dane_mpio": 76001, "municipio": "CALI", "cod_comuna": 3.0, "comuna": "Comuna 3", "cod_barrio": 306.0, "nom_barrio": "San Juan Bosco", "direccion": "76001 CL 9 CON CON KR 14 CL 9 KR 14", "sitio": "SIN INFORMACION", "x": -76.53158569336, "y": 3.44375300407, "anio": 2024, "mes": "julio", "dia": 8, "dia_semana": 2, "hora_hecho": "10:00", "barrio": null, "estrato": 3, "geom": "0101000020E610000000000080052253C000000060CE8C0B40", "fecha_hech": "2024-07-08 00:00:00", "Id": 0, "area": 136572.15568900001 }, "geometry": { "type": "Point", "coordinates": [ -76.53158569336, 3.44375300407 ] } },
{ "type": "Feature", "properties": { "dinamica": "HURTO", "titulo": "DELITOS CONTRA EL PATRIMONIO ECONOMICO", "capitulo": "DEL HURTO", "articulo": "HURTO CALIFICADO. ART. 240 C.P.", "grado_deli": "AGRAVADO", "tipo_notic": "DENUNCIA", "caracteriz": "HURTO A CELULARES", "modalidad": "ATRACO", "modo": "ARMA BLANCA", "motivo": "SIN DETERMINAR", "pais": "COLOMBIA", "dane_dep": 76, "departamen": "VALLE DEL CAUCA", "dane_mpio": 76001, "municipio": "CALI", "cod_comuna": 3.0, "comuna": "Comuna 3", "cod_barrio": 310.0, "nom_barrio": "El Calvario", "direccion": "76001 CARRERA 11 11 2", "sitio": "VIA PUBLICA", "x": -76.53123474121, "y": 3.44638705254, "anio": 2024, "mes": "julio", "dia": 9, "dia_semana": 3, "hora_hecho": "15:00", "barrio": "EL CALVARIO", "estrato": 3, "geom": "0101000020E6100000000000C0FF2153C00000006033920B40", "fecha_hech": "2024-07-09 00:00:00", "Id": 0, "area": 136572.15568900001 }, "geometry": { "type": "Point", "coordinates": [ -76.53123474121, 3.44638705254 ] } },
{ "type": "Feature", "properties": { "dinamica": "HURTO", "titulo": "DELITOS CONTRA EL PATRIMONIO ECONOMICO", "capitulo": "DEL HURTO", "articulo": "HURTO CALIFICADO. ART. 240 C.P.", "grado_deli": "NINGUNO", "tipo_notic": "DENUNCIA", "caracteriz": "HURTO A PERSONAS", "modalidad": "COSQUILLEO", "modo": null, "motivo": null, "pais": "COLOMBIA", "dane_dep": 76, "departamen": "VALLE DEL CAUCA", "dane_mpio": 76001, "municipio": "CALI", "cod_comuna": 3.0, "comuna": "Comuna 3", "cod_barrio": 309.0, "nom_barrio": "San Pascual", "direccion": "76001 Calle 13A 13-2-13-2, San Pascual, Cali, Valle del Cauca, COL,SAN PASCUAL", "sitio": "SIN INFORMACION", "x": -76.528030395510001, "y": 3.4444229602799998, "anio": 2024, "mes": "julio", "dia": 11, "dia_semana": 5, "hora_hecho": "22:39", "barrio": "SAN PASCUAL", "estrato": 1, "geom": "0101000020E610000000000040CB2153C0000000A02D8E0B40", "fecha_hech": "2024-07-11 00:00:00", "Id": 0, "area": 136572.15568900001 }, "geometry": { "type": "Point", "coordinates": [ -76.528030395510001, 3.44442296028 ] } },
{ "type": "Feature", "properties": { "dinamica": "HURTO", "titulo": "DELITOS CONTRA EL PATRIMONIO ECONOMICO", "capitulo": "DEL HURTO", "articulo": "HURTO CALIFICADO. ART. 240 C.P.", "grado_deli": "AGRAVADO", "tipo_notic": "DENUNCIA", "caracteriz": "HURTO A PERSONAS", "modalidad": "ATRACO", "modo": "ARMA DE FUEGO", "motivo": null, "pais": "COLOMBIA", "dane_dep": 76, "departamen": "VALLE DEL CAUCA", "dane_mpio": 76001, "municipio": "CALI", "cod_comuna": 3.0, "comuna": "Comuna 3", "cod_barrio": 307.0, "nom_barrio": "Santa Rosa", "direccion": "76001 AVENIDA GENERAL ELISEO PAYAN 10 16", "sitio": "VIA PUBLICA", "x": -76.532417297359999, "y": 3.4469149112699999, "anio": 2024, "mes": "julio", "dia": 14, "dia_semana": 1, "hora_hecho": "03:30", "barrio": "SANTA ROSA", "estrato": 3, "geom": "0101000020E610000000000020132253C00000002048930B40", "fecha_hech": "2024-07-14 00:00:00", "Id": 0, "area": 136572.15568900001 }, "geometry": { "type": "Point", "coordinates": [ -76.532417297359999, 3.44691491127 ] } },
{ "type": "Feature", "properties": { "dinamica": "HURTO", "titulo": "DELITOS CONTRA EL PATRIMONIO ECONOMICO", "capitulo": "DEL HURTO", "articulo": "HURTO. ART. 239 C.P.", "grado_deli": "NINGUNO", "tipo_notic": "DENUNCIA", "caracteriz": "HURTO A PERSONAS", "modalidad": "COSQUILLEO", "modo": null, "motivo": null, "pais": "COLOMBIA", "dane_dep": 76, "departamen": "VALLE DEL CAUCA", "dane_mpio": 76001, "municipio": "CALI", "cod_comuna": 3.0, "comuna": "Comuna 3", "cod_barrio": 309.0, "nom_barrio": "San Pascual", "direccion": "76001 San Pascual, Cali, Valle del Cauca, COL,SAN PASCUAL", "sitio": "SIN INFORMACION", "x": -76.528007507319998, "y": 3.4441530704500001, "anio": 2024, "mes": "julio", "dia": 18, "dia_semana": 5, "hora_hecho": "13:25", "barrio": "SAN PASCUAL", "estrato": 1, "geom": "0101000020E6100000000000E0CA2153C000000020A08D0B40", "fecha_hech": "2024-07-18 00:00:00", "Id": 0, "area": 136572.15568900001 }, "geometry": { "type": "Point", "coordinates": [ -76.528007507319998, 3.44415307045 ] } },
{ "type": "Feature", "properties": { "dinamica": "HURTO", "titulo": "DELITOS CONTRA EL PATRIMONIO ECONOMICO", "capitulo": "DEL HURTO", "articulo": "HURTO. ART. 239 C.P.", "grado_deli": "AGRAVADO", "tipo_notic": "DENUNCIA", "caracteriz": "HURTO A PERSONAS", "modalidad": "COSQUILLEO", "modo": null, "motivo": null, "pais": "COLOMBIA", "dane_dep": 76, "departamen": "VALLE DEL CAUCA", "dane_mpio": 76001, "municipio": "CALI", "cod_comuna": 3.0, "comuna": "Comuna 3", "cod_barrio": 306.0, "nom_barrio": "San Juan Bosco", "direccion": "76001 CARRERA 14 CON CALLE 12, SAN JUAN BOSCO, CALI, VALLE DEL CAUCA", "sitio": "TRANSPORTE MASIVO", "x": -76.529830932620001, "y": 3.4434530735000002, "anio": 2024, "mes": "julio", "dia": 18, "dia_semana": 5, "hora_hecho": "18:30", "barrio": "SAN JUAN BOSCO", "estrato": 3, "geom": "0101000020E6100000000000C0E82153C000000020318C0B40", "fecha_hech": "2024-07-18 00:00:00", "Id": 0, "area": 136572.15568900001 }, "geometry": { "type": "Point", "coordinates": [ -76.529830932620001, 3.4434530735 ] } },
{ "type": "Feature", "properties": { "dinamica": "HURTO", "titulo": "DELITOS CONTRA EL PATRIMONIO ECONOMICO", "capitulo": "DEL HURTO", "articulo": "HURTO CALIFICADO. ART. 240 C.P.", "grado_deli": "AGRAVADO", "tipo_notic": "DENUNCIA", "caracteriz": "HURTO DE MOTOCICLETAS", "modalidad": "ATRACO", "modo": "ARMA DE FUEGO", "motivo": null, "pais": "COLOMBIA", "dane_dep": 76, "departamen": "VALLE DEL CAUCA", "dane_mpio": 76001, "municipio": "CALI", "cod_comuna": 3.0, "comuna": "Comuna 3", "cod_barrio": 310.0, "nom_barrio": "El Calvario", "direccion": "76001 Calle 13a 11 112, Santiago De Cali, Cali, Valle Del Cauca, COL,EL CALVARIO", "sitio": "SIN INFORMACION", "x": -76.528450012210001, "y": 3.4458599090600002, "anio": 2024, "mes": "julio", "dia": 19, "dia_semana": 6, "hora_hecho": "10:00", "barrio": "EL CALVARIO", "estrato": 3, "geom": "0101000020E610000000000020D22153C0000000001F910B40", "fecha_hech": "2024-07-19 00:00:00", "Id": 0, "area": 136572.15568900001 }, "geometry": { "type": "Point", "coordinates": [ -76.528450012210001, 3.44585990906 ] } },
{ "type": "Feature", "properties": { "dinamica": "HURTO", "titulo": "DELITOS CONTRA EL PATRIMONIO ECONOMICO", "capitulo": "DEL HURTO", "articulo": "HURTO CALIFICADO. ART. 240 C.P.", "grado_deli": "NINGUNO", "tipo_notic": "DENUNCIA", "caracteriz": "HURTO A PERSONAS", "modalidad": "ATRACO", "modo": "ARMA DE FUEGO", "motivo": null, "pais": "COLOMBIA", "dane_dep": 76, "departamen": "VALLE DEL CAUCA", "dane_mpio": 76001, "municipio": "CALI", "cod_comuna": 3.0, "comuna": "Comuna 3", "cod_barrio": 309.0, "nom_barrio": "San Pascual", "direccion": "76001 CALLE 13 CON CARRERA 12, EL CALVARIO, CALI, VALLE DEL CAUCA", "sitio": "VIA PUBLICA", "x": -76.529251098629999, "y": 3.4456059932700001, "anio": 2024, "mes": "julio", "dia": 21, "dia_semana": 1, "hora_hecho": "03:13", "barrio": "SAN PASCUAL", "estrato": 1, "geom": "0101000020E610000000000040DF2153C0000000E099900B40", "fecha_hech": "2024-07-21 00:00:00", "Id": 0, "area": 136572.15568900001 }, "geometry": { "type": "Point", "coordinates": [ -76.529251098629999, 3.44560599327 ] } },
{ "type": "Feature", "properties": { "dinamica": "HURTO", "titulo": "DELITOS CONTRA EL PATRIMONIO ECONOMICO", "capitulo": "DEL HURTO", "articulo": "HURTO CALIFICADO. ART. 240 C.P.", "grado_deli": "NINGUNO", "tipo_notic": "DENUNCIA", "caracteriz": "HURTO A PERSONAS", "modalidad": "ATRACO", "modo": "SIN ARMA", "motivo": null, "pais": "COLOMBIA", "dane_dep": 76, "departamen": "VALLE DEL CAUCA", "dane_mpio": 76001, "municipio": "CALI", "cod_comuna": 3.0, "comuna": "Comuna 3", "cod_barrio": 310.0, "nom_barrio": "El Calvario", "direccion": "76001 CALLE 13A 10 34", "sitio": "VIA PUBLICA", "x": -76.529220581049998, "y": 3.4474279880499998, "anio": 2024, "mes": "julio", "dia": 25, "dia_semana": 5, "hora_hecho": "20:30", "barrio": "EL CALVARIO", "estrato": 3, "geom": "0101000020E6100000000000C0DE2153C00000002055940B40", "fecha_hech": "2024-07-25 00:00:00", "Id": 0, "area": 136572.15568900001 }, "geometry": { "type": "Point", "coordinates": [ -76.529220581049998, 3.44742798805 ] } },
{ "type": "Feature", "properties": { "dinamica": "HURTO", "titulo": "DELITOS CONTRA EL PATRIMONIO ECONOMICO", "capitulo": "DEL HURTO", "articulo": "HURTO CALIFICADO. ART. 240 C.P.", "grado_deli": "NINGUNO", "tipo_notic": "DENUNCIA", "caracteriz": "HURTO A PERSONAS", "modalidad": "ATRACO", "modo": "ARMA DE FUEGO", "motivo": null, "pais": "COLOMBIA", "dane_dep": 76, "departamen": "VALLE DEL CAUCA", "dane_mpio": 76001, "municipio": "CALI", "cod_comuna": 3.0, "comuna": "Comuna 3", "cod_barrio": 310.0, "nom_barrio": "El Calvario", "direccion": "76001 CARRERA 11, EL CALVARIO, CALI, VALLE DEL CAUCA", "sitio": "VIA PUBLICA", "x": -76.527488708500002, "y": 3.4473280906700001, "anio": 2024, "mes": "julio", "dia": 31, "dia_semana": 4, "hora_hecho": "04:02", "barrio": "EL CALVARIO", "estrato": 3, "geom": "0101000020E610000000000060C22153C0000000C020940B40", "fecha_hech": "2024-07-31 00:00:00", "Id": 0, "area": 136572.15568900001 }, "geometry": { "type": "Point", "coordinates": [ -76.527488708500002, 3.44732809067 ] } },
{ "type": "Feature", "properties": { "dinamica": "HURTO", "titulo": "DELITOS CONTRA EL PATRIMONIO ECONOMICO", "capitulo": "DEL HURTO", "articulo": "HURTO CALIFICADO. ART. 240 C.P.", "grado_deli": "NINGUNO", "tipo_notic": "DENUNCIA", "caracteriz": "HURTO DE MOTOCICLETAS", "modalidad": "ATRACO", "modo": "ARMA DE FUEGO", "motivo": null, "pais": "COLOMBIA", "dane_dep": 76, "departamen": "VALLE DEL CAUCA", "dane_mpio": 76001, "municipio": "CALI", "cod_comuna": 3.0, "comuna": "Comuna 3", "cod_barrio": 307.0, "nom_barrio": "Santa Rosa", "direccion": "76001 CALLE 10 10-65, SANTA ROSA, CALI, VALLE DEL CAUCA", "sitio": "VIA PUBLICA", "x": -76.532417297359999, "y": 3.44599509239, "anio": 2024, "mes": "agosto", "dia": 3, "dia_semana": 7, "hora_hecho": "02:00", "barrio": "SANTA ROSA", "estrato": 3, "geom": "0101000020E610000000000020132253C0000000E065910B40", "fecha_hech": "2024-08-03 00:00:00", "Id": 0, "area": 136572.15568900001 }, "geometry": { "type": "Point", "coordinates": [ -76.532417297359999, 3.44599509239 ] } },
{ "type": "Feature", "properties": { "dinamica": "HURTO", "titulo": "DELITOS CONTRA EL PATRIMONIO ECONOMICO", "capitulo": "DEL HURTO", "articulo": "HURTO CALIFICADO. ART. 240 C.P.", "grado_deli": "AGRAVADO", "tipo_notic": "DENUNCIA", "caracteriz": "HURTO A CELULARES", "modalidad": "RAPONAZO", "modo": null, "motivo": "SIN DETERMINAR", "pais": "COLOMBIA", "dane_dep": 76, "departamen": "VALLE DEL CAUCA", "dane_mpio": 76001, "municipio": "CALI", "cod_comuna": 3.0, "comuna": "Comuna 3", "cod_barrio": 310.0, "nom_barrio": "El Calvario", "direccion": "76001 BARRIO/LOCALIDAD/COMUNA:EL CALVARIO/COMUNA 3,CALI/VALLE DEL CAUCA,EL CALVARIO", "sitio": "SIN INFORMACION", "x": -76.529579162600001, "y": 3.4476161003099999, "anio": 2024, "mes": "agosto", "dia": 10, "dia_semana": 7, "hora_hecho": "20:00", "barrio": "EL CALVARIO", "estrato": 3, "geom": "0101000020E6100000000000A0E42153C0000000C0B7940B40", "fecha_hech": "2024-08-10 00:00:00", "Id": 0, "area": 136572.15568900001 }, "geometry": { "type": "Point", "coordinates": [ -76.529579162600001, 3.44761610031 ] } },
{ "type": "Feature", "properties": { "dinamica": "HURTO", "titulo": "DELITOS CONTRA EL PATRIMONIO ECONOMICO", "capitulo": "DEL HURTO", "articulo": "HURTO CALIFICADO. ART. 240 C.P.", "grado_deli": "AGRAVADO", "tipo_notic": "DENUNCIA", "caracteriz": "HURTO A PERSONAS", "modalidad": "ATRACO", "modo": "ARMA BLANCA", "motivo": null, "pais": "COLOMBIA", "dane_dep": 76, "departamen": "VALLE DEL CAUCA", "dane_mpio": 76001, "municipio": "CALI", "cod_comuna": 3.0, "comuna": "Comuna 3", "cod_barrio": 309.0, "nom_barrio": "San Pascual", "direccion": "76001 CARRERA 13A 14 59", "sitio": "VIA PUBLICA", "x": -76.526763916020002, "y": 3.4440789222700001, "anio": 2024, "mes": "agosto", "dia": 11, "dia_semana": 1, "hora_hecho": "21:30", "barrio": "SAN PASCUAL", "estrato": 1, "geom": "0101000020E610000000000080B62153C000000040798D0B40", "fecha_hech": "2024-08-11 00:00:00", "Id": 0, "area": 136572.15568900001 }, "geometry": { "type": "Point", "coordinates": [ -76.526763916020002, 3.44407892227 ] } },
{ "type": "Feature", "properties": { "dinamica": "HURTO", "titulo": "DELITOS CONTRA EL PATRIMONIO ECONOMICO", "capitulo": "DEL HURTO", "articulo": "HURTO. ART. 239 C.P.", "grado_deli": "AGRAVADO", "tipo_notic": "DENUNCIA", "caracteriz": "HURTO A PERSONAS", "modalidad": "FACTOR DE OPORTUNIDAD", "modo": null, "motivo": null, "pais": "COLOMBIA", "dane_dep": 76, "departamen": "VALLE DEL CAUCA", "dane_mpio": 76001, "municipio": "CALI", "cod_comuna": 3.0, "comuna": "Comuna 3", "cod_barrio": 306.0, "nom_barrio": "San Juan Bosco", "direccion": "76001 CARRERA 12 11 46", "sitio": "VIA PUBLICA", "x": -76.530654907230002, "y": 3.44545292854, "anio": 2024, "mes": "agosto", "dia": 14, "dia_semana": 4, "hora_hecho": "04:30", "barrio": "SAN JUAN BOSCO", "estrato": 3, "geom": "0101000020E610000000000040F62153C0000000A049900B40", "fecha_hech": "2024-08-14 00:00:00", "Id": 0, "area": 136572.15568900001 }, "geometry": { "type": "Point", "coordinates": [ -76.530654907230002, 3.44545292854 ] } },
{ "type": "Feature", "properties": { "dinamica": "HURTO", "titulo": "DELITOS CONTRA EL PATRIMONIO ECONOMICO", "capitulo": "DEL HURTO", "articulo": "HURTO. ART. 239 C.P.", "grado_deli": "NINGUNO", "tipo_notic": "DENUNCIA", "caracteriz": "HURTO A CELULARES", "modalidad": "COSQUILLEO", "modo": null, "motivo": null, "pais": "COLOMBIA", "dane_dep": 76, "departamen": "VALLE DEL CAUCA", "dane_mpio": 76001, "municipio": "CALI", "cod_comuna": 3.0, "comuna": "Comuna 3", "cod_barrio": 309.0, "nom_barrio": "San Pascual", "direccion": "76001 Carrera 13 13 75, Santiago De Cali, Cali, Valle Del Cauca, COL,SAN PASCUAL", "sitio": "SIN INFORMACION", "x": -76.528312683110002, "y": 3.44470191002, "anio": 2024, "mes": "agosto", "dia": 15, "dia_semana": 5, "hora_hecho": "02:50", "barrio": "SAN PASCUAL", "estrato": 1, "geom": "0101000020E6100000000000E0CF2153C0000000E0BF8E0B40", "fecha_hech": "2024-08-15 00:00:00", "Id": 0, "area": 136572.15568900001 }, "geometry": { "type": "Point", "coordinates": [ -76.528312683110002, 3.44470191002 ] } },
{ "type": "Feature", "properties": { "dinamica": "HURTO", "titulo": "DELITOS CONTRA EL PATRIMONIO ECONOMICO", "capitulo": "DEL HURTO", "articulo": "HURTO CALIFICADO. ART. 240 C.P.", "grado_deli": "NINGUNO", "tipo_notic": "DENUNCIA", "caracteriz": "HURTO A RESIDENCIA", "modalidad": "LLAVE MAESTRA", "modo": null, "motivo": null, "pais": "COLOMBIA", "dane_dep": 76, "departamen": "VALLE DEL CAUCA", "dane_mpio": 76001, "municipio": "CALI", "cod_comuna": 3.0, "comuna": "Comuna 3", "cod_barrio": 310.0, "nom_barrio": "El Calvario", "direccion": "76001 Calle 11 11 85, Santiago De Cali, Cali, Valle Del Cauca, COL,EL CALVARIO", "sitio": "SIN INFORMACION", "x": -76.530967712399999, "y": 3.4459910392799999, "anio": 2024, "mes": "agosto", "dia": 15, "dia_semana": 5, "hora_hecho": "18:30", "barrio": "EL CALVARIO", "estrato": 3, "geom": "0101000020E610000000000060FB2153C0000000C063910B40", "fecha_hech": "2024-08-15 00:00:00", "Id": 0, "area": 136572.15568900001 }, "geometry": { "type": "Point", "coordinates": [ -76.530967712399999, 3.44599103928 ] } },
{ "type": "Feature", "properties": { "dinamica": "HURTO", "titulo": "DELITOS CONTRA EL PATRIMONIO ECONOMICO", "capitulo": "DEL HURTO", "articulo": "HURTO CALIFICADO. ART. 240 C.P.", "grado_deli": "NINGUNO", "tipo_notic": "ACTOS URGENTES", "caracteriz": "HURTO A PERSONAS", "modalidad": "ATRACO", "modo": "ARMA BLANCA", "motivo": null, "pais": "COLOMBIA", "dane_dep": 76, "departamen": "VALLE DEL CAUCA", "dane_mpio": 76001, "municipio": "CALI", "cod_comuna": 3.0, "comuna": "Comuna 3", "cod_barrio": 310.0, "nom_barrio": "El Calvario", "direccion": "76001 CALLE 15 CON CARRERA 12, EL CALVARIO, CALI, VALLE DEL CAUCA", "sitio": "VIA PUBLICA", "x": -76.526947021479998, "y": 3.4459118843100001, "anio": 2024, "mes": "agosto", "dia": 19, "dia_semana": 2, "hora_hecho": "09:00", "barrio": "EL CALVARIO", "estrato": 3, "geom": "0101000020E610000000000080B92153C0000000403A910B40", "fecha_hech": "2024-08-19 00:00:00", "Id": 0, "area": 136572.15568900001 }, "geometry": { "type": "Point", "coordinates": [ -76.526947021479998, 3.44591188431 ] } },
{ "type": "Feature", "properties": { "dinamica": "HURTO", "titulo": "DELITOS CONTRA EL PATRIMONIO ECONOMICO", "capitulo": "DEL HURTO", "articulo": "HURTO. ART. 239 C.P.", "grado_deli": "NINGUNO", "tipo_notic": "DENUNCIA", "caracteriz": "HURTO A PERSONAS", "modalidad": "FACTOR DE OPORTUNIDAD", "modo": null, "motivo": null, "pais": "COLOMBIA", "dane_dep": 76, "departamen": "VALLE DEL CAUCA", "dane_mpio": 76001, "municipio": "CALI", "cod_comuna": 3.0, "comuna": "Comuna 3", "cod_barrio": 306.0, "nom_barrio": "San Juan Bosco", "direccion": "76001 KR 15 CL 11-15 KR 15 CL 11 15", "sitio": "SIN INFORMACION", "x": -76.530586242680002, "y": 3.4429829120600002, "anio": 2024, "mes": "agosto", "dia": 19, "dia_semana": 2, "hora_hecho": "20:30", "barrio": null, "estrato": 3, "geom": "0101000020E610000000000020F52153C0000000A03A8B0B40", "fecha_hech": "2024-08-19 00:00:00", "Id": 0, "area": 136572.15568900001 }, "geometry": { "type": "Point", "coordinates": [ -76.530586242680002, 3.44298291206 ] } },
{ "type": "Feature", "properties": { "dinamica": "HURTO", "titulo": "DELITOS CONTRA EL PATRIMONIO ECONOMICO", "capitulo": "DEL HURTO", "articulo": "HURTO CALIFICADO. ART. 240 C.P.", "grado_deli": "AGRAVADO", "tipo_notic": "DENUNCIA", "caracteriz": "HURTO A PERSONAS", "modalidad": "ATRACO", "modo": "ARMA DE FUEGO", "motivo": null, "pais": "COLOMBIA", "dane_dep": 76, "departamen": "VALLE DEL CAUCA", "dane_mpio": 76001, "municipio": "CALI", "cod_comuna": 3.0, "comuna": "Comuna 3", "cod_barrio": 309.0, "nom_barrio": "San Pascual", "direccion": "76001", "sitio": "SIN INFORMACION", "x": -76.528686523440001, "y": 3.4429440498399999, "anio": 2024, "mes": "agosto", "dia": 24, "dia_semana": 7, "hora_hecho": "04:45", "barrio": null, "estrato": 1, "geom": "0101000020E610000000000000D62153C000000040268B0B40", "fecha_hech": "2024-08-24 00:00:00", "Id": 0, "area": 136572.15568900001 }, "geometry": { "type": "Point", "coordinates": [ -76.528686523440001, 3.44294404984 ] } },
{ "type": "Feature", "properties": { "dinamica": "HURTO", "titulo": "DELITOS CONTRA EL PATRIMONIO ECONOMICO", "capitulo": "DEL HURTO", "articulo": "HURTO CALIFICADO. ART. 240 C.P.", "grado_deli": "AGRAVADO", "tipo_notic": "DENUNCIA", "caracteriz": "HURTO A PERSONAS", "modalidad": "ATRACO", "modo": "ARMA BLANCA", "motivo": null, "pais": "COLOMBIA", "dane_dep": 76, "departamen": "VALLE DEL CAUCA", "dane_mpio": 76001, "municipio": "CALI", "cod_comuna": 3.0, "comuna": "Comuna 3", "cod_barrio": 309.0, "nom_barrio": "San Pascual", "direccion": "76001 KR 15 CON CL 15", "sitio": "SIN INFORMACION", "x": -76.526191711430002, "y": 3.4430170059199998, "anio": 2024, "mes": "agosto", "dia": 25, "dia_semana": 1, "hora_hecho": "03:30", "barrio": null, "estrato": 1, "geom": "0101000020E610000000000020AD2153C0000000804C8B0B40", "fecha_hech": "2024-08-25 00:00:00", "Id": 0, "area": 136572.15568900001 }, "geometry": { "type": "Point", "coordinates": [ -76.526191711430002, 3.44301700592 ] } },
{ "type": "Feature", "properties": { "dinamica": "HURTO", "titulo": "DELITOS CONTRA EL PATRIMONIO ECONOMICO", "capitulo": "DEL HURTO", "articulo": "HURTO CALIFICADO. ART. 240 C.P.", "grado_deli": "NINGUNO", "tipo_notic": "DENUNCIA", "caracteriz": "HURTO DE VEHICULOS", "modalidad": "HALADO", "modo": null, "motivo": null, "pais": "COLOMBIA", "dane_dep": 76, "departamen": "VALLE DEL CAUCA", "dane_mpio": 76001, "municipio": "CALI", "cod_comuna": 3.0, "comuna": "Comuna 3", "cod_barrio": 309.0, "nom_barrio": "San Pascual", "direccion": "76001 CALLE 14 12A 12, SANTIAGO DE CALI, CALI, VALLE DEL CAUCA", "sitio": "VIA PUBLICA", "x": -76.527702331539999, "y": 3.4451050758399999, "anio": 2024, "mes": "agosto", "dia": 25, "dia_semana": 1, "hora_hecho": "23:00", "barrio": "SAN PASCUAL", "estrato": 1, "geom": "0101000020E6100000000000E0C52153C000000040938F0B40", "fecha_hech": "2024-08-25 00:00:00", "Id": 0, "area": 136572.15568900001 }, "geometry": { "type": "Point", "coordinates": [ -76.527702331539999, 3.44510507584 ] } },
{ "type": "Feature", "properties": { "dinamica": "HURTO", "titulo": "DELITOS CONTRA EL PATRIMONIO ECONOMICO", "capitulo": "DEL HURTO", "articulo": "HURTO. ART. 239 C.P.", "grado_deli": "AGRAVADO", "tipo_notic": "DENUNCIA", "caracteriz": "HURTO A PERSONAS", "modalidad": "FACTOR DE OPORTUNIDAD", "modo": null, "motivo": null, "pais": "COLOMBIA", "dane_dep": 76, "departamen": "VALLE DEL CAUCA", "dane_mpio": 76001, "municipio": "CALI", "cod_comuna": 3.0, "comuna": "Comuna 3", "cod_barrio": 309.0, "nom_barrio": "San Pascual", "direccion": "76001 Calle 10 con Carrera 16, Bretaña, Cali, Valle del Cauca, COL,BRETANA", "sitio": "SIN INFORMACION", "x": -76.529502868649999, "y": 3.4431190490699999, "anio": 2024, "mes": "agosto", "dia": 28, "dia_semana": 4, "hora_hecho": "10:56", "barrio": "BRETANA", "estrato": 1, "geom": "0101000020E610000000000060E32153C000000000828B0B40", "fecha_hech": "2024-08-28 00:00:00", "Id": 0, "area": 136572.15568900001 }, "geometry": { "type": "Point", "coordinates": [ -76.529502868649999, 3.44311904907 ] } },
{ "type": "Feature", "properties": { "dinamica": "HURTO", "titulo": "DELITOS CONTRA EL PATRIMONIO ECONOMICO", "capitulo": "DEL HURTO", "articulo": "HURTO CALIFICADO. ART. 240 C.P.", "grado_deli": "NINGUNO", "tipo_notic": "ACTOS URGENTES", "caracteriz": "HURTO A PERSONAS", "modalidad": "ATRACO", "modo": "ARMA DE FUEGO", "motivo": null, "pais": "COLOMBIA", "dane_dep": 76, "departamen": "VALLE DEL CAUCA", "dane_mpio": 76001, "municipio": "CALI", "cod_comuna": 3.0, "comuna": "Comuna 3", "cod_barrio": 309.0, "nom_barrio": "San Pascual", "direccion": "76001 CARRERA 12A 14-14, SAN PASCUAL, CALI, VALLE DEL CAUCA", "sitio": "VIA PUBLICA", "x": -76.527404785160002, "y": 3.4452350139600001, "anio": 2024, "mes": "septiembre", "dia": 2, "dia_semana": 2, "hora_hecho": "11:20", "barrio": "SAN PASCUAL", "estrato": 1, "geom": "0101000020E610000000000000C12153C000000060D78F0B40", "fecha_hech": "2024-09-02 00:00:00", "Id": 0, "area": 136572.15568900001 }, "geometry": { "type": "Point", "coordinates": [ -76.527404785160002, 3.44523501396 ] } },
{ "type": "Feature", "properties": { "dinamica": "HURTO", "titulo": "DELITOS CONTRA EL PATRIMONIO ECONOMICO", "capitulo": "DEL HURTO", "articulo": "HURTO. ART. 239 C.P.", "grado_deli": "AGRAVADO", "tipo_notic": "DENUNCIA", "caracteriz": "HURTO A CELULARES", "modalidad": "FACTOR DE OPORTUNIDAD", "modo": null, "motivo": null, "pais": "COLOMBIA", "dane_dep": 76, "departamen": "VALLE DEL CAUCA", "dane_mpio": 76001, "municipio": "CALI", "cod_comuna": 3.0, "comuna": "Comuna 3", "cod_barrio": 306.0, "nom_barrio": "San Juan Bosco", "direccion": "76001 CARRERA 12 10 90", "sitio": "ESTABLECIMIENTO DE COMERCIO", "x": -76.53173828125, "y": 3.4451370239300001, "anio": 2024, "mes": "septiembre", "dia": 9, "dia_semana": 2, "hora_hecho": "15:11", "barrio": "SAN JUAN BOSCO", "estrato": 3, "geom": "0101000020E610000000000000082253C000000000A48F0B40", "fecha_hech": "2024-09-09 00:00:00", "Id": 0, "area": 136572.15568900001 }, "geometry": { "type": "Point", "coordinates": [ -76.53173828125, 3.44513702393 ] } },
{ "type": "Feature", "properties": { "dinamica": "HURTO", "titulo": "DELITOS CONTRA EL PATRIMONIO ECONOMICO", "capitulo": "DEL HURTO", "articulo": "HURTO CALIFICADO. ART. 240 C.P.", "grado_deli": "NINGUNO", "tipo_notic": "DENUNCIA", "caracteriz": "HURTO A PERSONAS", "modalidad": "ATRACO", "modo": "ARMA DE FUEGO", "motivo": null, "pais": "COLOMBIA", "dane_dep": 76, "departamen": "VALLE DEL CAUCA", "dane_mpio": 76001, "municipio": "CALI", "cod_comuna": 3.0, "comuna": "Comuna 3", "cod_barrio": 309.0, "nom_barrio": "San Pascual", "direccion": "76001 CARRERA 12 CON CALLE 13, EL CALVARIO, CALI, VALLE DEL CAUCA", "sitio": "VIA PUBLICA", "x": -76.529251098629999, "y": 3.4456059932700001, "anio": 2024, "mes": "septiembre", "dia": 10, "dia_semana": 3, "hora_hecho": "06:30", "barrio": "SAN PASCUAL", "estrato": 1, "geom": "0101000020E610000000000040DF2153C0000000E099900B40", "fecha_hech": "2024-09-10 00:00:00", "Id": 0, "area": 136572.15568900001 }, "geometry": { "type": "Point", "coordinates": [ -76.529251098629999, 3.44560599327 ] } },
{ "type": "Feature", "properties": { "dinamica": "HURTO", "titulo": "DELITOS CONTRA EL PATRIMONIO ECONOMICO", "capitulo": "DEL HURTO", "articulo": "HURTO CALIFICADO. ART. 240 C.P.", "grado_deli": "NINGUNO", "tipo_notic": "DENUNCIA", "caracteriz": "HURTO A PERSONAS", "modalidad": "ATRACO", "modo": "ARMA BLANCA", "motivo": null, "pais": "COLOMBIA", "dane_dep": 76, "departamen": "VALLE DEL CAUCA", "dane_mpio": 76001, "municipio": "CALI", "cod_comuna": 3.0, "comuna": "Comuna 3", "cod_barrio": 306.0, "nom_barrio": "San Juan Bosco", "direccion": "76001 BARRIO/LOCALIDAD/COMUNA:SAN JUAN BOSCO/COMUNA 3,CALI/VALLE DEL CAUCA,SAN JUAN BOSCO", "sitio": "SIN INFORMACION", "x": -76.532196044919999, "y": 3.4445950984999998, "anio": 2024, "mes": "septiembre", "dia": 11, "dia_semana": 4, "hora_hecho": "05:33", "barrio": "SAN JUAN BOSCO", "estrato": 3, "geom": "0101000020E6100000000000800F2253C0000000E0878E0B40", "fecha_hech": "2024-09-11 00:00:00", "Id": 0, "area": 136572.15568900001 }, "geometry": { "type": "Point", "coordinates": [ -76.532196044919999, 3.4445950985 ] } },
{ "type": "Feature", "properties": { "dinamica": "HURTO", "titulo": "DELITOS CONTRA EL PATRIMONIO ECONOMICO", "capitulo": "DEL HURTO", "articulo": "HURTO. ART. 239 C.P.", "grado_deli": "NINGUNO", "tipo_notic": "DENUNCIA", "caracteriz": "HURTO A PERSONAS", "modalidad": "RAPONAZO", "modo": null, "motivo": null, "pais": "COLOMBIA", "dane_dep": 76, "departamen": "VALLE DEL CAUCA", "dane_mpio": 76001, "municipio": "CALI", "cod_comuna": 3.0, "comuna": "Comuna 3", "cod_barrio": 310.0, "nom_barrio": "El Calvario", "direccion": "76001 CALLE 12 10 18", "sitio": "ESTABLECIMIENTO DE COMERCIO", "x": -76.530715942379999, "y": 3.4472670555099998, "anio": 2024, "mes": "septiembre", "dia": 11, "dia_semana": 4, "hora_hecho": "06:30", "barrio": "EL CALVARIO", "estrato": 3, "geom": "0101000020E610000000000040F72153C0000000C000940B40", "fecha_hech": "2024-09-11 00:00:00", "Id": 0, "area": 136572.15568900001 }, "geometry": { "type": "Point", "coordinates": [ -76.530715942379999, 3.44726705551 ] } },
{ "type": "Feature", "properties": { "dinamica": "HURTO", "titulo": "DELITOS CONTRA EL PATRIMONIO ECONOMICO", "capitulo": "DEL HURTO", "articulo": "HURTO. ART. 239 C.P.", "grado_deli": "AGRAVADO", "tipo_notic": "ACTOS URGENTES", "caracteriz": "HURTO A CELULARES", "modalidad": "RAPONAZO", "modo": null, "motivo": "SIN DETERMINAR", "pais": "COLOMBIA", "dane_dep": 76, "departamen": "VALLE DEL CAUCA", "dane_mpio": 76001, "municipio": "CALI", "cod_comuna": 3.0, "comuna": "Comuna 3", "cod_barrio": 309.0, "nom_barrio": "San Pascual", "direccion": "76001 CARRERA 15 CON CALLE 13, SAN PASCUAL, CALI, VALLE DEL CAUCA", "sitio": "ESTACION DE ARTICULADO", "x": -76.528625488279999, "y": 3.4427859783199999, "anio": 2024, "mes": "septiembre", "dia": 12, "dia_semana": 5, "hora_hecho": "06:20", "barrio": "SAN PASCUAL", "estrato": 1, "geom": "0101000020E610000000000000D52153C000000060D38A0B40", "fecha_hech": "2024-09-12 00:00:00", "Id": 0, "area": 136572.15568900001 }, "geometry": { "type": "Point", "coordinates": [ -76.528625488279999, 3.44278597832 ] } },
{ "type": "Feature", "properties": { "dinamica": "HURTO", "titulo": "DELITOS CONTRA EL PATRIMONIO ECONOMICO", "capitulo": "DEL HURTO", "articulo": "HURTO CALIFICADO. ART. 240 C.P.", "grado_deli": "NINGUNO", "tipo_notic": "DENUNCIA", "caracteriz": "HURTO A PERSONAS", "modalidad": "RAPONAZO", "modo": null, "motivo": null, "pais": "COLOMBIA", "dane_dep": 76, "departamen": "VALLE DEL CAUCA", "dane_mpio": 76001, "municipio": "CALI", "cod_comuna": 3.0, "comuna": "Comuna 3", "cod_barrio": 310.0, "nom_barrio": "El Calvario", "direccion": "76001 CALLE 14, EL CALVARIO, CALI, VALLE DEL CAUCA", "sitio": "VIA PUBLICA", "x": -76.528076171880002, "y": 3.44783091545, "anio": 2024, "mes": "septiembre", "dia": 12, "dia_semana": 5, "hora_hecho": "11:41", "barrio": "EL CALVARIO", "estrato": 3, "geom": "0101000020E610000000000000CC2153C00000006028950B40", "fecha_hech": "2024-09-12 00:00:00", "Id": 0, "area": 136572.15568900001 }, "geometry": { "type": "Point", "coordinates": [ -76.528076171880002, 3.44783091545 ] } },
{ "type": "Feature", "properties": { "dinamica": "HURTO", "titulo": "DELITOS CONTRA EL PATRIMONIO ECONOMICO", "capitulo": "DEL HURTO", "articulo": "HURTO CALIFICADO. ART. 240 C.P.", "grado_deli": "NINGUNO", "tipo_notic": "DENUNCIA", "caracteriz": "HURTO DE MOTOCICLETAS", "modalidad": "HALADO", "modo": null, "motivo": null, "pais": "COLOMBIA", "dane_dep": 76, "departamen": "VALLE DEL CAUCA", "dane_mpio": 76001, "municipio": "CALI", "cod_comuna": 3.0, "comuna": "Comuna 3", "cod_barrio": 309.0, "nom_barrio": "San Pascual", "direccion": "76001 CARRERA 14 12-64, SAN PASCUAL, CALI, VALLE DEL CAUCA", "sitio": "VIA PUBLICA", "x": -76.529487609859999, "y": 3.4434969425199999, "anio": 2024, "mes": "septiembre", "dia": 12, "dia_semana": 5, "hora_hecho": "12:30", "barrio": "SAN PASCUAL", "estrato": 1, "geom": "0101000020E610000000000020E32153C000000020488C0B40", "fecha_hech": "2024-09-12 00:00:00", "Id": 0, "area": 136572.15568900001 }, "geometry": { "type": "Point", "coordinates": [ -76.529487609859999, 3.44349694252 ] } },
{ "type": "Feature", "properties": { "dinamica": "HURTO", "titulo": "DELITOS CONTRA EL PATRIMONIO ECONOMICO", "capitulo": "DEL HURTO", "articulo": "HURTO. ART. 239 C.P.", "grado_deli": "NINGUNO", "tipo_notic": "DENUNCIA", "caracteriz": "HURTO A PERSONAS", "modalidad": "COSQUILLEO", "modo": null, "motivo": null, "pais": "COLOMBIA", "dane_dep": 76, "departamen": "VALLE DEL CAUCA", "dane_mpio": 76001, "municipio": "CALI", "cod_comuna": 3.0, "comuna": "Comuna 3", "cod_barrio": 309.0, "nom_barrio": "San Pascual", "direccion": "76001 San Pascual, Cali, Valle del Cauca, COL,SAN PASCUAL", "sitio": "SIN INFORMACION", "x": -76.528007507319998, "y": 3.4441530704500001, "anio": 2024, "mes": "septiembre", "dia": 13, "dia_semana": 6, "hora_hecho": "07:00", "barrio": "SAN PASCUAL", "estrato": 1, "geom": "0101000020E6100000000000E0CA2153C000000020A08D0B40", "fecha_hech": "2024-09-13 00:00:00", "Id": 0, "area": 136572.15568900001 }, "geometry": { "type": "Point", "coordinates": [ -76.528007507319998, 3.44415307045 ] } },
{ "type": "Feature", "properties": { "dinamica": "HURTO", "titulo": "DELITOS CONTRA EL PATRIMONIO ECONOMICO", "capitulo": "DEL HURTO", "articulo": "HURTO CALIFICADO. ART. 240 C.P.", "grado_deli": "AGRAVADO", "tipo_notic": "DENUNCIA", "caracteriz": "HURTO A PERSONAS", "modalidad": "ATRACO", "modo": "ARMA BLANCA", "motivo": null, "pais": "COLOMBIA", "dane_dep": 76, "departamen": "VALLE DEL CAUCA", "dane_mpio": 76001, "municipio": "CALI", "cod_comuna": 3.0, "comuna": "Comuna 3", "cod_barrio": 307.0, "nom_barrio": "Santa Rosa", "direccion": "76001 CALLE 10 3, SANTA ROSA, CALI, VALLE DEL CAUCA", "sitio": "VIA PUBLICA", "x": -76.532531738279999, "y": 3.44685101509, "anio": 2024, "mes": "septiembre", "dia": 13, "dia_semana": 6, "hora_hecho": "11:30", "barrio": "SANTA ROSA", "estrato": 3, "geom": "0101000020E610000000000000152253C0000000A026930B40", "fecha_hech": "2024-09-13 00:00:00", "Id": 0, "area": 136572.15568900001 }, "geometry": { "type": "Point", "coordinates": [ -76.532531738279999, 3.44685101509 ] } },
{ "type": "Feature", "properties": { "dinamica": "HURTO", "titulo": "DELITOS CONTRA EL PATRIMONIO ECONOMICO", "capitulo": "DEL HURTO", "articulo": "HURTO CALIFICADO. ART. 240 C.P.", "grado_deli": "AGRAVADO", "tipo_notic": "DENUNCIA", "caracteriz": "HURTO DE VEHICULOS", "modalidad": "HALADO", "modo": null, "motivo": null, "pais": "COLOMBIA", "dane_dep": 76, "departamen": "VALLE DEL CAUCA", "dane_mpio": 76001, "municipio": "CALI", "cod_comuna": 3.0, "comuna": "Comuna 3", "cod_barrio": 309.0, "nom_barrio": "San Pascual", "direccion": "76001 KR 14 CL 13 A-19 KR 14 13 A 19", "sitio": "SIN INFORMACION", "x": -76.527404785160002, "y": 3.4435820579500001, "anio": 2024, "mes": "septiembre", "dia": 17, "dia_semana": 3, "hora_hecho": "15:00", "barrio": null, "estrato": 1, "geom": "0101000020E610000000000000C12153C0000000C0748C0B40", "fecha_hech": "2024-09-17 00:00:00", "Id": 0, "area": 136572.15568900001 }, "geometry": { "type": "Point", "coordinates": [ -76.527404785160002, 3.44358205795 ] } },
{ "type": "Feature", "properties": { "dinamica": "HURTO", "titulo": "DELITOS CONTRA EL PATRIMONIO ECONOMICO", "capitulo": "DEL HURTO", "articulo": "HURTO. ART. 239 C.P.", "grado_deli": "NINGUNO", "tipo_notic": "DENUNCIA", "caracteriz": "HURTO A PERSONAS", "modalidad": "COSQUILLEO", "modo": null, "motivo": null, "pais": "COLOMBIA", "dane_dep": 76, "departamen": "VALLE DEL CAUCA", "dane_mpio": 76001, "municipio": "CALI", "cod_comuna": 3.0, "comuna": "Comuna 3", "cod_barrio": 306.0, "nom_barrio": "San Juan Bosco", "direccion": "76001 CALLE 10 CON CARRERA 15, SAN JUAN BOSCO, CALI, VALLE DEL CAUCA", "sitio": "VIA PUBLICA", "x": -76.53197479248, "y": 3.4424951076500001, "anio": 2024, "mes": "septiembre", "dia": 18, "dia_semana": 4, "hora_hecho": "09:22", "barrio": "SAN JUAN BOSCO", "estrato": 3, "geom": "0101000020E6100000000000E00B2253C0000000E03A8A0B40", "fecha_hech": "2024-09-18 00:00:00", "Id": 0, "area": 136572.15568900001 }, "geometry": { "type": "Point", "coordinates": [ -76.53197479248, 3.44249510765 ] } },
{ "type": "Feature", "properties": { "dinamica": "HURTO", "titulo": "DELITOS CONTRA EL PATRIMONIO ECONOMICO", "capitulo": "DEL HURTO", "articulo": "HURTO CALIFICADO. ART. 240 C.P.", "grado_deli": "AGRAVADO", "tipo_notic": "DENUNCIA", "caracteriz": "HURTO A ESTABLECIMIENTOS", "modalidad": "FACTOR DE OPORTUNIDAD", "modo": null, "motivo": null, "pais": "COLOMBIA", "dane_dep": 76, "departamen": "VALLE DEL CAUCA", "dane_mpio": 76001, "municipio": "CALI", "cod_comuna": 3.0, "comuna": "Comuna 3", "cod_barrio": 310.0, "nom_barrio": "El Calvario", "direccion": "76001 Carrera 11 con Calle 12, El Calvario, Cali, Valle del Cauca, COL,EL CALVARIO", "sitio": "SIN INFORMACION", "x": -76.530517578119998, "y": 3.4465730190300001, "anio": 2024, "mes": "septiembre", "dia": 18, "dia_semana": 4, "hora_hecho": "20:00", "barrio": "EL CALVARIO", "estrato": 3, "geom": "0101000020E610000000000000F42153C0000000E094920B40", "fecha_hech": "2024-09-18 00:00:00", "Id": 0, "area": 136572.15568900001 }, "geometry": { "type": "Point", "coordinates": [ -76.530517578119998, 3.44657301903 ] } },
{ "type": "Feature", "properties": { "dinamica": "HURTO", "titulo": "DELITOS CONTRA EL PATRIMONIO ECONOMICO", "capitulo": "DEL HURTO", "articulo": "HURTO. ART. 239 C.P.", "grado_deli": "NINGUNO", "tipo_notic": "ACTOS URGENTES", "caracteriz": "HURTO A PERSONAS", "modalidad": "COSQUILLEO", "modo": null, "motivo": null, "pais": "COLOMBIA", "dane_dep": 76, "departamen": "VALLE DEL CAUCA", "dane_mpio": 76001, "municipio": "CALI", "cod_comuna": 3.0, "comuna": "Comuna 3", "cod_barrio": 310.0, "nom_barrio": "El Calvario", "direccion": "76001 CALLE 13 CON CARRERA 11, EL CALVARIO, CALI, VALLE DEL CAUCA", "sitio": "VIA PUBLICA", "x": -76.529594421390001, "y": 3.4467821121200002, "anio": 2024, "mes": "septiembre", "dia": 21, "dia_semana": 7, "hora_hecho": "17:00", "barrio": "EL CALVARIO", "estrato": 3, "geom": "0101000020E6100000000000E0E42153C00000008002930B40", "fecha_hech": "2024-09-21 00:00:00", "Id": 0, "area": 136572.15568900001 }, "geometry": { "type": "Point", "coordinates": [ -76.529594421390001, 3.44678211212 ] } },
{ "type": "Feature", "properties": { "dinamica": "HURTO", "titulo": "DELITOS CONTRA EL PATRIMONIO ECONOMICO", "capitulo": "DEL HURTO", "articulo": "HURTO CALIFICADO. ART. 240 C.P.", "grado_deli": "NINGUNO", "tipo_notic": "DENUNCIA", "caracteriz": "HURTO DE MOTOCICLETAS", "modalidad": "ATRACO", "modo": "ARMA DE FUEGO", "motivo": null, "pais": "COLOMBIA", "dane_dep": 76, "departamen": "VALLE DEL CAUCA", "dane_mpio": 76001, "municipio": "CALI", "cod_comuna": 3.0, "comuna": "Comuna 3", "cod_barrio": 310.0, "nom_barrio": "El Calvario", "direccion": "76001 Calle 11 24C, Santa Rosa, Cali, Valle del Cauca, COL,EL CALVARIO", "sitio": "SIN INFORMACION", "x": -76.53134918213, "y": 3.4468638896899999, "anio": 2024, "mes": "septiembre", "dia": 23, "dia_semana": 2, "hora_hecho": "21:30", "barrio": "EL CALVARIO", "estrato": 3, "geom": "0101000020E6100000000000A0012253C0000000602D930B40", "fecha_hech": "2024-09-23 00:00:00", "Id": 0, "area": 136572.15568900001 }, "geometry": { "type": "Point", "coordinates": [ -76.53134918213, 3.44686388969 ] } },
{ "type": "Feature", "properties": { "dinamica": "HURTO", "titulo": "DELITOS CONTRA EL PATRIMONIO ECONOMICO", "capitulo": "DEL HURTO", "articulo": "HURTO CALIFICADO. ART. 240 C.P.", "grado_deli": "AGRAVADO", "tipo_notic": "DENUNCIA", "caracteriz": "HURTO A PERSONAS", "modalidad": "ATRACO", "modo": "SIN ARMA", "motivo": null, "pais": "COLOMBIA", "dane_dep": 76, "departamen": "VALLE DEL CAUCA", "dane_mpio": 76001, "municipio": "CALI", "cod_comuna": 3.0, "comuna": "Comuna 3", "cod_barrio": 307.0, "nom_barrio": "Santa Rosa", "direccion": "76001 Carrera 10 10 60, Santiago De Cali, Cali, Valle Del Cauca, COL,SANTA ROSA", "sitio": "SIN INFORMACION", "x": -76.531929016109999, "y": 3.4468820095099999, "anio": 2024, "mes": "septiembre", "dia": 27, "dia_semana": 6, "hora_hecho": "07:00", "barrio": "SANTA ROSA", "estrato": 3, "geom": "0101000020E6100000000000200B2253C0000000E036930B40", "fecha_hech": "2024-09-27 00:00:00", "Id": 0, "area": 136572.15568900001 }, "geometry": { "type": "Point", "coordinates": [ -76.531929016109999, 3.44688200951 ] } },
{ "type": "Feature", "properties": { "dinamica": "HURTO", "titulo": "DELITOS CONTRA EL PATRIMONIO ECONOMICO", "capitulo": "DEL HURTO", "articulo": "HURTO CALIFICADO. ART. 240 C.P.", "grado_deli": "NINGUNO", "tipo_notic": "DENUNCIA", "caracteriz": "HURTO DE AUTOPARTES", "modalidad": "FACTOR DE OPORTUNIDAD", "modo": null, "motivo": null, "pais": "COLOMBIA", "dane_dep": 76, "departamen": "VALLE DEL CAUCA", "dane_mpio": 76001, "municipio": "CALI", "cod_comuna": 3.0, "comuna": "Comuna 3", "cod_barrio": 309.0, "nom_barrio": "San Pascual", "direccion": "76001 BARRIO/LOCALIDAD/COMUNA:SAN PASCUAL/COMUNA 3,CALI/VALLE DEL CAUCA,SAN PASCUAL", "sitio": "SIN INFORMACION", "x": -76.528121948239999, "y": 3.4442160129500001, "anio": 2024, "mes": "septiembre", "dia": 27, "dia_semana": 6, "hora_hecho": "09:54", "barrio": "SAN PASCUAL", "estrato": 1, "geom": "0101000020E6100000000000C0CC2153C000000020C18D0B40", "fecha_hech": "2024-09-27 00:00:00", "Id": 0, "area": 136572.15568900001 }, "geometry": { "type": "Point", "coordinates": [ -76.528121948239999, 3.44421601295 ] } },
{ "type": "Feature", "properties": { "dinamica": "HURTO", "titulo": "DELITOS CONTRA EL PATRIMONIO ECONOMICO", "capitulo": "DEL HURTO", "articulo": "HURTO. ART. 239 C.P.", "grado_deli": "NINGUNO", "tipo_notic": "DENUNCIA", "caracteriz": "HURTO A CELULARES", "modalidad": "ATRACO", "modo": "SIN ARMA", "motivo": "SIN DETERMINAR", "pais": "COLOMBIA", "dane_dep": 76, "departamen": "VALLE DEL CAUCA", "dane_mpio": 76001, "municipio": "CALI", "cod_comuna": 3.0, "comuna": "Comuna 3", "cod_barrio": 310.0, "nom_barrio": "El Calvario", "direccion": "76001 CALLE 13, EL CALVARIO, CALI, VALLE DEL CAUCA", "sitio": "VIA PUBLICA", "x": -76.52980041504, "y": 3.4475419521299999, "anio": 2024, "mes": "septiembre", "dia": 29, "dia_semana": 1, "hora_hecho": "05:20", "barrio": "EL CALVARIO", "estrato": 3, "geom": "0101000020E610000000000040E82153C0000000E090940B40", "fecha_hech": "2024-09-29 00:00:00", "Id": 0, "area": 136572.15568900001 }, "geometry": { "type": "Point", "coordinates": [ -76.52980041504, 3.44754195213 ] } },
{ "type": "Feature", "properties": { "dinamica": "HURTO", "titulo": "DELITOS CONTRA EL PATRIMONIO ECONOMICO", "capitulo": "DEL HURTO", "articulo": "HURTO. ART. 239 C.P.", "grado_deli": "AGRAVADO", "tipo_notic": "DENUNCIA", "caracteriz": "HURTO A PERSONAS", "modalidad": "FACTOR DE OPORTUNIDAD", "modo": null, "motivo": null, "pais": "COLOMBIA", "dane_dep": 76, "departamen": "VALLE DEL CAUCA", "dane_mpio": 76001, "municipio": "CALI", "cod_comuna": 3.0, "comuna": "Comuna 3", "cod_barrio": 309.0, "nom_barrio": "San Pascual", "direccion": "76001 CARRERA 12 14 111", "sitio": "VIA PUBLICA", "x": -76.527214050289999, "y": 3.4458711147300001, "anio": 2024, "mes": "octubre", "dia": 3, "dia_semana": 5, "hora_hecho": "12:30", "barrio": "EL CALVARIO", "estrato": 1, "geom": "0101000020E6100000000000E0BD2153C0000000E024910B40", "fecha_hech": "2024-10-03 00:00:00", "Id": 0, "area": 136572.15568900001 }, "geometry": { "type": "Point", "coordinates": [ -76.527214050289999, 3.44587111473 ] } },
{ "type": "Feature", "properties": { "dinamica": "HURTO", "titulo": "DELITOS CONTRA EL PATRIMONIO ECONOMICO", "capitulo": "DEL HURTO", "articulo": "HURTO CALIFICADO. ART. 240 C.P.", "grado_deli": "AGRAVADO", "tipo_notic": "DENUNCIA", "caracteriz": "HURTO A PERSONAS", "modalidad": "ATRACO", "modo": "ARMA DE FUEGO", "motivo": null, "pais": "COLOMBIA", "dane_dep": 76, "departamen": "VALLE DEL CAUCA", "dane_mpio": 76001, "municipio": "CALI", "cod_comuna": 3.0, "comuna": "Comuna 3", "cod_barrio": 306.0, "nom_barrio": "San Juan Bosco", "direccion": "76001 CARRERA 15 10 3", "sitio": "VIA PUBLICA", "x": -76.531852722170001, "y": 3.4425449371300001, "anio": 2024, "mes": "octubre", "dia": 4, "dia_semana": 6, "hora_hecho": "03:30", "barrio": "SAN JUAN BOSCO", "estrato": 3, "geom": "0101000020E6100000000000E0092253C000000000558A0B40", "fecha_hech": "2024-10-04 00:00:00", "Id": 0, "area": 136572.15568900001 }, "geometry": { "type": "Point", "coordinates": [ -76.531852722170001, 3.44254493713 ] } },
{ "type": "Feature", "properties": { "dinamica": "HURTO", "titulo": "DELITOS CONTRA EL PATRIMONIO ECONOMICO", "capitulo": "DEL HURTO", "articulo": "HURTO. ART. 239 C.P.", "grado_deli": "NINGUNO", "tipo_notic": "DENUNCIA", "caracteriz": "HURTO A PERSONAS", "modalidad": "COSQUILLEO", "modo": null, "motivo": null, "pais": "COLOMBIA", "dane_dep": 76, "departamen": "VALLE DEL CAUCA", "dane_mpio": 76001, "municipio": "CALI", "cod_comuna": 3.0, "comuna": "Comuna 3", "cod_barrio": 307.0, "nom_barrio": "Santa Rosa", "direccion": "76001 CALLE 10 3, SANTA ROSA, CALI, VALLE DEL CAUCA", "sitio": "OTRO", "x": -76.532531738279999, "y": 3.44685101509, "anio": 2024, "mes": "octubre", "dia": 4, "dia_semana": 6, "hora_hecho": "05:00", "barrio": "SANTA ROSA", "estrato": 3, "geom": "0101000020E610000000000000152253C0000000A026930B40", "fecha_hech": "2024-10-04 00:00:00", "Id": 0, "area": 136572.15568900001 }, "geometry": { "type": "Point", "coordinates": [ -76.532531738279999, 3.44685101509 ] } },
{ "type": "Feature", "properties": { "dinamica": "HURTO", "titulo": "DELITOS CONTRA EL PATRIMONIO ECONOMICO", "capitulo": "DEL HURTO", "articulo": "HURTO CALIFICADO. ART. 240 C.P.", "grado_deli": "NINGUNO", "tipo_notic": "DENUNCIA", "caracteriz": "HURTO A PERSONAS", "modalidad": "ATRACO", "modo": "SUSTANCIA TÓXICA", "motivo": null, "pais": "COLOMBIA", "dane_dep": 76, "departamen": "VALLE DEL CAUCA", "dane_mpio": 76001, "municipio": "CALI", "cod_comuna": 3.0, "comuna": "Comuna 3", "cod_barrio": 307.0, "nom_barrio": "Santa Rosa", "direccion": "76001 Calle 11 5, Santa Rosa, Cali, Valle del Cauca, COL,SANTA ROSA", "sitio": "SIN INFORMACION", "x": -76.531433105470001, "y": 3.4467570781700001, "anio": 2024, "mes": "octubre", "dia": 4, "dia_semana": 6, "hora_hecho": "12:50", "barrio": "SANTA ROSA", "estrato": 3, "geom": "0101000020E610000000000000032253C000000060F5920B40", "fecha_hech": "2024-10-04 00:00:00", "Id": 0, "area": 136572.15568900001 }, "geometry": { "type": "Point", "coordinates": [ -76.531433105470001, 3.44675707817 ] } },
{ "type": "Feature", "properties": { "dinamica": "HURTO", "titulo": "DELITOS CONTRA EL PATRIMONIO ECONOMICO", "capitulo": "DEL HURTO", "articulo": "HURTO CALIFICADO. ART. 240 C.P.", "grado_deli": "AGRAVADO", "tipo_notic": "DENUNCIA", "caracteriz": "HURTO A PERSONAS", "modalidad": "ATRACO", "modo": "ARMA DE FUEGO", "motivo": null, "pais": "COLOMBIA", "dane_dep": 76, "departamen": "VALLE DEL CAUCA", "dane_mpio": 76001, "municipio": "CALI", "cod_comuna": 3.0, "comuna": "Comuna 3", "cod_barrio": 307.0, "nom_barrio": "Santa Rosa", "direccion": "76001 CARRERA 11 10 1", "sitio": "VIA PUBLICA", "x": -76.532440185550001, "y": 3.44609189034, "anio": 2024, "mes": "octubre", "dia": 4, "dia_semana": 6, "hora_hecho": "19:09", "barrio": "SANTA ROSA", "estrato": 3, "geom": "0101000020E610000000000080132253C0000000A098910B40", "fecha_hech": "2024-10-04 00:00:00", "Id": 0, "area": 136572.15568900001 }, "geometry": { "type": "Point", "coordinates": [ -76.532440185550001, 3.44609189034 ] } },
{ "type": "Feature", "properties": { "dinamica": "HURTO", "titulo": "DELITOS CONTRA EL PATRIMONIO ECONOMICO", "capitulo": "DEL HURTO", "articulo": "HURTO. ART. 239 C.P.", "grado_deli": "AGRAVADO", "tipo_notic": "DENUNCIA", "caracteriz": "HURTO A PERSONAS", "modalidad": "FACTOR DE OPORTUNIDAD", "modo": null, "motivo": null, "pais": "COLOMBIA", "dane_dep": 76, "departamen": "VALLE DEL CAUCA", "dane_mpio": 76001, "municipio": "CALI", "cod_comuna": 3.0, "comuna": "Comuna 3", "cod_barrio": 310.0, "nom_barrio": "El Calvario", "direccion": "76001 CARRERA 12 12 1", "sitio": "ESTABLECIMIENTO DE COMERCIO", "x": -76.53017425537, "y": 3.44555211067, "anio": 2024, "mes": "octubre", "dia": 8, "dia_semana": 3, "hora_hecho": "10:46", "barrio": "EL CALVARIO", "estrato": 3, "geom": "0101000020E610000000000060EE2153C0000000A07D900B40", "fecha_hech": "2024-10-08 00:00:00", "Id": 0, "area": 136572.15568900001 }, "geometry": { "type": "Point", "coordinates": [ -76.53017425537, 3.44555211067 ] } },
{ "type": "Feature", "properties": { "dinamica": "HURTO", "titulo": "DELITOS CONTRA EL PATRIMONIO ECONOMICO", "capitulo": "DEL HURTO", "articulo": "HURTO. ART. 239 C.P.", "grado_deli": "AGRAVADO", "tipo_notic": "DENUNCIA", "caracteriz": "HURTO A PERSONAS", "modalidad": "FACTOR DE OPORTUNIDAD", "modo": null, "motivo": null, "pais": "COLOMBIA", "dane_dep": 76, "departamen": "VALLE DEL CAUCA", "dane_mpio": 76001, "municipio": "CALI", "cod_comuna": 3.0, "comuna": "Comuna 3", "cod_barrio": 307.0, "nom_barrio": "Santa Rosa", "direccion": "76001 Carrera 10 10 60, Santiago De Cali, Cali, Valle Del Cauca, COL,SANTA ROSA", "sitio": "SIN INFORMACION", "x": -76.531929016109999, "y": 3.4468820095099999, "anio": 2024, "mes": "octubre", "dia": 10, "dia_semana": 5, "hora_hecho": "07:15", "barrio": "SANTA ROSA", "estrato": 3, "geom": "0101000020E6100000000000200B2253C0000000E036930B40", "fecha_hech": "2024-10-10 00:00:00", "Id": 0, "area": 136572.15568900001 }, "geometry": { "type": "Point", "coordinates": [ -76.531929016109999, 3.44688200951 ] } },
{ "type": "Feature", "properties": { "dinamica": "HURTO", "titulo": "DELITOS CONTRA EL PATRIMONIO ECONOMICO", "capitulo": "DEL HURTO", "articulo": "HURTO. ART. 239 C.P.", "grado_deli": "NINGUNO", "tipo_notic": "QUERELLA", "caracteriz": "HURTO A PERSONAS", "modalidad": "FACTOR DE OPORTUNIDAD", "modo": null, "motivo": null, "pais": "COLOMBIA", "dane_dep": 76, "departamen": "VALLE DEL CAUCA", "dane_mpio": 76001, "municipio": "CALI", "cod_comuna": 3.0, "comuna": "Comuna 3", "cod_barrio": 306.0, "nom_barrio": "San Juan Bosco", "direccion": "76001 CARRERA 12 10 78", "sitio": "VIA PUBLICA", "x": -76.531814575200002, "y": 3.4451069831800001, "anio": 2024, "mes": "octubre", "dia": 10, "dia_semana": 5, "hora_hecho": "20:00", "barrio": "SAN JUAN BOSCO", "estrato": 3, "geom": "0101000020E610000000000040092253C000000040948F0B40", "fecha_hech": "2024-10-10 00:00:00", "Id": 0, "area": 136572.15568900001 }, "geometry": { "type": "Point", "coordinates": [ -76.531814575200002, 3.44510698318 ] } },
{ "type": "Feature", "properties": { "dinamica": "HURTO", "titulo": "DELITOS CONTRA EL PATRIMONIO ECONOMICO", "capitulo": "DEL HURTO", "articulo": "HURTO. ART. 239 C.P.", "grado_deli": "AGRAVADO", "tipo_notic": "DENUNCIA", "caracteriz": "HURTO A PERSONAS", "modalidad": "ENGAÑO", "modo": null, "motivo": null, "pais": "COLOMBIA", "dane_dep": 76, "departamen": "VALLE DEL CAUCA", "dane_mpio": 76001, "municipio": "CALI", "cod_comuna": 3.0, "comuna": "Comuna 3", "cod_barrio": 310.0, "nom_barrio": "El Calvario", "direccion": "76001 Calle 15 11 28, Santiago De Cali, Cali, Valle Del Cauca, COL,EL CALVARIO", "sitio": "SIN INFORMACION", "x": -76.527610778810001, "y": 3.4471499919899999, "anio": 2024, "mes": "octubre", "dia": 11, "dia_semana": 6, "hora_hecho": "19:31", "barrio": "EL CALVARIO", "estrato": 3, "geom": "0101000020E610000000000060C42153C000000060C3930B40", "fecha_hech": "2024-10-11 00:00:00", "Id": 0, "area": 136572.15568900001 }, "geometry": { "type": "Point", "coordinates": [ -76.527610778810001, 3.44714999199 ] } },
{ "type": "Feature", "properties": { "dinamica": "HURTO", "titulo": "DELITOS CONTRA EL PATRIMONIO ECONOMICO", "capitulo": "DEL HURTO", "articulo": "HURTO CALIFICADO. ART. 240 C.P.", "grado_deli": "AGRAVADO", "tipo_notic": "DENUNCIA", "caracteriz": "HURTO DE MOTOCICLETAS", "modalidad": "ATRACO", "modo": "ARMA DE FUEGO", "motivo": null, "pais": "COLOMBIA", "dane_dep": 76, "departamen": "VALLE DEL CAUCA", "dane_mpio": 76001, "municipio": "CALI", "cod_comuna": 3.0, "comuna": "Comuna 3", "cod_barrio": 307.0, "nom_barrio": "Santa Rosa", "direccion": "76001 CALLE 10 10 5", "sitio": "VIA PUBLICA", "x": -76.532485961909998, "y": 3.44684195518, "anio": 2024, "mes": "octubre", "dia": 12, "dia_semana": 7, "hora_hecho": "03:00", "barrio": "SANTA ROSA", "estrato": 3, "geom": "0101000020E610000000000040142253C0000000E021930B40", "fecha_hech": "2024-10-12 00:00:00", "Id": 0, "area": 136572.15568900001 }, "geometry": { "type": "Point", "coordinates": [ -76.532485961909998, 3.44684195518 ] } },
{ "type": "Feature", "properties": { "dinamica": "HURTO", "titulo": "DELITOS CONTRA EL PATRIMONIO ECONOMICO", "capitulo": "DEL HURTO", "articulo": "HURTO CALIFICADO. ART. 240 C.P.", "grado_deli": "NINGUNO", "tipo_notic": "DENUNCIA", "caracteriz": "HURTO A PERSONAS", "modalidad": "ATRACO", "modo": "SIN ARMA", "motivo": null, "pais": "COLOMBIA", "dane_dep": 76, "departamen": "VALLE DEL CAUCA", "dane_mpio": 76001, "municipio": "CALI", "cod_comuna": 3.0, "comuna": "Comuna 3", "cod_barrio": 307.0, "nom_barrio": "Santa Rosa", "direccion": "76001 Reprefil Colombia, Calle 10 11 35, Santa Rosa, Cali, Valle del Cauca, COL,SANTA ROSA", "sitio": "SIN INFORMACION", "x": -76.53237915039, "y": 3.4458310604100002, "anio": 2024, "mes": "octubre", "dia": 12, "dia_semana": 7, "hora_hecho": "07:00", "barrio": "SANTA ROSA", "estrato": 3, "geom": "0101000020E610000000000080122253C0000000E00F910B40", "fecha_hech": "2024-10-12 00:00:00", "Id": 0, "area": 136572.15568900001 }, "geometry": { "type": "Point", "coordinates": [ -76.53237915039, 3.44583106041 ] } },
{ "type": "Feature", "properties": { "dinamica": "HURTO", "titulo": "DELITOS CONTRA EL PATRIMONIO ECONOMICO", "capitulo": "DEL HURTO", "articulo": "HURTO CALIFICADO. ART. 240 C.P.", "grado_deli": "AGRAVADO", "tipo_notic": "DENUNCIA", "caracteriz": "HURTO A PERSONAS", "modalidad": "ATRACO", "modo": "ARMA DE FUEGO", "motivo": null, "pais": "COLOMBIA", "dane_dep": 76, "departamen": "VALLE DEL CAUCA", "dane_mpio": 76001, "municipio": "CALI", "cod_comuna": 3.0, "comuna": "Comuna 3", "cod_barrio": 309.0, "nom_barrio": "San Pascual", "direccion": "76001 Torni Y Ferret La Trec, Carrera 15 13 88, San Pascual, Cali, Valle del Cauca, COL,SAN PASCUAL", "sitio": "SIN INFORMACION", "x": -76.528511047359999, "y": 3.4430000782, "anio": 2024, "mes": "octubre", "dia": 12, "dia_semana": 7, "hora_hecho": "10:40", "barrio": "SAN PASCUAL", "estrato": 1, "geom": "0101000020E610000000000020D32153C0000000A0438B0B40", "fecha_hech": "2024-10-12 00:00:00", "Id": 0, "area": 136572.15568900001 }, "geometry": { "type": "Point", "coordinates": [ -76.528511047359999, 3.4430000782 ] } },
{ "type": "Feature", "properties": { "dinamica": "HURTO", "titulo": "DELITOS CONTRA EL PATRIMONIO ECONOMICO", "capitulo": "DEL HURTO", "articulo": "HURTO CALIFICADO. ART. 240 C.P.", "grado_deli": "NINGUNO", "tipo_notic": "DENUNCIA", "caracteriz": "HURTO A PERSONAS", "modalidad": "ATRACO", "modo": "ARMA DE FUEGO", "motivo": null, "pais": "COLOMBIA", "dane_dep": 76, "departamen": "VALLE DEL CAUCA", "dane_mpio": 76001, "municipio": "CALI", "cod_comuna": 3.0, "comuna": "Comuna 3", "cod_barrio": 309.0, "nom_barrio": "San Pascual", "direccion": "76001 KR 24 E OCCIDENTE CL 6-34 SUR CARRERA 24 E  CON CALLE 6 34", "sitio": "VIA PUBLICA", "x": -76.528816223139998, "y": 3.4434878826099999, "anio": 2024, "mes": "octubre", "dia": 17, "dia_semana": 5, "hora_hecho": "04:30", "barrio": null, "estrato": 1, "geom": "0101000020E610000000000020D82153C000000060438C0B40", "fecha_hech": "2024-10-17 00:00:00", "Id": 0, "area": 136572.15568900001 }, "geometry": { "type": "Point", "coordinates": [ -76.528816223139998, 3.44348788261 ] } },
{ "type": "Feature", "properties": { "dinamica": "HURTO", "titulo": "DELITOS CONTRA EL PATRIMONIO ECONOMICO", "capitulo": "DEL HURTO", "articulo": "HURTO CALIFICADO. ART. 240 C.P.", "grado_deli": "NINGUNO", "tipo_notic": "DENUNCIA", "caracteriz": "HURTO A PERSONAS", "modalidad": "ATRACO", "modo": "ARMA BLANCA", "motivo": null, "pais": "COLOMBIA", "dane_dep": 76, "departamen": "VALLE DEL CAUCA", "dane_mpio": 76001, "municipio": "CALI", "cod_comuna": 3.0, "comuna": "Comuna 3", "cod_barrio": 309.0, "nom_barrio": "San Pascual", "direccion": "76001 CALLE 13A 13 41, SANTIAGO DE CALI, CALI, VALLE DEL CAUCA", "sitio": "VIA PUBLICA", "x": -76.527633666989999, "y": 3.4443249702499998, "anio": 2024, "mes": "octubre", "dia": 17, "dia_semana": 5, "hora_hecho": "09:57", "barrio": "SAN PASCUAL", "estrato": 1, "geom": "0101000020E6100000000000C0C42153C000000040FA8D0B40", "fecha_hech": "2024-10-17 00:00:00", "Id": 0, "area": 136572.15568900001 }, "geometry": { "type": "Point", "coordinates": [ -76.527633666989999, 3.44432497025 ] } },
{ "type": "Feature", "properties": { "dinamica": "HURTO", "titulo": "DELITOS CONTRA EL PATRIMONIO ECONOMICO", "capitulo": "DEL HURTO", "articulo": "HURTO. ART. 239 C.P.", "grado_deli": "NINGUNO", "tipo_notic": "DENUNCIA", "caracteriz": "HURTO A CELULARES", "modalidad": "RAPONAZO", "modo": null, "motivo": "SIN DETERMINAR", "pais": "COLOMBIA", "dane_dep": 76, "departamen": "VALLE DEL CAUCA", "dane_mpio": 76001, "municipio": "CALI", "cod_comuna": 3.0, "comuna": "Comuna 3", "cod_barrio": 306.0, "nom_barrio": "San Juan Bosco", "direccion": "76001 KR 15 CON CL 13 KR 15 CL 13", "sitio": "SIN INFORMACION", "x": -76.531196594240001, "y": 3.4431619644200002, "anio": 2024, "mes": "octubre", "dia": 17, "dia_semana": 5, "hora_hecho": "21:30", "barrio": null, "estrato": 3, "geom": "0101000020E610000000000020FF2153C000000080988B0B40", "fecha_hech": "2024-10-17 00:00:00", "Id": 0, "area": 136572.15568900001 }, "geometry": { "type": "Point", "coordinates": [ -76.531196594240001, 3.44316196442 ] } },
{ "type": "Feature", "properties": { "dinamica": "HURTO", "titulo": "DELITOS CONTRA EL PATRIMONIO ECONOMICO", "capitulo": "DEL HURTO", "articulo": "HURTO CALIFICADO. ART. 240 C.P.", "grado_deli": "NINGUNO", "tipo_notic": "DENUNCIA", "caracteriz": "HURTO A PERSONAS", "modalidad": "ATRACO", "modo": "ARMA DE FUEGO", "motivo": null, "pais": "COLOMBIA", "dane_dep": 76, "departamen": "VALLE DEL CAUCA", "dane_mpio": 76001, "municipio": "CALI", "cod_comuna": 3.0, "comuna": "Comuna 3", "cod_barrio": 309.0, "nom_barrio": "San Pascual", "direccion": "76001 CL 5 CON CON KR 8 CALLE 5 CON CARRERA 8", "sitio": "LOCAL COMERCIAL", "x": -76.528816223139998, "y": 3.4434878826099999, "anio": 2024, "mes": "octubre", "dia": 18, "dia_semana": 6, "hora_hecho": "13:00", "barrio": null, "estrato": 1, "geom": "0101000020E610000000000020D82153C000000060438C0B40", "fecha_hech": "2024-10-18 00:00:00", "Id": 0, "area": 136572.15568900001 }, "geometry": { "type": "Point", "coordinates": [ -76.528816223139998, 3.44348788261 ] } },
{ "type": "Feature", "properties": { "dinamica": "HURTO", "titulo": "DELITOS CONTRA EL PATRIMONIO ECONOMICO", "capitulo": "DEL HURTO", "articulo": "HURTO. ART. 239 C.P.", "grado_deli": "AGRAVADO", "tipo_notic": "DENUNCIA", "caracteriz": "HURTO A CELULARES", "modalidad": "RAPONAZO", "modo": null, "motivo": "SIN DETERMINAR", "pais": "COLOMBIA", "dane_dep": 76, "departamen": "VALLE DEL CAUCA", "dane_mpio": 76001, "municipio": "CALI", "cod_comuna": 3.0, "comuna": "Comuna 3", "cod_barrio": 309.0, "nom_barrio": "San Pascual", "direccion": "76001 KR 14 CL 13-18 CARRERA 14 CON CALLE 13 18", "sitio": "SIN INFORMACION", "x": -76.528816223139998, "y": 3.4434878826099999, "anio": 2024, "mes": "octubre", "dia": 18, "dia_semana": 6, "hora_hecho": "20:30", "barrio": null, "estrato": 1, "geom": "0101000020E610000000000020D82153C000000060438C0B40", "fecha_hech": "2024-10-18 00:00:00", "Id": 0, "area": 136572.15568900001 }, "geometry": { "type": "Point", "coordinates": [ -76.528816223139998, 3.44348788261 ] } },
{ "type": "Feature", "properties": { "dinamica": "HURTO", "titulo": "DELITOS CONTRA EL PATRIMONIO ECONOMICO", "capitulo": "DEL HURTO", "articulo": "HURTO CALIFICADO. ART. 240 C.P.", "grado_deli": "AGRAVADO", "tipo_notic": "DENUNCIA", "caracteriz": "HURTO A PERSONAS", "modalidad": "ATRACO", "modo": "ARMA BLANCA", "motivo": null, "pais": "COLOMBIA", "dane_dep": 76, "departamen": "VALLE DEL CAUCA", "dane_mpio": 76001, "municipio": "CALI", "cod_comuna": 3.0, "comuna": "Comuna 3", "cod_barrio": 309.0, "nom_barrio": "San Pascual", "direccion": "76001 CALLE 13A 12A 99", "sitio": "ESTACION DE ARTICULADO", "x": -76.528121948239999, "y": 3.4446558952299999, "anio": 2024, "mes": "octubre", "dia": 19, "dia_semana": 7, "hora_hecho": "11:23", "barrio": "SAN PASCUAL", "estrato": 1, "geom": "0101000020E6100000000000C0CC2153C0000000C0A78E0B40", "fecha_hech": "2024-10-19 00:00:00", "Id": 0, "area": 136572.15568900001 }, "geometry": { "type": "Point", "coordinates": [ -76.528121948239999, 3.44465589523 ] } },
{ "type": "Feature", "properties": { "dinamica": "HURTO", "titulo": "DELITOS CONTRA EL PATRIMONIO ECONOMICO", "capitulo": "DEL HURTO", "articulo": "HURTO CALIFICADO. ART. 240 C.P.", "grado_deli": "NINGUNO", "tipo_notic": "DENUNCIA", "caracteriz": "HURTO DE MOTOCICLETAS", "modalidad": "HALADO", "modo": null, "motivo": null, "pais": "COLOMBIA", "dane_dep": 76, "departamen": "VALLE DEL CAUCA", "dane_mpio": 76001, "municipio": "CALI", "cod_comuna": 3.0, "comuna": "Comuna 3", "cod_barrio": 310.0, "nom_barrio": "El Calvario", "direccion": "76001 CARRERA 11 13A 36, SANTIAGO DE CALI, CALI, VALLE DEL CAUCA", "sitio": "ZONA DE PARQUEO", "x": -76.5283203125, "y": 3.4469909668000001, "anio": 2024, "mes": "octubre", "dia": 20, "dia_semana": 1, "hora_hecho": "20:30", "barrio": "EL CALVARIO", "estrato": 3, "geom": "0101000020E610000000000000D02153C00000000070930B40", "fecha_hech": "2024-10-20 00:00:00", "Id": 0, "area": 136572.15568900001 }, "geometry": { "type": "Point", "coordinates": [ -76.5283203125, 3.4469909668 ] } },
{ "type": "Feature", "properties": { "dinamica": "HURTO", "titulo": "DELITOS CONTRA EL PATRIMONIO ECONOMICO", "capitulo": "DEL HURTO", "articulo": "HURTO CALIFICADO. ART. 240 C.P.", "grado_deli": "AGRAVADO", "tipo_notic": "DENUNCIA", "caracteriz": "HURTO A PERSONAS", "modalidad": "RAPONAZO", "modo": null, "motivo": null, "pais": "COLOMBIA", "dane_dep": 76, "departamen": "VALLE DEL CAUCA", "dane_mpio": 76001, "municipio": "CALI", "cod_comuna": 3.0, "comuna": "Comuna 3", "cod_barrio": 309.0, "nom_barrio": "San Pascual", "direccion": "76001 Calle 13 con Carrera 14, San Pascual, Cali, Valle del Cauca, COL,SAN PASCUAL", "sitio": "SIN INFORMACION", "x": -76.52880859375, "y": 3.4434030056, "anio": 2024, "mes": "octubre", "dia": 21, "dia_semana": 2, "hora_hecho": "22:09", "barrio": "SAN PASCUAL", "estrato": 1, "geom": "0101000020E610000000000000D82153C0000000E0168C0B40", "fecha_hech": "2024-10-21 00:00:00", "Id": 0, "area": 136572.15568900001 }, "geometry": { "type": "Point", "coordinates": [ -76.52880859375, 3.4434030056 ] } },
{ "type": "Feature", "properties": { "dinamica": "HURTO", "titulo": "DELITOS CONTRA EL PATRIMONIO ECONOMICO", "capitulo": "DEL HURTO", "articulo": "HURTO CALIFICADO. ART. 240 C.P.", "grado_deli": "AGRAVADO", "tipo_notic": "DENUNCIA", "caracteriz": "HURTO A PERSONAS", "modalidad": "ATRACO", "modo": "ARMA BLANCA", "motivo": null, "pais": "COLOMBIA", "dane_dep": 76, "departamen": "VALLE DEL CAUCA", "dane_mpio": 76001, "municipio": "CALI", "cod_comuna": 3.0, "comuna": "Comuna 3", "cod_barrio": 310.0, "nom_barrio": "El Calvario", "direccion": "76001 CALLE 12 11 199", "sitio": "VIA PUBLICA", "x": -76.53020477295, "y": 3.4455609321599998, "anio": 2024, "mes": "octubre", "dia": 23, "dia_semana": 4, "hora_hecho": "12:50", "barrio": "EL CALVARIO", "estrato": 3, "geom": "0101000020E6100000000000E0EE2153C00000004082900B40", "fecha_hech": "2024-10-23 00:00:00", "Id": 0, "area": 136572.15568900001 }, "geometry": { "type": "Point", "coordinates": [ -76.53020477295, 3.44556093216 ] } },
{ "type": "Feature", "properties": { "dinamica": "HURTO", "titulo": "DELITOS CONTRA EL PATRIMONIO ECONOMICO", "capitulo": "DEL HURTO", "articulo": "HURTO CALIFICADO. ART. 240 C.P.", "grado_deli": "NINGUNO", "tipo_notic": "DENUNCIA", "caracteriz": "HURTO DE AUTOPARTES", "modalidad": "RAPONAZO", "modo": null, "motivo": null, "pais": "COLOMBIA", "dane_dep": 76, "departamen": "VALLE DEL CAUCA", "dane_mpio": 76001, "municipio": "CALI", "cod_comuna": 3.0, "comuna": "Comuna 3", "cod_barrio": 306.0, "nom_barrio": "San Juan Bosco", "direccion": "76001", "sitio": "SIN INFORMACION", "x": -76.531860351559999, "y": 3.4433970451399998, "anio": 2024, "mes": "octubre", "dia": 24, "dia_semana": 5, "hora_hecho": "02:00", "barrio": null, "estrato": 3, "geom": "0101000020E6100000000000000A2253C0000000C0138C0B40", "fecha_hech": "2024-10-24 00:00:00", "Id": 0, "area": 136572.15568900001 }, "geometry": { "type": "Point", "coordinates": [ -76.531860351559999, 3.44339704514 ] } },
{ "type": "Feature", "properties": { "dinamica": "HURTO", "titulo": "DELITOS CONTRA EL PATRIMONIO ECONOMICO", "capitulo": "DEL HURTO", "articulo": "HURTO CALIFICADO. ART. 240 C.P.", "grado_deli": "AGRAVADO", "tipo_notic": "DENUNCIA", "caracteriz": "HURTO A PERSONAS", "modalidad": "ATRACO", "modo": "ARMA BLANCA", "motivo": null, "pais": "COLOMBIA", "dane_dep": 76, "departamen": "VALLE DEL CAUCA", "dane_mpio": 76001, "municipio": "CALI", "cod_comuna": 3.0, "comuna": "Comuna 3", "cod_barrio": 309.0, "nom_barrio": "San Pascual", "direccion": "76001 CARRERA 13 14 11", "sitio": "VIA PUBLICA", "x": -76.527351379389998, "y": 3.4447910785700002, "anio": 2024, "mes": "octubre", "dia": 26, "dia_semana": 7, "hora_hecho": "09:33", "barrio": "SAN PASCUAL", "estrato": 1, "geom": "0101000020E610000000000020C02153C0000000A0EE8E0B40", "fecha_hech": "2024-10-26 00:00:00", "Id": 0, "area": 136572.15568900001 }, "geometry": { "type": "Point", "coordinates": [ -76.527351379389998, 3.44479107857 ] } },
{ "type": "Feature", "properties": { "dinamica": "HURTO", "titulo": "DELITOS CONTRA EL PATRIMONIO ECONOMICO", "capitulo": "DEL HURTO", "articulo": "HURTO. ART. 239 C.P.", "grado_deli": "NINGUNO", "tipo_notic": "DENUNCIA", "caracteriz": "HURTO A PERSONAS", "modalidad": "COSQUILLEO", "modo": null, "motivo": null, "pais": "COLOMBIA", "dane_dep": 76, "departamen": "VALLE DEL CAUCA", "dane_mpio": 76001, "municipio": "CALI", "cod_comuna": 3.0, "comuna": "Comuna 3", "cod_barrio": 307.0, "nom_barrio": "Santa Rosa", "direccion": "76001 CALLE 10 3, SANTA ROSA, CALI, VALLE DEL CAUCA", "sitio": "VIA PUBLICA", "x": -76.532531738279999, "y": 3.44685101509, "anio": 2024, "mes": "octubre", "dia": 26, "dia_semana": 7, "hora_hecho": "17:00", "barrio": "SANTA ROSA", "estrato": 3, "geom": "0101000020E610000000000000152253C0000000A026930B40", "fecha_hech": "2024-10-26 00:00:00", "Id": 0, "area": 136572.15568900001 }, "geometry": { "type": "Point", "coordinates": [ -76.532531738279999, 3.44685101509 ] } },
{ "type": "Feature", "properties": { "dinamica": "HURTO", "titulo": "DELITOS CONTRA EL PATRIMONIO ECONOMICO", "capitulo": "DEL HURTO", "articulo": "HURTO CALIFICADO. ART. 240 C.P.", "grado_deli": "NINGUNO", "tipo_notic": "DENUNCIA", "caracteriz": "HURTO A PERSONAS", "modalidad": "ATRACO", "modo": "ARMA BLANCA", "motivo": null, "pais": "COLOMBIA", "dane_dep": 76, "departamen": "VALLE DEL CAUCA", "dane_mpio": 76001, "municipio": "CALI", "cod_comuna": 3.0, "comuna": "Comuna 3", "cod_barrio": 307.0, "nom_barrio": "Santa Rosa", "direccion": "76001 Calle 11 3, Santa Rosa, Cali, Valle del Cauca, COL,SANTA ROSA", "sitio": "SIN INFORMACION", "x": -76.531433105470001, "y": 3.44674897194, "anio": 2024, "mes": "octubre", "dia": 26, "dia_semana": 7, "hora_hecho": "23:51", "barrio": "SANTA ROSA", "estrato": 3, "geom": "0101000020E610000000000000032253C000000020F1920B40", "fecha_hech": "2024-10-26 00:00:00", "Id": 0, "area": 136572.15568900001 }, "geometry": { "type": "Point", "coordinates": [ -76.531433105470001, 3.44674897194 ] } },
{ "type": "Feature", "properties": { "dinamica": "HURTO", "titulo": "DELITOS CONTRA EL PATRIMONIO ECONOMICO", "capitulo": "DEL HURTO", "articulo": "HURTO CALIFICADO. ART. 240 C.P.", "grado_deli": "NINGUNO", "tipo_notic": "DENUNCIA", "caracteriz": "HURTO DE MOTOCICLETAS", "modalidad": "ATRACO", "modo": "ARMA DE FUEGO", "motivo": null, "pais": "COLOMBIA", "dane_dep": 76, "departamen": "VALLE DEL CAUCA", "dane_mpio": 76001, "municipio": "CALI", "cod_comuna": 3.0, "comuna": "Comuna 3", "cod_barrio": 307.0, "nom_barrio": "Santa Rosa", "direccion": "76001 CALLE 10 17, SANTA ROSA, CALI, VALLE DEL CAUCA", "sitio": "VIA PUBLICA", "x": -76.532516479489999, "y": 3.4467430114700002, "anio": 2024, "mes": "octubre", "dia": 27, "dia_semana": 1, "hora_hecho": "00:00", "barrio": "SANTA ROSA", "estrato": 3, "geom": "0101000020E6100000000000C0142253C000000000EE920B40", "fecha_hech": "2024-10-27 00:00:00", "Id": 0, "area": 136572.15568900001 }, "geometry": { "type": "Point", "coordinates": [ -76.532516479489999, 3.44674301147 ] } },
{ "type": "Feature", "properties": { "dinamica": "HURTO", "titulo": "DELITOS CONTRA EL PATRIMONIO ECONOMICO", "capitulo": "DEL HURTO", "articulo": "HURTO. ART. 239 C.P.", "grado_deli": "NINGUNO", "tipo_notic": "DENUNCIA", "caracteriz": "HURTO A PERSONAS", "modalidad": "RAPONAZO", "modo": null, "motivo": null, "pais": "COLOMBIA", "dane_dep": 76, "departamen": "VALLE DEL CAUCA", "dane_mpio": 76001, "municipio": "CALI", "cod_comuna": 3.0, "comuna": "Comuna 3", "cod_barrio": 307.0, "nom_barrio": "Santa Rosa", "direccion": "76001 CARRERA 10 10 60, SANTIAGO DE CALI, CALI, VALLE DEL CAUCA, COL,SANTA ROSA", "sitio": "LUGAR DE EVENTOS", "x": -76.531929016109999, "y": 3.4468820095099999, "anio": 2024, "mes": "octubre", "dia": 28, "dia_semana": 2, "hora_hecho": "03:30", "barrio": "SANTA ROSA", "estrato": 3, "geom": "0101000020E6100000000000200B2253C0000000E036930B40", "fecha_hech": "2024-10-28 00:00:00", "Id": 0, "area": 136572.15568900001 }, "geometry": { "type": "Point", "coordinates": [ -76.531929016109999, 3.44688200951 ] } },
{ "type": "Feature", "properties": { "dinamica": "HURTO", "titulo": "DELITOS CONTRA EL PATRIMONIO ECONOMICO", "capitulo": "DEL HURTO", "articulo": "HURTO CALIFICADO. ART. 240 C.P.", "grado_deli": "AGRAVADO", "tipo_notic": "DENUNCIA", "caracteriz": "HURTO A PERSONAS", "modalidad": "ATRACO", "modo": "ARMA DE FUEGO", "motivo": null, "pais": "COLOMBIA", "dane_dep": 76, "departamen": "VALLE DEL CAUCA", "dane_mpio": 76001, "municipio": "CALI", "cod_comuna": 3.0, "comuna": "Comuna 3", "cod_barrio": 310.0, "nom_barrio": "El Calvario", "direccion": "76001 CARRERA 10 13 12", "sitio": "DOMICILIO", "x": -76.529731750490001, "y": 3.44768190384, "anio": 2024, "mes": "octubre", "dia": 30, "dia_semana": 4, "hora_hecho": "15:20", "barrio": "EL CALVARIO", "estrato": 3, "geom": "0101000020E610000000000020E72153C000000040DA940B40", "fecha_hech": "2024-10-30 00:00:00", "Id": 0, "area": 136572.15568900001 }, "geometry": { "type": "Point", "coordinates": [ -76.529731750490001, 3.44768190384 ] } },
{ "type": "Feature", "properties": { "dinamica": "HURTO", "titulo": "DELITOS CONTRA EL PATRIMONIO ECONOMICO", "capitulo": "DEL HURTO", "articulo": "HURTO. ART. 239 C.P.", "grado_deli": "AGRAVADO", "tipo_notic": "ACTOS URGENTES", "caracteriz": "HURTO A CELULARES", "modalidad": "COSQUILLEO", "modo": null, "motivo": null, "pais": "COLOMBIA", "dane_dep": 76, "departamen": "VALLE DEL CAUCA", "dane_mpio": 76001, "municipio": "CALI", "cod_comuna": 3.0, "comuna": "Comuna 3", "cod_barrio": 309.0, "nom_barrio": "San Pascual", "direccion": "76001 CARRERA 15 13A 01, SANTIAGO DE CALI, CALI, VALLE DEL CAUCA", "sitio": "ESTACION TRANSPORTE MASIVO", "x": -76.527648925779999, "y": 3.4428279399899999, "anio": 2024, "mes": "octubre", "dia": 30, "dia_semana": 4, "hora_hecho": "20:32", "barrio": "SAN PASCUAL", "estrato": 1, "geom": "0101000020E610000000000000C52153C000000060E98A0B40", "fecha_hech": "2024-10-30 00:00:00", "Id": 0, "area": 136572.15568900001 }, "geometry": { "type": "Point", "coordinates": [ -76.527648925779999, 3.44282793999 ] } },
{ "type": "Feature", "properties": { "dinamica": "HURTO", "titulo": "DELITOS CONTRA EL PATRIMONIO ECONOMICO", "capitulo": "DEL HURTO", "articulo": "HURTO CALIFICADO. ART. 240 C.P.", "grado_deli": "NINGUNO", "tipo_notic": "DENUNCIA", "caracteriz": "HURTO A PERSONAS", "modalidad": "FACTOR DE OPORTUNIDAD", "modo": null, "motivo": null, "pais": "COLOMBIA", "dane_dep": 76, "departamen": "VALLE DEL CAUCA", "dane_mpio": 76001, "municipio": "CALI", "cod_comuna": 3.0, "comuna": "Comuna 3", "cod_barrio": 306.0, "nom_barrio": "San Juan Bosco", "direccion": "76001", "sitio": "SIN INFORMACION", "x": -76.531959533689999, "y": 3.4424760341599998, "anio": 2024, "mes": "noviembre", "dia": 2, "dia_semana": 7, "hora_hecho": "01:00", "barrio": "EL LIMONAR", "estrato": 3, "geom": "0101000020E6100000000000A00B2253C0000000E0308A0B40", "fecha_hech": "2024-11-02 00:00:00", "Id": 0, "area": 136572.15568900001 }, "geometry": { "type": "Point", "coordinates": [ -76.531959533689999, 3.44247603416 ] } },
{ "type": "Feature", "properties": { "dinamica": "HURTO", "titulo": "DELITOS CONTRA EL PATRIMONIO ECONOMICO", "capitulo": "DEL HURTO", "articulo": "HURTO CALIFICADO. ART. 240 C.P.", "grado_deli": "AGRAVADO", "tipo_notic": "ACTOS URGENTES", "caracteriz": "HURTO A PERSONAS", "modalidad": "ATRACO", "modo": "ARMA CONTUNDENTE", "motivo": null, "pais": "COLOMBIA", "dane_dep": 76, "departamen": "VALLE DEL CAUCA", "dane_mpio": 76001, "municipio": "CALI", "cod_comuna": 3.0, "comuna": "Comuna 3", "cod_barrio": 310.0, "nom_barrio": "El Calvario", "direccion": "76001 CALLE 13 CON CARRERA 11, EL CALVARIO, CALI, VALLE DEL CAUCA", "sitio": "VIA PUBLICA", "x": -76.529594421390001, "y": 3.4467821121200002, "anio": 2024, "mes": "noviembre", "dia": 2, "dia_semana": 7, "hora_hecho": "06:10", "barrio": "EL CALVARIO", "estrato": 3, "geom": "0101000020E6100000000000E0E42153C00000008002930B40", "fecha_hech": "2024-11-02 00:00:00", "Id": 0, "area": 136572.15568900001 }, "geometry": { "type": "Point", "coordinates": [ -76.529594421390001, 3.44678211212 ] } },
{ "type": "Feature", "properties": { "dinamica": "HURTO", "titulo": "DELITOS CONTRA EL PATRIMONIO ECONOMICO", "capitulo": "DEL HURTO", "articulo": "HURTO CALIFICADO. ART. 240 C.P.", "grado_deli": "AGRAVADO", "tipo_notic": "DENUNCIA", "caracteriz": "HURTO DE AUTOPARTES", "modalidad": "ATRACO", "modo": "ARMA BLANCA", "motivo": null, "pais": "COLOMBIA", "dane_dep": 76, "departamen": "VALLE DEL CAUCA", "dane_mpio": 76001, "municipio": "CALI", "cod_comuna": 3.0, "comuna": "Comuna 3", "cod_barrio": 306.0, "nom_barrio": "San Juan Bosco", "direccion": "76001 CARRERA 15 10 17, SANTIAGO DE CALI, CALI, VALLE DEL CAUCA", "sitio": "VIA PUBLICA", "x": -76.531700134280001, "y": 3.4426610469800001, "anio": 2024, "mes": "noviembre", "dia": 2, "dia_semana": 7, "hora_hecho": "14:30", "barrio": "SAN JUAN BOSCO", "estrato": 3, "geom": "0101000020E610000000000060072253C0000000E0918A0B40", "fecha_hech": "2024-11-02 00:00:00", "Id": 0, "area": 136572.15568900001 }, "geometry": { "type": "Point", "coordinates": [ -76.531700134280001, 3.44266104698 ] } },
{ "type": "Feature", "properties": { "dinamica": "HURTO", "titulo": "DELITOS CONTRA EL PATRIMONIO ECONOMICO", "capitulo": "DEL HURTO", "articulo": "HURTO CALIFICADO. ART. 240 C.P.", "grado_deli": "NINGUNO", "tipo_notic": "DENUNCIA", "caracteriz": "HURTO A PERSONAS", "modalidad": "ATRACO", "modo": "ARMA DE FUEGO", "motivo": null, "pais": "COLOMBIA", "dane_dep": 76, "departamen": "VALLE DEL CAUCA", "dane_mpio": 76001, "municipio": "CALI", "cod_comuna": 3.0, "comuna": "Comuna 3", "cod_barrio": 310.0, "nom_barrio": "El Calvario", "direccion": "76001 CL 13 CON CON KR 10", "sitio": "VIA PUBLICA", "x": -76.529861450200002, "y": 3.4475960731500002, "anio": 2024, "mes": "noviembre", "dia": 7, "dia_semana": 5, "hora_hecho": "19:30", "barrio": null, "estrato": 3, "geom": "0101000020E610000000000040E92153C000000040AD940B40", "fecha_hech": "2024-11-07 00:00:00", "Id": 0, "area": 136572.15568900001 }, "geometry": { "type": "Point", "coordinates": [ -76.529861450200002, 3.44759607315 ] } },
{ "type": "Feature", "properties": { "dinamica": "HURTO", "titulo": "DELITOS CONTRA EL PATRIMONIO ECONOMICO", "capitulo": "DEL HURTO", "articulo": "HURTO CALIFICADO. ART. 240 C.P.", "grado_deli": "AGRAVADO", "tipo_notic": "DENUNCIA", "caracteriz": "HURTO A PERSONAS", "modalidad": "ATRACO", "modo": "ARMA BLANCA", "motivo": null, "pais": "COLOMBIA", "dane_dep": 76, "departamen": "VALLE DEL CAUCA", "dane_mpio": 76001, "municipio": "CALI", "cod_comuna": 3.0, "comuna": "Comuna 3", "cod_barrio": 306.0, "nom_barrio": "San Juan Bosco", "direccion": "76001 Importadora Celeste, Carrera 15 11 8387, San Juan Bosco, Cali, Valle del Cauca, COL,SAN JUAN BOSCO", "sitio": "SIN INFORMACION", "x": -76.530723571780001, "y": 3.4427781105, "anio": 2024, "mes": "noviembre", "dia": 15, "dia_semana": 6, "hora_hecho": "17:00", "barrio": "SAN JUAN BOSCO", "estrato": 3, "geom": "0101000020E610000000000060F72153C000000040CF8A0B40", "fecha_hech": "2024-11-15 00:00:00", "Id": 0, "area": 136572.15568900001 }, "geometry": { "type": "Point", "coordinates": [ -76.530723571780001, 3.4427781105 ] } },
{ "type": "Feature", "properties": { "dinamica": "HURTO", "titulo": "DELITOS CONTRA EL PATRIMONIO ECONOMICO", "capitulo": "DEL HURTO", "articulo": "HURTO CALIFICADO. ART. 240 C.P.", "grado_deli": "NINGUNO", "tipo_notic": "DENUNCIA", "caracteriz": "HURTO A PERSONAS", "modalidad": "ATRACO", "modo": "SIN ARMA", "motivo": null, "pais": "COLOMBIA", "dane_dep": 76, "departamen": "VALLE DEL CAUCA", "dane_mpio": 76001, "municipio": "CALI", "cod_comuna": 3.0, "comuna": "Comuna 3", "cod_barrio": 307.0, "nom_barrio": "Santa Rosa", "direccion": "76001 Calle 11 13, Santa Rosa, Cali, Valle del Cauca, COL,SANTA ROSA", "sitio": "SIN INFORMACION", "x": -76.531448364260001, "y": 3.4467899799300001, "anio": 2024, "mes": "noviembre", "dia": 18, "dia_semana": 2, "hora_hecho": "21:30", "barrio": "SANTA ROSA", "estrato": 3, "geom": "0101000020E610000000000040032253C0000000A006930B40", "fecha_hech": "2024-11-18 00:00:00", "Id": 0, "area": 136572.15568900001 }, "geometry": { "type": "Point", "coordinates": [ -76.531448364260001, 3.44678997993 ] } },
{ "type": "Feature", "properties": { "dinamica": "HURTO", "titulo": "DELITOS CONTRA EL PATRIMONIO ECONOMICO", "capitulo": "DEL HURTO", "articulo": "HURTO CALIFICADO. ART. 240 C.P.", "grado_deli": "NINGUNO", "tipo_notic": "DENUNCIA", "caracteriz": "HURTO A PERSONAS", "modalidad": "VIOLACION DE CERRADURA", "modo": null, "motivo": null, "pais": "COLOMBIA", "dane_dep": 76, "departamen": "VALLE DEL CAUCA", "dane_mpio": 76001, "municipio": "CALI", "cod_comuna": 3.0, "comuna": "Comuna 3", "cod_barrio": 309.0, "nom_barrio": "San Pascual", "direccion": "76001 CARRERA 14 13 28, SANTIAGO DE CALI, CALI, VALLE DEL CAUCA, COL,SAN PASCUAL", "sitio": "VIA PUBLICA", "x": -76.52841949463, "y": 3.4433460235600002, "anio": 2024, "mes": "noviembre", "dia": 25, "dia_semana": 2, "hora_hecho": "14:30", "barrio": "SAN PASCUAL", "estrato": 1, "geom": "0101000020E6100000000000A0D12153C000000000F98B0B40", "fecha_hech": "2024-11-25 00:00:00", "Id": 0, "area": 136572.15568900001 }, "geometry": { "type": "Point", "coordinates": [ -76.52841949463, 3.44334602356 ] } },
{ "type": "Feature", "properties": { "dinamica": "HURTO", "titulo": "DELITOS CONTRA EL PATRIMONIO ECONOMICO", "capitulo": "DEL HURTO", "articulo": "HURTO CALIFICADO. ART. 240 C.P.", "grado_deli": "NINGUNO", "tipo_notic": "DENUNCIA", "caracteriz": "HURTO A PERSONAS", "modalidad": "ATRACO", "modo": "ARMA DE FUEGO", "motivo": null, "pais": "COLOMBIA", "dane_dep": 76, "departamen": "VALLE DEL CAUCA", "dane_mpio": 76001, "municipio": "CALI", "cod_comuna": 3.0, "comuna": "Comuna 3", "cod_barrio": 309.0, "nom_barrio": "San Pascual", "direccion": "76001 CALLE 13A, SAN PASCUAL, CALI, VALLE DEL CAUCA", "sitio": "VIA PUBLICA", "x": -76.527976989750002, "y": 3.4441618919399999, "anio": 2024, "mes": "noviembre", "dia": 28, "dia_semana": 5, "hora_hecho": "14:10", "barrio": "SAN PASCUAL", "estrato": 1, "geom": "0101000020E610000000000060CA2153C0000000C0A48D0B40", "fecha_hech": "2024-11-28 00:00:00", "Id": 0, "area": 136572.15568900001 }, "geometry": { "type": "Point", "coordinates": [ -76.527976989750002, 3.44416189194 ] } },
{ "type": "Feature", "properties": { "dinamica": "HURTO", "titulo": "DELITOS CONTRA EL PATRIMONIO ECONOMICO", "capitulo": "DEL HURTO", "articulo": "HURTO CALIFICADO. ART. 240 C.P.", "grado_deli": "AGRAVADO", "tipo_notic": "DENUNCIA", "caracteriz": "HURTO A PERSONAS", "modalidad": "ATRACO", "modo": "ARMA DE FUEGO", "motivo": null, "pais": "COLOMBIA", "dane_dep": 76, "departamen": "VALLE DEL CAUCA", "dane_mpio": 76001, "municipio": "CALI", "cod_comuna": 3.0, "comuna": "Comuna 3", "cod_barrio": 310.0, "nom_barrio": "El Calvario", "direccion": "76001 CARRERA 10 13A 90", "sitio": "VEHICULO TAXI", "x": -76.528198242190001, "y": 3.44783091545, "anio": 2024, "mes": "noviembre", "dia": 28, "dia_semana": 5, "hora_hecho": "18:50", "barrio": "EL CALVARIO", "estrato": 3, "geom": "0101000020E610000000000000CE2153C00000006028950B40", "fecha_hech": "2024-11-28 00:00:00", "Id": 0, "area": 136572.15568900001 }, "geometry": { "type": "Point", "coordinates": [ -76.528198242190001, 3.44783091545 ] } },
{ "type": "Feature", "properties": { "dinamica": "HURTO", "titulo": "DELITOS CONTRA EL PATRIMONIO ECONOMICO", "capitulo": "DEL HURTO", "articulo": "HURTO CALIFICADO. ART. 240 C.P.", "grado_deli": "NINGUNO", "tipo_notic": "DENUNCIA", "caracteriz": "HURTO A PERSONAS", "modalidad": "ATRACO", "modo": "ARMA BLANCA", "motivo": null, "pais": "COLOMBIA", "dane_dep": 76, "departamen": "VALLE DEL CAUCA", "dane_mpio": 76001, "municipio": "CALI", "cod_comuna": 3.0, "comuna": "Comuna 3", "cod_barrio": 310.0, "nom_barrio": "El Calvario", "direccion": "76001 CALLE 13, EL CALVARIO, CALI, VALLE DEL CAUCA", "sitio": "VIA PUBLICA", "x": -76.52961730957, "y": 3.4468789100600001, "anio": 2024, "mes": "diciembre", "dia": 2, "dia_semana": 2, "hora_hecho": "09:07", "barrio": "EL CALVARIO", "estrato": 3, "geom": "0101000020E610000000000040E52153C00000004035930B40", "fecha_hech": "2024-12-02 00:00:00", "Id": 0, "area": 136572.15568900001 }, "geometry": { "type": "Point", "coordinates": [ -76.52961730957, 3.44687891006 ] } },
{ "type": "Feature", "properties": { "dinamica": "HURTO", "titulo": "DELITOS CONTRA EL PATRIMONIO ECONOMICO", "capitulo": "DEL HURTO", "articulo": "HURTO CALIFICADO. ART. 240 C.P.", "grado_deli": "AGRAVADO", "tipo_notic": "DENUNCIA", "caracteriz": "HURTO A PERSONAS", "modalidad": "ATRACO", "modo": "ARMA DE FUEGO", "motivo": null, "pais": "COLOMBIA", "dane_dep": 76, "departamen": "VALLE DEL CAUCA", "dane_mpio": 76001, "municipio": "CALI", "cod_comuna": 3.0, "comuna": "Comuna 3", "cod_barrio": 310.0, "nom_barrio": "El Calvario", "direccion": "76001 CALLE 13 11 63", "sitio": "VIA PUBLICA", "x": -76.529388427729998, "y": 3.4460580349000001, "anio": 2024, "mes": "diciembre", "dia": 4, "dia_semana": 4, "hora_hecho": "23:18", "barrio": "EL CALVARIO", "estrato": 3, "geom": "0101000020E610000000000080E12153C0000000E086910B40", "fecha_hech": "2024-12-04 00:00:00", "Id": 0, "area": 136572.15568900001 }, "geometry": { "type": "Point", "coordinates": [ -76.529388427729998, 3.4460580349 ] } },
{ "type": "Feature", "properties": { "dinamica": "HURTO", "titulo": "DELITOS CONTRA EL PATRIMONIO ECONOMICO", "capitulo": "DEL HURTO", "articulo": "HURTO. ART. 239 C.P.", "grado_deli": "NINGUNO", "tipo_notic": "DENUNCIA", "caracteriz": "HURTO A CELULARES", "modalidad": "RAPONAZO", "modo": null, "motivo": "SIN DETERMINAR", "pais": "COLOMBIA", "dane_dep": 76, "departamen": "VALLE DEL CAUCA", "dane_mpio": 76001, "municipio": "CALI", "cod_comuna": 3.0, "comuna": "Comuna 3", "cod_barrio": 310.0, "nom_barrio": "El Calvario", "direccion": "76001 KR 10 CON CL 12 CARRERA 10  CALLE 12", "sitio": "SIN INFORMACION", "x": -76.530738830570002, "y": 3.4474399089799999, "anio": 2024, "mes": "diciembre", "dia": 6, "dia_semana": 6, "hora_hecho": "18:30", "barrio": null, "estrato": 3, "geom": "0101000020E6100000000000A0F72153C0000000605B940B40", "fecha_hech": "2024-12-06 00:00:00", "Id": 0, "area": 136572.15568900001 }, "geometry": { "type": "Point", "coordinates": [ -76.530738830570002, 3.44743990898 ] } },
{ "type": "Feature", "properties": { "dinamica": "HURTO", "titulo": "DELITOS CONTRA EL PATRIMONIO ECONOMICO", "capitulo": "DEL HURTO", "articulo": "HURTO CALIFICADO. ART. 240 C.P.", "grado_deli": "AGRAVADO", "tipo_notic": "DENUNCIA", "caracteriz": "HURTO DE MOTOCICLETAS", "modalidad": "ATRACO", "modo": "ARMA DE FUEGO", "motivo": null, "pais": "COLOMBIA", "dane_dep": 76, "departamen": "VALLE DEL CAUCA", "dane_mpio": 76001, "municipio": "CALI", "cod_comuna": 3.0, "comuna": "Comuna 3", "cod_barrio": 309.0, "nom_barrio": "San Pascual", "direccion": "76001 CARRERA 15 CON CALLE 15, SAN PASCUAL, CALI, VALLE DEL CAUCA", "sitio": "VIA PUBLICA", "x": -76.52626800537, "y": 3.4427099227900002, "anio": 2024, "mes": "diciembre", "dia": 9, "dia_semana": 2, "hora_hecho": "23:00", "barrio": "SAN PASCUAL", "estrato": 1, "geom": "0101000020E610000000000060AE2153C000000080AB8A0B40", "fecha_hech": "2024-12-09 00:00:00", "Id": 0, "area": 136572.15568900001 }, "geometry": { "type": "Point", "coordinates": [ -76.52626800537, 3.44270992279 ] } },
{ "type": "Feature", "properties": { "dinamica": "HURTO", "titulo": "DELITOS CONTRA EL PATRIMONIO ECONOMICO", "capitulo": "DEL HURTO", "articulo": "HURTO CALIFICADO. ART. 240 C.P.", "grado_deli": "AGRAVADO", "tipo_notic": "DENUNCIA", "caracteriz": "HURTO A PERSONAS", "modalidad": "ATRACO", "modo": "ARMA BLANCA", "motivo": null, "pais": "COLOMBIA", "dane_dep": 76, "departamen": "VALLE DEL CAUCA", "dane_mpio": 76001, "municipio": "CALI", "cod_comuna": 3.0, "comuna": "Comuna 3", "cod_barrio": 309.0, "nom_barrio": "San Pascual", "direccion": "76001 CALLE 13 CON CARRERA 15, SAN PASCUAL, CALI, VALLE DEL CAUCA", "sitio": "VIA PUBLICA", "x": -76.528625488279999, "y": 3.4427859783199999, "anio": 2024, "mes": "diciembre", "dia": 11, "dia_semana": 4, "hora_hecho": "07:20", "barrio": "SAN PASCUAL", "estrato": 1, "geom": "0101000020E610000000000000D52153C000000060D38A0B40", "fecha_hech": "2024-12-11 00:00:00", "Id": 0, "area": 136572.15568900001 }, "geometry": { "type": "Point", "coordinates": [ -76.528625488279999, 3.44278597832 ] } },
{ "type": "Feature", "properties": { "dinamica": "HURTO", "titulo": "DELITOS CONTRA EL PATRIMONIO ECONOMICO", "capitulo": "DEL HURTO", "articulo": "HURTO CALIFICADO. ART. 240 C.P.", "grado_deli": "AGRAVADO", "tipo_notic": "DENUNCIA", "caracteriz": "HURTO A PERSONAS", "modalidad": "ATRACO", "modo": "ARMA DE FUEGO", "motivo": null, "pais": "COLOMBIA", "dane_dep": 76, "departamen": "VALLE DEL CAUCA", "dane_mpio": 76001, "municipio": "CALI", "cod_comuna": 3.0, "comuna": "Comuna 3", "cod_barrio": 309.0, "nom_barrio": "San Pascual", "direccion": "76001 CARRERA 15, SAN PASCUAL, CALI, VALLE DEL CAUCA", "sitio": "VIA PUBLICA", "x": -76.52611541748, "y": 3.4426980018600002, "anio": 2024, "mes": "diciembre", "dia": 14, "dia_semana": 7, "hora_hecho": "04:30", "barrio": "SAN PASCUAL", "estrato": 1, "geom": "0101000020E6100000000000E0AB2153C000000040A58A0B40", "fecha_hech": "2024-12-14 00:00:00", "Id": 0, "area": 136572.15568900001 }, "geometry": { "type": "Point", "coordinates": [ -76.52611541748, 3.44269800186 ] } },
{ "type": "Feature", "properties": { "dinamica": "HURTO", "titulo": "DELITOS CONTRA EL PATRIMONIO ECONOMICO", "capitulo": "DEL HURTO", "articulo": "HURTO. ART. 239 C.P.", "grado_deli": "NINGUNO", "tipo_notic": "DENUNCIA", "caracteriz": "HURTO A CELULARES", "modalidad": "COSQUILLEO", "modo": null, "motivo": null, "pais": "COLOMBIA", "dane_dep": 76, "departamen": "VALLE DEL CAUCA", "dane_mpio": 76001, "municipio": "CALI", "cod_comuna": 3.0, "comuna": "Comuna 3", "cod_barrio": 310.0, "nom_barrio": "El Calvario", "direccion": "76001 CARRERA 10 12 12, EL CALVARIO, CALI, VALLE DEL CAUCA", "sitio": "VIA PUBLICA", "x": -76.530586242680002, "y": 3.44742202759, "anio": 2024, "mes": "diciembre", "dia": 19, "dia_semana": 5, "hora_hecho": "19:00", "barrio": "EL CALVARIO", "estrato": 3, "geom": "0101000020E610000000000020F52153C00000000052940B40", "fecha_hech": "2024-12-19 00:00:00", "Id": 0, "area": 136572.15568900001 }, "geometry": { "type": "Point", "coordinates": [ -76.530586242680002, 3.44742202759 ] } },
{ "type": "Feature", "properties": { "dinamica": "HURTO", "titulo": "DELITOS CONTRA EL PATRIMONIO ECONOMICO", "capitulo": "DEL HURTO", "articulo": "HURTO. ART. 239 C.P.", "grado_deli": "NINGUNO", "tipo_notic": "DENUNCIA", "caracteriz": "HURTO A CELULARES", "modalidad": "COSQUILLEO", "modo": null, "motivo": null, "pais": "COLOMBIA", "dane_dep": 76, "departamen": "VALLE DEL CAUCA", "dane_mpio": 76001, "municipio": "CALI", "cod_comuna": 3.0, "comuna": "Comuna 3", "cod_barrio": 309.0, "nom_barrio": "San Pascual", "direccion": "76001 CARRERA 14 13 18, SANTIAGO DE CALI, CALI, VALLE DEL CAUCA", "sitio": "TRANSPORTE MASIVO", "x": -76.52857208252, "y": 3.4432439804100001, "anio": 2024, "mes": "diciembre", "dia": 20, "dia_semana": 6, "hora_hecho": "10:21", "barrio": "SAN PASCUAL", "estrato": 1, "geom": "0101000020E610000000000020D42153C000000080C38B0B40", "fecha_hech": "2024-12-20 00:00:00", "Id": 0, "area": 136572.15568900001 }, "geometry": { "type": "Point", "coordinates": [ -76.52857208252, 3.44324398041 ] } },
{ "type": "Feature", "properties": { "dinamica": "HURTO", "titulo": "DELITOS CONTRA EL PATRIMONIO ECONOMICO", "capitulo": "DEL HURTO", "articulo": "HURTO. ART. 239 C.P.", "grado_deli": "NINGUNO", "tipo_notic": "DENUNCIA", "caracteriz": "HURTO A PERSONAS", "modalidad": "COSQUILLEO", "modo": null, "motivo": null, "pais": "COLOMBIA", "dane_dep": 76, "departamen": "VALLE DEL CAUCA", "dane_mpio": 76001, "municipio": "CALI", "cod_comuna": 3.0, "comuna": "Comuna 3", "cod_barrio": 310.0, "nom_barrio": "El Calvario", "direccion": "76001 CALLE 12, EL CALVARIO, CALI, VALLE DEL CAUCA", "sitio": "VIA PUBLICA", "x": -76.530281066889998, "y": 3.4456319809, "anio": 2024, "mes": "diciembre", "dia": 21, "dia_semana": 7, "hora_hecho": "01:00", "barrio": "EL CALVARIO", "estrato": 3, "geom": "0101000020E610000000000020F02153C000000080A7900B40", "fecha_hech": "2024-12-21 00:00:00", "Id": 0, "area": 136572.15568900001 }, "geometry": { "type": "Point", "coordinates": [ -76.530281066889998, 3.4456319809 ] } },
{ "type": "Feature", "properties": { "dinamica": "HURTO", "titulo": "DELITOS CONTRA EL PATRIMONIO ECONOMICO", "capitulo": "DEL HURTO", "articulo": "HURTO. ART. 239 C.P.", "grado_deli": "NINGUNO", "tipo_notic": "DENUNCIA", "caracteriz": "HURTO A CELULARES", "modalidad": "COSQUILLEO", "modo": null, "motivo": null, "pais": "COLOMBIA", "dane_dep": 76, "departamen": "VALLE DEL CAUCA", "dane_mpio": 76001, "municipio": "CALI", "cod_comuna": 3.0, "comuna": "Comuna 3", "cod_barrio": 307.0, "nom_barrio": "Santa Rosa", "direccion": "76001 CARRERA 10 10 60, SANTIAGO DE CALI, CALI, VALLE DEL CAUCA", "sitio": "VIA PUBLICA", "x": -76.531929016109999, "y": 3.4468820095099999, "anio": 2024, "mes": "diciembre", "dia": 21, "dia_semana": 7, "hora_hecho": "07:00", "barrio": "SANTA ROSA", "estrato": 3, "geom": "0101000020E6100000000000200B2253C0000000E036930B40", "fecha_hech": "2024-12-21 00:00:00", "Id": 0, "area": 136572.15568900001 }, "geometry": { "type": "Point", "coordinates": [ -76.531929016109999, 3.44688200951 ] } },
{ "type": "Feature", "properties": { "dinamica": "HURTO", "titulo": "DELITOS CONTRA EL PATRIMONIO ECONOMICO", "capitulo": "DEL HURTO", "articulo": "HURTO CALIFICADO. ART. 240 C.P.", "grado_deli": "NINGUNO", "tipo_notic": "DENUNCIA", "caracteriz": "HURTO A CELULARES", "modalidad": "ATRACO", "modo": "ARMA BLANCA", "motivo": "SIN DETERMINAR", "pais": "COLOMBIA", "dane_dep": 76, "departamen": "VALLE DEL CAUCA", "dane_mpio": 76001, "municipio": "CALI", "cod_comuna": 3.0, "comuna": "Comuna 3", "cod_barrio": 309.0, "nom_barrio": "San Pascual", "direccion": "76001 CARRERA 14 CON CALLE 13, SAN PASCUAL, CALI, VALLE DEL CAUCA", "sitio": "VIA PUBLICA", "x": -76.52880859375, "y": 3.4434030056, "anio": 2024, "mes": "diciembre", "dia": 24, "dia_semana": 3, "hora_hecho": "19:00", "barrio": "SAN PASCUAL", "estrato": 1, "geom": "0101000020E610000000000000D82153C0000000E0168C0B40", "fecha_hech": "2024-12-24 00:00:00", "Id": 0, "area": 136572.15568900001 }, "geometry": { "type": "Point", "coordinates": [ -76.52880859375, 3.4434030056 ] } },
{ "type": "Feature", "properties": { "dinamica": "HURTO", "titulo": "DELITOS CONTRA EL PATRIMONIO ECONOMICO", "capitulo": "DEL HURTO", "articulo": "HURTO CALIFICADO. ART. 240 C.P.", "grado_deli": "NINGUNO", "tipo_notic": "DENUNCIA", "caracteriz": "HURTO A PERSONAS", "modalidad": "ATRACO", "modo": "SIN ARMA", "motivo": null, "pais": "COLOMBIA", "dane_dep": 76, "departamen": "VALLE DEL CAUCA", "dane_mpio": 76001, "municipio": "CALI", "cod_comuna": 3.0, "comuna": "Comuna 3", "cod_barrio": 306.0, "nom_barrio": "San Juan Bosco", "direccion": "76001 CALLE 10 14, SAN JUAN BOSCO, CALI, VALLE DEL CAUCA, COL,SAN JUAN BOSCO", "sitio": "VIA PUBLICA", "x": -76.532066345209998, "y": 3.4430720806099999, "anio": 2024, "mes": "diciembre", "dia": 29, "dia_semana": 1, "hora_hecho": "23:00", "barrio": "SAN JUAN BOSCO", "estrato": 3, "geom": "0101000020E6100000000000600D2253C000000060698B0B40", "fecha_hech": "2024-12-29 00:00:00", "Id": 0, "area": 136572.15568900001 }, "geometry": { "type": "Point", "coordinates": [ -76.532066345209998, 3.44307208061 ] } },
{ "type": "Feature", "properties": { "dinamica": "HURTO", "titulo": "DELITOS CONTRA EL PATRIMONIO ECONOMICO", "capitulo": "DEL HURTO", "articulo": "HURTO. ART. 239 C.P.", "grado_deli": "NINGUNO", "tipo_notic": "ACTOS URGENTES", "caracteriz": "HURTO DE VEHICULOS", "modalidad": "FACTOR DE OPORTUNIDAD", "modo": null, "motivo": null, "pais": "COLOMBIA", "dane_dep": 76, "departamen": "VALLE DEL CAUCA", "dane_mpio": 76001, "municipio": "CALI", "cod_comuna": 3.0, "comuna": "Comuna 3", "cod_barrio": 309.0, "nom_barrio": "San Pascual", "direccion": "76001 CALLE 13 13 05, SANTIAGO DE CALI, CALI, VALLE DEL CAUCA", "sitio": "VIA PUBLICA", "x": -76.528839111330001, "y": 3.4444661140399999, "anio": 2024, "mes": "diciembre", "dia": 31, "dia_semana": 3, "hora_hecho": "16:45", "barrio": "SAN PASCUAL", "estrato": 1, "geom": "0101000020E610000000000080D82153C000000040448E0B40", "fecha_hech": "2024-12-31 00:00:00", "Id": 0, "area": 136572.15568900001 }, "geometry": { "type": "Point", "coordinates": [ -76.528839111330001, 3.44446611404 ] } },
{ "type": "Feature", "properties": { "dinamica": "HURTO", "titulo": "DELITOS CONTRA EL PATRIMONIO ECONOMICO", "capitulo": "DEL HURTO", "articulo": "HURTO CALIFICADO. ART. 240 C.P.", "grado_deli": "NINGUNO", "tipo_notic": "DENUNCIA", "caracteriz": "HURTO DE MOTOCICLETAS", "modalidad": "HALADO", "modo": null, "motivo": null, "pais": "COLOMBIA", "dane_dep": 76, "departamen": "VALLE DEL CAUCA", "dane_mpio": 76001, "municipio": "CALI", "cod_comuna": 3.0, "comuna": "Comuna 3", "cod_barrio": 309.0, "nom_barrio": "San Pascual", "direccion": "76001 CALLE 14 12A 21, SANTIAGO DE CALI, CALI, VALLE DEL CAUCA", "sitio": "VIA PUBLICA", "x": -76.527397155759999, "y": 3.4450669288600002, "anio": 2025, "mes": "enero", "dia": 1, "dia_semana": 4, "hora_hecho": "00:00", "barrio": "SAN PASCUAL", "estrato": 1, "geom": "0101000020E6100000000000E0C02153C0000000407F8F0B40", "fecha_hech": "2025-01-01 00:00:00", "Id": 0, "area": 136572.15568900001 }, "geometry": { "type": "Point", "coordinates": [ -76.527397155759999, 3.44506692886 ] } },
{ "type": "Feature", "properties": { "dinamica": "HURTO", "titulo": "DELITOS CONTRA EL PATRIMONIO ECONOMICO", "capitulo": "DEL HURTO", "articulo": "HURTO CALIFICADO. ART. 240 C.P.", "grado_deli": "AGRAVADO", "tipo_notic": "ACTOS URGENTES", "caracteriz": "HURTO A PERSONAS", "modalidad": "ATRACO", "modo": "ARMA DE FUEGO", "motivo": null, "pais": "COLOMBIA", "dane_dep": 76, "departamen": "VALLE DEL CAUCA", "dane_mpio": 76001, "municipio": "CALI", "cod_comuna": 3.0, "comuna": "Comuna 3", "cod_barrio": 310.0, "nom_barrio": "El Calvario", "direccion": "76001 AVENIDA CIUDADES CONFEDERADAS 2", "sitio": "VIA PUBLICA", "x": -76.527526855470001, "y": 3.44789099693, "anio": 2025, "mes": "enero", "dia": 3, "dia_semana": 6, "hora_hecho": "11:11", "barrio": "EL CALVARIO", "estrato": 3, "geom": "0101000020E610000000000000C32153C0000000E047950B40", "fecha_hech": "2025-01-03 00:00:00", "Id": 0, "area": 136572.15568900001 }, "geometry": { "type": "Point", "coordinates": [ -76.527526855470001, 3.44789099693 ] } },
{ "type": "Feature", "properties": { "dinamica": "HURTO", "titulo": "DELITOS CONTRA EL PATRIMONIO ECONOMICO", "capitulo": "DEL HURTO", "articulo": "HURTO CALIFICADO. ART. 240 C.P.", "grado_deli": "NINGUNO", "tipo_notic": "DENUNCIA", "caracteriz": "HURTO A ESTABLECIMIENTOS", "modalidad": "VANDALISMO/SAQUEO", "modo": null, "motivo": null, "pais": "COLOMBIA", "dane_dep": 76, "departamen": "VALLE DEL CAUCA", "dane_mpio": 76001, "municipio": "CALI", "cod_comuna": 3.0, "comuna": "Comuna 3", "cod_barrio": 309.0, "nom_barrio": "San Pascual", "direccion": "76001 CALLE 15 CON CARRERA 15, SAN PASCUAL, CALI, VALLE DEL CAUCA", "sitio": "ESTACION TRANSPORTE MASIVO", "x": -76.52626800537, "y": 3.4427099227900002, "anio": 2025, "mes": "enero", "dia": 6, "dia_semana": 2, "hora_hecho": "14:50", "barrio": "SAN PASCUAL", "estrato": 1, "geom": "0101000020E610000000000060AE2153C000000080AB8A0B40", "fecha_hech": "2025-01-06 00:00:00", "Id": 0, "area": 136572.15568900001 }, "geometry": { "type": "Point", "coordinates": [ -76.52626800537, 3.44270992279 ] } },
{ "type": "Feature", "properties": { "dinamica": "HURTO", "titulo": "DELITOS CONTRA EL PATRIMONIO ECONOMICO", "capitulo": "DEL HURTO", "articulo": "HURTO CALIFICADO. ART. 240 C.P.", "grado_deli": "NINGUNO", "tipo_notic": "DENUNCIA", "caracteriz": "HURTO A PERSONAS", "modalidad": "ATRACO", "modo": "ARMA DE FUEGO", "motivo": null, "pais": "COLOMBIA", "dane_dep": 76, "departamen": "VALLE DEL CAUCA", "dane_mpio": 76001, "municipio": "CALI", "cod_comuna": 3.0, "comuna": "Comuna 3", "cod_barrio": 309.0, "nom_barrio": "San Pascual", "direccion": "76001 CARRERA 12 CON CALLE 13, EL CALVARIO, CALI, VALLE DEL CAUCA", "sitio": "VIA PUBLICA", "x": -76.529251098629999, "y": 3.4456059932700001, "anio": 2025, "mes": "enero", "dia": 8, "dia_semana": 4, "hora_hecho": "01:30", "barrio": "SAN PASCUAL", "estrato": 1, "geom": "0101000020E610000000000040DF2153C0000000E099900B40", "fecha_hech": "2025-01-08 00:00:00", "Id": 0, "area": 136572.15568900001 }, "geometry": { "type": "Point", "coordinates": [ -76.529251098629999, 3.44560599327 ] } },
{ "type": "Feature", "properties": { "dinamica": "HURTO", "titulo": "DELITOS CONTRA EL PATRIMONIO ECONOMICO", "capitulo": "DEL HURTO", "articulo": "HURTO CALIFICADO. ART. 240 C.P.", "grado_deli": "NINGUNO", "tipo_notic": "DENUNCIA", "caracteriz": "HURTO A PERSONAS", "modalidad": "ATRACO", "modo": "ARMA BLANCA", "motivo": null, "pais": "COLOMBIA", "dane_dep": 76, "departamen": "VALLE DEL CAUCA", "dane_mpio": 76001, "municipio": "CALI", "cod_comuna": 3.0, "comuna": "Comuna 3", "cod_barrio": 307.0, "nom_barrio": "Santa Rosa", "direccion": "76001 CARRERA 11 10 38, SANTIAGO DE CALI, CALI, VALLE DEL CAUCA", "sitio": "VIA PUBLICA", "x": -76.532020568850001, "y": 3.4460010528599998, "anio": 2025, "mes": "enero", "dia": 8, "dia_semana": 4, "hora_hecho": "15:30", "barrio": "SANTA ROSA", "estrato": 3, "geom": "0101000020E6100000000000A00C2253C00000000069910B40", "fecha_hech": "2025-01-08 00:00:00", "Id": 0, "area": 136572.15568900001 }, "geometry": { "type": "Point", "coordinates": [ -76.532020568850001, 3.44600105286 ] } },
{ "type": "Feature", "properties": { "dinamica": "HURTO", "titulo": "DELITOS CONTRA EL PATRIMONIO ECONOMICO", "capitulo": "DEL HURTO", "articulo": "HURTO CALIFICADO. ART. 240 C.P.", "grado_deli": "AGRAVADO", "tipo_notic": "DENUNCIA", "caracteriz": "HURTO A CELULARES", "modalidad": "ATRACO", "modo": "ARMA DE FUEGO", "motivo": "SIN DETERMINAR", "pais": "COLOMBIA", "dane_dep": 76, "departamen": "VALLE DEL CAUCA", "dane_mpio": 76001, "municipio": "CALI", "cod_comuna": 3.0, "comuna": "Comuna 3", "cod_barrio": 306.0, "nom_barrio": "San Juan Bosco", "direccion": "76001 Carrera 13 con Calle 11, San Juan Bosco, Cali, Valle del Cauca, COL,SAN JUAN BOSCO", "sitio": "SIN INFORMACION", "x": -76.53074645996, "y": 3.4444139003799998, "anio": 2025, "mes": "enero", "dia": 10, "dia_semana": 6, "hora_hecho": "10:30", "barrio": "SAN JUAN BOSCO", "estrato": 3, "geom": "0101000020E6100000000000C0F72153C0000000E0288E0B40", "fecha_hech": "2025-01-10 00:00:00", "Id": 0, "area": 136572.15568900001 }, "geometry": { "type": "Point", "coordinates": [ -76.53074645996, 3.44441390038 ] } },
{ "type": "Feature", "properties": { "dinamica": "HURTO", "titulo": "DELITOS CONTRA EL PATRIMONIO ECONOMICO", "capitulo": "DEL HURTO", "articulo": "HURTO CALIFICADO. ART. 240 C.P.", "grado_deli": "AGRAVADO", "tipo_notic": "DENUNCIA", "caracteriz": "HURTO A PERSONAS", "modalidad": "ATRACO", "modo": "ARMA BLANCA", "motivo": null, "pais": "COLOMBIA", "dane_dep": 76, "departamen": "VALLE DEL CAUCA", "dane_mpio": 76001, "municipio": "CALI", "cod_comuna": 3.0, "comuna": "Comuna 3", "cod_barrio": 309.0, "nom_barrio": "San Pascual", "direccion": "76001 CARRERA 15 13A 20", "sitio": "VIA PUBLICA", "x": -76.526557922359999, "y": 3.4426510333999998, "anio": 2025, "mes": "enero", "dia": 11, "dia_semana": 7, "hora_hecho": "19:30", "barrio": "GUAYAQUIL", "estrato": 1, "geom": "0101000020E610000000000020B32153C0000000A08C8A0B40", "fecha_hech": "2025-01-11 00:00:00", "Id": 0, "area": 136572.15568900001 }, "geometry": { "type": "Point", "coordinates": [ -76.526557922359999, 3.4426510334 ] } },
{ "type": "Feature", "properties": { "dinamica": "HURTO", "titulo": "DELITOS CONTRA EL PATRIMONIO ECONOMICO", "capitulo": "DEL HURTO", "articulo": "HURTO CALIFICADO. ART. 240 C.P.", "grado_deli": "NINGUNO", "tipo_notic": "DENUNCIA", "caracteriz": "HURTO DE MOTOCICLETAS", "modalidad": "ATRACO", "modo": "ARMA DE FUEGO", "motivo": null, "pais": "COLOMBIA", "dane_dep": 76, "departamen": "VALLE DEL CAUCA", "dane_mpio": 76001, "municipio": "CALI", "cod_comuna": 3.0, "comuna": "Comuna 3", "cod_barrio": 309.0, "nom_barrio": "San Pascual", "direccion": "76001 CALLE 13 13 2", "sitio": "VIA PUBLICA", "x": -76.528747558589998, "y": 3.4434309005700001, "anio": 2025, "mes": "enero", "dia": 14, "dia_semana": 3, "hora_hecho": "00:31", "barrio": "SAN PASCUAL", "estrato": 1, "geom": "0101000020E610000000000000D72153C000000080258C0B40", "fecha_hech": "2025-01-14 00:00:00", "Id": 0, "area": 136572.15568900001 }, "geometry": { "type": "Point", "coordinates": [ -76.528747558589998, 3.44343090057 ] } },
{ "type": "Feature", "properties": { "dinamica": "HURTO", "titulo": "DELITOS CONTRA EL PATRIMONIO ECONOMICO", "capitulo": "DEL HURTO", "articulo": "HURTO CALIFICADO. ART. 240 C.P.", "grado_deli": "AGRAVADO", "tipo_notic": "DENUNCIA", "caracteriz": "HURTO DE MOTOCICLETAS", "modalidad": "ATRACO", "modo": "ARMA DE FUEGO", "motivo": null, "pais": "COLOMBIA", "dane_dep": 76, "departamen": "VALLE DEL CAUCA", "dane_mpio": 76001, "municipio": "CALI", "cod_comuna": 3.0, "comuna": "Comuna 3", "cod_barrio": 310.0, "nom_barrio": "El Calvario", "direccion": "76001 CALLE 13 11 33", "sitio": "VIA PUBLICA", "x": -76.52944946289, "y": 3.4463601112400002, "anio": 2025, "mes": "enero", "dia": 18, "dia_semana": 7, "hora_hecho": "00:00", "barrio": "EL CALVARIO", "estrato": 3, "geom": "0101000020E610000000000080E22153C00000004025920B40", "fecha_hech": "2025-01-18 00:00:00", "Id": 0, "area": 136572.15568900001 }, "geometry": { "type": "Point", "coordinates": [ -76.52944946289, 3.44636011124 ] } },
{ "type": "Feature", "properties": { "dinamica": "HURTO", "titulo": "DELITOS CONTRA EL PATRIMONIO ECONOMICO", "capitulo": "DEL HURTO", "articulo": "HURTO CALIFICADO. ART. 240 C.P.", "grado_deli": "NINGUNO", "tipo_notic": "COMPULSACION DE COPIAS", "caracteriz": "HURTO DE MOTOCICLETAS", "modalidad": "ATRACO", "modo": "ARMA BLANCA", "motivo": null, "pais": "COLOMBIA", "dane_dep": 76, "departamen": "VALLE DEL CAUCA", "dane_mpio": 76001, "municipio": "CALI", "cod_comuna": 3.0, "comuna": "Comuna 3", "cod_barrio": 310.0, "nom_barrio": "El Calvario", "direccion": "76001 Carrera 12 11 17, El Calvario, Cali, Valle del Cauca, COL,EL CALVARIO", "sitio": "SIN INFORMACION", "x": -76.53077697754, "y": 3.4455709457400001, "anio": 2025, "mes": "enero", "dia": 19, "dia_semana": 1, "hora_hecho": "09:03", "barrio": "EL CALVARIO", "estrato": 3, "geom": "0101000020E610000000000040F82153C00000008087900B40", "fecha_hech": "2025-01-19 00:00:00", "Id": 0, "area": 136572.15568900001 }, "geometry": { "type": "Point", "coordinates": [ -76.53077697754, 3.44557094574 ] } },
{ "type": "Feature", "properties": { "dinamica": "HURTO", "titulo": "DELITOS CONTRA EL PATRIMONIO ECONOMICO", "capitulo": "DEL HURTO", "articulo": "HURTO CALIFICADO. ART. 240 C.P.", "grado_deli": "NINGUNO", "tipo_notic": "DENUNCIA", "caracteriz": "HURTO DE BICICLETAS", "modalidad": "FACTOR DE OPORTUNIDAD", "modo": null, "motivo": null, "pais": "COLOMBIA", "dane_dep": 76, "departamen": "VALLE DEL CAUCA", "dane_mpio": 76001, "municipio": "CALI", "cod_comuna": 3.0, "comuna": "Comuna 3", "cod_barrio": 309.0, "nom_barrio": "San Pascual", "direccion": "76001 KR 14 CON CL 13 CARRERA 14 CALLE 13", "sitio": "SIN INFORMACION", "x": -76.52879333496, "y": 3.4433920383499999, "anio": 2025, "mes": "enero", "dia": 22, "dia_semana": 4, "hora_hecho": "12:30", "barrio": null, "estrato": 1, "geom": "0101000020E6100000000000C0D72153C000000020118C0B40", "fecha_hech": "2025-01-22 00:00:00", "Id": 0, "area": 136572.15568900001 }, "geometry": { "type": "Point", "coordinates": [ -76.52879333496, 3.44339203835 ] } },
{ "type": "Feature", "properties": { "dinamica": "HURTO", "titulo": "DELITOS CONTRA EL PATRIMONIO ECONOMICO", "capitulo": "DEL HURTO", "articulo": "HURTO CALIFICADO. ART. 240 C.P.", "grado_deli": "AGRAVADO", "tipo_notic": "DENUNCIA", "caracteriz": "HURTO A PERSONAS", "modalidad": "ATRACO", "modo": "ARMA DE FUEGO", "motivo": null, "pais": "COLOMBIA", "dane_dep": 76, "departamen": "VALLE DEL CAUCA", "dane_mpio": 76001, "municipio": "CALI", "cod_comuna": 3.0, "comuna": "Comuna 3", "cod_barrio": 310.0, "nom_barrio": "El Calvario", "direccion": "76001 CL 13 CON CON KR 11 97", "sitio": "VIA PUBLICA", "x": -76.529205322270002, "y": 3.4458220005000002, "anio": 2025, "mes": "enero", "dia": 24, "dia_semana": 6, "hora_hecho": "18:00", "barrio": null, "estrato": 3, "geom": "0101000020E610000000000080DE2153C0000000200B910B40", "fecha_hech": "2025-01-24 00:00:00", "Id": 0, "area": 136572.15568900001 }, "geometry": { "type": "Point", "coordinates": [ -76.529205322270002, 3.4458220005 ] } },
{ "type": "Feature", "properties": { "dinamica": "HURTO", "titulo": "DELITOS CONTRA EL PATRIMONIO ECONOMICO", "capitulo": "DEL HURTO", "articulo": "HURTO CALIFICADO. ART. 240 C.P.", "grado_deli": "AGRAVADO", "tipo_notic": "DENUNCIA", "caracteriz": "HURTO A PERSONAS", "modalidad": "ATRACO", "modo": "ARMA BLANCA", "motivo": null, "pais": "COLOMBIA", "dane_dep": 76, "departamen": "VALLE DEL CAUCA", "dane_mpio": 76001, "municipio": "CALI", "cod_comuna": 3.0, "comuna": "Comuna 3", "cod_barrio": 310.0, "nom_barrio": "El Calvario", "direccion": "76001 Calle 13 con Carrera 11, El Calvario, Cali, Valle del Cauca, COL,EL CALVARIO", "sitio": "SIN INFORMACION", "x": -76.529594421390001, "y": 3.4467821121200002, "anio": 2025, "mes": "enero", "dia": 27, "dia_semana": 2, "hora_hecho": "22:00", "barrio": "EL CALVARIO", "estrato": 3, "geom": "0101000020E6100000000000E0E42153C00000008002930B40", "fecha_hech": "2025-01-27 00:00:00", "Id": 0, "area": 136572.15568900001 }, "geometry": { "type": "Point", "coordinates": [ -76.529594421390001, 3.44678211212 ] } },
{ "type": "Feature", "properties": { "dinamica": "HURTO", "titulo": "DELITOS CONTRA EL PATRIMONIO ECONOMICO", "capitulo": "DEL HURTO", "articulo": "HURTO. ART. 239 C.P.", "grado_deli": "NINGUNO", "tipo_notic": "QUERELLA", "caracteriz": "HURTO A PERSONAS", "modalidad": "COSQUILLEO", "modo": null, "motivo": null, "pais": "COLOMBIA", "dane_dep": 76, "departamen": "VALLE DEL CAUCA", "dane_mpio": 76001, "municipio": "CALI", "cod_comuna": 3.0, "comuna": "Comuna 3", "cod_barrio": 310.0, "nom_barrio": "El Calvario", "direccion": "76001 Calle 13 10, El Calvario, Cali, Valle del Cauca, COL,EL CALVARIO", "sitio": "SIN INFORMACION", "x": -76.5297164917, "y": 3.4472389221199999, "anio": 2025, "mes": "enero", "dia": 28, "dia_semana": 3, "hora_hecho": "13:13", "barrio": "EL CALVARIO", "estrato": 3, "geom": "0101000020E6100000000000E0E62153C000000000F2930B40", "fecha_hech": "2025-01-28 00:00:00", "Id": 0, "area": 136572.15568900001 }, "geometry": { "type": "Point", "coordinates": [ -76.5297164917, 3.44723892212 ] } },
{ "type": "Feature", "properties": { "dinamica": "HURTO", "titulo": "DELITOS CONTRA EL PATRIMONIO ECONOMICO", "capitulo": "DEL HURTO", "articulo": "HURTO CALIFICADO. ART. 240 C.P.", "grado_deli": "AGRAVADO", "tipo_notic": "DENUNCIA", "caracteriz": "HURTO A PERSONAS", "modalidad": "ATRACO", "modo": "ARMA DE FUEGO", "motivo": null, "pais": "COLOMBIA", "dane_dep": 76, "departamen": "VALLE DEL CAUCA", "dane_mpio": 76001, "municipio": "CALI", "cod_comuna": 3.0, "comuna": "Comuna 3", "cod_barrio": 310.0, "nom_barrio": "El Calvario", "direccion": "76001 Carrera 11 con Calle 12, El Calvario, Cali, Valle del Cauca, COL,EL CALVARIO", "sitio": "SIN INFORMACION", "x": -76.530517578119998, "y": 3.4465730190300001, "anio": 2025, "mes": "enero", "dia": 29, "dia_semana": 4, "hora_hecho": "14:30", "barrio": "EL CALVARIO", "estrato": 3, "geom": "0101000020E610000000000000F42153C0000000E094920B40", "fecha_hech": "2025-01-29 00:00:00", "Id": 0, "area": 136572.15568900001 }, "geometry": { "type": "Point", "coordinates": [ -76.530517578119998, 3.44657301903 ] } },
{ "type": "Feature", "properties": { "dinamica": "HURTO", "titulo": "DELITOS CONTRA EL PATRIMONIO ECONOMICO", "capitulo": "DEL HURTO", "articulo": "HURTO CALIFICADO. ART. 240 C.P.", "grado_deli": "NINGUNO", "tipo_notic": "DENUNCIA", "caracteriz": "HURTO A PERSONAS", "modalidad": "ATRACO", "modo": "ARMA BLANCA", "motivo": null, "pais": "COLOMBIA", "dane_dep": 76, "departamen": "VALLE DEL CAUCA", "dane_mpio": 76001, "municipio": "CALI", "cod_comuna": 3.0, "comuna": "Comuna 3", "cod_barrio": 309.0, "nom_barrio": "San Pascual", "direccion": "76001 CARRERA 14 CON CALLE 13 14, SAN PASCUAL, CALI, VALLE DEL CAUCA", "sitio": "ESTACION TRANSPORTE MASIVO", "x": -76.52880859375, "y": 3.4434030056, "anio": 2025, "mes": "enero", "dia": 29, "dia_semana": 4, "hora_hecho": "23:30", "barrio": "SAN PASCUAL", "estrato": 1, "geom": "0101000020E610000000000000D82153C0000000E0168C0B40", "fecha_hech": "2025-01-29 00:00:00", "Id": 0, "area": 136572.15568900001 }, "geometry": { "type": "Point", "coordinates": [ -76.52880859375, 3.4434030056 ] } },
{ "type": "Feature", "properties": { "dinamica": "HURTO", "titulo": "DELITOS CONTRA EL PATRIMONIO ECONOMICO", "capitulo": "DEL HURTO", "articulo": "HURTO CALIFICADO. ART. 240 C.P.", "grado_deli": "AGRAVADO", "tipo_notic": "DENUNCIA", "caracteriz": "HURTO A PERSONAS", "modalidad": "ATRACO", "modo": "ARMA DE FUEGO", "motivo": null, "pais": "COLOMBIA", "dane_dep": 76, "departamen": "VALLE DEL CAUCA", "dane_mpio": 76001, "municipio": "CALI", "cod_comuna": 3.0, "comuna": "Comuna 3", "cod_barrio": 309.0, "nom_barrio": "San Pascual", "direccion": "76001 CARRERA 12 13 2", "sitio": "VIA PUBLICA", "x": -76.529258728030001, "y": 3.4455969333600001, "anio": 2025, "mes": "enero", "dia": 31, "dia_semana": 6, "hora_hecho": "09:30", "barrio": "SAN PASCUAL", "estrato": 1, "geom": "0101000020E610000000000060DF2153C00000002095900B40", "fecha_hech": "2025-01-31 00:00:00", "Id": 0, "area": 136572.15568900001 }, "geometry": { "type": "Point", "coordinates": [ -76.529258728030001, 3.44559693336 ] } },
{ "type": "Feature", "properties": { "dinamica": "HURTO", "titulo": "DELITOS CONTRA EL PATRIMONIO ECONOMICO", "capitulo": "DEL HURTO", "articulo": "HURTO. ART. 239 C.P.", "grado_deli": "NINGUNO", "tipo_notic": "DENUNCIA", "caracteriz": "HURTO A PERSONAS", "modalidad": "COSQUILLEO", "modo": null, "motivo": null, "pais": "COLOMBIA", "dane_dep": 76, "departamen": "VALLE DEL CAUCA", "dane_mpio": 76001, "municipio": "CALI", "cod_comuna": 3.0, "comuna": "Comuna 3", "cod_barrio": 306.0, "nom_barrio": "San Juan Bosco", "direccion": "76001 CARRERA 15 CON CALLE 10, SAN JUAN BOSCO, CALI, VALLE DEL CAUCA", "sitio": "VIA PUBLICA", "x": -76.53197479248, "y": 3.4424951076500001, "anio": 2025, "mes": "febrero", "dia": 4, "dia_semana": 3, "hora_hecho": "04:04", "barrio": "SAN JUAN BOSCO", "estrato": 3, "geom": "0101000020E6100000000000E00B2253C0000000E03A8A0B40", "fecha_hech": "2025-02-04 00:00:00", "Id": 0, "area": 136572.15568900001 }, "geometry": { "type": "Point", "coordinates": [ -76.53197479248, 3.44249510765 ] } },
{ "type": "Feature", "properties": { "dinamica": "HURTO", "titulo": "DELITOS CONTRA EL PATRIMONIO ECONOMICO", "capitulo": "DEL HURTO", "articulo": "HURTO. ART. 239 C.P.", "grado_deli": "NINGUNO", "tipo_notic": "DENUNCIA", "caracteriz": "HURTO A PERSONAS", "modalidad": "COSQUILLEO", "modo": null, "motivo": null, "pais": "COLOMBIA", "dane_dep": 76, "departamen": "VALLE DEL CAUCA", "dane_mpio": 76001, "municipio": "CALI", "cod_comuna": 3.0, "comuna": "Comuna 3", "cod_barrio": 310.0, "nom_barrio": "El Calvario", "direccion": "76001 CALLE 13A, EL CALVARIO, CALI, VALLE DEL CAUCA", "sitio": "VIA PUBLICA", "x": -76.528884887700002, "y": 3.4476039409600001, "anio": 2025, "mes": "febrero", "dia": 5, "dia_semana": 4, "hora_hecho": "10:00", "barrio": "EL CALVARIO", "estrato": 3, "geom": "0101000020E610000000000040D92153C000000060B1940B40", "fecha_hech": "2025-02-05 00:00:00", "Id": 0, "area": 136572.15568900001 }, "geometry": { "type": "Point", "coordinates": [ -76.528884887700002, 3.44760394096 ] } },
{ "type": "Feature", "properties": { "dinamica": "HURTO", "titulo": "DELITOS CONTRA EL PATRIMONIO ECONOMICO", "capitulo": "DEL HURTO", "articulo": "HURTO CALIFICADO. ART. 240 C.P.", "grado_deli": "AGRAVADO", "tipo_notic": "DENUNCIA", "caracteriz": "HURTO A PERSONAS", "modalidad": "ATRACO", "modo": "ARMA BLANCA", "motivo": null, "pais": "COLOMBIA", "dane_dep": 76, "departamen": "VALLE DEL CAUCA", "dane_mpio": 76001, "municipio": "CALI", "cod_comuna": 3.0, "comuna": "Comuna 3", "cod_barrio": 307.0, "nom_barrio": "Santa Rosa", "direccion": "76001 Carrera 11, Santa Rosa, Cali, Valle del Cauca, COL,SANTA ROSA", "sitio": "SIN INFORMACION", "x": -76.53239440918, "y": 3.4460740089400002, "anio": 2025, "mes": "febrero", "dia": 7, "dia_semana": 6, "hora_hecho": "23:00", "barrio": "SANTA ROSA", "estrato": 3, "geom": "0101000020E6100000000000C0122253C0000000408F910B40", "fecha_hech": "2025-02-07 00:00:00", "Id": 0, "area": 136572.15568900001 }, "geometry": { "type": "Point", "coordinates": [ -76.53239440918, 3.44607400894 ] } },
{ "type": "Feature", "properties": { "dinamica": "HURTO", "titulo": "DELITOS CONTRA EL PATRIMONIO ECONOMICO", "capitulo": "DEL HURTO", "articulo": "HURTO CALIFICADO. ART. 240 C.P.", "grado_deli": "AGRAVADO", "tipo_notic": "DENUNCIA", "caracteriz": "HURTO A PERSONAS", "modalidad": "ATRACO", "modo": "ARMA DE FUEGO", "motivo": null, "pais": "COLOMBIA", "dane_dep": 76, "departamen": "VALLE DEL CAUCA", "dane_mpio": 76001, "municipio": "CALI", "cod_comuna": 3.0, "comuna": "Comuna 3", "cod_barrio": 310.0, "nom_barrio": "El Calvario", "direccion": "76001 Carrera 10 11, Santa Rosa, Cali, Valle del Cauca, COL,EL CALVARIO", "sitio": "SIN INFORMACION", "x": -76.531379699710001, "y": 3.4472560882600001, "anio": 2025, "mes": "febrero", "dia": 8, "dia_semana": 7, "hora_hecho": "08:04", "barrio": "EL CALVARIO", "estrato": 3, "geom": "0101000020E610000000000020022253C000000000FB930B40", "fecha_hech": "2025-02-08 00:00:00", "Id": 0, "area": 136572.15568900001 }, "geometry": { "type": "Point", "coordinates": [ -76.531379699710001, 3.44725608826 ] } },
{ "type": "Feature", "properties": { "dinamica": "HURTO", "titulo": "DELITOS CONTRA EL PATRIMONIO ECONOMICO", "capitulo": "DEL HURTO", "articulo": "HURTO CALIFICADO. ART. 240 C.P.", "grado_deli": "NINGUNO", "tipo_notic": "DE OFICIO (INFORMES)", "caracteriz": "HURTO A CELULARES", "modalidad": "RAPONAZO", "modo": null, "motivo": "IBA CHATEANDO", "pais": "COLOMBIA", "dane_dep": 76, "departamen": "VALLE DEL CAUCA", "dane_mpio": 76001, "municipio": "CALI", "cod_comuna": 3.0, "comuna": "Comuna 3", "cod_barrio": 310.0, "nom_barrio": "El Calvario", "direccion": "76001 CARRERA 10, EL CALVARIO, CALI, VALLE DEL CAUCA", "sitio": "VIA PUBLICA", "x": -76.531112670900001, "y": 3.4467809200300001, "anio": 2025, "mes": "febrero", "dia": 8, "dia_semana": 7, "hora_hecho": "15:28", "barrio": "EL CALVARIO", "estrato": 3, "geom": "0101000020E6100000000000C0FD2153C0000000E001930B40", "fecha_hech": "2025-02-08 00:00:00", "Id": 0, "area": 136572.15568900001 }, "geometry": { "type": "Point", "coordinates": [ -76.531112670900001, 3.44678092003 ] } },
{ "type": "Feature", "properties": { "dinamica": "HURTO", "titulo": "DELITOS CONTRA EL PATRIMONIO ECONOMICO", "capitulo": "DEL HURTO", "articulo": "HURTO CALIFICADO. ART. 240 C.P.", "grado_deli": "AGRAVADO", "tipo_notic": "ACTOS URGENTES", "caracteriz": "HURTO A PERSONAS", "modalidad": "ATRACO", "modo": "ARMA BLANCA", "motivo": null, "pais": "COLOMBIA", "dane_dep": 76, "departamen": "VALLE DEL CAUCA", "dane_mpio": 76001, "municipio": "CALI", "cod_comuna": 3.0, "comuna": "Comuna 3", "cod_barrio": 310.0, "nom_barrio": "El Calvario", "direccion": "76001 CALLE 15 CON CARRERA 12, EL CALVARIO, CALI, VALLE DEL CAUCA", "sitio": "VIA PUBLICA", "x": -76.526947021479998, "y": 3.4459118843100001, "anio": 2025, "mes": "febrero", "dia": 9, "dia_semana": 1, "hora_hecho": "10:15", "barrio": "EL CALVARIO", "estrato": 3, "geom": "0101000020E610000000000080B92153C0000000403A910B40", "fecha_hech": "2025-02-09 00:00:00", "Id": 0, "area": 136572.15568900001 }, "geometry": { "type": "Point", "coordinates": [ -76.526947021479998, 3.44591188431 ] } },
{ "type": "Feature", "properties": { "dinamica": "HURTO", "titulo": "DELITOS CONTRA EL PATRIMONIO ECONOMICO", "capitulo": "DEL HURTO", "articulo": "HURTO CALIFICADO. ART. 240 C.P.", "grado_deli": "AGRAVADO", "tipo_notic": "DENUNCIA", "caracteriz": "HURTO A ESTABLECIMIENTOS", "modalidad": "VIOLACION DE CERRADURA", "modo": null, "motivo": null, "pais": "COLOMBIA", "dane_dep": 76, "departamen": "VALLE DEL CAUCA", "dane_mpio": 76001, "municipio": "CALI", "cod_comuna": 3.0, "comuna": "Comuna 3", "cod_barrio": 309.0, "nom_barrio": "San Pascual", "direccion": "76001 CARRERA 12 14 17, EL CALVARIO, CALI, VALLE DEL CAUCA", "sitio": "ZONA DE PARQUEO", "x": -76.527015686040002, "y": 3.44584608078, "anio": 2025, "mes": "febrero", "dia": 10, "dia_semana": 2, "hora_hecho": "04:27", "barrio": "SAN PASCUAL", "estrato": 1, "geom": "0101000020E6100000000000A0BA2153C0000000C017910B40", "fecha_hech": "2025-02-10 00:00:00", "Id": 0, "area": 136572.15568900001 }, "geometry": { "type": "Point", "coordinates": [ -76.527015686040002, 3.44584608078 ] } },
{ "type": "Feature", "properties": { "dinamica": "HURTO", "titulo": "DELITOS CONTRA EL PATRIMONIO ECONOMICO", "capitulo": "DEL HURTO", "articulo": "HURTO CALIFICADO. ART. 240 C.P.", "grado_deli": "NINGUNO", "tipo_notic": "DENUNCIA", "caracteriz": "HURTO DE MOTOCICLETAS", "modalidad": "ATRACO", "modo": "ARMA BLANCA", "motivo": null, "pais": "COLOMBIA", "dane_dep": 76, "departamen": "VALLE DEL CAUCA", "dane_mpio": 76001, "municipio": "CALI", "cod_comuna": 3.0, "comuna": "Comuna 3", "cod_barrio": 310.0, "nom_barrio": "El Calvario", "direccion": "76001 CALLE 14 CON CARRERA 11 14, EL CALVARIO, CALI, VALLE DEL CAUCA", "sitio": "VIA PUBLICA", "x": -76.527862548830001, "y": 3.44724297523, "anio": 2025, "mes": "febrero", "dia": 10, "dia_semana": 2, "hora_hecho": "15:00", "barrio": "EL CALVARIO", "estrato": 3, "geom": "0101000020E610000000000080C82153C000000020F4930B40", "fecha_hech": "2025-02-10 00:00:00", "Id": 0, "area": 136572.15568900001 }, "geometry": { "type": "Point", "coordinates": [ -76.527862548830001, 3.44724297523 ] } },
{ "type": "Feature", "properties": { "dinamica": "HURTO", "titulo": "DELITOS CONTRA EL PATRIMONIO ECONOMICO", "capitulo": "DEL HURTO", "articulo": "HURTO CALIFICADO. ART. 240 C.P.", "grado_deli": "AGRAVADO", "tipo_notic": "DENUNCIA", "caracteriz": "HURTO A PERSONAS", "modalidad": "ATRACO", "modo": "ARMA DE FUEGO", "motivo": null, "pais": "COLOMBIA", "dane_dep": 76, "departamen": "VALLE DEL CAUCA", "dane_mpio": 76001, "municipio": "CALI", "cod_comuna": 3.0, "comuna": "Comuna 3", "cod_barrio": 309.0, "nom_barrio": "San Pascual", "direccion": "76001 NO REPORTA CL 13a 13", "sitio": "SIN INFORMACION", "x": -76.528129577640001, "y": 3.4446079731000001, "anio": 2025, "mes": "febrero", "dia": 14, "dia_semana": 6, "hora_hecho": "16:30", "barrio": null, "estrato": 1, "geom": "0101000020E6100000000000E0CC2153C0000000A08E8E0B40", "fecha_hech": "2025-02-14 00:00:00", "Id": 0, "area": 136572.15568900001 }, "geometry": { "type": "Point", "coordinates": [ -76.528129577640001, 3.4446079731 ] } },
{ "type": "Feature", "properties": { "dinamica": "HURTO", "titulo": "DELITOS CONTRA EL PATRIMONIO ECONOMICO", "capitulo": "DEL HURTO", "articulo": "HURTO CALIFICADO. ART. 240 C.P.", "grado_deli": "NINGUNO", "tipo_notic": "DENUNCIA", "caracteriz": "HURTO DE MOTOCICLETAS", "modalidad": "HALADO", "modo": null, "motivo": null, "pais": "COLOMBIA", "dane_dep": 76, "departamen": "VALLE DEL CAUCA", "dane_mpio": 76001, "municipio": "CALI", "cod_comuna": 3.0, "comuna": "Comuna 3", "cod_barrio": 307.0, "nom_barrio": "Santa Rosa", "direccion": "76001 CARRERA 11 10 2", "sitio": "VIA PUBLICA", "x": -76.532440185550001, "y": 3.44603300095, "anio": 2025, "mes": "febrero", "dia": 18, "dia_semana": 3, "hora_hecho": "12:20", "barrio": "SANTA ROSA", "estrato": 3, "geom": "0101000020E610000000000080132253C0000000C079910B40", "fecha_hech": "2025-02-18 00:00:00", "Id": 0, "area": 136572.15568900001 }, "geometry": { "type": "Point", "coordinates": [ -76.532440185550001, 3.44603300095 ] } },
{ "type": "Feature", "properties": { "dinamica": "HURTO", "titulo": "DELITOS CONTRA EL PATRIMONIO ECONOMICO", "capitulo": "DEL HURTO", "articulo": "HURTO CALIFICADO. ART. 240 C.P.", "grado_deli": "AGRAVADO", "tipo_notic": "DENUNCIA", "caracteriz": "HURTO A PERSONAS", "modalidad": "ATRACO", "modo": "ARMA BLANCA", "motivo": null, "pais": "COLOMBIA", "dane_dep": 76, "departamen": "VALLE DEL CAUCA", "dane_mpio": 76001, "municipio": "CALI", "cod_comuna": 3.0, "comuna": "Comuna 3", "cod_barrio": 309.0, "nom_barrio": "San Pascual", "direccion": "76001 KR 15 CON CL 13 CARRERA 15 CALLE 13", "sitio": "SIN INFORMACION", "x": -76.528617858890001, "y": 3.4428598880800001, "anio": 2025, "mes": "febrero", "dia": 18, "dia_semana": 3, "hora_hecho": "14:00", "barrio": null, "estrato": 1, "geom": "0101000020E6100000000000E0D42153C000000020FA8A0B40", "fecha_hech": "2025-02-18 00:00:00", "Id": 0, "area": 136572.15568900001 }, "geometry": { "type": "Point", "coordinates": [ -76.528617858890001, 3.44285988808 ] } },
{ "type": "Feature", "properties": { "dinamica": "HURTO", "titulo": "DELITOS CONTRA EL PATRIMONIO ECONOMICO", "capitulo": "DEL HURTO", "articulo": "HURTO CALIFICADO. ART. 240 C.P.", "grado_deli": "NINGUNO", "tipo_notic": "DENUNCIA", "caracteriz": "HURTO A RESIDENCIA", "modalidad": "VIOLACION DE CERRADURA", "modo": null, "motivo": null, "pais": "COLOMBIA", "dane_dep": 76, "departamen": "VALLE DEL CAUCA", "dane_mpio": 76001, "municipio": "CALI", "cod_comuna": 3.0, "comuna": "Comuna 3", "cod_barrio": 309.0, "nom_barrio": "San Pascual", "direccion": "76001 Carrera 13 14 37, Santiago De Cali, Cali, Valle Del Cauca, COL,SAN PASCUAL", "sitio": "SIN INFORMACION", "x": -76.527137756350001, "y": 3.4449388980900002, "anio": 2025, "mes": "febrero", "dia": 21, "dia_semana": 6, "hora_hecho": "08:00", "barrio": "SAN PASCUAL", "estrato": 1, "geom": "0101000020E6100000000000A0BC2153C0000000203C8F0B40", "fecha_hech": "2025-02-21 00:00:00", "Id": 0, "area": 136572.15568900001 }, "geometry": { "type": "Point", "coordinates": [ -76.527137756350001, 3.44493889809 ] } },
{ "type": "Feature", "properties": { "dinamica": "HURTO", "titulo": "DELITOS CONTRA EL PATRIMONIO ECONOMICO", "capitulo": "DEL HURTO", "articulo": "HURTO CALIFICADO. ART. 240 C.P.", "grado_deli": "NINGUNO", "tipo_notic": "DENUNCIA", "caracteriz": "HURTO A CELULARES", "modalidad": "ATRACO", "modo": "ARMA DE FUEGO", "motivo": "SIN DETERMINAR", "pais": "COLOMBIA", "dane_dep": 76, "departamen": "VALLE DEL CAUCA", "dane_mpio": 76001, "municipio": "CALI", "cod_comuna": 3.0, "comuna": "Comuna 3", "cod_barrio": 309.0, "nom_barrio": "San Pascual", "direccion": "76001 CARRERA 12 14 148", "sitio": "VEHICULO", "x": -76.52702331543, "y": 3.4458849430099998, "anio": 2025, "mes": "febrero", "dia": 21, "dia_semana": 6, "hora_hecho": "18:30", "barrio": "SAN PASCUAL", "estrato": 1, "geom": "0101000020E6100000000000C0BA2153C0000000202C910B40", "fecha_hech": "2025-02-21 00:00:00", "Id": 0, "area": 136572.15568900001 }, "geometry": { "type": "Point", "coordinates": [ -76.52702331543, 3.44588494301 ] } },
{ "type": "Feature", "properties": { "dinamica": "HURTO", "titulo": "DELITOS CONTRA EL PATRIMONIO ECONOMICO", "capitulo": "DEL HURTO", "articulo": "HURTO CALIFICADO. ART. 240 C.P.", "grado_deli": "NINGUNO", "tipo_notic": "DENUNCIA", "caracteriz": "HURTO A PERSONAS", "modalidad": "ATRACO", "modo": "ARMA BLANCA", "motivo": null, "pais": "COLOMBIA", "dane_dep": 76, "departamen": "VALLE DEL CAUCA", "dane_mpio": 76001, "municipio": "CALI", "cod_comuna": 3.0, "comuna": "Comuna 3", "cod_barrio": 310.0, "nom_barrio": "El Calvario", "direccion": "76001 CARRERA 11 12 12, EL CALVARIO, CALI, VALLE DEL CAUCA", "sitio": "VIA PUBLICA", "x": -76.529739379879999, "y": 3.4468059539799998, "anio": 2025, "mes": "febrero", "dia": 24, "dia_semana": 2, "hora_hecho": "21:00", "barrio": "EL CALVARIO", "estrato": 3, "geom": "0101000020E610000000000040E72153C0000000000F930B40", "fecha_hech": "2025-02-24 00:00:00", "Id": 0, "area": 136572.15568900001 }, "geometry": { "type": "Point", "coordinates": [ -76.529739379879999, 3.44680595398 ] } },
{ "type": "Feature", "properties": { "dinamica": "HURTO", "titulo": "DELITOS CONTRA EL PATRIMONIO ECONOMICO", "capitulo": "DEL HURTO", "articulo": "HURTO CALIFICADO. ART. 240 C.P.", "grado_deli": "NINGUNO", "tipo_notic": "DENUNCIA", "caracteriz": "HURTO A PERSONAS", "modalidad": "ATRACO", "modo": "ARMA BLANCA", "motivo": null, "pais": "COLOMBIA", "dane_dep": 76, "departamen": "VALLE DEL CAUCA", "dane_mpio": 76001, "municipio": "CALI", "cod_comuna": 3.0, "comuna": "Comuna 3", "cod_barrio": 306.0, "nom_barrio": "San Juan Bosco", "direccion": "76001 CALLE 12 CON CARRERA 12, EL CALVARIO, CALI, VALLE DEL CAUCA", "sitio": "VIA PUBLICA", "x": -76.530250549320002, "y": 3.4455239772800001, "anio": 2025, "mes": "marzo", "dia": 1, "dia_semana": 7, "hora_hecho": "15:00", "barrio": "EL CALVARIO", "estrato": 3, "geom": "0101000020E6100000000000A0EF2153C0000000E06E900B40", "fecha_hech": "2025-03-01 00:00:00", "Id": 0, "area": 136572.15568900001 }, "geometry": { "type": "Point", "coordinates": [ -76.530250549320002, 3.44552397728 ] } },
{ "type": "Feature", "properties": { "dinamica": "HURTO", "titulo": "DELITOS CONTRA EL PATRIMONIO ECONOMICO", "capitulo": "DEL HURTO", "articulo": "HURTO CALIFICADO. ART. 240 C.P.", "grado_deli": "AGRAVADO", "tipo_notic": "DENUNCIA", "caracteriz": "HURTO A PERSONAS", "modalidad": "FACTOR DE OPORTUNIDAD", "modo": null, "motivo": null, "pais": "COLOMBIA", "dane_dep": 76, "departamen": "VALLE DEL CAUCA", "dane_mpio": 76001, "municipio": "CALI", "cod_comuna": 3.0, "comuna": "Comuna 3", "cod_barrio": 309.0, "nom_barrio": "San Pascual", "direccion": "76001 Calle 13A 12, El Calvario, Cali, Valle del Cauca, COL,SAN PASCUAL", "sitio": "SIN INFORMACION", "x": -76.528350830080001, "y": 3.4456470012699998, "anio": 2025, "mes": "marzo", "dia": 3, "dia_semana": 2, "hora_hecho": "04:00", "barrio": "SAN PASCUAL", "estrato": 1, "geom": "0101000020E610000000000080D02153C000000060AF900B40", "fecha_hech": "2025-03-03 00:00:00", "Id": 0, "area": 136572.15568900001 }, "geometry": { "type": "Point", "coordinates": [ -76.528350830080001, 3.44564700127 ] } },
{ "type": "Feature", "properties": { "dinamica": "HURTO", "titulo": "DELITOS CONTRA EL PATRIMONIO ECONOMICO", "capitulo": "DEL HURTO", "articulo": "HURTO CALIFICADO. ART. 240 C.P.", "grado_deli": "NINGUNO", "tipo_notic": "DENUNCIA", "caracteriz": "HURTO DE BICICLETAS", "modalidad": "ATRACO", "modo": "ARMA BLANCA", "motivo": null, "pais": "COLOMBIA", "dane_dep": 76, "departamen": "VALLE DEL CAUCA", "dane_mpio": 76001, "municipio": "CALI", "cod_comuna": 3.0, "comuna": "Comuna 3", "cod_barrio": 309.0, "nom_barrio": "San Pascual", "direccion": "76001 CALLE 14 CON CARRERA 12, EL CALVARIO, CALI, VALLE DEL CAUCA", "sitio": "VIA PUBLICA", "x": -76.527626037600001, "y": 3.4458229541800001, "anio": 2025, "mes": "marzo", "dia": 4, "dia_semana": 3, "hora_hecho": "17:30", "barrio": "EL CALVARIO", "estrato": 1, "geom": "0101000020E6100000000000A0C42153C0000000A00B910B40", "fecha_hech": "2025-03-04 00:00:00", "Id": 0, "area": 136572.15568900001 }, "geometry": { "type": "Point", "coordinates": [ -76.527626037600001, 3.44582295418 ] } },
{ "type": "Feature", "properties": { "dinamica": "HURTO", "titulo": "DELITOS CONTRA EL PATRIMONIO ECONOMICO", "capitulo": "DEL HURTO", "articulo": "HURTO CALIFICADO. ART. 240 C.P.", "grado_deli": "NINGUNO", "tipo_notic": "DENUNCIA", "caracteriz": "HURTO A PERSONAS", "modalidad": "ATRACO", "modo": "ARMA DE FUEGO", "motivo": null, "pais": "COLOMBIA", "dane_dep": 76, "departamen": "VALLE DEL CAUCA", "dane_mpio": 76001, "municipio": "CALI", "cod_comuna": 3.0, "comuna": "Comuna 3", "cod_barrio": 310.0, "nom_barrio": "El Calvario", "direccion": "76001 Carrera 12 13 68, El Calvario, Cali, Valle del Cauca, COL,EL CALVARIO", "sitio": "SIN INFORMACION", "x": -76.528953552250002, "y": 3.4457049369799999, "anio": 2025, "mes": "marzo", "dia": 7, "dia_semana": 6, "hora_hecho": "15:15", "barrio": "EL CALVARIO", "estrato": 3, "geom": "0101000020E610000000000060DA2153C0000000C0CD900B40", "fecha_hech": "2025-03-07 00:00:00", "Id": 0, "area": 136572.15568900001 }, "geometry": { "type": "Point", "coordinates": [ -76.528953552250002, 3.44570493698 ] } },
{ "type": "Feature", "properties": { "dinamica": "HURTO", "titulo": "DELITOS CONTRA EL PATRIMONIO ECONOMICO", "capitulo": "DEL HURTO", "articulo": "HURTO. ART. 239 C.P.", "grado_deli": "NINGUNO", "tipo_notic": "QUERELLA", "caracteriz": "HURTO A PERSONAS", "modalidad": "COSQUILLEO", "modo": null, "motivo": null, "pais": "COLOMBIA", "dane_dep": 76, "departamen": "VALLE DEL CAUCA", "dane_mpio": 76001, "municipio": "CALI", "cod_comuna": 3.0, "comuna": "Comuna 3", "cod_barrio": 309.0, "nom_barrio": "San Pascual", "direccion": "76001 San Pascual, Cali, Valle del Cauca, COL,SAN PASCUAL", "sitio": "SIN INFORMACION", "x": -76.528007507319998, "y": 3.4441530704500001, "anio": 2025, "mes": "marzo", "dia": 8, "dia_semana": 7, "hora_hecho": "05:05", "barrio": "SAN PASCUAL", "estrato": 1, "geom": "0101000020E6100000000000E0CA2153C000000020A08D0B40", "fecha_hech": "2025-03-08 00:00:00", "Id": 0, "area": 136572.15568900001 }, "geometry": { "type": "Point", "coordinates": [ -76.528007507319998, 3.44415307045 ] } },
{ "type": "Feature", "properties": { "dinamica": "HURTO", "titulo": "DELITOS CONTRA EL PATRIMONIO ECONOMICO", "capitulo": "DEL HURTO", "articulo": "HURTO. ART. 239 C.P.", "grado_deli": "AGRAVADO", "tipo_notic": "DENUNCIA", "caracteriz": "HURTO A PERSONAS", "modalidad": "FACTOR DE OPORTUNIDAD", "modo": null, "motivo": null, "pais": "COLOMBIA", "dane_dep": 76, "departamen": "VALLE DEL CAUCA", "dane_mpio": 76001, "municipio": "CALI", "cod_comuna": 3.0, "comuna": "Comuna 3", "cod_barrio": 310.0, "nom_barrio": "El Calvario", "direccion": "76001 Calle 12 10 21, El Calvario, Cali, Valle del Cauca, COL,EL CALVARIO", "sitio": "SIN INFORMACION", "x": -76.530632019039999, "y": 3.4472379684400001, "anio": 2025, "mes": "marzo", "dia": 8, "dia_semana": 7, "hora_hecho": "05:40", "barrio": "EL CALVARIO", "estrato": 3, "geom": "0101000020E6100000000000E0F52153C000000080F1930B40", "fecha_hech": "2025-03-08 00:00:00", "Id": 0, "area": 136572.15568900001 }, "geometry": { "type": "Point", "coordinates": [ -76.530632019039999, 3.44723796844 ] } },
{ "type": "Feature", "properties": { "dinamica": "HURTO", "titulo": "DELITOS CONTRA EL PATRIMONIO ECONOMICO", "capitulo": "DEL HURTO", "articulo": "HURTO. ART. 239 C.P.", "grado_deli": "NINGUNO", "tipo_notic": "DENUNCIA", "caracteriz": "HURTO A PERSONAS", "modalidad": "COSQUILLEO", "modo": null, "motivo": null, "pais": "COLOMBIA", "dane_dep": 76, "departamen": "VALLE DEL CAUCA", "dane_mpio": 76001, "municipio": "CALI", "cod_comuna": 3.0, "comuna": "Comuna 3", "cod_barrio": 309.0, "nom_barrio": "San Pascual", "direccion": "76001 CARRERA 15 CON CALLE 15, SAN PASCUAL, CALI, VALLE DEL CAUCA", "sitio": "TRANSPORTE PUBLICO URBANO", "x": -76.52626800537, "y": 3.4427099227900002, "anio": 2025, "mes": "marzo", "dia": 8, "dia_semana": 7, "hora_hecho": "14:15", "barrio": "SAN PASCUAL", "estrato": 1, "geom": "0101000020E610000000000060AE2153C000000080AB8A0B40", "fecha_hech": "2025-03-08 00:00:00", "Id": 0, "area": 136572.15568900001 }, "geometry": { "type": "Point", "coordinates": [ -76.52626800537, 3.44270992279 ] } },
{ "type": "Feature", "properties": { "dinamica": "HURTO", "titulo": "DELITOS CONTRA EL PATRIMONIO ECONOMICO", "capitulo": "DEL HURTO", "articulo": "HURTO CALIFICADO. ART. 240 C.P.", "grado_deli": "AGRAVADO", "tipo_notic": "DENUNCIA", "caracteriz": "HURTO A PERSONAS", "modalidad": "ATRACO", "modo": "ARMA DE FUEGO", "motivo": null, "pais": "COLOMBIA", "dane_dep": 76, "departamen": "VALLE DEL CAUCA", "dane_mpio": 76001, "municipio": "CALI", "cod_comuna": 3.0, "comuna": "Comuna 3", "cod_barrio": 309.0, "nom_barrio": "San Pascual", "direccion": "76001 CALLE 15 13 1, SAN PASCUAL, CALI, VALLE DEL CAUCA", "sitio": "TRANSPORTE PUBLICO URBANO", "x": -76.526473999019998, "y": 3.4441819191, "anio": 2025, "mes": "marzo", "dia": 17, "dia_semana": 2, "hora_hecho": "19:00", "barrio": "SAN PASCUAL", "estrato": 1, "geom": "0101000020E6100000000000C0B12153C000000040AF8D0B40", "fecha_hech": "2025-03-17 00:00:00", "Id": 0, "area": 136572.15568900001 }, "geometry": { "type": "Point", "coordinates": [ -76.526473999019998, 3.4441819191 ] } },
{ "type": "Feature", "properties": { "dinamica": "HURTO", "titulo": "DELITOS CONTRA EL PATRIMONIO ECONOMICO", "capitulo": "DEL HURTO", "articulo": "HURTO CALIFICADO. ART. 240 C.P.", "grado_deli": "NINGUNO", "tipo_notic": "DENUNCIA", "caracteriz": "HURTO A PERSONAS", "modalidad": "ATRACO", "modo": "ARMA DE FUEGO", "motivo": null, "pais": "COLOMBIA", "dane_dep": 76, "departamen": "VALLE DEL CAUCA", "dane_mpio": 76001, "municipio": "CALI", "cod_comuna": 3.0, "comuna": "Comuna 3", "cod_barrio": 306.0, "nom_barrio": "San Juan Bosco", "direccion": "76001 CALLE 11 14 15, SAN JUAN BOSCO, CALI, VALLE DEL CAUCA", "sitio": "TRANSPORTE MASIVO", "x": -76.530883789059999, "y": 3.4428238868699998, "anio": 2025, "mes": "marzo", "dia": 17, "dia_semana": 2, "hora_hecho": "19:20", "barrio": "SAN JUAN BOSCO", "estrato": 3, "geom": "0101000020E610000000000000FA2153C000000040E78A0B40", "fecha_hech": "2025-03-17 00:00:00", "Id": 0, "area": 136572.15568900001 }, "geometry": { "type": "Point", "coordinates": [ -76.530883789059999, 3.44282388687 ] } },
{ "type": "Feature", "properties": { "dinamica": "HURTO", "titulo": "DELITOS CONTRA EL PATRIMONIO ECONOMICO", "capitulo": "DEL HURTO", "articulo": "HURTO CALIFICADO. ART. 240 C.P.", "grado_deli": "NINGUNO", "tipo_notic": "DENUNCIA", "caracteriz": "HURTO DE BICICLETAS", "modalidad": "ATRACO", "modo": "ARMA DE FUEGO", "motivo": null, "pais": "COLOMBIA", "dane_dep": 76, "departamen": "VALLE DEL CAUCA", "dane_mpio": 76001, "municipio": "CALI", "cod_comuna": 3.0, "comuna": "Comuna 3", "cod_barrio": 310.0, "nom_barrio": "El Calvario", "direccion": "76001 CALLE 15 CON CARRERA 12, EL CALVARIO, CALI, VALLE DEL CAUCA", "sitio": "VIA PUBLICA", "x": -76.526947021479998, "y": 3.4459118843100001, "anio": 2025, "mes": "marzo", "dia": 20, "dia_semana": 5, "hora_hecho": "01:30", "barrio": "EL CALVARIO", "estrato": 3, "geom": "0101000020E610000000000080B92153C0000000403A910B40", "fecha_hech": "2025-03-20 00:00:00", "Id": 0, "area": 136572.15568900001 }, "geometry": { "type": "Point", "coordinates": [ -76.526947021479998, 3.44591188431 ] } },
{ "type": "Feature", "properties": { "dinamica": "HURTO", "titulo": "DELITOS CONTRA EL PATRIMONIO ECONOMICO", "capitulo": "DEL HURTO", "articulo": "HURTO. ART. 239 C.P.", "grado_deli": "NINGUNO", "tipo_notic": "DENUNCIA", "caracteriz": "HURTO A PERSONAS", "modalidad": "FACTOR DE OPORTUNIDAD", "modo": null, "motivo": null, "pais": "COLOMBIA", "dane_dep": 76, "departamen": "VALLE DEL CAUCA", "dane_mpio": 76001, "municipio": "CALI", "cod_comuna": 3.0, "comuna": "Comuna 3", "cod_barrio": 310.0, "nom_barrio": "El Calvario", "direccion": "76001 CALLE 14 10, EL CALVARIO, CALI, VALLE DEL CAUCA", "sitio": "ESTABLECIMIENTO DE COMERCIO", "x": -76.527969360349999, "y": 3.44753694534, "anio": 2025, "mes": "marzo", "dia": 20, "dia_semana": 5, "hora_hecho": "08:00", "barrio": "EL CALVARIO", "estrato": 3, "geom": "0101000020E610000000000040CA2153C0000000408E940B40", "fecha_hech": "2025-03-20 00:00:00", "Id": 0, "area": 136572.15568900001 }, "geometry": { "type": "Point", "coordinates": [ -76.527969360349999, 3.44753694534 ] } },
{ "type": "Feature", "properties": { "dinamica": "HURTO", "titulo": "DELITOS CONTRA EL PATRIMONIO ECONOMICO", "capitulo": "DEL HURTO", "articulo": "HURTO CALIFICADO. ART. 240 C.P.", "grado_deli": "AGRAVADO", "tipo_notic": "DENUNCIA", "caracteriz": "HURTO A PERSONAS", "modalidad": "ATRACO", "modo": "SIN ARMA", "motivo": null, "pais": "COLOMBIA", "dane_dep": 76, "departamen": "VALLE DEL CAUCA", "dane_mpio": 76001, "municipio": "CALI", "cod_comuna": 3.0, "comuna": "Comuna 3", "cod_barrio": 306.0, "nom_barrio": "San Juan Bosco", "direccion": "76001 CARRERA 13 10, SAN JUAN BOSCO, CALI, VALLE DEL CAUCA", "sitio": "VIA PUBLICA", "x": -76.53074645996, "y": 3.4444139003799998, "anio": 2025, "mes": "marzo", "dia": 21, "dia_semana": 6, "hora_hecho": "10:00", "barrio": "SAN JUAN BOSCO", "estrato": 3, "geom": "0101000020E6100000000000C0F72153C0000000E0288E0B40", "fecha_hech": "2025-03-21 00:00:00", "Id": 0, "area": 136572.15568900001 }, "geometry": { "type": "Point", "coordinates": [ -76.53074645996, 3.44441390038 ] } },
{ "type": "Feature", "properties": { "dinamica": "HURTO", "titulo": "DELITOS CONTRA EL PATRIMONIO ECONOMICO", "capitulo": "DEL HURTO", "articulo": "HURTO. ART. 239 C.P.", "grado_deli": "NINGUNO", "tipo_notic": "QUERELLA", "caracteriz": "HURTO A PERSONAS", "modalidad": "COSQUILLEO", "modo": null, "motivo": null, "pais": "COLOMBIA", "dane_dep": 76, "departamen": "VALLE DEL CAUCA", "dane_mpio": 76001, "municipio": "CALI", "cod_comuna": 3.0, "comuna": "Comuna 3", "cod_barrio": 306.0, "nom_barrio": "San Juan Bosco", "direccion": "76001 Carrera 13 10 93, Santiago De Cali, Cali, Valle Del Cauca, COL,SAN JUAN BOSCO", "sitio": "SIN INFORMACION", "x": -76.531379699710001, "y": 3.44457888603, "anio": 2025, "mes": "marzo", "dia": 30, "dia_semana": 1, "hora_hecho": "10:53", "barrio": "SAN JUAN BOSCO", "estrato": 3, "geom": "0101000020E610000000000020022253C0000000607F8E0B40", "fecha_hech": "2025-03-30 00:00:00", "Id": 0, "area": 136572.15568900001 }, "geometry": { "type": "Point", "coordinates": [ -76.531379699710001, 3.44457888603 ] } },
{ "type": "Feature", "properties": { "dinamica": "HURTO", "titulo": "DELITOS CONTRA EL PATRIMONIO ECONOMICO", "capitulo": "DEL HURTO", "articulo": "HURTO CALIFICADO. ART. 240 C.P.", "grado_deli": "NINGUNO", "tipo_notic": "DENUNCIA", "caracteriz": "HURTO A PERSONAS", "modalidad": "ATRACO", "modo": "ARMA BLANCA", "motivo": null, "pais": "COLOMBIA", "dane_dep": 76, "departamen": "VALLE DEL CAUCA", "dane_mpio": 76001, "municipio": "CALI", "cod_comuna": 3.0, "comuna": "Comuna 3", "cod_barrio": 310.0, "nom_barrio": "El Calvario", "direccion": "76001 Calle 14 10, El Calvario, Cali, Valle del Cauca, COL,EL CALVARIO", "sitio": "SIN INFORMACION", "x": -76.527969360349999, "y": 3.44753694534, "anio": 2025, "mes": "abril", "dia": 3, "dia_semana": 5, "hora_hecho": "08:18", "barrio": "EL CALVARIO", "estrato": 3, "geom": "0101000020E610000000000040CA2153C0000000408E940B40", "fecha_hech": "2025-04-03 00:00:00", "Id": 0, "area": 136572.15568900001 }, "geometry": { "type": "Point", "coordinates": [ -76.527969360349999, 3.44753694534 ] } },
{ "type": "Feature", "properties": { "dinamica": "HURTO", "titulo": "DELITOS CONTRA EL PATRIMONIO ECONOMICO", "capitulo": "DEL HURTO", "articulo": "HURTO CALIFICADO. ART. 240 C.P.", "grado_deli": "NINGUNO", "tipo_notic": "DENUNCIA", "caracteriz": "HURTO DE MOTOCICLETAS", "modalidad": "HALADO", "modo": null, "motivo": null, "pais": "COLOMBIA", "dane_dep": 76, "departamen": "VALLE DEL CAUCA", "dane_mpio": 76001, "municipio": "CALI", "cod_comuna": 3.0, "comuna": "Comuna 3", "cod_barrio": 310.0, "nom_barrio": "El Calvario", "direccion": "76001 CALLE 13 10 10, EL CALVARIO, CALI, VALLE DEL CAUCA", "sitio": "VIA PUBLICA", "x": -76.52986907959, "y": 3.4475600719499999, "anio": 2025, "mes": "abril", "dia": 9, "dia_semana": 4, "hora_hecho": "00:00", "barrio": "EL CALVARIO", "estrato": 3, "geom": "0101000020E610000000000060E92153C0000000609A940B40", "fecha_hech": "2025-04-09 00:00:00", "Id": 0, "area": 136572.15568900001 }, "geometry": { "type": "Point", "coordinates": [ -76.52986907959, 3.44756007195 ] } },
{ "type": "Feature", "properties": { "dinamica": "HURTO", "titulo": "DELITOS CONTRA EL PATRIMONIO ECONOMICO", "capitulo": "DEL HURTO", "articulo": "HURTO. ART. 239 C.P.", "grado_deli": "AGRAVADO", "tipo_notic": "DENUNCIA", "caracteriz": "HURTO A PERSONAS", "modalidad": "COSQUILLEO", "modo": null, "motivo": null, "pais": "COLOMBIA", "dane_dep": 76, "departamen": "VALLE DEL CAUCA", "dane_mpio": 76001, "municipio": "CALI", "cod_comuna": 3.0, "comuna": "Comuna 3", "cod_barrio": 309.0, "nom_barrio": "San Pascual", "direccion": "76001 CALLE 13 CON CARRERA 15 13, SAN PASCUAL, CALI, VALLE DEL CAUCA", "sitio": "TRANSPORTE MASIVO", "x": -76.528625488279999, "y": 3.4427859783199999, "anio": 2025, "mes": "abril", "dia": 9, "dia_semana": 4, "hora_hecho": "07:30", "barrio": "SAN PASCUAL", "estrato": 1, "geom": "0101000020E610000000000000D52153C000000060D38A0B40", "fecha_hech": "2025-04-09 00:00:00", "Id": 0, "area": 136572.15568900001 }, "geometry": { "type": "Point", "coordinates": [ -76.528625488279999, 3.44278597832 ] } },
{ "type": "Feature", "properties": { "dinamica": "HURTO", "titulo": "DELITOS CONTRA EL PATRIMONIO ECONOMICO", "capitulo": "DEL HURTO", "articulo": "HURTO CALIFICADO. ART. 240 C.P.", "grado_deli": "AGRAVADO", "tipo_notic": "DENUNCIA", "caracteriz": "HURTO A PERSONAS", "modalidad": "ATRACO", "modo": "ARMA DE FUEGO", "motivo": null, "pais": "COLOMBIA", "dane_dep": 76, "departamen": "VALLE DEL CAUCA", "dane_mpio": 76001, "municipio": "CALI", "cod_comuna": 3.0, "comuna": "Comuna 3", "cod_barrio": 306.0, "nom_barrio": "San Juan Bosco", "direccion": "76001 KR 15 CON CL 11", "sitio": "SIN INFORMACION", "x": -76.53025817871, "y": 3.44306707382, "anio": 2025, "mes": "abril", "dia": 9, "dia_semana": 4, "hora_hecho": "16:00", "barrio": null, "estrato": 3, "geom": "0101000020E6100000000000C0EF2153C0000000C0668B0B40", "fecha_hech": "2025-04-09 00:00:00", "Id": 0, "area": 136572.15568900001 }, "geometry": { "type": "Point", "coordinates": [ -76.53025817871, 3.44306707382 ] } },
{ "type": "Feature", "properties": { "dinamica": "HURTO", "titulo": "DELITOS CONTRA EL PATRIMONIO ECONOMICO", "capitulo": "DEL HURTO", "articulo": "HURTO CALIFICADO. ART. 240 C.P.", "grado_deli": "AGRAVADO", "tipo_notic": "DENUNCIA", "caracteriz": "HURTO A CELULARES", "modalidad": "ATRACO", "modo": "ARMA DE FUEGO", "motivo": "SIN DETERMINAR", "pais": "COLOMBIA", "dane_dep": 76, "departamen": "VALLE DEL CAUCA", "dane_mpio": 76001, "municipio": "CALI", "cod_comuna": 3.0, "comuna": "Comuna 3", "cod_barrio": 309.0, "nom_barrio": "San Pascual", "direccion": "76001 CARRERA 13 12 32, SAN PASCUAL, CALI, VALLE DEL CAUCA", "sitio": "CERCA AL DOMICILIO", "x": -76.529624938959998, "y": 3.44437503815, "anio": 2025, "mes": "abril", "dia": 11, "dia_semana": 6, "hora_hecho": "16:30", "barrio": "SAN PASCUAL", "estrato": 1, "geom": "0101000020E610000000000060E52153C000000080148E0B40", "fecha_hech": "2025-04-11 00:00:00", "Id": 0, "area": 136572.15568900001 }, "geometry": { "type": "Point", "coordinates": [ -76.529624938959998, 3.44437503815 ] } },
{ "type": "Feature", "properties": { "dinamica": "HURTO", "titulo": "DELITOS CONTRA EL PATRIMONIO ECONOMICO", "capitulo": "DEL HURTO", "articulo": "HURTO CALIFICADO. ART. 240 C.P.", "grado_deli": "AGRAVADO", "tipo_notic": "DENUNCIA", "caracteriz": "HURTO A PERSONAS", "modalidad": "ATRACO", "modo": "ARMA DE FUEGO", "motivo": null, "pais": "COLOMBIA", "dane_dep": 76, "departamen": "VALLE DEL CAUCA", "dane_mpio": 76001, "municipio": "CALI", "cod_comuna": 3.0, "comuna": "Comuna 3", "cod_barrio": 309.0, "nom_barrio": "San Pascual", "direccion": "76001 CARRERA 14 13A 149", "sitio": "VIA PUBLICA", "x": -76.526916503910002, "y": 3.4433391094200001, "anio": 2025, "mes": "abril", "dia": 11, "dia_semana": 6, "hora_hecho": "22:00", "barrio": "SAN PASCUAL", "estrato": 1, "geom": "0101000020E610000000000000B92153C000000060F58B0B40", "fecha_hech": "2025-04-11 00:00:00", "Id": 0, "area": 136572.15568900001 }, "geometry": { "type": "Point", "coordinates": [ -76.526916503910002, 3.44333910942 ] } },
{ "type": "Feature", "properties": { "dinamica": "HURTO", "titulo": "DELITOS CONTRA EL PATRIMONIO ECONOMICO", "capitulo": "DEL HURTO", "articulo": "HURTO CALIFICADO. ART. 240 C.P.", "grado_deli": "NINGUNO", "tipo_notic": "DENUNCIA", "caracteriz": "HURTO A PERSONAS", "modalidad": "ATRACO", "modo": "ARMA DE FUEGO", "motivo": null, "pais": "COLOMBIA", "dane_dep": 76, "departamen": "VALLE DEL CAUCA", "dane_mpio": 76001, "municipio": "CALI", "cod_comuna": 3.0, "comuna": "Comuna 3", "cod_barrio": 309.0, "nom_barrio": "San Pascual", "direccion": "76001", "sitio": "SIN INFORMACION", "x": -76.526481628420001, "y": 3.4433341026300002, "anio": 2025, "mes": "abril", "dia": 12, "dia_semana": 7, "hora_hecho": "01:00", "barrio": null, "estrato": 1, "geom": "0101000020E6100000000000E0B12153C0000000C0F28B0B40", "fecha_hech": "2025-04-12 00:00:00", "Id": 0, "area": 136572.15568900001 }, "geometry": { "type": "Point", "coordinates": [ -76.526481628420001, 3.44333410263 ] } },
{ "type": "Feature", "properties": { "dinamica": "HURTO", "titulo": "DELITOS CONTRA EL PATRIMONIO ECONOMICO", "capitulo": "DEL HURTO", "articulo": "HURTO CALIFICADO. ART. 240 C.P.", "grado_deli": "NINGUNO", "tipo_notic": "DENUNCIA", "caracteriz": "HURTO DE MOTOCICLETAS", "modalidad": "HALADO", "modo": null, "motivo": null, "pais": "COLOMBIA", "dane_dep": 76, "departamen": "VALLE DEL CAUCA", "dane_mpio": 76001, "municipio": "CALI", "cod_comuna": 3.0, "comuna": "Comuna 3", "cod_barrio": 307.0, "nom_barrio": "Santa Rosa", "direccion": "76001 CALLE 10 11 11, SANTA ROSA, CALI, VALLE DEL CAUCA", "sitio": "VIA PUBLICA", "x": -76.532409667970001, "y": 3.4459280967699999, "anio": 2025, "mes": "abril", "dia": 13, "dia_semana": 1, "hora_hecho": "13:00", "barrio": "SANTA ROSA", "estrato": 3, "geom": "0101000020E610000000000000132253C0000000C042910B40", "fecha_hech": "2025-04-13 00:00:00", "Id": 0, "area": 136572.15568900001 }, "geometry": { "type": "Point", "coordinates": [ -76.532409667970001, 3.44592809677 ] } },
{ "type": "Feature", "properties": { "dinamica": "HURTO", "titulo": "DELITOS CONTRA EL PATRIMONIO ECONOMICO", "capitulo": "DEL HURTO", "articulo": "HURTO CALIFICADO. ART. 240 C.P.", "grado_deli": "NINGUNO", "tipo_notic": "DENUNCIA", "caracteriz": "HURTO A ESTABLECIMIENTOS", "modalidad": "VIOLACION DE CERRADURA", "modo": null, "motivo": null, "pais": "COLOMBIA", "dane_dep": 76, "departamen": "VALLE DEL CAUCA", "dane_mpio": 76001, "municipio": "CALI", "cod_comuna": 3.0, "comuna": "Comuna 3", "cod_barrio": 310.0, "nom_barrio": "El Calvario", "direccion": "76001 Carrera 10 12 10, El Calvario, Cali, Valle del Cauca, COL,EL CALVARIO", "sitio": "SIN INFORMACION", "x": -76.530601501459998, "y": 3.4474170208000001, "anio": 2025, "mes": "abril", "dia": 17, "dia_semana": 5, "hora_hecho": "21:00", "barrio": "EL CALVARIO", "estrato": 3, "geom": "0101000020E610000000000060F52153C0000000604F940B40", "fecha_hech": "2025-04-17 00:00:00", "Id": 0, "area": 136572.15568900001 }, "geometry": { "type": "Point", "coordinates": [ -76.530601501459998, 3.4474170208 ] } },
{ "type": "Feature", "properties": { "dinamica": "HURTO", "titulo": "DELITOS CONTRA EL PATRIMONIO ECONOMICO", "capitulo": "DEL HURTO", "articulo": "HURTO CALIFICADO. ART. 240 C.P.", "grado_deli": "NINGUNO", "tipo_notic": "DENUNCIA", "caracteriz": "HURTO A PERSONAS", "modalidad": "FACTOR DE OPORTUNIDAD", "modo": null, "motivo": null, "pais": "COLOMBIA", "dane_dep": 76, "departamen": "VALLE DEL CAUCA", "dane_mpio": 76001, "municipio": "CALI", "cod_comuna": 3.0, "comuna": "Comuna 3", "cod_barrio": 309.0, "nom_barrio": "San Pascual", "direccion": "76001 CALLE 13A 12A, SAN PASCUAL, CALI, VALLE DEL CAUCA", "sitio": "ZONA DE PARQUEO", "x": -76.528244018549998, "y": 3.4452180862400001, "anio": 2025, "mes": "abril", "dia": 18, "dia_semana": 6, "hora_hecho": "11:22", "barrio": "SAN PASCUAL", "estrato": 1, "geom": "0101000020E6100000000000C0CE2153C000000080CE8F0B40", "fecha_hech": "2025-04-18 00:00:00", "Id": 0, "area": 136572.15568900001 }, "geometry": { "type": "Point", "coordinates": [ -76.528244018549998, 3.44521808624 ] } },
{ "type": "Feature", "properties": { "dinamica": "HURTO", "titulo": "DELITOS CONTRA EL PATRIMONIO ECONOMICO", "capitulo": "DEL HURTO", "articulo": "HURTO CALIFICADO. ART. 240 C.P.", "grado_deli": "AGRAVADO", "tipo_notic": "DENUNCIA", "caracteriz": "HURTO DE BICICLETAS", "modalidad": "ATRACO", "modo": "ARMA BLANCA", "motivo": null, "pais": "COLOMBIA", "dane_dep": 76, "departamen": "VALLE DEL CAUCA", "dane_mpio": 76001, "municipio": "CALI", "cod_comuna": 3.0, "comuna": "Comuna 3", "cod_barrio": 309.0, "nom_barrio": "San Pascual", "direccion": "76001 Calle 13 con Carrera 13, San Pascual, Cali, Valle del Cauca, COL,SAN PASCUAL", "sitio": "SIN INFORMACION", "x": -76.52904510498, "y": 3.44453310966, "anio": 2025, "mes": "abril", "dia": 19, "dia_semana": 7, "hora_hecho": "16:45", "barrio": "SAN PASCUAL", "estrato": 1, "geom": "0101000020E6100000000000E0DB2153C000000060678E0B40", "fecha_hech": "2025-04-19 00:00:00", "Id": 0, "area": 136572.15568900001 }, "geometry": { "type": "Point", "coordinates": [ -76.52904510498, 3.44453310966 ] } },
{ "type": "Feature", "properties": { "dinamica": "HURTO", "titulo": "DELITOS CONTRA EL PATRIMONIO ECONOMICO", "capitulo": "DEL HURTO", "articulo": "HURTO. ART. 239 C.P.", "grado_deli": "AGRAVADO", "tipo_notic": "DENUNCIA", "caracteriz": "HURTO A PERSONAS", "modalidad": "COSQUILLEO", "modo": null, "motivo": null, "pais": "COLOMBIA", "dane_dep": 76, "departamen": "VALLE DEL CAUCA", "dane_mpio": 76001, "municipio": "CALI", "cod_comuna": 3.0, "comuna": "Comuna 3", "cod_barrio": 307.0, "nom_barrio": "Santa Rosa", "direccion": "76001 Carrera 10 10 60, Santa Rosa, Cali, Valle del Cauca, COL,SANTA ROSA", "sitio": "SIN INFORMACION", "x": -76.531929016109999, "y": 3.4468960761999998, "anio": 2025, "mes": "abril", "dia": 25, "dia_semana": 6, "hora_hecho": "07:00", "barrio": "SANTA ROSA", "estrato": 3, "geom": "0101000020E6100000000000200B2253C0000000403E930B40", "fecha_hech": "2025-04-25 00:00:00", "Id": 0, "area": 136572.15568900001 }, "geometry": { "type": "Point", "coordinates": [ -76.531929016109999, 3.4468960762 ] } },
{ "type": "Feature", "properties": { "dinamica": "HURTO", "titulo": "DELITOS CONTRA EL PATRIMONIO ECONOMICO", "capitulo": "DEL HURTO", "articulo": "HURTO. ART. 239 C.P.", "grado_deli": "AGRAVADO", "tipo_notic": "DENUNCIA", "caracteriz": "HURTO A PERSONAS", "modalidad": "COSQUILLEO", "modo": null, "motivo": null, "pais": "COLOMBIA", "dane_dep": 76, "departamen": "VALLE DEL CAUCA", "dane_mpio": 76001, "municipio": "CALI", "cod_comuna": 3.0, "comuna": "Comuna 3", "cod_barrio": 310.0, "nom_barrio": "El Calvario", "direccion": "76001 CARRERA 10 13A, EL CALVARIO, CALI, VALLE DEL CAUCA", "sitio": "VIA PUBLICA", "x": -76.528076171880002, "y": 3.44783091545, "anio": 2025, "mes": "abril", "dia": 27, "dia_semana": 1, "hora_hecho": "10:30", "barrio": "EL CALVARIO", "estrato": 3, "geom": "0101000020E610000000000000CC2153C00000006028950B40", "fecha_hech": "2025-04-27 00:00:00", "Id": 0, "area": 136572.15568900001 }, "geometry": { "type": "Point", "coordinates": [ -76.528076171880002, 3.44783091545 ] } },
{ "type": "Feature", "properties": { "dinamica": "HURTO", "titulo": "DELITOS CONTRA EL PATRIMONIO ECONOMICO", "capitulo": "DEL HURTO", "articulo": "HURTO CALIFICADO. ART. 240 C.P.", "grado_deli": "AGRAVADO", "tipo_notic": "DENUNCIA", "caracteriz": "HURTO A PERSONAS", "modalidad": "ATRACO", "modo": "ARMA DE FUEGO", "motivo": null, "pais": "COLOMBIA", "dane_dep": 76, "departamen": "VALLE DEL CAUCA", "dane_mpio": 76001, "municipio": "CALI", "cod_comuna": 3.0, "comuna": "Comuna 3", "cod_barrio": 309.0, "nom_barrio": "San Pascual", "direccion": "76001 CARRERA 13 13 72, SAN PASCUAL, CALI, VALLE DEL CAUCA", "sitio": "VIA PUBLICA", "x": -76.528327941889998, "y": 3.44445490837, "anio": 2025, "mes": "abril", "dia": 28, "dia_semana": 2, "hora_hecho": "20:50", "barrio": "SAN PASCUAL", "estrato": 1, "geom": "0101000020E610000000000020D02153C0000000603E8E0B40", "fecha_hech": "2025-04-28 00:00:00", "Id": 0, "area": 136572.15568900001 }, "geometry": { "type": "Point", "coordinates": [ -76.528327941889998, 3.44445490837 ] } },
{ "type": "Feature", "properties": { "dinamica": "HURTO", "titulo": "DELITOS CONTRA EL PATRIMONIO ECONOMICO", "capitulo": "DEL HURTO", "articulo": "HURTO CALIFICADO. ART. 240 C.P.", "grado_deli": "NINGUNO", "tipo_notic": "DENUNCIA", "caracteriz": "HURTO A PERSONAS", "modalidad": "ATRACO", "modo": "SIN ARMA", "motivo": null, "pais": "COLOMBIA", "dane_dep": 76, "departamen": "VALLE DEL CAUCA", "dane_mpio": 76001, "municipio": "CALI", "cod_comuna": 3.0, "comuna": "Comuna 3", "cod_barrio": 310.0, "nom_barrio": "El Calvario", "direccion": "76001 Carrera 10 13A, El Calvario, Cali, Valle del Cauca, COL,EL CALVARIO", "sitio": "SIN INFORMACION", "x": -76.528503417970001, "y": 3.4478089809400001, "anio": 2025, "mes": "abril", "dia": 28, "dia_semana": 2, "hora_hecho": "22:15", "barrio": "EL CALVARIO", "estrato": 3, "geom": "0101000020E610000000000000D32153C0000000E01C950B40", "fecha_hech": "2025-04-28 00:00:00", "Id": 0, "area": 136572.15568900001 }, "geometry": { "type": "Point", "coordinates": [ -76.528503417970001, 3.44780898094 ] } },
{ "type": "Feature", "properties": { "dinamica": "HURTO", "titulo": "DELITOS CONTRA EL PATRIMONIO ECONOMICO", "capitulo": "DEL HURTO", "articulo": "HURTO CALIFICADO. ART. 240 C.P.", "grado_deli": "AGRAVADO", "tipo_notic": "DENUNCIA", "caracteriz": "HURTO A CELULARES", "modalidad": "ATRACO", "modo": "ARMA BLANCA", "motivo": "SIN DETERMINAR", "pais": "COLOMBIA", "dane_dep": 76, "departamen": "VALLE DEL CAUCA", "dane_mpio": 76001, "municipio": "CALI", "cod_comuna": 3.0, "comuna": "Comuna 3", "cod_barrio": 309.0, "nom_barrio": "San Pascual", "direccion": "76001 CL 13 CON CON KR 14", "sitio": "SIN INFORMACION", "x": -76.528854370120001, "y": 3.4435679912600001, "anio": 2025, "mes": "abril", "dia": 30, "dia_semana": 4, "hora_hecho": "12:00", "barrio": null, "estrato": 1, "geom": "0101000020E6100000000000C0D82153C0000000606D8C0B40", "fecha_hech": "2025-04-30 00:00:00", "Id": 0, "area": 136572.15568900001 }, "geometry": { "type": "Point", "coordinates": [ -76.528854370120001, 3.44356799126 ] } },
{ "type": "Feature", "properties": { "dinamica": "HURTO", "titulo": "DELITOS CONTRA EL PATRIMONIO ECONOMICO", "capitulo": "DEL HURTO", "articulo": "HURTO CALIFICADO. ART. 240 C.P.", "grado_deli": "NINGUNO", "tipo_notic": "DENUNCIA", "caracteriz": "HURTO A PERSONAS", "modalidad": "ATRACO", "modo": "ARMA DE FUEGO", "motivo": null, "pais": "COLOMBIA", "dane_dep": 76, "departamen": "VALLE DEL CAUCA", "dane_mpio": 76001, "municipio": "CALI", "cod_comuna": 3.0, "comuna": "Comuna 3", "cod_barrio": 309.0, "nom_barrio": "San Pascual", "direccion": "76001 CL 15 CON CON KR 15 CALLE 15 CARRERA 15", "sitio": "SIN INFORMACION", "x": -76.526191711430002, "y": 3.4428179264100001, "anio": 2025, "mes": "mayo", "dia": 3, "dia_semana": 7, "hora_hecho": "06:00", "barrio": null, "estrato": 1, "geom": "0101000020E610000000000020AD2153C000000020E48A0B40", "fecha_hech": "2025-05-03 00:00:00", "Id": 0, "area": 136572.15568900001 }, "geometry": { "type": "Point", "coordinates": [ -76.526191711430002, 3.44281792641 ] } },
{ "type": "Feature", "properties": { "dinamica": "HURTO", "titulo": "DELITOS CONTRA EL PATRIMONIO ECONOMICO", "capitulo": "DEL HURTO", "articulo": "HURTO. ART. 239 C.P.", "grado_deli": "AGRAVADO", "tipo_notic": "DENUNCIA", "caracteriz": "HURTO A CELULARES", "modalidad": "COSQUILLEO", "modo": null, "motivo": null, "pais": "COLOMBIA", "dane_dep": 76, "departamen": "VALLE DEL CAUCA", "dane_mpio": 76001, "municipio": "CALI", "cod_comuna": 3.0, "comuna": "Comuna 3", "cod_barrio": 309.0, "nom_barrio": "San Pascual", "direccion": "76001 Carrera 14 13 18, San Pascual, Cali, Valle del Cauca, COL,SAN PASCUAL", "sitio": "SIN INFORMACION", "x": -76.528480529790002, "y": 3.4432590007799999, "anio": 2025, "mes": "mayo", "dia": 7, "dia_semana": 4, "hora_hecho": "03:17", "barrio": "SAN PASCUAL", "estrato": 1, "geom": "0101000020E6100000000000A0D22153C000000060CB8B0B40", "fecha_hech": "2025-05-07 00:00:00", "Id": 0, "area": 136572.15568900001 }, "geometry": { "type": "Point", "coordinates": [ -76.528480529790002, 3.44325900078 ] } },
{ "type": "Feature", "properties": { "dinamica": "HURTO", "titulo": "DELITOS CONTRA EL PATRIMONIO ECONOMICO", "capitulo": "DEL HURTO", "articulo": "HURTO. ART. 239 C.P.", "grado_deli": "AGRAVADO", "tipo_notic": "DENUNCIA", "caracteriz": "HURTO A PERSONAS", "modalidad": "COSQUILLEO", "modo": null, "motivo": null, "pais": "COLOMBIA", "dane_dep": 76, "departamen": "VALLE DEL CAUCA", "dane_mpio": 76001, "municipio": "CALI", "cod_comuna": 3.0, "comuna": "Comuna 3", "cod_barrio": 309.0, "nom_barrio": "San Pascual", "direccion": "76001 CL 15 CON CON KR 15 CALLE 15 CARRERA 15", "sitio": "SIN INFORMACION", "x": -76.526153564449999, "y": 3.44279694557, "anio": 2025, "mes": "mayo", "dia": 7, "dia_semana": 4, "hora_hecho": "09:00", "barrio": null, "estrato": 1, "geom": "0101000020E610000000000080AC2153C000000020D98A0B40", "fecha_hech": "2025-05-07 00:00:00", "Id": 0, "area": 136572.15568900001 }, "geometry": { "type": "Point", "coordinates": [ -76.526153564449999, 3.44279694557 ] } },
{ "type": "Feature", "properties": { "dinamica": "HURTO", "titulo": "DELITOS CONTRA EL PATRIMONIO ECONOMICO", "capitulo": "DEL HURTO", "articulo": "HURTO CALIFICADO. ART. 240 C.P.", "grado_deli": "NINGUNO", "tipo_notic": "ACTOS URGENTES", "caracteriz": "HURTO A PERSONAS", "modalidad": "ATRACO", "modo": "ARMA CONTUNDENTE", "motivo": null, "pais": "COLOMBIA", "dane_dep": 76, "departamen": "VALLE DEL CAUCA", "dane_mpio": 76001, "municipio": "CALI", "cod_comuna": 3.0, "comuna": "Comuna 3", "cod_barrio": 309.0, "nom_barrio": "San Pascual", "direccion": "76001 CALLE 13 13 13, SAN PASCUAL, CALI, VALLE DEL CAUCA", "sitio": "ESTABLECIMIENTO DE COMERCIO", "x": -76.528861999509999, "y": 3.4443700313600001, "anio": 2025, "mes": "mayo", "dia": 8, "dia_semana": 5, "hora_hecho": "17:20", "barrio": "SAN PASCUAL", "estrato": 1, "geom": "0101000020E6100000000000E0D82153C0000000E0118E0B40", "fecha_hech": "2025-05-08 00:00:00", "Id": 0, "area": 136572.15568900001 }, "geometry": { "type": "Point", "coordinates": [ -76.528861999509999, 3.44437003136 ] } },
{ "type": "Feature", "properties": { "dinamica": "HURTO", "titulo": "DELITOS CONTRA EL PATRIMONIO ECONOMICO", "capitulo": "DEL HURTO", "articulo": "HURTO CALIFICADO. ART. 240 C.P.", "grado_deli": "AGRAVADO", "tipo_notic": "DENUNCIA", "caracteriz": "HURTO A PERSONAS", "modalidad": "ATRACO", "modo": "ARMA DE FUEGO", "motivo": null, "pais": "COLOMBIA", "dane_dep": 76, "departamen": "VALLE DEL CAUCA", "dane_mpio": 76001, "municipio": "CALI", "cod_comuna": 3.0, "comuna": "Comuna 3", "cod_barrio": 306.0, "nom_barrio": "San Juan Bosco", "direccion": "76001 CARRERA 15 CON CALLE 10, SAN JUAN BOSCO, CALI, VALLE DEL CAUCA", "sitio": "VIA PUBLICA", "x": -76.53197479248, "y": 3.4424951076500001, "anio": 2025, "mes": "mayo", "dia": 9, "dia_semana": 6, "hora_hecho": "11:00", "barrio": "SAN JUAN BOSCO", "estrato": 3, "geom": "0101000020E6100000000000E00B2253C0000000E03A8A0B40", "fecha_hech": "2025-05-09 00:00:00", "Id": 0, "area": 136572.15568900001 }, "geometry": { "type": "Point", "coordinates": [ -76.53197479248, 3.44249510765 ] } },
{ "type": "Feature", "properties": { "dinamica": "HURTO", "titulo": "DELITOS CONTRA EL PATRIMONIO ECONOMICO", "capitulo": "DEL HURTO", "articulo": "HURTO. ART. 239 C.P.", "grado_deli": "AGRAVADO", "tipo_notic": "DENUNCIA", "caracteriz": "HURTO A PERSONAS", "modalidad": "FACTOR DE OPORTUNIDAD", "modo": null, "motivo": null, "pais": "COLOMBIA", "dane_dep": 76, "departamen": "VALLE DEL CAUCA", "dane_mpio": 76001, "municipio": "CALI", "cod_comuna": 3.0, "comuna": "Comuna 3", "cod_barrio": 309.0, "nom_barrio": "San Pascual", "direccion": "76001 CALLE 13A 13 74", "sitio": "ESTABLECIMIENTO DE COMERCIO", "x": -76.528007507319998, "y": 3.4441781044000002, "anio": 2025, "mes": "mayo", "dia": 21, "dia_semana": 4, "hora_hecho": "15:18", "barrio": "SAN PASCUAL", "estrato": 1, "geom": "0101000020E6100000000000E0CA2153C000000040AD8D0B40", "fecha_hech": "2025-05-21 00:00:00", "Id": 0, "area": 136572.15568900001 }, "geometry": { "type": "Point", "coordinates": [ -76.528007507319998, 3.4441781044 ] } },
{ "type": "Feature", "properties": { "dinamica": "HURTO", "titulo": "DELITOS CONTRA EL PATRIMONIO ECONOMICO", "capitulo": "DEL HURTO", "articulo": "HURTO CALIFICADO. ART. 240 C.P.", "grado_deli": "NINGUNO", "tipo_notic": "DENUNCIA", "caracteriz": "HURTO DE BICICLETAS", "modalidad": "HALADO", "modo": null, "motivo": null, "pais": "COLOMBIA", "dane_dep": 76, "departamen": "VALLE DEL CAUCA", "dane_mpio": 76001, "municipio": "CALI", "cod_comuna": 3.0, "comuna": "Comuna 3", "cod_barrio": 310.0, "nom_barrio": "El Calvario", "direccion": "76001 CALLE 11 CON CARRERA 11, SANTA ROSA, CALI, VALLE DEL CAUCA, COL,SANTA ROSA", "sitio": "VIA PUBLICA", "x": -76.53126525879, "y": 3.4463920593299999, "anio": 2025, "mes": "mayo", "dia": 26, "dia_semana": 2, "hora_hecho": "10:19", "barrio": "SANTA ROSA", "estrato": 3, "geom": "0101000020E610000000000040002253C00000000036920B40", "fecha_hech": "2025-05-26 00:00:00", "Id": 0, "area": 136572.15568900001 }, "geometry": { "type": "Point", "coordinates": [ -76.53126525879, 3.44639205933 ] } },
{ "type": "Feature", "properties": { "dinamica": "HURTO", "titulo": "DELITOS CONTRA EL PATRIMONIO ECONOMICO", "capitulo": "DEL HURTO", "articulo": "HURTO CALIFICADO. ART. 240 C.P.", "grado_deli": "NINGUNO", "tipo_notic": "DENUNCIA", "caracteriz": "HURTO A CELULARES", "modalidad": "ATRACO", "modo": "ARMA DE FUEGO", "motivo": "SIN DETERMINAR", "pais": "COLOMBIA", "dane_dep": 76, "departamen": "VALLE DEL CAUCA", "dane_mpio": 76001, "municipio": "CALI", "cod_comuna": 3.0, "comuna": "Comuna 3", "cod_barrio": 309.0, "nom_barrio": "San Pascual", "direccion": "76001 KR 14 CL 13 A-18 CARRERA 14 CALLE 13 A 18 OCC", "sitio": "SIN INFORMACION", "x": -76.528480529790002, "y": 3.44331407547, "anio": 2025, "mes": "mayo", "dia": 28, "dia_semana": 4, "hora_hecho": "22:30", "barrio": null, "estrato": 1, "geom": "0101000020E6100000000000A0D22153C000000040E88B0B40", "fecha_hech": "2025-05-28 00:00:00", "Id": 0, "area": 136572.15568900001 }, "geometry": { "type": "Point", "coordinates": [ -76.528480529790002, 3.44331407547 ] } },
{ "type": "Feature", "properties": { "dinamica": "HURTO", "titulo": "DELITOS CONTRA EL PATRIMONIO ECONOMICO", "capitulo": "DEL HURTO", "articulo": "HURTO. ART. 239 C.P.", "grado_deli": "AGRAVADO", "tipo_notic": "DENUNCIA", "caracteriz": "HURTO A PERSONAS", "modalidad": "COSQUILLEO", "modo": null, "motivo": null, "pais": "COLOMBIA", "dane_dep": 76, "departamen": "VALLE DEL CAUCA", "dane_mpio": 76001, "municipio": "CALI", "cod_comuna": 3.0, "comuna": "Comuna 3", "cod_barrio": 309.0, "nom_barrio": "San Pascual", "direccion": "76001 CALLE 13 14 45", "sitio": "TRANSPORTE MASIVO", "x": -76.528610229489999, "y": 3.44313907623, "anio": 2025, "mes": "mayo", "dia": 31, "dia_semana": 7, "hora_hecho": "16:00", "barrio": "SAN PASCUAL", "estrato": 1, "geom": "0101000020E6100000000000C0D42153C0000000808C8B0B40", "fecha_hech": "2025-05-31 00:00:00", "Id": 0, "area": 136572.15568900001 }, "geometry": { "type": "Point", "coordinates": [ -76.528610229489999, 3.44313907623 ] } },
{ "type": "Feature", "properties": { "dinamica": "HURTO", "titulo": "DELITOS CONTRA EL PATRIMONIO ECONOMICO", "capitulo": "DEL HURTO", "articulo": "HURTO. ART. 239 C.P.", "grado_deli": "NINGUNO", "tipo_notic": "QUERELLA", "caracteriz": "HURTO A PERSONAS", "modalidad": "FACTOR DE OPORTUNIDAD", "modo": null, "motivo": null, "pais": "COLOMBIA", "dane_dep": 76, "departamen": "VALLE DEL CAUCA", "dane_mpio": 76001, "municipio": "CALI", "cod_comuna": 3.0, "comuna": "Comuna 3", "cod_barrio": 309.0, "nom_barrio": "San Pascual", "direccion": "76001 BARRIO/LOCALIDAD/COMUNA:SAN PASCUAL/COMUNA 3,CALI/VALLE DEL CAUCA,SAN PASCUAL", "sitio": "SIN INFORMACION", "x": -76.527755737299998, "y": 3.4446029663100002, "anio": 2025, "mes": "junio", "dia": 1, "dia_semana": 1, "hora_hecho": "11:16", "barrio": "SAN PASCUAL", "estrato": 1, "geom": "0101000020E6100000000000C0C62153C0000000008C8E0B40", "fecha_hech": "2025-06-01 00:00:00", "Id": 0, "area": 136572.15568900001 }, "geometry": { "type": "Point", "coordinates": [ -76.527755737299998, 3.44460296631 ] } },
{ "type": "Feature", "properties": { "dinamica": "HURTO", "titulo": "DELITOS CONTRA EL PATRIMONIO ECONOMICO", "capitulo": "DEL HURTO", "articulo": "HURTO. ART. 239 C.P.", "grado_deli": "NINGUNO", "tipo_notic": "DENUNCIA", "caracteriz": "HURTO A PERSONAS", "modalidad": "RAPONAZO", "modo": null, "motivo": null, "pais": "COLOMBIA", "dane_dep": 76, "departamen": "VALLE DEL CAUCA", "dane_mpio": 76001, "municipio": "CALI", "cod_comuna": 3.0, "comuna": "Comuna 3", "cod_barrio": 309.0, "nom_barrio": "San Pascual", "direccion": "76001 CALLE 13A 14, SAN PASCUAL, CALI, VALLE DEL CAUCA", "sitio": "VIA PUBLICA", "x": -76.527801513669999, "y": 3.4432799816099999, "anio": 2025, "mes": "junio", "dia": 3, "dia_semana": 3, "hora_hecho": "07:00", "barrio": "SAN PASCUAL", "estrato": 1, "geom": "0101000020E610000000000080C72153C000000060D68B0B40", "fecha_hech": "2025-06-03 00:00:00", "Id": 0, "area": 136572.15568900001 }, "geometry": { "type": "Point", "coordinates": [ -76.527801513669999, 3.44327998161 ] } },
{ "type": "Feature", "properties": { "dinamica": "HURTO", "titulo": "DELITOS CONTRA EL PATRIMONIO ECONOMICO", "capitulo": "DEL HURTO", "articulo": "HURTO. ART. 239 C.P.", "grado_deli": "NINGUNO", "tipo_notic": "DENUNCIA", "caracteriz": "HURTO A ESTABLECIMIENTOS", "modalidad": "FACTOR DE OPORTUNIDAD", "modo": null, "motivo": null, "pais": "COLOMBIA", "dane_dep": 76, "departamen": "VALLE DEL CAUCA", "dane_mpio": 76001, "municipio": "CALI", "cod_comuna": 3.0, "comuna": "Comuna 3", "cod_barrio": 306.0, "nom_barrio": "San Juan Bosco", "direccion": "76001 CALLE 10 13 65, SAN JUAN BOSCO, CALI, VALLE DEL CAUCA", "sitio": "OTRO", "x": -76.531898498540002, "y": 3.4438118934599999, "anio": 2025, "mes": "junio", "dia": 9, "dia_semana": 2, "hora_hecho": "15:00", "barrio": "SAN JUAN BOSCO", "estrato": 3, "geom": "0101000020E6100000000000A00A2253C000000040ED8C0B40", "fecha_hech": "2025-06-09 00:00:00", "Id": 0, "area": 136572.15568900001 }, "geometry": { "type": "Point", "coordinates": [ -76.531898498540002, 3.44381189346 ] } },
{ "type": "Feature", "properties": { "dinamica": "HURTO", "titulo": "DELITOS CONTRA EL PATRIMONIO ECONOMICO", "capitulo": "DEL HURTO", "articulo": "HURTO CALIFICADO. ART. 240 C.P.", "grado_deli": "AGRAVADO", "tipo_notic": "DENUNCIA", "caracteriz": "HURTO DE MOTOCICLETAS", "modalidad": "ATRACO", "modo": "ARMA DE FUEGO", "motivo": null, "pais": "COLOMBIA", "dane_dep": 76, "departamen": "VALLE DEL CAUCA", "dane_mpio": 76001, "municipio": "CALI", "cod_comuna": 3.0, "comuna": "Comuna 3", "cod_barrio": 310.0, "nom_barrio": "El Calvario", "direccion": "76001 KR 10 CON CL 15 CARRERA 10 CALLE 15", "sitio": "SIN INFORMACION", "x": -76.527565002439999, "y": 3.4478409290299998, "anio": 2025, "mes": "junio", "dia": 10, "dia_semana": 3, "hora_hecho": "13:30", "barrio": null, "estrato": 3, "geom": "0101000020E6100000000000A0C32153C0000000A02D950B40", "fecha_hech": "2025-06-10 00:00:00", "Id": 0, "area": 136572.15568900001 }, "geometry": { "type": "Point", "coordinates": [ -76.527565002439999, 3.44784092903 ] } },
{ "type": "Feature", "properties": { "dinamica": "HURTO", "titulo": "DELITOS CONTRA EL PATRIMONIO ECONOMICO", "capitulo": "DEL HURTO", "articulo": "HURTO CALIFICADO. ART. 240 C.P.", "grado_deli": "AGRAVADO", "tipo_notic": "ACTOS URGENTES", "caracteriz": "HURTO A CELULARES", "modalidad": "ATRACO", "modo": "ARMA BLANCA", "motivo": "SIN DETERMINAR", "pais": "COLOMBIA", "dane_dep": 76, "departamen": "VALLE DEL CAUCA", "dane_mpio": 76001, "municipio": "CALI", "cod_comuna": 3.0, "comuna": "Comuna 3", "cod_barrio": 310.0, "nom_barrio": "El Calvario", "direccion": "76001 CALLE 15 CON CARRERA 12, EL CALVARIO, CALI, VALLE DEL CAUCA", "sitio": "VIA PUBLICA", "x": -76.526947021479998, "y": 3.4459118843100001, "anio": 2025, "mes": "junio", "dia": 11, "dia_semana": 4, "hora_hecho": "18:10", "barrio": "EL CALVARIO", "estrato": 3, "geom": "0101000020E610000000000080B92153C0000000403A910B40", "fecha_hech": "2025-06-11 00:00:00", "Id": 0, "area": 136572.15568900001 }, "geometry": { "type": "Point", "coordinates": [ -76.526947021479998, 3.44591188431 ] } },
{ "type": "Feature", "properties": { "dinamica": "HURTO", "titulo": "DELITOS CONTRA EL PATRIMONIO ECONOMICO", "capitulo": "DEL HURTO", "articulo": "HURTO CALIFICADO. ART. 240 C.P.", "grado_deli": "NINGUNO", "tipo_notic": "DENUNCIA", "caracteriz": "HURTO A PERSONAS", "modalidad": "ATRACO", "modo": "ARMA BLANCA", "motivo": null, "pais": "COLOMBIA", "dane_dep": 76, "departamen": "VALLE DEL CAUCA", "dane_mpio": 76001, "municipio": "CALI", "cod_comuna": 3.0, "comuna": "Comuna 3", "cod_barrio": 309.0, "nom_barrio": "San Pascual", "direccion": "76001 Carrera 12, El Calvario, Cali, Valle del Cauca, COL,SAN PASCUAL", "sitio": "SIN INFORMACION", "x": -76.529754638669999, "y": 3.4455649852799999, "anio": 2025, "mes": "junio", "dia": 14, "dia_semana": 7, "hora_hecho": "08:00", "barrio": "SAN PASCUAL", "estrato": 1, "geom": "0101000020E610000000000080E72153C00000006084900B40", "fecha_hech": "2025-06-14 00:00:00", "Id": 0, "area": 136572.15568900001 }, "geometry": { "type": "Point", "coordinates": [ -76.529754638669999, 3.44556498528 ] } },
{ "type": "Feature", "properties": { "dinamica": "HURTO", "titulo": "DELITOS CONTRA EL PATRIMONIO ECONOMICO", "capitulo": "DEL HURTO", "articulo": "HURTO CALIFICADO. ART. 240 C.P.", "grado_deli": "NINGUNO", "tipo_notic": "DENUNCIA", "caracteriz": "HURTO DE MOTOCICLETAS", "modalidad": "ATRACO", "modo": "ARMA DE FUEGO", "motivo": null, "pais": "COLOMBIA", "dane_dep": 76, "departamen": "VALLE DEL CAUCA", "dane_mpio": 76001, "municipio": "CALI", "cod_comuna": 3.0, "comuna": "Comuna 3", "cod_barrio": 309.0, "nom_barrio": "San Pascual", "direccion": "76001 KR 15 CON CL 12", "sitio": "SIN INFORMACION", "x": -76.52968597412, "y": 3.44274306297, "anio": 2025, "mes": "junio", "dia": 16, "dia_semana": 2, "hora_hecho": "17:30", "barrio": null, "estrato": 1, "geom": "0101000020E610000000000060E62153C0000000E0BC8A0B40", "fecha_hech": "2025-06-16 00:00:00", "Id": 0, "area": 136572.15568900001 }, "geometry": { "type": "Point", "coordinates": [ -76.52968597412, 3.44274306297 ] } },
{ "type": "Feature", "properties": { "dinamica": "HURTO", "titulo": "DELITOS CONTRA EL PATRIMONIO ECONOMICO", "capitulo": "DEL HURTO", "articulo": "HURTO CALIFICADO. ART. 240 C.P.", "grado_deli": "NINGUNO", "tipo_notic": "DENUNCIA", "caracteriz": "HURTO A PERSONAS", "modalidad": "COSQUILLEO", "modo": null, "motivo": null, "pais": "COLOMBIA", "dane_dep": 76, "departamen": "VALLE DEL CAUCA", "dane_mpio": 76001, "municipio": "CALI", "cod_comuna": 3.0, "comuna": "Comuna 3", "cod_barrio": 309.0, "nom_barrio": "San Pascual", "direccion": "76001 CL 15 CON CON KR 15 CALLE 15 CARRERA 15", "sitio": "SIN INFORMACION", "x": -76.526100158689999, "y": 3.4428079128300002, "anio": 2025, "mes": "junio", "dia": 24, "dia_semana": 3, "hora_hecho": "07:30", "barrio": null, "estrato": 1, "geom": "0101000020E6100000000000A0AB2153C0000000E0DE8A0B40", "fecha_hech": "2025-06-24 00:00:00", "Id": 0, "area": 136572.15568900001 }, "geometry": { "type": "Point", "coordinates": [ -76.526100158689999, 3.44280791283 ] } },
{ "type": "Feature", "properties": { "dinamica": "HURTO", "titulo": "DELITOS CONTRA EL PATRIMONIO ECONOMICO", "capitulo": "DEL HURTO", "articulo": "HURTO. ART. 239 C.P.", "grado_deli": "NINGUNO", "tipo_notic": "QUERELLA", "caracteriz": "HURTO A RESIDENCIA", "modalidad": "FACTOR DE OPORTUNIDAD", "modo": null, "motivo": null, "pais": "COLOMBIA", "dane_dep": 76, "departamen": "VALLE DEL CAUCA", "dane_mpio": 76001, "municipio": "CALI", "cod_comuna": 3.0, "comuna": "Comuna 3", "cod_barrio": 309.0, "nom_barrio": "San Pascual", "direccion": "76001 Calle 13a 12 43, San Pascual, Cali, Valle del Cauca, COL,SAN PASCUAL", "sitio": "SIN INFORMACION", "x": -76.528106689449999, "y": 3.4453570842699999, "anio": 2025, "mes": "junio", "dia": 24, "dia_semana": 3, "hora_hecho": "15:45", "barrio": "SAN PASCUAL", "estrato": 1, "geom": "0101000020E610000000000080CC2153C00000006017900B40", "fecha_hech": "2025-06-24 00:00:00", "Id": 0, "area": 136572.15568900001 }, "geometry": { "type": "Point", "coordinates": [ -76.528106689449999, 3.44535708427 ] } },
{ "type": "Feature", "properties": { "dinamica": "HURTO", "titulo": "DELITOS CONTRA EL PATRIMONIO ECONOMICO", "capitulo": "DEL HURTO", "articulo": "HURTO CALIFICADO. ART. 240 C.P.", "grado_deli": "NINGUNO", "tipo_notic": "DENUNCIA", "caracteriz": "HURTO A PERSONAS", "modalidad": "ATRACO", "modo": "ARMA BLANCA", "motivo": null, "pais": "COLOMBIA", "dane_dep": 76, "departamen": "VALLE DEL CAUCA", "dane_mpio": 76001, "municipio": "CALI", "cod_comuna": 3.0, "comuna": "Comuna 3", "cod_barrio": 310.0, "nom_barrio": "El Calvario", "direccion": "76001 CL 11 CON CON KR 11 CALLE 11 CARRERA 11", "sitio": "SIN INFORMACION", "x": -76.53125, "y": 3.4464008808100002, "anio": 2025, "mes": "junio", "dia": 25, "dia_semana": 4, "hora_hecho": "03:00", "barrio": null, "estrato": 3, "geom": "0101000020E610000000000000002253C0000000A03A920B40", "fecha_hech": "2025-06-25 00:00:00", "Id": 0, "area": 136572.15568900001 }, "geometry": { "type": "Point", "coordinates": [ -76.53125, 3.44640088081 ] } },
{ "type": "Feature", "properties": { "dinamica": "HURTO", "titulo": "DELITOS CONTRA EL PATRIMONIO ECONOMICO", "capitulo": "DEL HURTO", "articulo": "HURTO. ART. 239 C.P.", "grado_deli": "NINGUNO", "tipo_notic": "DENUNCIA", "caracteriz": "HURTO A PERSONAS", "modalidad": "COSQUILLEO", "modo": null, "motivo": null, "pais": "COLOMBIA", "dane_dep": 76, "departamen": "VALLE DEL CAUCA", "dane_mpio": 76001, "municipio": "CALI", "cod_comuna": 3.0, "comuna": "Comuna 3", "cod_barrio": 307.0, "nom_barrio": "Santa Rosa", "direccion": "76001 CARRERA 10 10 60, SANTA ROSA, CALI, VALLE DEL CAUCA", "sitio": "VIA PUBLICA", "x": -76.531929016109999, "y": 3.4468960761999998, "anio": 2025, "mes": "julio", "dia": 1, "dia_semana": 3, "hora_hecho": "15:31", "barrio": "SANTA ROSA", "estrato": 3, "geom": "0101000020E6100000000000200B2253C0000000403E930B40", "fecha_hech": "2025-07-01 00:00:00", "Id": 0, "area": 136572.15568900001 }, "geometry": { "type": "Point", "coordinates": [ -76.531929016109999, 3.4468960762 ] } },
{ "type": "Feature", "properties": { "dinamica": "HURTO", "titulo": "DELITOS CONTRA EL PATRIMONIO ECONOMICO", "capitulo": "DEL HURTO", "articulo": "HURTO. ART. 239 C.P.", "grado_deli": "AGRAVADO", "tipo_notic": "DENUNCIA", "caracteriz": "HURTO A PERSONAS", "modalidad": "FACTOR DE OPORTUNIDAD", "modo": null, "motivo": null, "pais": "COLOMBIA", "dane_dep": 76, "departamen": "VALLE DEL CAUCA", "dane_mpio": 76001, "municipio": "CALI", "cod_comuna": 3.0, "comuna": "Comuna 3", "cod_barrio": 309.0, "nom_barrio": "San Pascual", "direccion": "76001", "sitio": "SIN INFORMACION", "x": -76.528327941889998, "y": 3.44445490837, "anio": 2025, "mes": "julio", "dia": 2, "dia_semana": 4, "hora_hecho": "02:02", "barrio": null, "estrato": 1, "geom": "0101000020E610000000000020D02153C0000000603E8E0B40", "fecha_hech": "2025-07-02 00:00:00", "Id": 0, "area": 136572.15568900001 }, "geometry": { "type": "Point", "coordinates": [ -76.528327941889998, 3.44445490837 ] } },
{ "type": "Feature", "properties": { "dinamica": "HURTO", "titulo": "DELITOS CONTRA EL PATRIMONIO ECONOMICO", "capitulo": "DEL HURTO", "articulo": "HURTO. ART. 239 C.P.", "grado_deli": "NINGUNO", "tipo_notic": "QUERELLA", "caracteriz": "HURTO A PERSONAS", "modalidad": "COSQUILLEO", "modo": null, "motivo": null, "pais": "COLOMBIA", "dane_dep": 76, "departamen": "VALLE DEL CAUCA", "dane_mpio": 76001, "municipio": "CALI", "cod_comuna": 3.0, "comuna": "Comuna 3", "cod_barrio": 309.0, "nom_barrio": "San Pascual", "direccion": "76001 NO REPORTA CL 15 Con CRA13", "sitio": "SIN INFORMACION", "x": -76.526809692379999, "y": 3.4448170661900002, "anio": 2025, "mes": "julio", "dia": 3, "dia_semana": 5, "hora_hecho": "11:30", "barrio": null, "estrato": 1, "geom": "0101000020E610000000000040B72153C000000040FC8E0B40", "fecha_hech": "2025-07-03 00:00:00", "Id": 0, "area": 136572.15568900001 }, "geometry": { "type": "Point", "coordinates": [ -76.526809692379999, 3.44481706619 ] } },
{ "type": "Feature", "properties": { "dinamica": "HURTO", "titulo": "DELITOS CONTRA EL PATRIMONIO ECONOMICO", "capitulo": "DEL HURTO", "articulo": "HURTO CALIFICADO. ART. 240 C.P.", "grado_deli": "AGRAVADO", "tipo_notic": "DENUNCIA", "caracteriz": "HURTO A CELULARES", "modalidad": "ATRACO", "modo": "SIN ARMA", "motivo": "SIN DETERMINAR", "pais": "COLOMBIA", "dane_dep": 76, "departamen": "VALLE DEL CAUCA", "dane_mpio": 76001, "municipio": "CALI", "cod_comuna": 3.0, "comuna": "Comuna 3", "cod_barrio": 307.0, "nom_barrio": "Santa Rosa", "direccion": "76001 KR 10 CARRERA  10 10 60", "sitio": "SIN INFORMACION", "x": -76.531959533689999, "y": 3.4468910694099999, "anio": 2025, "mes": "julio", "dia": 5, "dia_semana": 7, "hora_hecho": "04:00", "barrio": null, "estrato": 3, "geom": "0101000020E6100000000000A00B2253C0000000A03B930B40", "fecha_hech": "2025-07-05 00:00:00", "Id": 0, "area": 136572.15568900001 }, "geometry": { "type": "Point", "coordinates": [ -76.531959533689999, 3.44689106941 ] } },
{ "type": "Feature", "properties": { "dinamica": "HURTO", "titulo": "DELITOS CONTRA EL PATRIMONIO ECONOMICO", "capitulo": "DEL HURTO", "articulo": "HURTO CALIFICADO. ART. 240 C.P.", "grado_deli": "NINGUNO", "tipo_notic": "DENUNCIA", "caracteriz": "HURTO A PERSONAS", "modalidad": "RAPONAZO", "modo": null, "motivo": null, "pais": "COLOMBIA", "dane_dep": 76, "departamen": "VALLE DEL CAUCA", "dane_mpio": 76001, "municipio": "CALI", "cod_comuna": 3.0, "comuna": "Comuna 3", "cod_barrio": 309.0, "nom_barrio": "San Pascual", "direccion": "76001 Carrera 12 13A 46, El Calvario, Cali, Valle del Cauca, COL,SAN PASCUAL", "sitio": "SIN INFORMACION", "x": -76.527870178219999, "y": 3.4456520080600002, "anio": 2025, "mes": "julio", "dia": 5, "dia_semana": 7, "hora_hecho": "05:00", "barrio": "SAN PASCUAL", "estrato": 1, "geom": "0101000020E6100000000000A0C82153C000000000B2900B40", "fecha_hech": "2025-07-05 00:00:00", "Id": 0, "area": 136572.15568900001 }, "geometry": { "type": "Point", "coordinates": [ -76.527870178219999, 3.44565200806 ] } },
{ "type": "Feature", "properties": { "dinamica": "HURTO", "titulo": "DELITOS CONTRA EL PATRIMONIO ECONOMICO", "capitulo": "DEL HURTO", "articulo": "HURTO. ART. 239 C.P.", "grado_deli": "NINGUNO", "tipo_notic": "QUERELLA", "caracteriz": "HURTO A PERSONAS", "modalidad": "FACTOR DE OPORTUNIDAD", "modo": null, "motivo": null, "pais": "COLOMBIA", "dane_dep": 76, "departamen": "VALLE DEL CAUCA", "dane_mpio": 76001, "municipio": "CALI", "cod_comuna": 3.0, "comuna": "Comuna 3", "cod_barrio": 310.0, "nom_barrio": "El Calvario", "direccion": "76001 CALLE 15 CON CARRERA 12, EL CALVARIO, CALI, VALLE DEL CAUCA", "sitio": "VIA PUBLICA", "x": -76.526947021479998, "y": 3.4459118843100001, "anio": 2025, "mes": "julio", "dia": 6, "dia_semana": 1, "hora_hecho": "02:00", "barrio": "EL CALVARIO", "estrato": 3, "geom": "0101000020E610000000000080B92153C0000000403A910B40", "fecha_hech": "2025-07-06 00:00:00", "Id": 0, "area": 136572.15568900001 }, "geometry": { "type": "Point", "coordinates": [ -76.526947021479998, 3.44591188431 ] } },
{ "type": "Feature", "properties": { "dinamica": "HURTO", "titulo": "DELITOS CONTRA EL PATRIMONIO ECONOMICO", "capitulo": "DEL HURTO", "articulo": "HURTO CALIFICADO. ART. 240 C.P.", "grado_deli": "NINGUNO", "tipo_notic": "DENUNCIA", "caracteriz": "HURTO A RESIDENCIA", "modalidad": "VIOLACION DE CERRADURA", "modo": null, "motivo": null, "pais": "COLOMBIA", "dane_dep": 76, "departamen": "VALLE DEL CAUCA", "dane_mpio": 76001, "municipio": "CALI", "cod_comuna": 3.0, "comuna": "Comuna 3", "cod_barrio": 309.0, "nom_barrio": "San Pascual", "direccion": "76001 Carrera 14 13A 32, San Pascual, Cali, Valle del Cauca, COL,SAN PASCUAL", "sitio": "SIN INFORMACION", "x": -76.527351379389998, "y": 3.4430658817299999, "anio": 2025, "mes": "julio", "dia": 6, "dia_semana": 1, "hora_hecho": "13:00", "barrio": "SAN PASCUAL", "estrato": 1, "geom": "0101000020E610000000000020C02153C000000020668B0B40", "fecha_hech": "2025-07-06 00:00:00", "Id": 0, "area": 136572.15568900001 }, "geometry": { "type": "Point", "coordinates": [ -76.527351379389998, 3.44306588173 ] } },
{ "type": "Feature", "properties": { "dinamica": "HURTO", "titulo": "DELITOS CONTRA EL PATRIMONIO ECONOMICO", "capitulo": "DEL HURTO", "articulo": "HURTO CALIFICADO. ART. 240 C.P.", "grado_deli": "NINGUNO", "tipo_notic": "DENUNCIA", "caracteriz": "HURTO A PERSONAS", "modalidad": "ATRACO", "modo": "ARMA BLANCA", "motivo": null, "pais": "COLOMBIA", "dane_dep": 76, "departamen": "VALLE DEL CAUCA", "dane_mpio": 76001, "municipio": "CALI", "cod_comuna": 3.0, "comuna": "Comuna 3", "cod_barrio": 309.0, "nom_barrio": "San Pascual", "direccion": "76001 CARRERA 12 13, EL CALVARIO, CALI, VALLE DEL CAUCA", "sitio": "VIA PUBLICA", "x": -76.529251098629999, "y": 3.4456059932700001, "anio": 2025, "mes": "julio", "dia": 9, "dia_semana": 4, "hora_hecho": "09:30", "barrio": "SAN PASCUAL", "estrato": 1, "geom": "0101000020E610000000000040DF2153C0000000E099900B40", "fecha_hech": "2025-07-09 00:00:00", "Id": 0, "area": 136572.15568900001 }, "geometry": { "type": "Point", "coordinates": [ -76.529251098629999, 3.44560599327 ] } },
{ "type": "Feature", "properties": { "dinamica": "HURTO", "titulo": "DELITOS CONTRA EL PATRIMONIO ECONOMICO", "capitulo": "DEL HURTO", "articulo": "HURTO. ART. 239 C.P.", "grado_deli": "AGRAVADO", "tipo_notic": "DENUNCIA", "caracteriz": "HURTO A CELULARES", "modalidad": "COSQUILLEO", "modo": null, "motivo": null, "pais": "COLOMBIA", "dane_dep": 76, "departamen": "VALLE DEL CAUCA", "dane_mpio": 76001, "municipio": "CALI", "cod_comuna": 3.0, "comuna": "Comuna 3", "cod_barrio": 309.0, "nom_barrio": "San Pascual", "direccion": "76001 CARRERA 15 13, SAN PASCUAL, CALI, VALLE DEL CAUCA", "sitio": "TRANSPORTE MASIVO", "x": -76.527969360349999, "y": 3.4427859783199999, "anio": 2025, "mes": "julio", "dia": 9, "dia_semana": 4, "hora_hecho": "15:30", "barrio": "GUAYAQUIL", "estrato": 1, "geom": "0101000020E610000000000040CA2153C000000060D38A0B40", "fecha_hech": "2025-07-09 00:00:00", "Id": 0, "area": 136572.15568900001 }, "geometry": { "type": "Point", "coordinates": [ -76.527969360349999, 3.44278597832 ] } },
{ "type": "Feature", "properties": { "dinamica": "HURTO", "titulo": "DELITOS CONTRA EL PATRIMONIO ECONOMICO", "capitulo": "DEL HURTO", "articulo": "HURTO. ART. 239 C.P.", "grado_deli": "AGRAVADO", "tipo_notic": "DENUNCIA", "caracteriz": "HURTO A ESTABLECIMIENTOS", "modalidad": "ENGAÑO", "modo": null, "motivo": null, "pais": "COLOMBIA", "dane_dep": 76, "departamen": "VALLE DEL CAUCA", "dane_mpio": 76001, "municipio": "CALI", "cod_comuna": 3.0, "comuna": "Comuna 3", "cod_barrio": 309.0, "nom_barrio": "San Pascual", "direccion": "76001 Carrera 13 13 78, San Pascual, Cali, Valle del Cauca, COL,SAN PASCUAL", "sitio": "SIN INFORMACION", "x": -76.528259277339998, "y": 3.4444870948799999, "anio": 2025, "mes": "julio", "dia": 10, "dia_semana": 5, "hora_hecho": "19:10", "barrio": "SAN PASCUAL", "estrato": 1, "geom": "0101000020E610000000000000CF2153C0000000404F8E0B40", "fecha_hech": "2025-07-10 00:00:00", "Id": 0, "area": 136572.15568900001 }, "geometry": { "type": "Point", "coordinates": [ -76.528259277339998, 3.44448709488 ] } },
{ "type": "Feature", "properties": { "dinamica": "HURTO", "titulo": "DELITOS CONTRA EL PATRIMONIO ECONOMICO", "capitulo": "DEL HURTO", "articulo": "HURTO. ART. 239 C.P.", "grado_deli": "NINGUNO", "tipo_notic": "DENUNCIA", "caracteriz": "HURTO A CELULARES", "modalidad": "RAPONAZO", "modo": null, "motivo": "SIN DETERMINAR", "pais": "COLOMBIA", "dane_dep": 76, "departamen": "VALLE DEL CAUCA", "dane_mpio": 76001, "municipio": "CALI", "cod_comuna": 3.0, "comuna": "Comuna 3", "cod_barrio": 310.0, "nom_barrio": "El Calvario", "direccion": "76001 CARRERA 10 11, EL CALVARIO, CALI, VALLE DEL CAUCA", "sitio": "VIA PUBLICA", "x": -76.530990600590002, "y": 3.4473650455499998, "anio": 2025, "mes": "julio", "dia": 11, "dia_semana": 6, "hora_hecho": "08:00", "barrio": "EL CALVARIO", "estrato": 3, "geom": "0101000020E6100000000000C0FB2153C00000002034940B40", "fecha_hech": "2025-07-11 00:00:00", "Id": 0, "area": 136572.15568900001 }, "geometry": { "type": "Point", "coordinates": [ -76.530990600590002, 3.44736504555 ] } },
{ "type": "Feature", "properties": { "dinamica": "HURTO", "titulo": "DELITOS CONTRA EL PATRIMONIO ECONOMICO", "capitulo": "DEL HURTO", "articulo": "HURTO CALIFICADO. ART. 240 C.P.", "grado_deli": "NINGUNO", "tipo_notic": "DENUNCIA", "caracteriz": "HURTO A CELULARES", "modalidad": "ATRACO", "modo": "ARMA DE FUEGO", "motivo": "SIN DETERMINAR", "pais": "COLOMBIA", "dane_dep": 76, "departamen": "VALLE DEL CAUCA", "dane_mpio": 76001, "municipio": "CALI", "cod_comuna": 3.0, "comuna": "Comuna 3", "cod_barrio": 309.0, "nom_barrio": "San Pascual", "direccion": "76001 CARRERA 14 14 40", "sitio": "OTRO", "x": -76.52660369873, "y": 3.4430549144699998, "anio": 2025, "mes": "julio", "dia": 11, "dia_semana": 6, "hora_hecho": "14:30", "barrio": "SAN PASCUAL", "estrato": 1, "geom": "0101000020E6100000000000E0B32153C000000060608B0B40", "fecha_hech": "2025-07-11 00:00:00", "Id": 0, "area": 136572.15568900001 }, "geometry": { "type": "Point", "coordinates": [ -76.52660369873, 3.44305491447 ] } },
{ "type": "Feature", "properties": { "dinamica": "HURTO", "titulo": "DELITOS CONTRA EL PATRIMONIO ECONOMICO", "capitulo": "DEL HURTO", "articulo": "HURTO. ART. 239 C.P.", "grado_deli": "AGRAVADO", "tipo_notic": "DENUNCIA", "caracteriz": "HURTO A PERSONAS", "modalidad": "COSQUILLEO", "modo": null, "motivo": null, "pais": "COLOMBIA", "dane_dep": 76, "departamen": "VALLE DEL CAUCA", "dane_mpio": 76001, "municipio": "CALI", "cod_comuna": 3.0, "comuna": "Comuna 3", "cod_barrio": 309.0, "nom_barrio": "San Pascual", "direccion": "76001 KR 14 CL 13-18", "sitio": "SIN INFORMACION", "x": -76.52847290039, "y": 3.4433090686800001, "anio": 2025, "mes": "julio", "dia": 17, "dia_semana": 5, "hora_hecho": "20:00", "barrio": null, "estrato": 1, "geom": "0101000020E610000000000080D22153C0000000A0E58B0B40", "fecha_hech": "2025-07-17 00:00:00", "Id": 0, "area": 136572.15568900001 }, "geometry": { "type": "Point", "coordinates": [ -76.52847290039, 3.44330906868 ] } },
{ "type": "Feature", "properties": { "dinamica": "HURTO", "titulo": "DELITOS CONTRA EL PATRIMONIO ECONOMICO", "capitulo": "DEL HURTO", "articulo": "HURTO. ART. 239 C.P.", "grado_deli": "NINGUNO", "tipo_notic": "QUERELLA", "caracteriz": "HURTO A PERSONAS", "modalidad": "FACTOR DE OPORTUNIDAD", "modo": null, "motivo": null, "pais": "COLOMBIA", "dane_dep": 76, "departamen": "VALLE DEL CAUCA", "dane_mpio": 76001, "municipio": "CALI", "cod_comuna": 3.0, "comuna": "Comuna 3", "cod_barrio": 309.0, "nom_barrio": "San Pascual", "direccion": "76001 CARRERA 12 13 11", "sitio": "VIA PUBLICA", "x": -76.529167175289999, "y": 3.4456379413599998, "anio": 2025, "mes": "julio", "dia": 18, "dia_semana": 6, "hora_hecho": "16:00", "barrio": "EL CALVARIO", "estrato": 1, "geom": "0101000020E6100000000000E0DD2153C0000000A0AA900B40", "fecha_hech": "2025-07-18 00:00:00", "Id": 0, "area": 136572.15568900001 }, "geometry": { "type": "Point", "coordinates": [ -76.529167175289999, 3.44563794136 ] } },
{ "type": "Feature", "properties": { "dinamica": "HURTO", "titulo": "DELITOS CONTRA EL PATRIMONIO ECONOMICO", "capitulo": "DEL HURTO", "articulo": "HURTO CALIFICADO. ART. 240 C.P.", "grado_deli": "AGRAVADO", "tipo_notic": "ACTOS URGENTES", "caracteriz": "HURTO A CELULARES", "modalidad": "ATRACO", "modo": "ARMA BLANCA", "motivo": "SIN DETERMINAR", "pais": "COLOMBIA", "dane_dep": 76, "departamen": "VALLE DEL CAUCA", "dane_mpio": 76001, "municipio": "CALI", "cod_comuna": 3.0, "comuna": "Comuna 3", "cod_barrio": 309.0, "nom_barrio": "San Pascual", "direccion": "76001 CARRERA 15 CON CALLE 15, SAN PASCUAL, CALI, VALLE DEL CAUCA", "sitio": "VIA PUBLICA", "x": -76.52626800537, "y": 3.4427099227900002, "anio": 2025, "mes": "julio", "dia": 20, "dia_semana": 1, "hora_hecho": "22:45", "barrio": "SAN PASCUAL", "estrato": 1, "geom": "0101000020E610000000000060AE2153C000000080AB8A0B40", "fecha_hech": "2025-07-20 00:00:00", "Id": 0, "area": 136572.15568900001 }, "geometry": { "type": "Point", "coordinates": [ -76.52626800537, 3.44270992279 ] } },
{ "type": "Feature", "properties": { "dinamica": "HURTO", "titulo": "DELITOS CONTRA EL PATRIMONIO ECONOMICO", "capitulo": "DEL HURTO", "articulo": "HURTO CALIFICADO. ART. 240 C.P.", "grado_deli": "AGRAVADO", "tipo_notic": "DENUNCIA", "caracteriz": "HURTO A PERSONAS", "modalidad": "ATRACO", "modo": "ARMA DE FUEGO", "motivo": null, "pais": "COLOMBIA", "dane_dep": 76, "departamen": "VALLE DEL CAUCA", "dane_mpio": 76001, "municipio": "CALI", "cod_comuna": 3.0, "comuna": "Comuna 3", "cod_barrio": 309.0, "nom_barrio": "San Pascual", "direccion": "76001 PASO ANCHO, SAN PASCUAL, CALI, VALLE DEL CAUCA", "sitio": "VIA PUBLICA", "x": -76.528625488279999, "y": 3.4427859783199999, "anio": 2025, "mes": "julio", "dia": 22, "dia_semana": 3, "hora_hecho": "10:00", "barrio": "SAN PASCUAL", "estrato": 1, "geom": "0101000020E610000000000000D52153C000000060D38A0B40", "fecha_hech": "2025-07-22 00:00:00", "Id": 0, "area": 136572.15568900001 }, "geometry": { "type": "Point", "coordinates": [ -76.528625488279999, 3.44278597832 ] } },
{ "type": "Feature", "properties": { "dinamica": "HURTO", "titulo": "DELITOS CONTRA EL PATRIMONIO ECONOMICO", "capitulo": "DEL HURTO", "articulo": "HURTO CALIFICADO. ART. 240 C.P.", "grado_deli": "AGRAVADO", "tipo_notic": "DENUNCIA", "caracteriz": "HURTO A PERSONAS", "modalidad": "ATRACO", "modo": "ARMA BLANCA", "motivo": null, "pais": "COLOMBIA", "dane_dep": 76, "departamen": "VALLE DEL CAUCA", "dane_mpio": 76001, "municipio": "CALI", "cod_comuna": 3.0, "comuna": "Comuna 3", "cod_barrio": 309.0, "nom_barrio": "San Pascual", "direccion": "76001 CL 15 CON CON KR 15 CALLE 15 CARRERA 15", "sitio": "SIN INFORMACION", "x": -76.526222228999998, "y": 3.44285011292, "anio": 2025, "mes": "julio", "dia": 23, "dia_semana": 4, "hora_hecho": "18:00", "barrio": null, "estrato": 1, "geom": "0101000020E6100000000000A0AD2153C000000000F58A0B40", "fecha_hech": "2025-07-23 00:00:00", "Id": 0, "area": 136572.15568900001 }, "geometry": { "type": "Point", "coordinates": [ -76.526222229, 3.44285011292 ] } },
{ "type": "Feature", "properties": { "dinamica": "HURTO", "titulo": "DELITOS CONTRA EL PATRIMONIO ECONOMICO", "capitulo": "DEL HURTO", "articulo": "HURTO CALIFICADO. ART. 240 C.P.", "grado_deli": "NINGUNO", "tipo_notic": "DENUNCIA", "caracteriz": "HURTO A PERSONAS", "modalidad": "ATRACO", "modo": "ARMA BLANCA", "motivo": null, "pais": "COLOMBIA", "dane_dep": 76, "departamen": "VALLE DEL CAUCA", "dane_mpio": 76001, "municipio": "CALI", "cod_comuna": 3.0, "comuna": "Comuna 3", "cod_barrio": 306.0, "nom_barrio": "San Juan Bosco", "direccion": "76001 CALLE 12 CON CARRERA 13, SAN JUAN BOSCO, CALI, VALLE DEL CAUCA", "sitio": "VIA PUBLICA", "x": -76.53003692627, "y": 3.4444589614900001, "anio": 2025, "mes": "julio", "dia": 23, "dia_semana": 4, "hora_hecho": "21:30", "barrio": "SAN JUAN BOSCO", "estrato": 3, "geom": "0101000020E610000000000020EC2153C000000080408E0B40", "fecha_hech": "2025-07-23 00:00:00", "Id": 0, "area": 136572.15568900001 }, "geometry": { "type": "Point", "coordinates": [ -76.53003692627, 3.44445896149 ] } },
{ "type": "Feature", "properties": { "dinamica": "HURTO", "titulo": "DELITOS CONTRA EL PATRIMONIO ECONOMICO", "capitulo": "DEL HURTO", "articulo": "HURTO CALIFICADO. ART. 240 C.P.", "grado_deli": "AGRAVADO", "tipo_notic": "DENUNCIA", "caracteriz": "HURTO A PERSONAS", "modalidad": "ATRACO", "modo": "ARMA BLANCA", "motivo": null, "pais": "COLOMBIA", "dane_dep": 76, "departamen": "VALLE DEL CAUCA", "dane_mpio": 76001, "municipio": "CALI", "cod_comuna": 3.0, "comuna": "Comuna 3", "cod_barrio": 310.0, "nom_barrio": "El Calvario", "direccion": "76001 KR 10 CON CL 13 CARRERA 10 CALLE 13", "sitio": "SIN INFORMACION", "x": -76.5297164917, "y": 3.4476161003099999, "anio": 2025, "mes": "julio", "dia": 24, "dia_semana": 5, "hora_hecho": "12:00", "barrio": null, "estrato": 3, "geom": "0101000020E6100000000000E0E62153C0000000C0B7940B40", "fecha_hech": "2025-07-24 00:00:00", "Id": 0, "area": 136572.15568900001 }, "geometry": { "type": "Point", "coordinates": [ -76.5297164917, 3.44761610031 ] } },
{ "type": "Feature", "properties": { "dinamica": "HURTO", "titulo": "DELITOS CONTRA EL PATRIMONIO ECONOMICO", "capitulo": "DEL HURTO", "articulo": "HURTO CALIFICADO. ART. 240 C.P.", "grado_deli": "NINGUNO", "tipo_notic": "DENUNCIA", "caracteriz": "HURTO DE BICICLETAS", "modalidad": "ATRACO", "modo": "ARMA BLANCA", "motivo": null, "pais": "COLOMBIA", "dane_dep": 76, "departamen": "VALLE DEL CAUCA", "dane_mpio": 76001, "municipio": "CALI", "cod_comuna": 3.0, "comuna": "Comuna 3", "cod_barrio": 310.0, "nom_barrio": "El Calvario", "direccion": "76001 KR 15 CON CL 10 CARRERA 15 CALLE 10", "sitio": "SIN INFORMACION", "x": -76.527641296390001, "y": 3.4476799964899998, "anio": 2025, "mes": "julio", "dia": 27, "dia_semana": 1, "hora_hecho": "06:30", "barrio": null, "estrato": 3, "geom": "0101000020E6100000000000E0C42153C000000040D9940B40", "fecha_hech": "2025-07-27 00:00:00", "Id": 0, "area": 136572.15568900001 }, "geometry": { "type": "Point", "coordinates": [ -76.527641296390001, 3.44767999649 ] } },
{ "type": "Feature", "properties": { "dinamica": "HURTO", "titulo": "DELITOS CONTRA EL PATRIMONIO ECONOMICO", "capitulo": "DEL HURTO", "articulo": "HURTO. ART. 239 C.P.", "grado_deli": "NINGUNO", "tipo_notic": "DENUNCIA", "caracteriz": "HURTO A PERSONAS", "modalidad": "COSQUILLEO", "modo": null, "motivo": null, "pais": "COLOMBIA", "dane_dep": 76, "departamen": "VALLE DEL CAUCA", "dane_mpio": 76001, "municipio": "CALI", "cod_comuna": 3.0, "comuna": "Comuna 3", "cod_barrio": 309.0, "nom_barrio": "San Pascual", "direccion": "76001 San Pascual, Cali, Valle del Cauca, COL,SAN PASCUAL", "sitio": "SIN INFORMACION", "x": -76.528007507319998, "y": 3.4441530704500001, "anio": 2025, "mes": "julio", "dia": 29, "dia_semana": 3, "hora_hecho": "23:30", "barrio": "SAN PASCUAL", "estrato": 1, "geom": "0101000020E6100000000000E0CA2153C000000020A08D0B40", "fecha_hech": "2025-07-29 00:00:00", "Id": 0, "area": 136572.15568900001 }, "geometry": { "type": "Point", "coordinates": [ -76.528007507319998, 3.44415307045 ] } },
{ "type": "Feature", "properties": { "dinamica": "HURTO", "titulo": "DELITOS CONTRA EL PATRIMONIO ECONOMICO", "capitulo": "DEL HURTO", "articulo": "HURTO CALIFICADO. ART. 240 C.P.", "grado_deli": "AGRAVADO", "tipo_notic": "ACTOS URGENTES", "caracteriz": "HURTO DE BICICLETAS", "modalidad": "ATRACO", "modo": "ARMA BLANCA", "motivo": null, "pais": "COLOMBIA", "dane_dep": 76, "departamen": "VALLE DEL CAUCA", "dane_mpio": 76001, "municipio": "CALI", "cod_comuna": 3.0, "comuna": "Comuna 3", "cod_barrio": 309.0, "nom_barrio": "San Pascual", "direccion": "76001 CARRERA 12 13A, EL CALVARIO, CALI, VALLE DEL CAUCA", "sitio": "VIA PUBLICA", "x": -76.52799987793, "y": 3.4457750320399998, "anio": 2025, "mes": "agosto", "dia": 3, "dia_semana": 1, "hora_hecho": "08:10", "barrio": "EL CALVARIO", "estrato": 1, "geom": "0101000020E6100000000000C0CA2153C000000080F2900B40", "fecha_hech": "2025-08-03 00:00:00", "Id": 0, "area": 136572.15568900001 }, "geometry": { "type": "Point", "coordinates": [ -76.52799987793, 3.44577503204 ] } },
{ "type": "Feature", "properties": { "dinamica": "HURTO", "titulo": "DELITOS CONTRA EL PATRIMONIO ECONOMICO", "capitulo": "DEL HURTO", "articulo": "HURTO CALIFICADO. ART. 240 C.P.", "grado_deli": "NINGUNO", "tipo_notic": "ACTOS URGENTES", "caracteriz": "HURTO A PERSONAS", "modalidad": "ATRACO", "modo": "ARMA BLANCA", "motivo": null, "pais": "COLOMBIA", "dane_dep": 76, "departamen": "VALLE DEL CAUCA", "dane_mpio": 76001, "municipio": "CALI", "cod_comuna": 3.0, "comuna": "Comuna 3", "cod_barrio": 310.0, "nom_barrio": "El Calvario", "direccion": "76001 CARRERA 10 11, SANTA ROSA, CALI, VALLE DEL CAUCA", "sitio": "LUGAR DE RECREACION / PARQUE", "x": -76.531379699710001, "y": 3.4472560882600001, "anio": 2025, "mes": "agosto", "dia": 3, "dia_semana": 1, "hora_hecho": "18:52", "barrio": "EL CALVARIO", "estrato": 3, "geom": "0101000020E610000000000020022253C000000000FB930B40", "fecha_hech": "2025-08-03 00:00:00", "Id": 0, "area": 136572.15568900001 }, "geometry": { "type": "Point", "coordinates": [ -76.531379699710001, 3.44725608826 ] } },
{ "type": "Feature", "properties": { "dinamica": "HURTO", "titulo": "DELITOS CONTRA EL PATRIMONIO ECONOMICO", "capitulo": "DEL HURTO", "articulo": "HURTO CALIFICADO. ART. 240 C.P.", "grado_deli": "NINGUNO", "tipo_notic": "DENUNCIA", "caracteriz": "HURTO DE AUTOPARTES", "modalidad": "FACTOR DE OPORTUNIDAD", "modo": null, "motivo": null, "pais": "COLOMBIA", "dane_dep": 76, "departamen": "VALLE DEL CAUCA", "dane_mpio": 76001, "municipio": "CALI", "cod_comuna": 3.0, "comuna": "Comuna 3", "cod_barrio": 309.0, "nom_barrio": "San Pascual", "direccion": "76001 CALLE 15 CON CARRERA 14, SAN PASCUAL, CALI, VALLE DEL CAUCA, COL,SAN PASCUAL", "sitio": "VIA PUBLICA", "x": -76.5263671875, "y": 3.44331288338, "anio": 2025, "mes": "agosto", "dia": 3, "dia_semana": 1, "hora_hecho": "20:00", "barrio": "SAN PASCUAL", "estrato": 1, "geom": "0101000020E610000000000000B02153C0000000A0E78B0B40", "fecha_hech": "2025-08-03 00:00:00", "Id": 0, "area": 136572.15568900001 }, "geometry": { "type": "Point", "coordinates": [ -76.5263671875, 3.44331288338 ] } },
{ "type": "Feature", "properties": { "dinamica": "HURTO", "titulo": "DELITOS CONTRA EL PATRIMONIO ECONOMICO", "capitulo": "DEL HURTO", "articulo": "HURTO. ART. 239 C.P.", "grado_deli": "AGRAVADO", "tipo_notic": "DENUNCIA", "caracteriz": "HURTO A PERSONAS", "modalidad": "COSQUILLEO", "modo": null, "motivo": null, "pais": "COLOMBIA", "dane_dep": 76, "departamen": "VALLE DEL CAUCA", "dane_mpio": 76001, "municipio": "CALI", "cod_comuna": 3.0, "comuna": "Comuna 3", "cod_barrio": 310.0, "nom_barrio": "El Calvario", "direccion": "76001 CALLE 13 10, EL CALVARIO, CALI, VALLE DEL CAUCA", "sitio": "TRANSPORTE PUBLICO URBANO", "x": -76.5297164917, "y": 3.4472389221199999, "anio": 2025, "mes": "agosto", "dia": 6, "dia_semana": 4, "hora_hecho": "23:00", "barrio": "EL CALVARIO", "estrato": 3, "geom": "0101000020E6100000000000E0E62153C000000000F2930B40", "fecha_hech": "2025-08-06 00:00:00", "Id": 0, "area": 136572.15568900001 }, "geometry": { "type": "Point", "coordinates": [ -76.5297164917, 3.44723892212 ] } },
{ "type": "Feature", "properties": { "dinamica": "HURTO", "titulo": "DELITOS CONTRA EL PATRIMONIO ECONOMICO", "capitulo": "DEL HURTO", "articulo": "HURTO. ART. 239 C.P.", "grado_deli": "AGRAVADO", "tipo_notic": "DENUNCIA", "caracteriz": "HURTO A PERSONAS", "modalidad": "COSQUILLEO", "modo": null, "motivo": null, "pais": "COLOMBIA", "dane_dep": 76, "departamen": "VALLE DEL CAUCA", "dane_mpio": 76001, "municipio": "CALI", "cod_comuna": 3.0, "comuna": "Comuna 3", "cod_barrio": 309.0, "nom_barrio": "San Pascual", "direccion": "76001 San Pascual, Cali, Valle del Cauca, COL,SAN PASCUAL", "sitio": "SIN INFORMACION", "x": -76.528007507319998, "y": 3.4441530704500001, "anio": 2025, "mes": "agosto", "dia": 8, "dia_semana": 6, "hora_hecho": "12:15", "barrio": "SAN PASCUAL", "estrato": 1, "geom": "0101000020E6100000000000E0CA2153C000000020A08D0B40", "fecha_hech": "2025-08-08 00:00:00", "Id": 0, "area": 136572.15568900001 }, "geometry": { "type": "Point", "coordinates": [ -76.528007507319998, 3.44415307045 ] } },
{ "type": "Feature", "properties": { "dinamica": "HURTO", "titulo": "DELITOS CONTRA EL PATRIMONIO ECONOMICO", "capitulo": "DEL HURTO", "articulo": "HURTO CALIFICADO. ART. 240 C.P.", "grado_deli": "NINGUNO", "tipo_notic": "DENUNCIA", "caracteriz": "HURTO A PERSONAS", "modalidad": "RAPONAZO", "modo": null, "motivo": null, "pais": "COLOMBIA", "dane_dep": 76, "departamen": "VALLE DEL CAUCA", "dane_mpio": 76001, "municipio": "CALI", "cod_comuna": 3.0, "comuna": "Comuna 3", "cod_barrio": 310.0, "nom_barrio": "El Calvario", "direccion": "76001 CALLE 13 11 84", "sitio": "VIA PUBLICA", "x": -76.529556274409998, "y": 3.44652295113, "anio": 2025, "mes": "agosto", "dia": 12, "dia_semana": 3, "hora_hecho": "12:10", "barrio": "EL CALVARIO", "estrato": 3, "geom": "0101000020E610000000000040E42153C0000000A07A920B40", "fecha_hech": "2025-08-12 00:00:00", "Id": 0, "area": 136572.15568900001 }, "geometry": { "type": "Point", "coordinates": [ -76.529556274409998, 3.44652295113 ] } },
{ "type": "Feature", "properties": { "dinamica": "HURTO", "titulo": "DELITOS CONTRA EL PATRIMONIO ECONOMICO", "capitulo": "DEL HURTO", "articulo": "HURTO CALIFICADO. ART. 240 C.P.", "grado_deli": "AGRAVADO", "tipo_notic": "ACTOS URGENTES", "caracteriz": "HURTO A PERSONAS", "modalidad": "ATRACO", "modo": "ARMA DE FUEGO", "motivo": null, "pais": "COLOMBIA", "dane_dep": 76, "departamen": "VALLE DEL CAUCA", "dane_mpio": 76001, "municipio": "CALI", "cod_comuna": 3.0, "comuna": "Comuna 3", "cod_barrio": 306.0, "nom_barrio": "San Juan Bosco", "direccion": "76001 CALLE 10 CON CARRERA 15, SAN JUAN BOSCO, CALI, VALLE DEL CAUCA", "sitio": "VIA PUBLICA", "x": -76.53197479248, "y": 3.4424951076500001, "anio": 2025, "mes": "agosto", "dia": 12, "dia_semana": 3, "hora_hecho": "23:03", "barrio": "SAN JUAN BOSCO", "estrato": 3, "geom": "0101000020E6100000000000E00B2253C0000000E03A8A0B40", "fecha_hech": "2025-08-12 00:00:00", "Id": 0, "area": 136572.15568900001 }, "geometry": { "type": "Point", "coordinates": [ -76.53197479248, 3.44249510765 ] } },
{ "type": "Feature", "properties": { "dinamica": "HURTO", "titulo": "DELITOS CONTRA EL PATRIMONIO ECONOMICO", "capitulo": "DEL HURTO", "articulo": "HURTO. ART. 239 C.P.", "grado_deli": "AGRAVADO", "tipo_notic": "DENUNCIA", "caracteriz": "HURTO A PERSONAS", "modalidad": "FACTOR DE OPORTUNIDAD", "modo": null, "motivo": null, "pais": "COLOMBIA", "dane_dep": 76, "departamen": "VALLE DEL CAUCA", "dane_mpio": 76001, "municipio": "CALI", "cod_comuna": 3.0, "comuna": "Comuna 3", "cod_barrio": 309.0, "nom_barrio": "San Pascual", "direccion": "76001 CARRERA 14 13, SAN PASCUAL, CALI, VALLE DEL CAUCA", "sitio": "LUGAR DE TRABAJO", "x": -76.528266906740001, "y": 3.4433710575099998, "anio": 2025, "mes": "agosto", "dia": 14, "dia_semana": 5, "hora_hecho": "07:20", "barrio": "SAN PASCUAL", "estrato": 1, "geom": "0101000020E610000000000020CF2153C000000020068C0B40", "fecha_hech": "2025-08-14 00:00:00", "Id": 0, "area": 136572.15568900001 }, "geometry": { "type": "Point", "coordinates": [ -76.528266906740001, 3.44337105751 ] } },
{ "type": "Feature", "properties": { "dinamica": "HURTO", "titulo": "DELITOS CONTRA EL PATRIMONIO ECONOMICO", "capitulo": "DEL HURTO", "articulo": "HURTO. ART. 239 C.P.", "grado_deli": "NINGUNO", "tipo_notic": "QUERELLA", "caracteriz": "HURTO A PERSONAS", "modalidad": "RAPONAZO", "modo": null, "motivo": null, "pais": "COLOMBIA", "dane_dep": 76, "departamen": "VALLE DEL CAUCA", "dane_mpio": 76001, "municipio": "CALI", "cod_comuna": 3.0, "comuna": "Comuna 3", "cod_barrio": 309.0, "nom_barrio": "San Pascual", "direccion": "76001 Taller Motos, San Pascual, Cali, Valle del Cauca, COL,SAN PASCUAL", "sitio": "SIN INFORMACION", "x": -76.529434204099999, "y": 3.4428250789599999, "anio": 2025, "mes": "agosto", "dia": 20, "dia_semana": 4, "hora_hecho": "08:44", "barrio": "SAN PASCUAL", "estrato": 1, "geom": "0101000020E610000000000040E22153C0000000E0E78A0B40", "fecha_hech": "2025-08-20 00:00:00", "Id": 0, "area": 136572.15568900001 }, "geometry": { "type": "Point", "coordinates": [ -76.529434204099999, 3.44282507896 ] } },
{ "type": "Feature", "properties": { "dinamica": "HURTO", "titulo": "DELITOS CONTRA EL PATRIMONIO ECONOMICO", "capitulo": "DEL HURTO", "articulo": "HURTO CALIFICADO. ART. 240 C.P.", "grado_deli": "AGRAVADO", "tipo_notic": "DENUNCIA", "caracteriz": "HURTO A PERSONAS", "modalidad": "ATRACO", "modo": "ARMA BLANCA", "motivo": null, "pais": "COLOMBIA", "dane_dep": 76, "departamen": "VALLE DEL CAUCA", "dane_mpio": 76001, "municipio": "CALI", "cod_comuna": 9.0, "comuna": "Comuna 9", "cod_barrio": 909.0, "nom_barrio": "Sucre", "direccion": "76001 AVENIDA CIUDADES CONFEDERADAS 1", "sitio": "VIA PUBLICA", "x": -76.527435302729998, "y": 3.4478180408500001, "anio": 2025, "mes": "agosto", "dia": 22, "dia_semana": 6, "hora_hecho": "16:02", "barrio": "EL CALVARIO", "estrato": 1, "geom": "0101000020E610000000000080C12153C0000000A021950B40", "fecha_hech": "2025-08-22 00:00:00", "Id": 0, "area": 136572.15568900001 }, "geometry": { "type": "Point", "coordinates": [ -76.527435302729998, 3.44781804085 ] } },
{ "type": "Feature", "properties": { "dinamica": "HURTO", "titulo": "DELITOS CONTRA EL PATRIMONIO ECONOMICO", "capitulo": "DEL HURTO", "articulo": "HURTO. ART. 239 C.P.", "grado_deli": "AGRAVADO", "tipo_notic": "DENUNCIA", "caracteriz": "HURTO A PERSONAS", "modalidad": "FACTOR DE OPORTUNIDAD", "modo": null, "motivo": null, "pais": "COLOMBIA", "dane_dep": 76, "departamen": "VALLE DEL CAUCA", "dane_mpio": 76001, "municipio": "CALI", "cod_comuna": 3.0, "comuna": "Comuna 3", "cod_barrio": 306.0, "nom_barrio": "San Juan Bosco", "direccion": "76001 Carrera 13 con Calle 11, San Juan Bosco, Cali, Valle del Cauca, COL,SAN JUAN BOSCO", "sitio": "SIN INFORMACION", "x": -76.53074645996, "y": 3.4444139003799998, "anio": 2025, "mes": "agosto", "dia": 23, "dia_semana": 7, "hora_hecho": "22:00", "barrio": "SAN JUAN BOSCO", "estrato": 3, "geom": "0101000020E6100000000000C0F72153C0000000E0288E0B40", "fecha_hech": "2025-08-23 00:00:00", "Id": 0, "area": 136572.15568900001 }, "geometry": { "type": "Point", "coordinates": [ -76.53074645996, 3.44441390038 ] } },
{ "type": "Feature", "properties": { "dinamica": "HURTO", "titulo": "DELITOS CONTRA EL PATRIMONIO ECONOMICO", "capitulo": "DEL HURTO", "articulo": "HURTO CALIFICADO. ART. 240 C.P.", "grado_deli": "AGRAVADO", "tipo_notic": "ACTOS URGENTES", "caracteriz": "HURTO A PERSONAS", "modalidad": "ATRACO", "modo": "ARMA BLANCA", "motivo": null, "pais": "COLOMBIA", "dane_dep": 76, "departamen": "VALLE DEL CAUCA", "dane_mpio": 76001, "municipio": "CALI", "cod_comuna": 3.0, "comuna": "Comuna 3", "cod_barrio": 309.0, "nom_barrio": "San Pascual", "direccion": "76001 CARRERA 12 13 1", "sitio": "OTRO", "x": -76.52928161621, "y": 3.4456310272200001, "anio": 2025, "mes": "agosto", "dia": 23, "dia_semana": 7, "hora_hecho": "22:20", "barrio": "EL CALVARIO", "estrato": 1, "geom": "0101000020E6100000000000C0DF2153C000000000A7900B40", "fecha_hech": "2025-08-23 00:00:00", "Id": 0, "area": 136572.15568900001 }, "geometry": { "type": "Point", "coordinates": [ -76.52928161621, 3.44563102722 ] } },
{ "type": "Feature", "properties": { "dinamica": "HURTO", "titulo": "DELITOS CONTRA EL PATRIMONIO ECONOMICO", "capitulo": "DEL HURTO", "articulo": "HURTO CALIFICADO. ART. 240 C.P.", "grado_deli": "NINGUNO", "tipo_notic": "DENUNCIA", "caracteriz": "HURTO A PERSONAS", "modalidad": "ATRACO", "modo": "ARMA BLANCA", "motivo": null, "pais": "COLOMBIA", "dane_dep": 76, "departamen": "VALLE DEL CAUCA", "dane_mpio": 76001, "municipio": "CALI", "cod_comuna": 3.0, "comuna": "Comuna 3", "cod_barrio": 309.0, "nom_barrio": "San Pascual", "direccion": "76001 Calle 15 12 44, San Pascual, Cali, Valle del Cauca, COL,SAN PASCUAL", "sitio": "SIN INFORMACION", "x": -76.527015686040002, "y": 3.4454319477099999, "anio": 2025, "mes": "agosto", "dia": 26, "dia_semana": 3, "hora_hecho": "08:50", "barrio": "SAN PASCUAL", "estrato": 1, "geom": "0101000020E6100000000000A0BA2153C0000000A03E900B40", "fecha_hech": "2025-08-26 00:00:00", "Id": 0, "area": 136572.15568900001 }, "geometry": { "type": "Point", "coordinates": [ -76.527015686040002, 3.44543194771 ] } },
{ "type": "Feature", "properties": { "dinamica": "HURTO", "titulo": "DELITOS CONTRA EL PATRIMONIO ECONOMICO", "capitulo": "DEL HURTO", "articulo": "HURTO. ART. 239 C.P.", "grado_deli": "AGRAVADO", "tipo_notic": "DENUNCIA", "caracteriz": "HURTO A ESTABLECIMIENTOS", "modalidad": "FACTOR DE OPORTUNIDAD", "modo": null, "motivo": null, "pais": "COLOMBIA", "dane_dep": 76, "departamen": "VALLE DEL CAUCA", "dane_mpio": 76001, "municipio": "CALI", "cod_comuna": 3.0, "comuna": "Comuna 3", "cod_barrio": 310.0, "nom_barrio": "El Calvario", "direccion": "76001 Carrera 10 12 100, El Calvario, Cali, Valle del Cauca, COL,EL CALVARIO", "sitio": "SIN INFORMACION", "x": -76.529891967769998, "y": 3.44762706757, "anio": 2025, "mes": "agosto", "dia": 27, "dia_semana": 4, "hora_hecho": "09:57", "barrio": "EL CALVARIO", "estrato": 3, "geom": "0101000020E6100000000000C0E92153C000000080BD940B40", "fecha_hech": "2025-08-27 00:00:00", "Id": 0, "area": 136572.15568900001 }, "geometry": { "type": "Point", "coordinates": [ -76.529891967769998, 3.44762706757 ] } },
{ "type": "Feature", "properties": { "dinamica": "HURTO", "titulo": "DELITOS CONTRA EL PATRIMONIO ECONOMICO", "capitulo": "DEL HURTO", "articulo": "HURTO CALIFICADO. ART. 240 C.P.", "grado_deli": "NINGUNO", "tipo_notic": "DENUNCIA", "caracteriz": "HURTO A CELULARES", "modalidad": "COSQUILLEO", "modo": null, "motivo": null, "pais": "COLOMBIA", "dane_dep": 76, "departamen": "VALLE DEL CAUCA", "dane_mpio": 76001, "municipio": "CALI", "cod_comuna": 3.0, "comuna": "Comuna 3", "cod_barrio": 310.0, "nom_barrio": "El Calvario", "direccion": "76001 CALLE 13 CON CARRERA 11, EL CALVARIO, CALI, VALLE DEL CAUCA", "sitio": "VIA PUBLICA", "x": -76.529594421390001, "y": 3.4467821121200002, "anio": 2025, "mes": "agosto", "dia": 29, "dia_semana": 6, "hora_hecho": "17:00", "barrio": "EL CALVARIO", "estrato": 3, "geom": "0101000020E6100000000000E0E42153C00000008002930B40", "fecha_hech": "2025-08-29 00:00:00", "Id": 0, "area": 136572.15568900001 }, "geometry": { "type": "Point", "coordinates": [ -76.529594421390001, 3.44678211212 ] } },
{ "type": "Feature", "properties": { "dinamica": "HURTO", "titulo": "DELITOS CONTRA EL PATRIMONIO ECONOMICO", "capitulo": "DEL HURTO", "articulo": "HURTO CALIFICADO. ART. 240 C.P.", "grado_deli": "AGRAVADO", "tipo_notic": "DENUNCIA", "caracteriz": "HURTO A PERSONAS", "modalidad": "ATRACO", "modo": "ARMA BLANCA", "motivo": null, "pais": "COLOMBIA", "dane_dep": 76, "departamen": "VALLE DEL CAUCA", "dane_mpio": 76001, "municipio": "CALI", "cod_comuna": 3.0, "comuna": "Comuna 3", "cod_barrio": 309.0, "nom_barrio": "San Pascual", "direccion": "76001", "sitio": "SIN INFORMACION", "x": -76.528007507319998, "y": 3.4441530704500001, "anio": 2025, "mes": "agosto", "dia": 29, "dia_semana": 6, "hora_hecho": "19:00", "barrio": null, "estrato": 1, "geom": "0101000020E6100000000000E0CA2153C000000020A08D0B40", "fecha_hech": "2025-08-29 00:00:00", "Id": 0, "area": 136572.15568900001 }, "geometry": { "type": "Point", "coordinates": [ -76.528007507319998, 3.44415307045 ] } },
{ "type": "Feature", "properties": { "dinamica": "HURTO", "titulo": "DELITOS CONTRA EL PATRIMONIO ECONOMICO", "capitulo": "DEL HURTO", "articulo": "HURTO. ART. 239 C.P.", "grado_deli": "AGRAVADO", "tipo_notic": "DENUNCIA", "caracteriz": "HURTO A PERSONAS", "modalidad": "FACTOR DE OPORTUNIDAD", "modo": null, "motivo": null, "pais": "COLOMBIA", "dane_dep": 76, "departamen": "VALLE DEL CAUCA", "dane_mpio": 76001, "municipio": "CALI", "cod_comuna": 3.0, "comuna": "Comuna 3", "cod_barrio": 310.0, "nom_barrio": "El Calvario", "direccion": "76001 KR 12 CON CL 13", "sitio": "ESTABLECIMIENTO DE COMERCIO", "x": -76.528785705570002, "y": 3.4462668895699999, "anio": 2025, "mes": "agosto", "dia": 29, "dia_semana": 6, "hora_hecho": "20:00", "barrio": null, "estrato": 3, "geom": "0101000020E6100000000000A0D72153C000000060F4910B40", "fecha_hech": "2025-08-29 00:00:00", "Id": 0, "area": 136572.15568900001 }, "geometry": { "type": "Point", "coordinates": [ -76.528785705570002, 3.44626688957 ] } },
{ "type": "Feature", "properties": { "dinamica": "HURTO", "titulo": "DELITOS CONTRA EL PATRIMONIO ECONOMICO", "capitulo": "DEL HURTO", "articulo": "HURTO. ART. 239 C.P.", "grado_deli": "AGRAVADO", "tipo_notic": "DENUNCIA", "caracteriz": "HURTO A PERSONAS", "modalidad": "RAPONAZO", "modo": null, "motivo": null, "pais": "COLOMBIA", "dane_dep": 76, "departamen": "VALLE DEL CAUCA", "dane_mpio": 76001, "municipio": "CALI", "cod_comuna": 3.0, "comuna": "Comuna 3", "cod_barrio": 309.0, "nom_barrio": "San Pascual", "direccion": "76001 CL 14 CON CON KR 15", "sitio": "SIN INFORMACION", "x": -76.527420043950002, "y": 3.4430420398699999, "anio": 2025, "mes": "septiembre", "dia": 2, "dia_semana": 3, "hora_hecho": "15:30", "barrio": null, "estrato": 1, "geom": "0101000020E610000000000040C12153C0000000A0598B0B40", "fecha_hech": "2025-09-02 00:00:00", "Id": 0, "area": 136572.15568900001 }, "geometry": { "type": "Point", "coordinates": [ -76.527420043950002, 3.44304203987 ] } },
{ "type": "Feature", "properties": { "dinamica": "HURTO", "titulo": "DELITOS CONTRA EL PATRIMONIO ECONOMICO", "capitulo": "DEL HURTO", "articulo": "HURTO CALIFICADO. ART. 240 C.P.", "grado_deli": "AGRAVADO", "tipo_notic": "DENUNCIA", "caracteriz": "HURTO A PERSONAS", "modalidad": "ATRACO", "modo": "ARMA DE FUEGO", "motivo": null, "pais": "COLOMBIA", "dane_dep": 76, "departamen": "VALLE DEL CAUCA", "dane_mpio": 76001, "municipio": "CALI", "cod_comuna": 3.0, "comuna": "Comuna 3", "cod_barrio": 310.0, "nom_barrio": "El Calvario", "direccion": "76001 Calle 13 10, El Calvario, Cali, Valle del Cauca, COL,EL CALVARIO", "sitio": "SIN INFORMACION", "x": -76.5297164917, "y": 3.4472389221199999, "anio": 2025, "mes": "septiembre", "dia": 12, "dia_semana": 6, "hora_hecho": "12:00", "barrio": "EL CALVARIO", "estrato": 3, "geom": "0101000020E6100000000000E0E62153C000000000F2930B40", "fecha_hech": "2025-09-12 00:00:00", "Id": 0, "area": 136572.15568900001 }, "geometry": { "type": "Point", "coordinates": [ -76.5297164917, 3.44723892212 ] } },
{ "type": "Feature", "properties": { "dinamica": "HURTO", "titulo": "DELITOS CONTRA EL PATRIMONIO ECONOMICO", "capitulo": "DEL HURTO", "articulo": "HURTO. ART. 239 C.P.", "grado_deli": "AGRAVADO", "tipo_notic": "DENUNCIA", "caracteriz": "HURTO A CELULARES", "modalidad": "RAPONAZO", "modo": null, "motivo": "IBA HABLANDO", "pais": "COLOMBIA", "dane_dep": 76, "departamen": "VALLE DEL CAUCA", "dane_mpio": 76001, "municipio": "CALI", "cod_comuna": 3.0, "comuna": "Comuna 3", "cod_barrio": 309.0, "nom_barrio": "San Pascual", "direccion": "76001 Calle 13A 13 20, San Pascual, Cali, Valle del Cauca, COL,SAN PASCUAL", "sitio": "SIN INFORMACION", "x": -76.528160095209998, "y": 3.4443180561100002, "anio": 2025, "mes": "septiembre", "dia": 19, "dia_semana": 6, "hora_hecho": "16:30", "barrio": "SAN PASCUAL", "estrato": 1, "geom": "0101000020E610000000000060CD2153C0000000A0F68D0B40", "fecha_hech": "2025-09-19 00:00:00", "Id": 0, "area": 136572.15568900001 }, "geometry": { "type": "Point", "coordinates": [ -76.528160095209998, 3.44431805611 ] } },
{ "type": "Feature", "properties": { "dinamica": "HURTO", "titulo": "DELITOS CONTRA EL PATRIMONIO ECONOMICO", "capitulo": "DEL HURTO", "articulo": "HURTO CALIFICADO. ART. 240 C.P.", "grado_deli": "AGRAVADO", "tipo_notic": "DENUNCIA", "caracteriz": "HURTO A PERSONAS", "modalidad": "ATRACO", "modo": "ARMA DE FUEGO", "motivo": null, "pais": "COLOMBIA", "dane_dep": 76, "departamen": "VALLE DEL CAUCA", "dane_mpio": 76001, "municipio": "CALI", "cod_comuna": 3.0, "comuna": "Comuna 3", "cod_barrio": 310.0, "nom_barrio": "El Calvario", "direccion": "76001 CALLE 13A 10 50", "sitio": "VIA PUBLICA", "x": -76.529159545900001, "y": 3.4473309516900001, "anio": 2025, "mes": "septiembre", "dia": 20, "dia_semana": 7, "hora_hecho": "09:03", "barrio": "EL CALVARIO", "estrato": 3, "geom": "0101000020E6100000000000C0DD2153C00000004022940B40", "fecha_hech": "2025-09-20 00:00:00", "Id": 0, "area": 136572.15568900001 }, "geometry": { "type": "Point", "coordinates": [ -76.529159545900001, 3.44733095169 ] } },
{ "type": "Feature", "properties": { "dinamica": "HURTO", "titulo": "DELITOS CONTRA EL PATRIMONIO ECONOMICO", "capitulo": "DEL HURTO", "articulo": "HURTO. ART. 239 C.P.", "grado_deli": "AGRAVADO", "tipo_notic": "DENUNCIA", "caracteriz": "HURTO A PERSONAS", "modalidad": "COSQUILLEO", "modo": null, "motivo": null, "pais": "COLOMBIA", "dane_dep": 76, "departamen": "VALLE DEL CAUCA", "dane_mpio": 76001, "municipio": "CALI", "cod_comuna": 3.0, "comuna": "Comuna 3", "cod_barrio": 310.0, "nom_barrio": "El Calvario", "direccion": "76001 KR 10 CL 12-15 CARERA 10 No 12 15", "sitio": "SIN INFORMACION", "x": -76.530334472660002, "y": 3.44751596451, "anio": 2025, "mes": "septiembre", "dia": 25, "dia_semana": 5, "hora_hecho": "13:00", "barrio": null, "estrato": 3, "geom": "0101000020E610000000000000F12153C00000004083940B40", "fecha_hech": "2025-09-25 00:00:00", "Id": 0, "area": 136572.15568900001 }, "geometry": { "type": "Point", "coordinates": [ -76.530334472660002, 3.44751596451 ] } },
{ "type": "Feature", "properties": { "dinamica": "HURTO", "titulo": "DELITOS CONTRA EL PATRIMONIO ECONOMICO", "capitulo": "DEL HURTO", "articulo": "HURTO. ART. 239 C.P.", "grado_deli": "NINGUNO", "tipo_notic": "DENUNCIA", "caracteriz": "HURTO A PERSONAS", "modalidad": "COSQUILLEO", "modo": null, "motivo": null, "pais": "COLOMBIA", "dane_dep": 76, "departamen": "VALLE DEL CAUCA", "dane_mpio": 76001, "municipio": "CALI", "cod_comuna": 3.0, "comuna": "Comuna 3", "cod_barrio": 309.0, "nom_barrio": "San Pascual", "direccion": "76001 San Pascual, Cali, Valle del Cauca, COL,SAN PASCUAL", "sitio": "SIN INFORMACION", "x": -76.528007507319998, "y": 3.4441530704500001, "anio": 2025, "mes": "septiembre", "dia": 30, "dia_semana": 3, "hora_hecho": "13:21", "barrio": "SAN PASCUAL", "estrato": 1, "geom": "0101000020E6100000000000E0CA2153C000000020A08D0B40", "fecha_hech": "2025-09-30 00:00:00", "Id": 0, "area": 136572.15568900001 }, "geometry": { "type": "Point", "coordinates": [ -76.528007507319998, 3.44415307045 ] } },
{ "type": "Feature", "properties": { "dinamica": "HURTO", "titulo": "DELITOS CONTRA EL PATRIMONIO ECONOMICO", "capitulo": "DEL HURTO", "articulo": "HURTO CALIFICADO. ART. 240 C.P.", "grado_deli": "NINGUNO", "tipo_notic": "DENUNCIA", "caracteriz": "HURTO DE MOTOCICLETAS", "modalidad": "FACTOR DE OPORTUNIDAD", "modo": null, "motivo": null, "pais": "COLOMBIA", "dane_dep": 76, "departamen": "VALLE DEL CAUCA", "dane_mpio": 76001, "municipio": "CALI", "cod_comuna": 3.0, "comuna": "Comuna 3", "cod_barrio": 310.0, "nom_barrio": "El Calvario", "direccion": "76001 NO REPORTA CARRERA 10 No 12 10", "sitio": "SIN INFORMACION", "x": -76.530334472660002, "y": 3.4475491046900002, "anio": 2025, "mes": "octubre", "dia": 1, "dia_semana": 4, "hora_hecho": "13:00", "barrio": null, "estrato": 3, "geom": "0101000020E610000000000000F12153C0000000A094940B40", "fecha_hech": "2025-10-01 00:00:00", "Id": 0, "area": 136572.15568900001 }, "geometry": { "type": "Point", "coordinates": [ -76.530334472660002, 3.44754910469 ] } },
{ "type": "Feature", "properties": { "dinamica": "HURTO", "titulo": "DELITOS CONTRA EL PATRIMONIO ECONOMICO", "capitulo": "DEL HURTO", "articulo": "HURTO CALIFICADO. ART. 240 C.P.", "grado_deli": "AGRAVADO", "tipo_notic": "DENUNCIA", "caracteriz": "HURTO A PERSONAS", "modalidad": "ATRACO", "modo": "ARMA BLANCA", "motivo": null, "pais": "COLOMBIA", "dane_dep": 76, "departamen": "VALLE DEL CAUCA", "dane_mpio": 76001, "municipio": "CALI", "cod_comuna": 3.0, "comuna": "Comuna 3", "cod_barrio": 309.0, "nom_barrio": "San Pascual", "direccion": "76001 Calle 13 con Carrera 12, El Calvario, Cali, Valle del Cauca, COL,SAN PASCUAL", "sitio": "SIN INFORMACION", "x": -76.529251098629999, "y": 3.4456059932700001, "anio": 2025, "mes": "octubre", "dia": 2, "dia_semana": 5, "hora_hecho": "18:00", "barrio": "SAN PASCUAL", "estrato": 1, "geom": "0101000020E610000000000040DF2153C0000000E099900B40", "fecha_hech": "2025-10-02 00:00:00", "Id": 0, "area": 136572.15568900001 }, "geometry": { "type": "Point", "coordinates": [ -76.529251098629999, 3.44560599327 ] } },
{ "type": "Feature", "properties": { "dinamica": "HURTO", "titulo": "DELITOS CONTRA EL PATRIMONIO ECONOMICO", "capitulo": "DEL HURTO", "articulo": "HURTO CALIFICADO. ART. 240 C.P.", "grado_deli": "NINGUNO", "tipo_notic": "DENUNCIA", "caracteriz": "HURTO A PERSONAS", "modalidad": "VIOLACION DE CERRADURA", "modo": null, "motivo": null, "pais": "COLOMBIA", "dane_dep": 76, "departamen": "VALLE DEL CAUCA", "dane_mpio": 76001, "municipio": "CALI", "cod_comuna": 3.0, "comuna": "Comuna 3", "cod_barrio": 309.0, "nom_barrio": "San Pascual", "direccion": "76001 CALLE 13 13 13, SAN PASCUAL, CALI, VALLE DEL CAUCA", "sitio": "VEHICULO", "x": -76.528861999509999, "y": 3.4443700313600001, "anio": 2025, "mes": "octubre", "dia": 3, "dia_semana": 6, "hora_hecho": "03:00", "barrio": "SAN PASCUAL", "estrato": 1, "geom": "0101000020E6100000000000E0D82153C0000000E0118E0B40", "fecha_hech": "2025-10-03 00:00:00", "Id": 0, "area": 136572.15568900001 }, "geometry": { "type": "Point", "coordinates": [ -76.528861999509999, 3.44437003136 ] } },
{ "type": "Feature", "properties": { "dinamica": "HURTO", "titulo": "DELITOS CONTRA EL PATRIMONIO ECONOMICO", "capitulo": "DEL HURTO", "articulo": "HURTO CALIFICADO. ART. 240 C.P.", "grado_deli": "NINGUNO", "tipo_notic": "DENUNCIA", "caracteriz": "HURTO A PERSONAS", "modalidad": "ATRACO", "modo": "ARMA BLANCA", "motivo": null, "pais": "COLOMBIA", "dane_dep": 76, "departamen": "VALLE DEL CAUCA", "dane_mpio": 76001, "municipio": "CALI", "cod_comuna": 3.0, "comuna": "Comuna 3", "cod_barrio": 310.0, "nom_barrio": "El Calvario", "direccion": "76001 CALLE 14, EL CALVARIO, CALI, VALLE DEL CAUCA", "sitio": "VIA PUBLICA", "x": -76.528076171880002, "y": 3.44783091545, "anio": 2025, "mes": "octubre", "dia": 11, "dia_semana": 7, "hora_hecho": "05:09", "barrio": "EL CALVARIO", "estrato": 3, "geom": "0101000020E610000000000000CC2153C00000006028950B40", "fecha_hech": "2025-10-11 00:00:00", "Id": 0, "area": 136572.15568900001 }, "geometry": { "type": "Point", "coordinates": [ -76.528076171880002, 3.44783091545 ] } },
{ "type": "Feature", "properties": { "dinamica": "HURTO", "titulo": "DELITOS CONTRA EL PATRIMONIO ECONOMICO", "capitulo": "DEL HURTO", "articulo": "HURTO CALIFICADO. ART. 240 C.P.", "grado_deli": "NINGUNO", "tipo_notic": "ACTOS URGENTES", "caracteriz": "HURTO A PERSONAS", "modalidad": "ATRACO", "modo": "ARMA BLANCA", "motivo": null, "pais": "COLOMBIA", "dane_dep": 76, "departamen": "VALLE DEL CAUCA", "dane_mpio": 76001, "municipio": "CALI", "cod_comuna": 3.0, "comuna": "Comuna 3", "cod_barrio": 310.0, "nom_barrio": "El Calvario", "direccion": "76001 CARRERA 10 12, EL CALVARIO, CALI, VALLE DEL CAUCA", "sitio": "VIA PUBLICA", "x": -76.530738830570002, "y": 3.4474320411699999, "anio": 2025, "mes": "octubre", "dia": 12, "dia_semana": 1, "hora_hecho": "08:44", "barrio": "EL CALVARIO", "estrato": 3, "geom": "0101000020E6100000000000A0F72153C00000004057940B40", "fecha_hech": "2025-10-12 00:00:00", "Id": 0, "area": 136572.15568900001 }, "geometry": { "type": "Point", "coordinates": [ -76.530738830570002, 3.44743204117 ] } },
{ "type": "Feature", "properties": { "dinamica": "HURTO", "titulo": "DELITOS CONTRA EL PATRIMONIO ECONOMICO", "capitulo": "DEL HURTO", "articulo": "HURTO CALIFICADO. ART. 240 C.P.", "grado_deli": "AGRAVADO", "tipo_notic": "DENUNCIA", "caracteriz": "HURTO A PERSONAS", "modalidad": "ATRACO", "modo": "ARMA BLANCA", "motivo": null, "pais": "COLOMBIA", "dane_dep": 76, "departamen": "VALLE DEL CAUCA", "dane_mpio": 76001, "municipio": "CALI", "cod_comuna": 3.0, "comuna": "Comuna 3", "cod_barrio": 309.0, "nom_barrio": "San Pascual", "direccion": "76001 San Pascual, Cali, Valle del Cauca, COL,SAN PASCUAL", "sitio": "SIN INFORMACION", "x": -76.528007507319998, "y": 3.4441530704500001, "anio": 2025, "mes": "octubre", "dia": 13, "dia_semana": 2, "hora_hecho": "16:52", "barrio": "SAN PASCUAL", "estrato": 1, "geom": "0101000020E6100000000000E0CA2153C000000020A08D0B40", "fecha_hech": "2025-10-13 00:00:00", "Id": 0, "area": 136572.15568900001 }, "geometry": { "type": "Point", "coordinates": [ -76.528007507319998, 3.44415307045 ] } },
{ "type": "Feature", "properties": { "dinamica": "HURTO", "titulo": "DELITOS CONTRA EL PATRIMONIO ECONOMICO", "capitulo": "DEL HURTO", "articulo": "HURTO CALIFICADO. ART. 240 C.P.", "grado_deli": "AGRAVADO", "tipo_notic": "DENUNCIA", "caracteriz": "HURTO A ESTABLECIMIENTOS", "modalidad": "FACTOR DE OPORTUNIDAD", "modo": null, "motivo": null, "pais": "COLOMBIA", "dane_dep": 76, "departamen": "VALLE DEL CAUCA", "dane_mpio": 76001, "municipio": "CALI", "cod_comuna": 3.0, "comuna": "Comuna 3", "cod_barrio": 310.0, "nom_barrio": "El Calvario", "direccion": "76001 CARRERA 11 13A 124", "sitio": "VIA PUBLICA", "x": -76.52808380127, "y": 3.4471940994299999, "anio": 2025, "mes": "octubre", "dia": 14, "dia_semana": 3, "hora_hecho": "09:58", "barrio": "EL CALVARIO", "estrato": 3, "geom": "0101000020E610000000000020CC2153C000000080DA930B40", "fecha_hech": "2025-10-14 00:00:00", "Id": 0, "area": 136572.15568900001 }, "geometry": { "type": "Point", "coordinates": [ -76.52808380127, 3.44719409943 ] } },
{ "type": "Feature", "properties": { "dinamica": "HURTO", "titulo": "DELITOS CONTRA EL PATRIMONIO ECONOMICO", "capitulo": "DEL HURTO", "articulo": "HURTO. ART. 239 C.P.", "grado_deli": "NINGUNO", "tipo_notic": "DENUNCIA", "caracteriz": "HURTO A CELULARES", "modalidad": "FACTOR DE OPORTUNIDAD", "modo": null, "motivo": null, "pais": "COLOMBIA", "dane_dep": 76, "departamen": "VALLE DEL CAUCA", "dane_mpio": 76001, "municipio": "CALI", "cod_comuna": 3.0, "comuna": "Comuna 3", "cod_barrio": 309.0, "nom_barrio": "San Pascual", "direccion": "76001 CARRERA 14 12 10, SAN PASCUAL, CALI, VALLE DEL CAUCA", "sitio": "VIA PUBLICA", "x": -76.528945922849999, "y": 3.4434669017799999, "anio": 2025, "mes": "octubre", "dia": 15, "dia_semana": 4, "hora_hecho": "19:30", "barrio": "SAN PASCUAL", "estrato": 1, "geom": "0101000020E610000000000040DA2153C000000060388C0B40", "fecha_hech": "2025-10-15 00:00:00", "Id": 0, "area": 136572.15568900001 }, "geometry": { "type": "Point", "coordinates": [ -76.528945922849999, 3.44346690178 ] } },
{ "type": "Feature", "properties": { "dinamica": "HURTO", "titulo": "DELITOS CONTRA EL PATRIMONIO ECONOMICO", "capitulo": "DEL HURTO", "articulo": "HURTO CALIFICADO. ART. 240 C.P.", "grado_deli": "AGRAVADO", "tipo_notic": "DENUNCIA", "caracteriz": "HURTO A PERSONAS", "modalidad": "ATRACO", "modo": "ARMA BLANCA", "motivo": null, "pais": "COLOMBIA", "dane_dep": 76, "departamen": "VALLE DEL CAUCA", "dane_mpio": 76001, "municipio": "CALI", "cod_comuna": 3.0, "comuna": "Comuna 3", "cod_barrio": 309.0, "nom_barrio": "San Pascual", "direccion": "76001 CL 13 CON CON KR 13 CALLE 13 CARRERA 13", "sitio": "VIA PUBLICA", "x": -76.52890777588, "y": 3.4444570541399999, "anio": 2025, "mes": "octubre", "dia": 19, "dia_semana": 1, "hora_hecho": "03:00", "barrio": null, "estrato": 1, "geom": "0101000020E6100000000000A0D92153C0000000803F8E0B40", "fecha_hech": "2025-10-19 00:00:00", "Id": 0, "area": 136572.15568900001 }, "geometry": { "type": "Point", "coordinates": [ -76.52890777588, 3.44445705414 ] } },
{ "type": "Feature", "properties": { "dinamica": "HURTO", "titulo": "DELITOS CONTRA EL PATRIMONIO ECONOMICO", "capitulo": "DEL HURTO", "articulo": "HURTO. ART. 239 C.P.", "grado_deli": "NINGUNO", "tipo_notic": "QUERELLA", "caracteriz": "HURTO A PERSONAS", "modalidad": "FACTOR DE OPORTUNIDAD", "modo": null, "motivo": null, "pais": "COLOMBIA", "dane_dep": 76, "departamen": "VALLE DEL CAUCA", "dane_mpio": 76001, "municipio": "CALI", "cod_comuna": 3.0, "comuna": "Comuna 3", "cod_barrio": 310.0, "nom_barrio": "El Calvario", "direccion": "76001 Carrera 10 12 100, El Calvario, Cali, Valle del Cauca, COL,EL CALVARIO", "sitio": "SIN INFORMACION", "x": -76.529891967769998, "y": 3.44762706757, "anio": 2025, "mes": "octubre", "dia": 20, "dia_semana": 2, "hora_hecho": "13:08", "barrio": "EL CALVARIO", "estrato": 3, "geom": "0101000020E6100000000000C0E92153C000000080BD940B40", "fecha_hech": "2025-10-20 00:00:00", "Id": 0, "area": 136572.15568900001 }, "geometry": { "type": "Point", "coordinates": [ -76.529891967769998, 3.44762706757 ] } },
{ "type": "Feature", "properties": { "dinamica": "HURTO", "titulo": "DELITOS CONTRA EL PATRIMONIO ECONOMICO", "capitulo": "DEL HURTO", "articulo": "HURTO. ART. 239 C.P.", "grado_deli": "NINGUNO", "tipo_notic": "DENUNCIA", "caracteriz": "HURTO A CELULARES", "modalidad": "FACTOR DE OPORTUNIDAD", "modo": null, "motivo": null, "pais": "COLOMBIA", "dane_dep": 76, "departamen": "VALLE DEL CAUCA", "dane_mpio": 76001, "municipio": "CALI", "cod_comuna": 3.0, "comuna": "Comuna 3", "cod_barrio": 310.0, "nom_barrio": "El Calvario", "direccion": "76001 Carrera 10 12 100, El Calvario, Cali, Valle del Cauca, COL,EL CALVARIO", "sitio": "SIN INFORMACION", "x": -76.529891967769998, "y": 3.44762706757, "anio": 2025, "mes": "octubre", "dia": 27, "dia_semana": 2, "hora_hecho": "09:17", "barrio": "EL CALVARIO", "estrato": 3, "geom": "0101000020E6100000000000C0E92153C000000080BD940B40", "fecha_hech": "2025-10-27 00:00:00", "Id": 0, "area": 136572.15568900001 }, "geometry": { "type": "Point", "coordinates": [ -76.529891967769998, 3.44762706757 ] } },
{ "type": "Feature", "properties": { "dinamica": "HURTO", "titulo": "DELITOS CONTRA EL PATRIMONIO ECONOMICO", "capitulo": "DEL HURTO", "articulo": "HURTO CALIFICADO. ART. 240 C.P.", "grado_deli": "NINGUNO", "tipo_notic": "DENUNCIA", "caracteriz": "HURTO A PERSONAS", "modalidad": "ATRACO", "modo": "ARMA DE FUEGO", "motivo": null, "pais": "COLOMBIA", "dane_dep": 76, "departamen": "VALLE DEL CAUCA", "dane_mpio": 76001, "municipio": "CALI", "cod_comuna": 3.0, "comuna": "Comuna 3", "cod_barrio": 310.0, "nom_barrio": "El Calvario", "direccion": "76001 Carrera 10 12 100, El Calvario, Cali, Valle del Cauca, COL,EL CALVARIO", "sitio": "SIN INFORMACION", "x": -76.529891967769998, "y": 3.44762706757, "anio": 2025, "mes": "octubre", "dia": 28, "dia_semana": 3, "hora_hecho": "19:00", "barrio": "EL CALVARIO", "estrato": 3, "geom": "0101000020E6100000000000C0E92153C000000080BD940B40", "fecha_hech": "2025-10-28 00:00:00", "Id": 0, "area": 136572.15568900001 }, "geometry": { "type": "Point", "coordinates": [ -76.529891967769998, 3.44762706757 ] } },
{ "type": "Feature", "properties": { "dinamica": "HURTO", "titulo": "DELITOS CONTRA EL PATRIMONIO ECONOMICO", "capitulo": "DEL HURTO", "articulo": "HURTO CALIFICADO. ART. 240 C.P.", "grado_deli": "AGRAVADO", "tipo_notic": "DENUNCIA", "caracteriz": "HURTO A PERSONAS", "modalidad": "ATRACO", "modo": "ARMA DE FUEGO", "motivo": null, "pais": "COLOMBIA", "dane_dep": 76, "departamen": "VALLE DEL CAUCA", "dane_mpio": 76001, "municipio": "CALI", "cod_comuna": 3.0, "comuna": "Comuna 3", "cod_barrio": 306.0, "nom_barrio": "San Juan Bosco", "direccion": "76001 CARRERA 13 10 25", "sitio": "VIA PUBLICA", "x": -76.532043457029999, "y": 3.4444110393499998, "anio": 2025, "mes": "octubre", "dia": 31, "dia_semana": 6, "hora_hecho": "11:15", "barrio": "SAN JUAN BOSCO", "estrato": 3, "geom": "0101000020E6100000000000000D2253C000000060278E0B40", "fecha_hech": "2025-10-31 00:00:00", "Id": 0, "area": 136572.15568900001 }, "geometry": { "type": "Point", "coordinates": [ -76.532043457029999, 3.44441103935 ] } },
{ "type": "Feature", "properties": { "dinamica": "HURTO", "titulo": "DELITOS CONTRA EL PATRIMONIO ECONOMICO", "capitulo": "DEL HURTO", "articulo": "HURTO CALIFICADO. ART. 240 C.P.", "grado_deli": "NINGUNO", "tipo_notic": "COMPULSACION DE COPIAS", "caracteriz": "HURTO A PERSONAS", "modalidad": "FACTOR DE OPORTUNIDAD", "modo": null, "motivo": null, "pais": "COLOMBIA", "dane_dep": 76, "departamen": "VALLE DEL CAUCA", "dane_mpio": 76001, "municipio": "CALI", "cod_comuna": 3.0, "comuna": "Comuna 3", "cod_barrio": 310.0, "nom_barrio": "El Calvario", "direccion": "76001 CARRERA 10 12 100, EL CALVARIO, CALI, VALLE DEL CAUCA, COL,EL CALVARIO", "sitio": "OTRO", "x": -76.529891967769998, "y": 3.44762706757, "anio": 2025, "mes": "noviembre", "dia": 1, "dia_semana": 7, "hora_hecho": "10:38", "barrio": "EL CALVARIO", "estrato": 3, "geom": "0101000020E6100000000000C0E92153C000000080BD940B40", "fecha_hech": "2025-11-01 00:00:00", "Id": 0, "area": 136572.15568900001 }, "geometry": { "type": "Point", "coordinates": [ -76.529891967769998, 3.44762706757 ] } },
{ "type": "Feature", "properties": { "dinamica": "HURTO", "titulo": "DELITOS CONTRA EL PATRIMONIO ECONOMICO", "capitulo": "DEL HURTO", "articulo": "HURTO. ART. 239 C.P.", "grado_deli": "AGRAVADO", "tipo_notic": "DENUNCIA", "caracteriz": "HURTO A PERSONAS", "modalidad": "FACTOR DE OPORTUNIDAD", "modo": null, "motivo": null, "pais": "COLOMBIA", "dane_dep": 76, "departamen": "VALLE DEL CAUCA", "dane_mpio": 76001, "municipio": "CALI", "cod_comuna": 3.0, "comuna": "Comuna 3", "cod_barrio": 309.0, "nom_barrio": "San Pascual", "direccion": "76001 CARRERA 14 12 78", "sitio": "VIA PUBLICA", "x": -76.529083251949999, "y": 3.4433689117399999, "anio": 2025, "mes": "noviembre", "dia": 6, "dia_semana": 5, "hora_hecho": "13:35", "barrio": "SAN PASCUAL", "estrato": 1, "geom": "0101000020E610000000000080DC2153C000000000058C0B40", "fecha_hech": "2025-11-06 00:00:00", "Id": 0, "area": 136572.15568900001 }, "geometry": { "type": "Point", "coordinates": [ -76.529083251949999, 3.44336891174 ] } },
{ "type": "Feature", "properties": { "dinamica": "HURTO", "titulo": "DELITOS CONTRA EL PATRIMONIO ECONOMICO", "capitulo": "DEL HURTO", "articulo": "HURTO CALIFICADO. ART. 240 C.P.", "grado_deli": "NINGUNO", "tipo_notic": "DENUNCIA", "caracteriz": "HURTO A PERSONAS", "modalidad": "FACTOR DE OPORTUNIDAD", "modo": null, "motivo": null, "pais": "COLOMBIA", "dane_dep": 76, "departamen": "VALLE DEL CAUCA", "dane_mpio": 76001, "municipio": "CALI", "cod_comuna": 3.0, "comuna": "Comuna 3", "cod_barrio": 306.0, "nom_barrio": "San Juan Bosco", "direccion": "76001 CARRERA 14 11 17", "sitio": "VIA PUBLICA", "x": -76.530555725100001, "y": 3.4435210228000002, "anio": 2025, "mes": "noviembre", "dia": 11, "dia_semana": 3, "hora_hecho": "01:00", "barrio": "SAN JUAN BOSCO", "estrato": 3, "geom": "0101000020E6100000000000A0F42153C0000000C0548C0B40", "fecha_hech": "2025-11-11 00:00:00", "Id": 0, "area": 136572.15568900001 }, "geometry": { "type": "Point", "coordinates": [ -76.530555725100001, 3.4435210228 ] } },
{ "type": "Feature", "properties": { "dinamica": "HURTO", "titulo": "DELITOS CONTRA EL PATRIMONIO ECONOMICO", "capitulo": "DEL HURTO", "articulo": "HURTO CALIFICADO. ART. 240 C.P.", "grado_deli": "NINGUNO", "tipo_notic": "DENUNCIA", "caracteriz": "HURTO A PERSONAS", "modalidad": "ATRACO", "modo": "ARMA DE FUEGO", "motivo": null, "pais": "COLOMBIA", "dane_dep": 76, "departamen": "VALLE DEL CAUCA", "dane_mpio": 76001, "municipio": "CALI", "cod_comuna": 3.0, "comuna": "Comuna 3", "cod_barrio": 310.0, "nom_barrio": "El Calvario", "direccion": "76001 Carrera 10 12 100, El Calvario, Cali, Valle del Cauca, COL,EL CALVARIO", "sitio": "SIN INFORMACION", "x": -76.529891967769998, "y": 3.44762706757, "anio": 2025, "mes": "noviembre", "dia": 11, "dia_semana": 3, "hora_hecho": "06:20", "barrio": "EL CALVARIO", "estrato": 3, "geom": "0101000020E6100000000000C0E92153C000000080BD940B40", "fecha_hech": "2025-11-11 00:00:00", "Id": 0, "area": 136572.15568900001 }, "geometry": { "type": "Point", "coordinates": [ -76.529891967769998, 3.44762706757 ] } },
{ "type": "Feature", "properties": { "dinamica": "HURTO", "titulo": "DELITOS CONTRA EL PATRIMONIO ECONOMICO", "capitulo": "DEL HURTO", "articulo": "HURTO CALIFICADO. ART. 240 C.P.", "grado_deli": "NINGUNO", "tipo_notic": "DENUNCIA", "caracteriz": "HURTO A PERSONAS", "modalidad": "RAPONAZO", "modo": null, "motivo": null, "pais": "COLOMBIA", "dane_dep": 76, "departamen": "VALLE DEL CAUCA", "dane_mpio": 76001, "municipio": "CALI", "cod_comuna": 3.0, "comuna": "Comuna 3", "cod_barrio": 310.0, "nom_barrio": "El Calvario", "direccion": "76001 CALLE 14 10, EL CALVARIO, CALI, VALLE DEL CAUCA", "sitio": "VIA PUBLICA", "x": -76.527961730960001, "y": 3.4475140571599998, "anio": 2025, "mes": "noviembre", "dia": 13, "dia_semana": 5, "hora_hecho": "14:00", "barrio": "EL CALVARIO", "estrato": 3, "geom": "0101000020E610000000000020CA2153C00000004082940B40", "fecha_hech": "2025-11-13 00:00:00", "Id": 0, "area": 136572.15568900001 }, "geometry": { "type": "Point", "coordinates": [ -76.527961730960001, 3.44751405716 ] } },
{ "type": "Feature", "properties": { "dinamica": "HURTO", "titulo": "DELITOS CONTRA EL PATRIMONIO ECONOMICO", "capitulo": "DEL HURTO", "articulo": "HURTO CALIFICADO. ART. 240 C.P.", "grado_deli": "NINGUNO", "tipo_notic": "DENUNCIA", "caracteriz": "HURTO DE MOTOCICLETAS", "modalidad": "HALADO", "modo": null, "motivo": null, "pais": "COLOMBIA", "dane_dep": 76, "departamen": "VALLE DEL CAUCA", "dane_mpio": 76001, "municipio": "CALI", "cod_comuna": 3.0, "comuna": "Comuna 3", "cod_barrio": 309.0, "nom_barrio": "San Pascual", "direccion": "76001 CALLE 13 14 34, SAN PASCUAL, CALI, VALLE DEL CAUCA", "sitio": "DOMICILIO", "x": -76.528984069819998, "y": 3.4430820941900002, "anio": 2025, "mes": "noviembre", "dia": 17, "dia_semana": 2, "hora_hecho": "02:30", "barrio": "SAN PASCUAL", "estrato": 1, "geom": "0101000020E6100000000000E0DA2153C0000000A06E8B0B40", "fecha_hech": "2025-11-17 00:00:00", "Id": 0, "area": 136572.15568900001 }, "geometry": { "type": "Point", "coordinates": [ -76.528984069819998, 3.44308209419 ] } },
{ "type": "Feature", "properties": { "dinamica": "HURTO", "titulo": "DELITOS CONTRA EL PATRIMONIO ECONOMICO", "capitulo": "DEL HURTO", "articulo": "HURTO CALIFICADO. ART. 240 C.P.", "grado_deli": "NINGUNO", "tipo_notic": "DENUNCIA", "caracteriz": "HURTO DE MOTOCICLETAS", "modalidad": "HALADO", "modo": null, "motivo": null, "pais": "COLOMBIA", "dane_dep": 76, "departamen": "VALLE DEL CAUCA", "dane_mpio": 76001, "municipio": "CALI", "cod_comuna": 3.0, "comuna": "Comuna 3", "cod_barrio": 306.0, "nom_barrio": "San Juan Bosco", "direccion": "76001 CARRERA 13 10 66, SAN JUAN BOSCO, CALI, VALLE DEL CAUCA", "sitio": "VIA PUBLICA", "x": -76.53123474121, "y": 3.4443271160100002, "anio": 2025, "mes": "noviembre", "dia": 17, "dia_semana": 2, "hora_hecho": "17:00", "barrio": "SAN JUAN BOSCO", "estrato": 3, "geom": "0101000020E6100000000000C0FF2153C000000060FB8D0B40", "fecha_hech": "2025-11-17 00:00:00", "Id": 0, "area": 136572.15568900001 }, "geometry": { "type": "Point", "coordinates": [ -76.53123474121, 3.44432711601 ] } },
{ "type": "Feature", "properties": { "dinamica": "HURTO", "titulo": "DELITOS CONTRA EL PATRIMONIO ECONOMICO", "capitulo": "DEL HURTO", "articulo": "HURTO. ART. 239 C.P.", "grado_deli": "NINGUNO", "tipo_notic": "QUERELLA", "caracteriz": "HURTO A PERSONAS", "modalidad": "FACTOR DE OPORTUNIDAD", "modo": null, "motivo": null, "pais": "COLOMBIA", "dane_dep": 76, "departamen": "VALLE DEL CAUCA", "dane_mpio": 76001, "municipio": "CALI", "cod_comuna": 3.0, "comuna": "Comuna 3", "cod_barrio": 310.0, "nom_barrio": "El Calvario", "direccion": "76001 Carrera 10 12 100, El Calvario, Cali, Valle del Cauca, COL,EL CALVARIO", "sitio": "SIN INFORMACION", "x": -76.529891967769998, "y": 3.44762706757, "anio": 2025, "mes": "noviembre", "dia": 17, "dia_semana": 2, "hora_hecho": "20:00", "barrio": "EL CALVARIO", "estrato": 3, "geom": "0101000020E6100000000000C0E92153C000000080BD940B40", "fecha_hech": "2025-11-17 00:00:00", "Id": 0, "area": 136572.15568900001 }, "geometry": { "type": "Point", "coordinates": [ -76.529891967769998, 3.44762706757 ] } },
{ "type": "Feature", "properties": { "dinamica": "HURTO", "titulo": "DELITOS CONTRA EL PATRIMONIO ECONOMICO", "capitulo": "DEL HURTO", "articulo": "HURTO CALIFICADO. ART. 240 C.P.", "grado_deli": "NINGUNO", "tipo_notic": "DENUNCIA", "caracteriz": "HURTO A PERSONAS", "modalidad": "ATRACO", "modo": "ARMA DE FUEGO", "motivo": null, "pais": "COLOMBIA", "dane_dep": 76, "departamen": "VALLE DEL CAUCA", "dane_mpio": 76001, "municipio": "CALI", "cod_comuna": 3.0, "comuna": "Comuna 3", "cod_barrio": 309.0, "nom_barrio": "San Pascual", "direccion": "76001 KR 12 CON CL 13  CARRERA 12 CALLE 13", "sitio": "SIN INFORMACION", "x": -76.529190063480002, "y": 3.4455709457400001, "anio": 2025, "mes": "noviembre", "dia": 18, "dia_semana": 3, "hora_hecho": "03:30", "barrio": null, "estrato": 1, "geom": "0101000020E610000000000040DE2153C00000008087900B40", "fecha_hech": "2025-11-18 00:00:00", "Id": 0, "area": 136572.15568900001 }, "geometry": { "type": "Point", "coordinates": [ -76.529190063480002, 3.44557094574 ] } },
{ "type": "Feature", "properties": { "dinamica": "HURTO", "titulo": "DELITOS CONTRA EL PATRIMONIO ECONOMICO", "capitulo": "DEL HURTO", "articulo": "HURTO CALIFICADO. ART. 240 C.P.", "grado_deli": "NINGUNO", "tipo_notic": "DENUNCIA", "caracteriz": "HURTO A PERSONAS", "modalidad": "ATRACO", "modo": "ARMA BLANCA", "motivo": null, "pais": "COLOMBIA", "dane_dep": 76, "departamen": "VALLE DEL CAUCA", "dane_mpio": 76001, "municipio": "CALI", "cod_comuna": 3.0, "comuna": "Comuna 3", "cod_barrio": 310.0, "nom_barrio": "El Calvario", "direccion": "76001 Carrera 10 12 100, El Calvario, Cali, Valle del Cauca, COL,EL CALVARIO", "sitio": "SIN INFORMACION", "x": -76.529891967769998, "y": 3.44762706757, "anio": 2025, "mes": "noviembre", "dia": 19, "dia_semana": 4, "hora_hecho": "10:52", "barrio": "EL CALVARIO", "estrato": 3, "geom": "0101000020E6100000000000C0E92153C000000080BD940B40", "fecha_hech": "2025-11-19 00:00:00", "Id": 0, "area": 136572.15568900001 }, "geometry": { "type": "Point", "coordinates": [ -76.529891967769998, 3.44762706757 ] } },
{ "type": "Feature", "properties": { "dinamica": "HURTO", "titulo": "DELITOS CONTRA EL PATRIMONIO ECONOMICO", "capitulo": "DEL HURTO", "articulo": "HURTO CALIFICADO. ART. 240 C.P.", "grado_deli": "NINGUNO", "tipo_notic": "DENUNCIA", "caracteriz": "HURTO A PERSONAS", "modalidad": "ATRACO", "modo": "ARMA DE FUEGO", "motivo": null, "pais": "COLOMBIA", "dane_dep": 76, "departamen": "VALLE DEL CAUCA", "dane_mpio": 76001, "municipio": "CALI", "cod_comuna": 3.0, "comuna": "Comuna 3", "cod_barrio": 309.0, "nom_barrio": "San Pascual", "direccion": "76001 CALLE 15 CON CARRERA 15, SAN PASCUAL, CALI, VALLE DEL CAUCA", "sitio": "VIA PUBLICA", "x": -76.52626800537, "y": 3.4427099227900002, "anio": 2025, "mes": "noviembre", "dia": 20, "dia_semana": 5, "hora_hecho": "23:30", "barrio": "SAN PASCUAL", "estrato": 1, "geom": "0101000020E610000000000060AE2153C000000080AB8A0B40", "fecha_hech": "2025-11-20 00:00:00", "Id": 0, "area": 136572.15568900001 }, "geometry": { "type": "Point", "coordinates": [ -76.52626800537, 3.44270992279 ] } },
{ "type": "Feature", "properties": { "dinamica": "HURTO", "titulo": "DELITOS CONTRA EL PATRIMONIO ECONOMICO", "capitulo": "DEL HURTO", "articulo": "HURTO CALIFICADO. ART. 240 C.P.", "grado_deli": "NINGUNO", "tipo_notic": "DENUNCIA", "caracteriz": "HURTO A PERSONAS", "modalidad": "ATRACO", "modo": "SIN ARMA", "motivo": null, "pais": "COLOMBIA", "dane_dep": 76, "departamen": "VALLE DEL CAUCA", "dane_mpio": 76001, "municipio": "CALI", "cod_comuna": 3.0, "comuna": "Comuna 3", "cod_barrio": 309.0, "nom_barrio": "San Pascual", "direccion": "76001 CALLE 15 13A 35, SAN PASCUAL, CALI, VALLE DEL CAUCA", "sitio": "VIA PUBLICA", "x": -76.52628326416, "y": 3.4436519146000002, "anio": 2025, "mes": "noviembre", "dia": 22, "dia_semana": 7, "hora_hecho": "06:30", "barrio": "SAN PASCUAL", "estrato": 1, "geom": "0101000020E6100000000000A0AE2153C000000060998C0B40", "fecha_hech": "2025-11-22 00:00:00", "Id": 0, "area": 136572.15568900001 }, "geometry": { "type": "Point", "coordinates": [ -76.52628326416, 3.4436519146 ] } },
{ "type": "Feature", "properties": { "dinamica": "HURTO", "titulo": "DELITOS CONTRA EL PATRIMONIO ECONOMICO", "capitulo": "DEL HURTO", "articulo": "HURTO CALIFICADO. ART. 240 C.P.", "grado_deli": "NINGUNO", "tipo_notic": "DENUNCIA", "caracteriz": "HURTO A PERSONAS", "modalidad": "ATRACO", "modo": "ARMA CONTUNDENTE", "motivo": null, "pais": "COLOMBIA", "dane_dep": 76, "departamen": "VALLE DEL CAUCA", "dane_mpio": 76001, "municipio": "CALI", "cod_comuna": 3.0, "comuna": "Comuna 3", "cod_barrio": 309.0, "nom_barrio": "San Pascual", "direccion": "76001 CL 15 CON CON KR 13", "sitio": "SIN INFORMACION", "x": -76.526817321780001, "y": 3.44475507736, "anio": 2025, "mes": "diciembre", "dia": 1, "dia_semana": 2, "hora_hecho": "07:30", "barrio": null, "estrato": 1, "geom": "0101000020E610000000000060B72153C0000000C0DB8E0B40", "fecha_hech": "2025-12-01 00:00:00", "Id": 0, "area": 136572.15568900001 }, "geometry": { "type": "Point", "coordinates": [ -76.526817321780001, 3.44475507736 ] } },
{ "type": "Feature", "properties": { "dinamica": "HURTO", "titulo": "DELITOS CONTRA EL PATRIMONIO ECONOMICO", "capitulo": "DEL HURTO", "articulo": "HURTO. ART. 239 C.P.", "grado_deli": "NINGUNO", "tipo_notic": "QUERELLA", "caracteriz": "HURTO A PERSONAS", "modalidad": "FACTOR DE OPORTUNIDAD", "modo": null, "motivo": null, "pais": "COLOMBIA", "dane_dep": 76, "departamen": "VALLE DEL CAUCA", "dane_mpio": 76001, "municipio": "CALI", "cod_comuna": 3.0, "comuna": "Comuna 3", "cod_barrio": 310.0, "nom_barrio": "El Calvario", "direccion": "76001 Carrera 10 12 100, El Calvario, Cali, Valle del Cauca, COL,EL CALVARIO", "sitio": "SIN INFORMACION", "x": -76.529891967769998, "y": 3.44762706757, "anio": 2025, "mes": "diciembre", "dia": 1, "dia_semana": 2, "hora_hecho": "09:22", "barrio": "EL CALVARIO", "estrato": 3, "geom": "0101000020E6100000000000C0E92153C000000080BD940B40", "fecha_hech": "2025-12-01 00:00:00", "Id": 0, "area": 136572.15568900001 }, "geometry": { "type": "Point", "coordinates": [ -76.529891967769998, 3.44762706757 ] } },
{ "type": "Feature", "properties": { "dinamica": "HURTO", "titulo": "DELITOS CONTRA EL PATRIMONIO ECONOMICO", "capitulo": "DEL HURTO", "articulo": "HURTO. ART. 239 C.P.", "grado_deli": "AGRAVADO", "tipo_notic": "DENUNCIA", "caracteriz": "HURTO A PERSONAS", "modalidad": "COSQUILLEO", "modo": null, "motivo": null, "pais": "COLOMBIA", "dane_dep": 76, "departamen": "VALLE DEL CAUCA", "dane_mpio": 76001, "municipio": "CALI", "cod_comuna": 3.0, "comuna": "Comuna 3", "cod_barrio": 306.0, "nom_barrio": "San Juan Bosco", "direccion": "76001 Calle 12 con Carrera 12, El Calvario, Cali, Valle del Cauca, COL,EL CALVARIO", "sitio": "SIN INFORMACION", "x": -76.530250549320002, "y": 3.4455239772800001, "anio": 2025, "mes": "diciembre", "dia": 1, "dia_semana": 2, "hora_hecho": "20:30", "barrio": "EL CALVARIO", "estrato": 3, "geom": "0101000020E6100000000000A0EF2153C0000000E06E900B40", "fecha_hech": "2025-12-01 00:00:00", "Id": 0, "area": 136572.15568900001 }, "geometry": { "type": "Point", "coordinates": [ -76.530250549320002, 3.44552397728 ] } },
{ "type": "Feature", "properties": { "dinamica": "HURTO", "titulo": "DELITOS CONTRA EL PATRIMONIO ECONOMICO", "capitulo": "DEL HURTO", "articulo": "HURTO CALIFICADO. ART. 240 C.P.", "grado_deli": "NINGUNO", "tipo_notic": "DENUNCIA", "caracteriz": "HURTO A ESTABLECIMIENTOS", "modalidad": "FACTOR DE OPORTUNIDAD", "modo": null, "motivo": null, "pais": "COLOMBIA", "dane_dep": 76, "departamen": "VALLE DEL CAUCA", "dane_mpio": 76001, "municipio": "CALI", "cod_comuna": 3.0, "comuna": "Comuna 3", "cod_barrio": 310.0, "nom_barrio": "El Calvario", "direccion": "76001 Carrera 10 12 100, El Calvario, Cali, Valle del Cauca, COL,EL CALVARIO", "sitio": "SIN INFORMACION", "x": -76.529891967769998, "y": 3.44762706757, "anio": 2025, "mes": "diciembre", "dia": 4, "dia_semana": 5, "hora_hecho": "14:00", "barrio": "EL CALVARIO", "estrato": 3, "geom": "0101000020E6100000000000C0E92153C000000080BD940B40", "fecha_hech": "2025-12-04 00:00:00", "Id": 0, "area": 136572.15568900001 }, "geometry": { "type": "Point", "coordinates": [ -76.529891967769998, 3.44762706757 ] } },
{ "type": "Feature", "properties": { "dinamica": "HURTO", "titulo": "DELITOS CONTRA EL PATRIMONIO ECONOMICO", "capitulo": "DEL HURTO", "articulo": "HURTO CALIFICADO. ART. 240 C.P.", "grado_deli": "NINGUNO", "tipo_notic": "ACTOS URGENTES", "caracteriz": "HURTO A PERSONAS", "modalidad": "ATRACO", "modo": "ARMA BLANCA", "motivo": null, "pais": "COLOMBIA", "dane_dep": 76, "departamen": "VALLE DEL CAUCA", "dane_mpio": 76001, "municipio": "CALI", "cod_comuna": 3.0, "comuna": "Comuna 3", "cod_barrio": 306.0, "nom_barrio": "San Juan Bosco", "direccion": "76001 CARRERA 12, EL CALVARIO, CALI, VALLE DEL CAUCA", "sitio": "VIA PUBLICA", "x": -76.530517578119998, "y": 3.4454929828599998, "anio": 2025, "mes": "diciembre", "dia": 5, "dia_semana": 6, "hora_hecho": "14:50", "barrio": "EL CALVARIO", "estrato": 3, "geom": "0101000020E610000000000000F42153C0000000A05E900B40", "fecha_hech": "2025-12-05 00:00:00", "Id": 0, "area": 136572.15568900001 }, "geometry": { "type": "Point", "coordinates": [ -76.530517578119998, 3.44549298286 ] } },
{ "type": "Feature", "properties": { "dinamica": "HURTO", "titulo": "DELITOS CONTRA EL PATRIMONIO ECONOMICO", "capitulo": "DEL HURTO", "articulo": "HURTO CALIFICADO. ART. 240 C.P.", "grado_deli": "NINGUNO", "tipo_notic": "DENUNCIA", "caracteriz": "HURTO A PERSONAS", "modalidad": "COSQUILLEO", "modo": null, "motivo": null, "pais": "COLOMBIA", "dane_dep": 76, "departamen": "VALLE DEL CAUCA", "dane_mpio": 76001, "municipio": "CALI", "cod_comuna": 3.0, "comuna": "Comuna 3", "cod_barrio": 310.0, "nom_barrio": "El Calvario", "direccion": "76001 Carrera 10 12 100, El Calvario, Cali, Valle del Cauca, COL,EL CALVARIO", "sitio": "SIN INFORMACION", "x": -76.529891967769998, "y": 3.44762706757, "anio": 2025, "mes": "diciembre", "dia": 11, "dia_semana": 5, "hora_hecho": "13:00", "barrio": "EL CALVARIO", "estrato": 3, "geom": "0101000020E6100000000000C0E92153C000000080BD940B40", "fecha_hech": "2025-12-11 00:00:00", "Id": 0, "area": 136572.15568900001 }, "geometry": { "type": "Point", "coordinates": [ -76.529891967769998, 3.44762706757 ] } },
{ "type": "Feature", "properties": { "dinamica": "HURTO", "titulo": "DELITOS CONTRA EL PATRIMONIO ECONOMICO", "capitulo": "DEL HURTO", "articulo": "HURTO. ART. 239 C.P.", "grado_deli": "AGRAVADO", "tipo_notic": "ACTOS URGENTES", "caracteriz": "HURTO A CELULARES", "modalidad": "ATRACO", "modo": "ARMA BLANCA", "motivo": "SIN DETERMINAR", "pais": "COLOMBIA", "dane_dep": 76, "departamen": "VALLE DEL CAUCA", "dane_mpio": 76001, "municipio": "CALI", "cod_comuna": 3.0, "comuna": "Comuna 3", "cod_barrio": 306.0, "nom_barrio": "San Juan Bosco", "direccion": "76001 CARRERA 12 CON CALLE 12, EL CALVARIO, CALI, VALLE DEL CAUCA", "sitio": "VIA PUBLICA", "x": -76.530250549320002, "y": 3.4455239772800001, "anio": 2025, "mes": "diciembre", "dia": 12, "dia_semana": 6, "hora_hecho": "07:25", "barrio": "EL CALVARIO", "estrato": 3, "geom": "0101000020E6100000000000A0EF2153C0000000E06E900B40", "fecha_hech": "2025-12-12 00:00:00", "Id": 0, "area": 136572.15568900001 }, "geometry": { "type": "Point", "coordinates": [ -76.530250549320002, 3.44552397728 ] } },
{ "type": "Feature", "properties": { "dinamica": "HURTO", "titulo": "DELITOS CONTRA EL PATRIMONIO ECONOMICO", "capitulo": "DEL HURTO", "articulo": "HURTO. ART. 239 C.P.", "grado_deli": "NINGUNO", "tipo_notic": "DENUNCIA", "caracteriz": "HURTO A CELULARES", "modalidad": "ATRACO", "modo": "ARMA DE FUEGO", "motivo": null, "pais": "COLOMBIA", "dane_dep": 76, "departamen": "VALLE DEL CAUCA", "dane_mpio": 76001, "municipio": "CALI", "cod_comuna": 3.0, "comuna": "Comuna 3", "cod_barrio": 310.0, "nom_barrio": "El Calvario", "direccion": "76001 CL 15 CON KR 10-75", "sitio": "SIN INFORMACION", "x": -76.527839660639998, "y": 3.4477500915500001, "anio": 2025, "mes": "diciembre", "dia": 13, "dia_semana": 7, "hora_hecho": "04:00", "barrio": null, "estrato": 3, "geom": "0101000020E610000000000020C82153C000000000FE940B40", "fecha_hech": "2025-12-13 00:00:00", "Id": 0, "area": 136572.15568900001 }, "geometry": { "type": "Point", "coordinates": [ -76.527839660639998, 3.44775009155 ] } },
{ "type": "Feature", "properties": { "dinamica": "HURTO", "titulo": "DELITOS CONTRA EL PATRIMONIO ECONOMICO", "capitulo": "DEL HURTO", "articulo": "HURTO CALIFICADO. ART. 240 C.P.", "grado_deli": "NINGUNO", "tipo_notic": "DENUNCIA", "caracteriz": "HURTO A PERSONAS", "modalidad": "FACTOR DE OPORTUNIDAD", "modo": null, "motivo": null, "pais": "COLOMBIA", "dane_dep": 76, "departamen": "VALLE DEL CAUCA", "dane_mpio": 76001, "municipio": "CALI", "cod_comuna": 3.0, "comuna": "Comuna 3", "cod_barrio": 309.0, "nom_barrio": "San Pascual", "direccion": "76001 NO REPORTA CARRERA 15 12 87", "sitio": "ESTABLECIMIENTO DE COMERCIO", "x": -76.5297164917, "y": 3.44298100471, "anio": 2025, "mes": "diciembre", "dia": 15, "dia_semana": 2, "hora_hecho": "11:00", "barrio": null, "estrato": 1, "geom": "0101000020E6100000000000E0E62153C0000000A0398B0B40", "fecha_hech": "2025-12-15 00:00:00", "Id": 0, "area": 136572.15568900001 }, "geometry": { "type": "Point", "coordinates": [ -76.5297164917, 3.44298100471 ] } },
{ "type": "Feature", "properties": { "dinamica": "HURTO", "titulo": "DELITOS CONTRA EL PATRIMONIO ECONOMICO", "capitulo": "DEL HURTO", "articulo": "HURTO CALIFICADO. ART. 240 C.P.", "grado_deli": "NINGUNO", "tipo_notic": "DENUNCIA", "caracteriz": "HURTO A PERSONAS", "modalidad": "FACTOR DE OPORTUNIDAD", "modo": null, "motivo": null, "pais": "COLOMBIA", "dane_dep": 76, "departamen": "VALLE DEL CAUCA", "dane_mpio": 76001, "municipio": "CALI", "cod_comuna": 3.0, "comuna": "Comuna 3", "cod_barrio": 310.0, "nom_barrio": "El Calvario", "direccion": "76001 NO REPORTA Calle 12 cARRERA 10", "sitio": "SIN INFORMACION", "x": -76.530647277829999, "y": 3.44741797447, "anio": 2025, "mes": "diciembre", "dia": 16, "dia_semana": 3, "hora_hecho": "07:00", "barrio": null, "estrato": 3, "geom": "0101000020E610000000000020F62153C0000000E04F940B40", "fecha_hech": "2025-12-16 00:00:00", "Id": 0, "area": 136572.15568900001 }, "geometry": { "type": "Point", "coordinates": [ -76.530647277829999, 3.44741797447 ] } },
{ "type": "Feature", "properties": { "dinamica": "HURTO", "titulo": "DELITOS CONTRA EL PATRIMONIO ECONOMICO", "capitulo": "DEL HURTO", "articulo": "HURTO CALIFICADO. ART. 240 C.P.", "grado_deli": "NINGUNO", "tipo_notic": "DENUNCIA", "caracteriz": "HURTO A PERSONAS", "modalidad": "FACTOR DE OPORTUNIDAD", "modo": null, "motivo": null, "pais": "COLOMBIA", "dane_dep": 76, "departamen": "VALLE DEL CAUCA", "dane_mpio": 76001, "municipio": "CALI", "cod_comuna": 3.0, "comuna": "Comuna 3", "cod_barrio": 309.0, "nom_barrio": "San Pascual", "direccion": "76001 CARRERA 12 13 73, EL CALVARIO, CALI, VALLE DEL CAUCA", "sitio": "VIA PUBLICA", "x": -76.528984069819998, "y": 3.44558501244, "anio": 2025, "mes": "diciembre", "dia": 16, "dia_semana": 3, "hora_hecho": "09:29", "barrio": "SAN PASCUAL", "estrato": 1, "geom": "0101000020E6100000000000E0DA2153C0000000E08E900B40", "fecha_hech": "2025-12-16 00:00:00", "Id": 0, "area": 136572.15568900001 }, "geometry": { "type": "Point", "coordinates": [ -76.528984069819998, 3.44558501244 ] } },
{ "type": "Feature", "properties": { "dinamica": "HURTO", "titulo": "DELITOS CONTRA EL PATRIMONIO ECONOMICO", "capitulo": "DEL HURTO", "articulo": "HURTO CALIFICADO. ART. 240 C.P.", "grado_deli": "NINGUNO", "tipo_notic": "DENUNCIA", "caracteriz": "HURTO DE VEHICULOS", "modalidad": "HALADO", "modo": null, "motivo": null, "pais": "COLOMBIA", "dane_dep": 76, "departamen": "VALLE DEL CAUCA", "dane_mpio": 76001, "municipio": "CALI", "cod_comuna": 3.0, "comuna": "Comuna 3", "cod_barrio": 310.0, "nom_barrio": "El Calvario", "direccion": "76001 Calle 13 10, El Calvario, Cali, Valle del Cauca, COL,EL CALVARIO", "sitio": "SIN INFORMACION", "x": -76.5297164917, "y": 3.4472389221199999, "anio": 2025, "mes": "diciembre", "dia": 18, "dia_semana": 5, "hora_hecho": "09:22", "barrio": "EL CALVARIO", "estrato": 3, "geom": "0101000020E6100000000000E0E62153C000000000F2930B40", "fecha_hech": "2025-12-18 00:00:00", "Id": 0, "area": 136572.15568900001 }, "geometry": { "type": "Point", "coordinates": [ -76.5297164917, 3.44723892212 ] } },
{ "type": "Feature", "properties": { "dinamica": "HURTO", "titulo": "DELITOS CONTRA EL PATRIMONIO ECONOMICO", "capitulo": "DEL HURTO", "articulo": "HURTO. ART. 239 C.P.", "grado_deli": "NINGUNO", "tipo_notic": "DENUNCIA", "caracteriz": "HURTO A CELULARES", "modalidad": "COSQUILLEO", "modo": null, "motivo": null, "pais": "COLOMBIA", "dane_dep": 76, "departamen": "VALLE DEL CAUCA", "dane_mpio": 76001, "municipio": "CALI", "cod_comuna": 3.0, "comuna": "Comuna 3", "cod_barrio": 309.0, "nom_barrio": "San Pascual", "direccion": "76001 CARRERA 14 13 18, SAN PASCUAL, CALI, VALLE DEL CAUCA", "sitio": "TRANSPORTE MASIVO", "x": -76.528480529790002, "y": 3.4432590007799999, "anio": 2025, "mes": "diciembre", "dia": 19, "dia_semana": 6, "hora_hecho": "06:00", "barrio": "SAN PASCUAL", "estrato": 1, "geom": "0101000020E6100000000000A0D22153C000000060CB8B0B40", "fecha_hech": "2025-12-19 00:00:00", "Id": 0, "area": 136572.15568900001 }, "geometry": { "type": "Point", "coordinates": [ -76.528480529790002, 3.44325900078 ] } },
{ "type": "Feature", "properties": { "dinamica": "HURTO", "titulo": "DELITOS CONTRA EL PATRIMONIO ECONOMICO", "capitulo": "DEL HURTO", "articulo": "HURTO. ART. 239 C.P.", "grado_deli": "NINGUNO", "tipo_notic": "DENUNCIA", "caracteriz": "HURTO A PERSONAS", "modalidad": "COSQUILLEO", "modo": null, "motivo": null, "pais": "COLOMBIA", "dane_dep": 76, "departamen": "VALLE DEL CAUCA", "dane_mpio": 76001, "municipio": "CALI", "cod_comuna": 3.0, "comuna": "Comuna 3", "cod_barrio": 309.0, "nom_barrio": "San Pascual", "direccion": "76001 Carrera 15 14 2-24, San Pascual, Cali, Valle del Cauca, COL,SAN PASCUAL", "sitio": "SIN INFORMACION", "x": -76.526100158689999, "y": 3.4427111148799998, "anio": 2025, "mes": "diciembre", "dia": 19, "dia_semana": 6, "hora_hecho": "08:00", "barrio": "SAN PASCUAL", "estrato": 1, "geom": "0101000020E6100000000000A0AB2153C000000020AC8A0B40", "fecha_hech": "2025-12-19 00:00:00", "Id": 0, "area": 136572.15568900001 }, "geometry": { "type": "Point", "coordinates": [ -76.526100158689999, 3.44271111488 ] } },
{ "type": "Feature", "properties": { "dinamica": "HURTO", "titulo": "DELITOS CONTRA EL PATRIMONIO ECONOMICO", "capitulo": "DEL HURTO", "articulo": "HURTO CALIFICADO. ART. 240 C.P.", "grado_deli": "NINGUNO", "tipo_notic": "DENUNCIA", "caracteriz": "HURTO A PERSONAS", "modalidad": "ATRACO", "modo": "ARMA BLANCA", "motivo": null, "pais": "COLOMBIA", "dane_dep": 76, "departamen": "VALLE DEL CAUCA", "dane_mpio": 76001, "municipio": "CALI", "cod_comuna": 3.0, "comuna": "Comuna 3", "cod_barrio": 307.0, "nom_barrio": "Santa Rosa", "direccion": "76001 CARRERA 10 10 60, SANTA ROSA, CALI, VALLE DEL CAUCA", "sitio": "VIA PUBLICA", "x": -76.531929016109999, "y": 3.4468960761999998, "anio": 2025, "mes": "diciembre", "dia": 24, "dia_semana": 4, "hora_hecho": "02:00", "barrio": "SANTA ROSA", "estrato": 3, "geom": "0101000020E6100000000000200B2253C0000000403E930B40", "fecha_hech": "2025-12-24 00:00:00", "Id": 0, "area": 136572.15568900001 }, "geometry": { "type": "Point", "coordinates": [ -76.531929016109999, 3.4468960762 ] } },
{ "type": "Feature", "properties": { "dinamica": "HURTO", "titulo": "DELITOS CONTRA EL PATRIMONIO ECONOMICO", "capitulo": "DEL HURTO", "articulo": "HURTO CALIFICADO. ART. 240 C.P.", "grado_deli": "NINGUNO", "tipo_notic": "DENUNCIA", "caracteriz": "HURTO A CELULARES", "modalidad": "ATRACO", "modo": "ARMA DE FUEGO", "motivo": "SIN DETERMINAR", "pais": "COLOMBIA", "dane_dep": 76, "departamen": "VALLE DEL CAUCA", "dane_mpio": 76001, "municipio": "CALI", "cod_comuna": 3.0, "comuna": "Comuna 3", "cod_barrio": 309.0, "nom_barrio": "San Pascual", "direccion": "76001 CARRERA 15 14, SAN PASCUAL, CALI, VALLE DEL CAUCA", "sitio": "VIA PUBLICA", "x": -76.526725769039999, "y": 3.4427390098599999, "anio": 2025, "mes": "diciembre", "dia": 27, "dia_semana": 7, "hora_hecho": "18:30", "barrio": "GUAYAQUIL", "estrato": 1, "geom": "0101000020E6100000000000E0B52153C0000000C0BA8A0B40", "fecha_hech": "2025-12-27 00:00:00", "Id": 0, "area": 136572.15568900001 }, "geometry": { "type": "Point", "coordinates": [ -76.526725769039999, 3.44273900986 ] } },
{ "type": "Feature", "properties": { "dinamica": "HURTO", "titulo": "DELITOS CONTRA EL PATRIMONIO ECONOMICO", "capitulo": "DEL HURTO", "articulo": "HURTO CALIFICADO. ART. 240 C.P.", "grado_deli": "NINGUNO", "tipo_notic": "DENUNCIA", "caracteriz": "HURTO DE AUTOPARTES", "modalidad": "FACTOR DE OPORTUNIDAD", "modo": null, "motivo": null, "pais": "COLOMBIA", "dane_dep": 76, "departamen": "VALLE DEL CAUCA", "dane_mpio": 76001, "municipio": "CALI", "cod_comuna": 3.0, "comuna": "Comuna 3", "cod_barrio": 310.0, "nom_barrio": "El Calvario", "direccion": "76001", "sitio": "SIN INFORMACION", "x": -76.528856, "y": 3.445967, "anio": 2026, "mes": "enero", "dia": 3, "dia_semana": 7, "hora_hecho": "08:26", "barrio": null, "estrato": 3, "geom": "0101000020E6100000C712D6C6D82153C009C3802557910B40", "fecha_hech": "2026-01-03 00:00:00", "Id": 0, "area": 136572.15568900001 }, "geometry": { "type": "Point", "coordinates": [ -76.528856, 3.445967 ] } },
{ "type": "Feature", "properties": { "dinamica": "HURTO", "titulo": "DELITOS CONTRA EL PATRIMONIO ECONOMICO", "capitulo": "DEL HURTO", "articulo": "HURTO. ART. 239 C.P.", "grado_deli": "AGRAVADO", "tipo_notic": "DENUNCIA", "caracteriz": "HURTO A PERSONAS", "modalidad": "RAPONAZO", "modo": null, "motivo": null, "pais": "COLOMBIA", "dane_dep": 76, "departamen": "VALLE DEL CAUCA", "dane_mpio": 76001, "municipio": "CALI", "cod_comuna": 3.0, "comuna": "Comuna 3", "cod_barrio": 309.0, "nom_barrio": "San Pascual", "direccion": "76001 KR 15 CON CL 15 CARRERA 15 CALLE 15", "sitio": "SIN INFORMACION", "x": -76.526215, "y": 3.442899, "anio": 2026, "mes": "enero", "dia": 5, "dia_semana": 2, "hora_hecho": "17:00", "barrio": null, "estrato": 1, "geom": "0101000020E610000089EAAD81AD2153C0E77283A10E8B0B40", "fecha_hech": "2026-01-05 00:00:00", "Id": 0, "area": 136572.15568900001 }, "geometry": { "type": "Point", "coordinates": [ -76.526215, 3.442899 ] } },
{ "type": "Feature", "properties": { "dinamica": "HURTO", "titulo": "DELITOS CONTRA EL PATRIMONIO ECONOMICO", "capitulo": "DEL HURTO", "articulo": "HURTO CALIFICADO. ART. 240 C.P.", "grado_deli": "NINGUNO", "tipo_notic": "DENUNCIA", "caracteriz": "HURTO A PERSONAS", "modalidad": "ATRACO", "modo": "ARMA BLANCA", "motivo": null, "pais": "COLOMBIA", "dane_dep": 76, "departamen": "VALLE DEL CAUCA", "dane_mpio": 76001, "municipio": "CALI", "cod_comuna": 3.0, "comuna": "Comuna 3", "cod_barrio": 306.0, "nom_barrio": "San Juan Bosco", "direccion": "76001 CALLE 10 CON CARRERA 15, SAN JUAN BOSCO, CALI, VALLE DEL CAUCA", "sitio": "VIA PUBLICA", "x": -76.531975, "y": 3.442495, "anio": 2026, "mes": "enero", "dia": 15, "dia_semana": 5, "hora_hecho": "15:00", "barrio": "SAN JUAN BOSCO", "estrato": 3, "geom": "0101000020E610000089D2DEE00B2253C0EE258DD13A8A0B40", "fecha_hech": "2026-01-15 00:00:00", "Id": 0, "area": 136572.15568900001 }, "geometry": { "type": "Point", "coordinates": [ -76.531975, 3.442495 ] } },
{ "type": "Feature", "properties": { "dinamica": "HURTO", "titulo": "DELITOS CONTRA EL PATRIMONIO ECONOMICO", "capitulo": "DEL HURTO", "articulo": "HURTO. ART. 239 C.P.", "grado_deli": "NINGUNO", "tipo_notic": "QUERELLA", "caracteriz": "HURTO A PERSONAS", "modalidad": "COSQUILLEO", "modo": null, "motivo": null, "pais": "COLOMBIA", "dane_dep": 76, "departamen": "VALLE DEL CAUCA", "dane_mpio": 76001, "municipio": "CALI", "cod_comuna": 3.0, "comuna": "Comuna 3", "cod_barrio": 310.0, "nom_barrio": "El Calvario", "direccion": "76001 Carrera 10 12 10, El Calvario, Cali, Valle del Cauca, COL,EL CALVARIO", "sitio": "SIN INFORMACION", "x": -76.530604, "y": 3.447417, "anio": 2026, "mes": "enero", "dia": 16, "dia_semana": 6, "hora_hecho": "23:30", "barrio": "EL CALVARIO", "estrato": 3, "geom": "0101000020E61000001DC87A6AF52153C03D65355D4F940B40", "fecha_hech": "2026-01-16 00:00:00", "Id": 0, "area": 136572.15568900001 }, "geometry": { "type": "Point", "coordinates": [ -76.530604, 3.447417 ] } },
{ "type": "Feature", "properties": { "dinamica": "HURTO", "titulo": "DELITOS CONTRA EL PATRIMONIO ECONOMICO", "capitulo": "DEL HURTO", "articulo": "HURTO. ART. 239 C.P.", "grado_deli": "NINGUNO", "tipo_notic": "DENUNCIA", "caracteriz": "HURTO A PERSONAS", "modalidad": "COSQUILLEO", "modo": null, "motivo": null, "pais": "COLOMBIA", "dane_dep": 76, "departamen": "VALLE DEL CAUCA", "dane_mpio": 76001, "municipio": "CALI", "cod_comuna": 3.0, "comuna": "Comuna 3", "cod_barrio": 310.0, "nom_barrio": "El Calvario", "direccion": "76001 CALLE 13 10, EL CALVARIO, CALI, VALLE DEL CAUCA", "sitio": "TRANSPORTE MASIVO", "x": -76.529719, "y": 3.447239, "anio": 2026, "mes": "enero", "dia": 22, "dia_semana": 5, "hora_hecho": "09:30", "barrio": "EL CALVARIO", "estrato": 3, "geom": "0101000020E6100000784485EAE62153C049F7730AF2930B40", "fecha_hech": "2026-01-22 00:00:00", "Id": 0, "area": 136572.15568900001 }, "geometry": { "type": "Point", "coordinates": [ -76.529719, 3.447239 ] } },
{ "type": "Feature", "properties": { "dinamica": "HURTO", "titulo": "DELITOS CONTRA EL PATRIMONIO ECONOMICO", "capitulo": "DEL HURTO", "articulo": "HURTO. ART. 239 C.P.", "grado_deli": "NINGUNO", "tipo_notic": "DENUNCIA", "caracteriz": "HURTO A PERSONAS", "modalidad": "COSQUILLEO", "modo": null, "motivo": null, "pais": "COLOMBIA", "dane_dep": 76, "departamen": "VALLE DEL CAUCA", "dane_mpio": 76001, "municipio": "CALI", "cod_comuna": 3.0, "comuna": "Comuna 3", "cod_barrio": 309.0, "nom_barrio": "San Pascual", "direccion": "76001 CALLE 15 CON CARRERA 15, SAN PASCUAL, CALI, VALLE DEL CAUCA", "sitio": "ESTACION TRANSPORTE MASIVO", "x": -76.52627, "y": 3.44271, "anio": 2026, "mes": "enero", "dia": 23, "dia_semana": 6, "hora_hecho": "13:00", "barrio": "SAN PASCUAL", "estrato": 1, "geom": "0101000020E61000006BB75D68AE2153C0B4E55C8AAB8A0B40", "fecha_hech": "2026-01-23 00:00:00", "Id": 0, "area": 136572.15568900001 }, "geometry": { "type": "Point", "coordinates": [ -76.52627, 3.44271 ] } },
{ "type": "Feature", "properties": { "dinamica": "HURTO", "titulo": "DELITOS CONTRA EL PATRIMONIO ECONOMICO", "capitulo": "DEL HURTO", "articulo": "HURTO CALIFICADO. ART. 240 C.P.", "grado_deli": "AGRAVADO", "tipo_notic": "DENUNCIA", "caracteriz": "HURTO DE MOTOCICLETAS", "modalidad": "ATRACO", "modo": "ARMA BLANCA", "motivo": null, "pais": "COLOMBIA", "dane_dep": 76, "departamen": "VALLE DEL CAUCA", "dane_mpio": 76001, "municipio": "CALI", "cod_comuna": 3.0, "comuna": "Comuna 3", "cod_barrio": 306.0, "nom_barrio": "San Juan Bosco", "direccion": "76001 CALLE 11 14 7, SAN JUAN BOSCO, CALI, VALLE DEL CAUCA", "sitio": "VIA PUBLICA", "x": -76.530888, "y": 3.442767, "anio": 2026, "mes": "enero", "dia": 25, "dia_semana": 1, "hora_hecho": "03:00", "barrio": "SAN JUAN BOSCO", "estrato": 3, "geom": "0101000020E6100000B075A911FA2153C0F8FBC56CC98A0B40", "fecha_hech": "2026-01-25 00:00:00", "Id": 0, "area": 136572.15568900001 }, "geometry": { "type": "Point", "coordinates": [ -76.530888, 3.442767 ] } },
{ "type": "Feature", "properties": { "dinamica": "HURTO", "titulo": "DELITOS CONTRA EL PATRIMONIO ECONOMICO", "capitulo": "DEL HURTO", "articulo": "HURTO. ART. 239 C.P.", "grado_deli": "NINGUNO", "tipo_notic": "QUERELLA", "caracteriz": "HURTO A PERSONAS", "modalidad": "FACTOR DE OPORTUNIDAD", "modo": null, "motivo": null, "pais": "COLOMBIA", "dane_dep": 76, "departamen": "VALLE DEL CAUCA", "dane_mpio": 76001, "municipio": "CALI", "cod_comuna": 3.0, "comuna": "Comuna 3", "cod_barrio": 310.0, "nom_barrio": "El Calvario", "direccion": "76001 Carrera 10 12 100, El Calvario, Cali, Valle del Cauca, COL,EL CALVARIO", "sitio": "SIN INFORMACION", "x": -76.52989, "y": 3.447627, "anio": 2026, "mes": "enero", "dia": 26, "dia_semana": 2, "hora_hecho": "09:20", "barrio": "EL CALVARIO", "estrato": 3, "geom": "0101000020E61000008E1EBFB7E92153C0E773EE76BD940B40", "fecha_hech": "2026-01-26 00:00:00", "Id": 0, "area": 136572.15568900001 }, "geometry": { "type": "Point", "coordinates": [ -76.52989, 3.447627 ] } },
{ "type": "Feature", "properties": { "dinamica": "HURTO", "titulo": "DELITOS CONTRA EL PATRIMONIO ECONOMICO", "capitulo": "DEL HURTO", "articulo": "HURTO CALIFICADO. ART. 240 C.P.", "grado_deli": "NINGUNO", "tipo_notic": "DENUNCIA", "caracteriz": "HURTO A PERSONAS", "modalidad": "RAPONAZO", "modo": null, "motivo": null, "pais": "COLOMBIA", "dane_dep": 76, "departamen": "VALLE DEL CAUCA", "dane_mpio": 76001, "municipio": "CALI", "cod_comuna": 3.0, "comuna": "Comuna 3", "cod_barrio": 306.0, "nom_barrio": "San Juan Bosco", "direccion": "76001 KR 15 CON CL 11 CARRERA 15 CALLE 11", "sitio": "SIN INFORMACION", "x": -76.530815, "y": 3.442729, "anio": 2026, "mes": "enero", "dia": 29, "dia_semana": 5, "hora_hecho": "07:30", "barrio": null, "estrato": 3, "geom": "0101000020E61000007B4E7ADFF82153C020ED7F80B58A0B40", "fecha_hech": "2026-01-29 00:00:00", "Id": 0, "area": 136572.15568900001 }, "geometry": { "type": "Point", "coordinates": [ -76.530815, 3.442729 ] } },
{ "type": "Feature", "properties": { "dinamica": "HURTO", "titulo": "DELITOS CONTRA EL PATRIMONIO ECONOMICO", "capitulo": "DEL HURTO", "articulo": "HURTO. ART. 239 C.P.", "grado_deli": "AGRAVADO", "tipo_notic": "DENUNCIA", "caracteriz": "HURTO A PERSONAS", "modalidad": "COSQUILLEO", "modo": null, "motivo": null, "pais": "COLOMBIA", "dane_dep": 76, "departamen": "VALLE DEL CAUCA", "dane_mpio": 76001, "municipio": "CALI", "cod_comuna": 3.0, "comuna": "Comuna 3", "cod_barrio": 310.0, "nom_barrio": "El Calvario", "direccion": "76001 Carrera 10 12 10, El Calvario, Cali, Valle del Cauca, COL,EL CALVARIO", "sitio": "SIN INFORMACION", "x": -76.530604, "y": 3.447417, "anio": 2026, "mes": "enero", "dia": 29, "dia_semana": 5, "hora_hecho": "19:10", "barrio": "EL CALVARIO", "estrato": 3, "geom": "0101000020E61000001DC87A6AF52153C03D65355D4F940B40", "fecha_hech": "2026-01-29 00:00:00", "Id": 0, "area": 136572.15568900001 }, "geometry": { "type": "Point", "coordinates": [ -76.530604, 3.447417 ] } },
{ "type": "Feature", "properties": { "dinamica": "HURTO", "titulo": "DELITOS CONTRA EL PATRIMONIO ECONOMICO", "capitulo": "DEL HURTO", "articulo": "HURTO CALIFICADO. ART. 240 C.P.", "grado_deli": "NINGUNO", "tipo_notic": "DENUNCIA", "caracteriz": "HURTO A PERSONAS", "modalidad": "RAPONAZO", "modo": null, "motivo": null, "pais": "COLOMBIA", "dane_dep": 76, "departamen": "VALLE DEL CAUCA", "dane_mpio": 76001, "municipio": "CALI", "cod_comuna": 3.0, "comuna": "Comuna 3", "cod_barrio": 310.0, "nom_barrio": "El Calvario", "direccion": "76001 CL 12 CON CON KR 10 CALLE  12 CARRERA 10", "sitio": "CENTRO COMERCIAL", "x": -76.53068, "y": 3.447056, "anio": 2026, "mes": "enero", "dia": 30, "dia_semana": 6, "hora_hecho": "14:00", "barrio": null, "estrato": 3, "geom": "0101000020E61000000B293FA9F62153C038D89B1892930B40", "fecha_hech": "2026-01-30 00:00:00", "Id": 0, "area": 136572.15568900001 }, "geometry": { "type": "Point", "coordinates": [ -76.53068, 3.447056 ] } },
{ "type": "Feature", "properties": { "dinamica": "HURTO", "titulo": "DELITOS CONTRA EL PATRIMONIO ECONOMICO", "capitulo": "DEL HURTO", "articulo": "HURTO CALIFICADO. ART. 240 C.P.", "grado_deli": "NINGUNO", "tipo_notic": "DENUNCIA", "caracteriz": "HURTO A PERSONAS", "modalidad": "COSQUILLEO", "modo": null, "motivo": null, "pais": "COLOMBIA", "dane_dep": 76, "departamen": "VALLE DEL CAUCA", "dane_mpio": 76001, "municipio": "CALI", "cod_comuna": 3.0, "comuna": "Comuna 3", "cod_barrio": 309.0, "nom_barrio": "San Pascual", "direccion": "76001 KR 15 CON CL 14  CARRERA 15 CALLE 14", "sitio": "SIN INFORMACION", "x": -76.52672, "y": 3.442788, "anio": 2026, "mes": "enero", "dia": 30, "dia_semana": 6, "hora_hecho": "18:00", "barrio": null, "estrato": 1, "geom": "0101000020E61000008B89CDC7B52153C0707D586FD48A0B40", "fecha_hech": "2026-01-30 00:00:00", "Id": 0, "area": 136572.15568900001 }, "geometry": { "type": "Point", "coordinates": [ -76.52672, 3.442788 ] } },
{ "type": "Feature", "properties": { "dinamica": "HURTO", "titulo": "DELITOS CONTRA EL PATRIMONIO ECONOMICO", "capitulo": "DEL HURTO", "articulo": "HURTO. ART. 239 C.P.", "grado_deli": "NINGUNO", "tipo_notic": "QUERELLA", "caracteriz": "HURTO A PERSONAS", "modalidad": "COSQUILLEO", "modo": null, "motivo": null, "pais": "COLOMBIA", "dane_dep": 76, "departamen": "VALLE DEL CAUCA", "dane_mpio": 76001, "municipio": "CALI", "cod_comuna": 3.0, "comuna": "Comuna 3", "cod_barrio": 310.0, "nom_barrio": "El Calvario", "direccion": "76001 CALLE 14 10 4", "sitio": "OTRO", "x": -76.528092, "y": 3.447752, "anio": 2026, "mes": "febrero", "dia": 1, "dia_semana": 1, "hora_hecho": "18:55", "barrio": "EL CALVARIO", "estrato": 3, "geom": "0101000020E6100000DF516342CC2153C0ADBF2500FF940B40", "fecha_hech": "2026-02-01 00:00:00", "Id": 0, "area": 136572.15568900001 }, "geometry": { "type": "Point", "coordinates": [ -76.528092, 3.447752 ] } },
{ "type": "Feature", "properties": { "dinamica": "HURTO", "titulo": "DELITOS CONTRA EL PATRIMONIO ECONOMICO", "capitulo": "DEL HURTO", "articulo": "HURTO CALIFICADO. ART. 240 C.P.", "grado_deli": "AGRAVADO", "tipo_notic": "DENUNCIA", "caracteriz": "HURTO A PERSONAS", "modalidad": "COSQUILLEO", "modo": null, "motivo": null, "pais": "COLOMBIA", "dane_dep": 76, "departamen": "VALLE DEL CAUCA", "dane_mpio": 76001, "municipio": "CALI", "cod_comuna": 3.0, "comuna": "Comuna 3", "cod_barrio": 309.0, "nom_barrio": "San Pascual", "direccion": "76001 CARRERA 13 14, SAN PASCUAL, CALI, VALLE DEL CAUCA", "sitio": "VIA PUBLICA", "x": -76.527056, "y": 3.44471, "anio": 2026, "mes": "febrero", "dia": 2, "dia_semana": 2, "hora_hecho": "15:30", "barrio": "SAN PASCUAL", "estrato": 1, "geom": "0101000020E610000047CA1649BB2153C01FA2D11DC48E0B40", "fecha_hech": "2026-02-02 00:00:00", "Id": 0, "area": 136572.15568900001 }, "geometry": { "type": "Point", "coordinates": [ -76.527056, 3.44471 ] } },
{ "type": "Feature", "properties": { "dinamica": "HURTO", "titulo": "DELITOS CONTRA EL PATRIMONIO ECONOMICO", "capitulo": "DEL HURTO", "articulo": "HURTO CALIFICADO. ART. 240 C.P.", "grado_deli": "NINGUNO", "tipo_notic": "DENUNCIA", "caracteriz": "HURTO DE MOTOCICLETAS", "modalidad": "HALADO", "modo": null, "motivo": null, "pais": "COLOMBIA", "dane_dep": 76, "departamen": "VALLE DEL CAUCA", "dane_mpio": 76001, "municipio": "CALI", "cod_comuna": 3.0, "comuna": "Comuna 3", "cod_barrio": 310.0, "nom_barrio": "El Calvario", "direccion": "76001 CALLE 13 10 10, EL CALVARIO, CALI, VALLE DEL CAUCA", "sitio": "VIA PUBLICA", "x": -76.529869, "y": 3.44756, "anio": 2026, "mes": "febrero", "dia": 8, "dia_semana": 1, "hora_hecho": "00:00", "barrio": "EL CALVARIO", "estrato": 3, "geom": "0101000020E6100000838AAA5FE92153C06AFB57569A940B40", "fecha_hech": "2026-02-08 00:00:00", "Id": 0, "area": 136572.15568900001 }, "geometry": { "type": "Point", "coordinates": [ -76.529869, 3.44756 ] } },
{ "type": "Feature", "properties": { "dinamica": "HURTO", "titulo": "DELITOS CONTRA EL PATRIMONIO ECONOMICO", "capitulo": "DEL HURTO", "articulo": "HURTO CALIFICADO. ART. 240 C.P.", "grado_deli": "AGRAVADO", "tipo_notic": "DENUNCIA", "caracteriz": "HURTO A RESIDENCIA", "modalidad": "VIOLACION DE CERRADURA", "modo": null, "motivo": null, "pais": "COLOMBIA", "dane_dep": 76, "departamen": "VALLE DEL CAUCA", "dane_mpio": 76001, "municipio": "CALI", "cod_comuna": 3.0, "comuna": "Comuna 3", "cod_barrio": 309.0, "nom_barrio": "San Pascual", "direccion": "76001 Carrera 12 13 73, El Calvario, Cali, Valle del Cauca, COL,SAN PASCUAL", "sitio": "SIN INFORMACION", "x": -76.528981, "y": 3.445585, "anio": 2026, "mes": "febrero", "dia": 10, "dia_semana": 3, "hora_hecho": "14:00", "barrio": "SAN PASCUAL", "estrato": 1, "geom": "0101000020E610000025CD1FD3DA2153C08DB454DE8E900B40", "fecha_hech": "2026-02-10 00:00:00", "Id": 0, "area": 136572.15568900001 }, "geometry": { "type": "Point", "coordinates": [ -76.528981, 3.445585 ] } },
{ "type": "Feature", "properties": { "dinamica": "HURTO", "titulo": "DELITOS CONTRA EL PATRIMONIO ECONOMICO", "capitulo": "DEL HURTO", "articulo": "HURTO CALIFICADO. ART. 240 C.P.", "grado_deli": "AGRAVADO", "tipo_notic": "DENUNCIA", "caracteriz": "HURTO A PERSONAS", "modalidad": "ATRACO", "modo": "ARMA DE FUEGO", "motivo": null, "pais": "COLOMBIA", "dane_dep": 76, "departamen": "VALLE DEL CAUCA", "dane_mpio": 76001, "municipio": "CALI", "cod_comuna": 3.0, "comuna": "Comuna 3", "cod_barrio": 310.0, "nom_barrio": "El Calvario", "direccion": "76001 Carrera 10 12 100, El Calvario, Cali, Valle del Cauca, COL,EL CALVARIO", "sitio": "SIN INFORMACION", "x": -76.52989, "y": 3.447627, "anio": 2026, "mes": "febrero", "dia": 13, "dia_semana": 6, "hora_hecho": "08:11", "barrio": "EL CALVARIO", "estrato": 3, "geom": "0101000020E61000008E1EBFB7E92153C0E773EE76BD940B40", "fecha_hech": "2026-02-13 00:00:00", "Id": 0, "area": 136572.15568900001 }, "geometry": { "type": "Point", "coordinates": [ -76.52989, 3.447627 ] } },
{ "type": "Feature", "properties": { "dinamica": "HURTO", "titulo": "DELITOS CONTRA EL PATRIMONIO ECONOMICO", "capitulo": "DEL HURTO", "articulo": "HURTO. ART. 239 C.P.", "grado_deli": "AGRAVADO", "tipo_notic": "DENUNCIA", "caracteriz": "HURTO A PERSONAS", "modalidad": "COSQUILLEO", "modo": null, "motivo": null, "pais": "COLOMBIA", "dane_dep": 76, "departamen": "VALLE DEL CAUCA", "dane_mpio": 76001, "municipio": "CALI", "cod_comuna": 3.0, "comuna": "Comuna 3", "cod_barrio": 310.0, "nom_barrio": "El Calvario", "direccion": "76001 CL 13 CON CON KR 10 CALLE  13 KR 10", "sitio": "SIN INFORMACION", "x": -76.52973, "y": 3.447202, "anio": 2026, "mes": "febrero", "dia": 13, "dia_semana": 6, "hora_hecho": "09:30", "barrio": null, "estrato": 3, "geom": "0101000020E6100000726DA818E72153C076A565A4DE930B40", "fecha_hech": "2026-02-13 00:00:00", "Id": 0, "area": 136572.15568900001 }, "geometry": { "type": "Point", "coordinates": [ -76.52973, 3.447202 ] } },
{ "type": "Feature", "properties": { "dinamica": "HURTO", "titulo": "DELITOS CONTRA EL PATRIMONIO ECONOMICO", "capitulo": "DEL HURTO", "articulo": "HURTO. ART. 239 C.P.", "grado_deli": "NINGUNO", "tipo_notic": "DENUNCIA", "caracteriz": "HURTO A PERSONAS", "modalidad": "COSQUILLEO", "modo": null, "motivo": null, "pais": "COLOMBIA", "dane_dep": 76, "departamen": "VALLE DEL CAUCA", "dane_mpio": 76001, "municipio": "CALI", "cod_comuna": 3.0, "comuna": "Comuna 3", "cod_barrio": 306.0, "nom_barrio": "San Juan Bosco", "direccion": "76001 CALLE 10 CON CARRERA 15, SAN JUAN BOSCO, CALI, VALLE DEL CAUCA", "sitio": "VIA PUBLICA", "x": -76.531975, "y": 3.442495, "anio": 2026, "mes": "febrero", "dia": 14, "dia_semana": 7, "hora_hecho": "12:30", "barrio": "SAN JUAN BOSCO", "estrato": 3, "geom": "0101000020E610000089D2DEE00B2253C0EE258DD13A8A0B40", "fecha_hech": "2026-02-14 00:00:00", "Id": 0, "area": 136572.15568900001 }, "geometry": { "type": "Point", "coordinates": [ -76.531975, 3.442495 ] } },
{ "type": "Feature", "properties": { "dinamica": "HURTO", "titulo": "DELITOS CONTRA EL PATRIMONIO ECONOMICO", "capitulo": "DEL HURTO", "articulo": "HURTO. ART. 239 C.P.", "grado_deli": "NINGUNO", "tipo_notic": "QUERELLA", "caracteriz": "HURTO DE AUTOPARTES", "modalidad": "FACTOR DE OPORTUNIDAD", "modo": null, "motivo": null, "pais": "COLOMBIA", "dane_dep": 76, "departamen": "VALLE DEL CAUCA", "dane_mpio": 76001, "municipio": "CALI", "cod_comuna": 3.0, "comuna": "Comuna 3", "cod_barrio": 310.0, "nom_barrio": "El Calvario", "direccion": "76001 Carrera 10 12 10, El Calvario, Cali, Valle del Cauca, COL,EL CALVARIO", "sitio": "SIN INFORMACION", "x": -76.530604, "y": 3.447417, "anio": 2026, "mes": "febrero", "dia": 14, "dia_semana": 7, "hora_hecho": "19:45", "barrio": "EL CALVARIO", "estrato": 3, "geom": "0101000020E61000001DC87A6AF52153C03D65355D4F940B40", "fecha_hech": "2026-02-14 00:00:00", "Id": 0, "area": 136572.15568900001 }, "geometry": { "type": "Point", "coordinates": [ -76.530604, 3.447417 ] } },
{ "type": "Feature", "properties": { "dinamica": "HURTO", "titulo": "DELITOS CONTRA EL PATRIMONIO ECONOMICO", "capitulo": "DEL HURTO", "articulo": "HURTO CALIFICADO. ART. 240 C.P.", "grado_deli": "NINGUNO", "tipo_notic": "ACTOS URGENTES", "caracteriz": "HURTO A CELULARES", "modalidad": "ATRACO", "modo": "ARMA BLANCA", "motivo": "SIN DETERMINAR", "pais": "COLOMBIA", "dane_dep": 76, "departamen": "VALLE DEL CAUCA", "dane_mpio": 76001, "municipio": "CALI", "cod_comuna": 3.0, "comuna": "Comuna 3", "cod_barrio": 309.0, "nom_barrio": "San Pascual", "direccion": "76001 CALLE 13A 13 CON CARRERA 13A, SAN PASCUAL, CALI, VALLE DEL CAUCA", "sitio": "VIA PUBLICA", "x": -76.527874, "y": 3.443777, "anio": 2026, "mes": "febrero", "dia": 15, "dia_semana": 1, "hora_hecho": "15:02", "barrio": "SAN PASCUAL", "estrato": 1, "geom": "0101000020E6100000289A07B0C82153C066BCADF4DA8C0B40", "fecha_hech": "2026-02-15 00:00:00", "Id": 0, "area": 136572.15568900001 }, "geometry": { "type": "Point", "coordinates": [ -76.527874, 3.443777 ] } },
{ "type": "Feature", "properties": { "dinamica": "HURTO", "titulo": "DELITOS CONTRA EL PATRIMONIO ECONOMICO", "capitulo": "DEL HURTO", "articulo": "HURTO CALIFICADO. ART. 240 C.P.", "grado_deli": "NINGUNO", "tipo_notic": "DENUNCIA", "caracteriz": "HURTO DE MOTOCICLETAS", "modalidad": "HALADO", "modo": null, "motivo": null, "pais": "COLOMBIA", "dane_dep": 76, "departamen": "VALLE DEL CAUCA", "dane_mpio": 76001, "municipio": "CALI", "cod_comuna": 3.0, "comuna": "Comuna 3", "cod_barrio": 310.0, "nom_barrio": "El Calvario", "direccion": "76001 CARRERA 10 12 12, EL CALVARIO, CALI, VALLE DEL CAUCA", "sitio": "VIA PUBLICA", "x": -76.530589, "y": 3.447422, "anio": 2026, "mes": "febrero", "dia": 17, "dia_semana": 3, "hora_hecho": "13:00", "barrio": "EL CALVARIO", "estrato": 3, "geom": "0101000020E610000083A7902BF52153C059164CFC51940B40", "fecha_hech": "2026-02-17 00:00:00", "Id": 0, "area": 136572.15568900001 }, "geometry": { "type": "Point", "coordinates": [ -76.530589, 3.447422 ] } },
{ "type": "Feature", "properties": { "dinamica": "HURTO", "titulo": "DELITOS CONTRA EL PATRIMONIO ECONOMICO", "capitulo": "DEL HURTO", "articulo": "HURTO CALIFICADO. ART. 240 C.P.", "grado_deli": "AGRAVADO", "tipo_notic": "DENUNCIA", "caracteriz": "HURTO A PERSONAS", "modalidad": "RAPONAZO", "modo": null, "motivo": null, "pais": "COLOMBIA", "dane_dep": 76, "departamen": "VALLE DEL CAUCA", "dane_mpio": 76001, "municipio": "CALI", "cod_comuna": 3.0, "comuna": "Comuna 3", "cod_barrio": 309.0, "nom_barrio": "San Pascual", "direccion": "76001 Carrera 12 13A 93, El Calvario, Cali, Valle del Cauca, COL,SAN PASCUAL", "sitio": "SIN INFORMACION", "x": -76.528265, "y": 3.445683, "anio": 2026, "mes": "febrero", "dia": 21, "dia_semana": 7, "hora_hecho": "11:00", "barrio": "SAN PASCUAL", "estrato": 1, "geom": "0101000020E6100000C6A70018CF2153C0BA10AB3FC2900B40", "fecha_hech": "2026-02-21 00:00:00", "Id": 0, "area": 136572.15568900001 }, "geometry": { "type": "Point", "coordinates": [ -76.528265, 3.445683 ] } },
{ "type": "Feature", "properties": { "dinamica": "HURTO", "titulo": "DELITOS CONTRA EL PATRIMONIO ECONOMICO", "capitulo": "DEL HURTO", "articulo": "HURTO CALIFICADO. ART. 240 C.P.", "grado_deli": "AGRAVADO", "tipo_notic": "DENUNCIA", "caracteriz": "HURTO A PERSONAS", "modalidad": "ATRACO", "modo": "ARMA BLANCA", "motivo": null, "pais": "COLOMBIA", "dane_dep": 76, "departamen": "VALLE DEL CAUCA", "dane_mpio": 76001, "municipio": "CALI", "cod_comuna": 3.0, "comuna": "Comuna 3", "cod_barrio": 306.0, "nom_barrio": "San Juan Bosco", "direccion": "76001 CL 100 CON CON KR 13", "sitio": "SIN INFORMACION", "x": -76.532135, "y": 3.444136, "anio": 2026, "mes": "febrero", "dia": 23, "dia_semana": 2, "hora_hecho": "01:00", "barrio": null, "estrato": 3, "geom": "0101000020E6100000A583F57F0E2253C05FCFD72C978D0B40", "fecha_hech": "2026-02-23 00:00:00", "Id": 0, "area": 136572.15568900001 }, "geometry": { "type": "Point", "coordinates": [ -76.532135, 3.444136 ] } },
{ "type": "Feature", "properties": { "dinamica": "HURTO", "titulo": "DELITOS CONTRA EL PATRIMONIO ECONOMICO", "capitulo": "DEL HURTO", "articulo": "HURTO. ART. 239 C.P.", "grado_deli": "AGRAVADO", "tipo_notic": "COMPULSACION DE COPIAS", "caracteriz": "HURTO A ESTABLECIMIENTOS", "modalidad": "FACTOR DE OPORTUNIDAD", "modo": null, "motivo": null, "pais": "COLOMBIA", "dane_dep": 76, "departamen": "VALLE DEL CAUCA", "dane_mpio": 76001, "municipio": "CALI", "cod_comuna": 3.0, "comuna": "Comuna 3", "cod_barrio": 310.0, "nom_barrio": "El Calvario", "direccion": "76001 Carrera 10 12 100, El Calvario, Cali, Valle del Cauca, COL,EL CALVARIO", "sitio": "SIN INFORMACION", "x": -76.52989, "y": 3.447627, "anio": 2026, "mes": "febrero", "dia": 23, "dia_semana": 2, "hora_hecho": "13:39", "barrio": "EL CALVARIO", "estrato": 3, "geom": "0101000020E61000008E1EBFB7E92153C0E773EE76BD940B40", "fecha_hech": "2026-02-23 00:00:00", "Id": 0, "area": 136572.15568900001 }, "geometry": { "type": "Point", "coordinates": [ -76.52989, 3.447627 ] } },
{ "type": "Feature", "properties": { "dinamica": "HURTO", "titulo": "DELITOS CONTRA EL PATRIMONIO ECONOMICO", "capitulo": "DEL HURTO", "articulo": "HURTO. ART. 239 C.P.", "grado_deli": "AGRAVADO", "tipo_notic": "DENUNCIA", "caracteriz": "HURTO A PERSONAS", "modalidad": "COSQUILLEO", "modo": null, "motivo": null, "pais": "COLOMBIA", "dane_dep": 76, "departamen": "VALLE DEL CAUCA", "dane_mpio": 76001, "municipio": "CALI", "cod_comuna": 3.0, "comuna": "Comuna 3", "cod_barrio": 309.0, "nom_barrio": "San Pascual", "direccion": "76001 Carrera 13, San Pascual, Cali, Valle del Cauca, COL,SAN PASCUAL", "sitio": "SIN INFORMACION", "x": -76.529423, "y": 3.444503, "anio": 2026, "mes": "febrero", "dia": 24, "dia_semana": 3, "hora_hecho": "16:30", "barrio": "SAN PASCUAL", "estrato": 1, "geom": "0101000020E610000003B00111E22153C086CABF96578E0B40", "fecha_hech": "2026-02-24 00:00:00", "Id": 0, "area": 136572.15568900001 }, "geometry": { "type": "Point", "coordinates": [ -76.529423, 3.444503 ] } },
{ "type": "Feature", "properties": { "dinamica": "HURTO", "titulo": "DELITOS CONTRA EL PATRIMONIO ECONOMICO", "capitulo": "DEL HURTO", "articulo": "HURTO CALIFICADO. ART. 240 C.P.", "grado_deli": "AGRAVADO", "tipo_notic": "DENUNCIA", "caracteriz": "HURTO DE MOTOCICLETAS", "modalidad": "ATRACO", "modo": "ARMA DE FUEGO", "motivo": null, "pais": "COLOMBIA", "dane_dep": 76, "departamen": "VALLE DEL CAUCA", "dane_mpio": 76001, "municipio": "CALI", "cod_comuna": 3.0, "comuna": "Comuna 3", "cod_barrio": 310.0, "nom_barrio": "El Calvario", "direccion": "76001 AVENIDA CAPITAN PEDRO J VERGARA 74", "sitio": "VIA PUBLICA", "x": -76.531095, "y": 3.446129, "anio": 2026, "mes": "febrero", "dia": 24, "dia_semana": 3, "hora_hecho": "23:00", "barrio": "EL CALVARIO", "estrato": 3, "geom": "0101000020E61000006C04E275FD2153C0A260C614AC910B40", "fecha_hech": "2026-02-24 00:00:00", "Id": 0, "area": 136572.15568900001 }, "geometry": { "type": "Point", "coordinates": [ -76.531095, 3.446129 ] } },
{ "type": "Feature", "properties": { "dinamica": "HURTO", "titulo": "DELITOS CONTRA EL PATRIMONIO ECONOMICO", "capitulo": "DEL HURTO", "articulo": "HURTO CALIFICADO. ART. 240 C.P.", "grado_deli": "NINGUNO", "tipo_notic": "DENUNCIA", "caracteriz": "HURTO A PERSONAS", "modalidad": "ATRACO", "modo": "ARMA DE FUEGO", "motivo": null, "pais": "COLOMBIA", "dane_dep": 76, "departamen": "VALLE DEL CAUCA", "dane_mpio": 76001, "municipio": "CALI", "cod_comuna": 3.0, "comuna": "Comuna 3", "cod_barrio": 309.0, "nom_barrio": "San Pascual", "direccion": "76001 CARRERA 12A 14 05, SAN PASCUAL, CALI, VALLE DEL CAUCA", "sitio": "LUGAR DE TRABAJO", "x": -76.527463, "y": 3.445394, "anio": 2026, "mes": "febrero", "dia": 25, "dia_semana": 4, "hora_hecho": "03:00", "barrio": "SAN PASCUAL", "estrato": 1, "geom": "0101000020E610000067B62BF4C12153C04FADBEBA2A900B40", "fecha_hech": "2026-02-25 00:00:00", "Id": 0, "area": 136572.15568900001 }, "geometry": { "type": "Point", "coordinates": [ -76.527463, 3.445394 ] } },
{ "type": "Feature", "properties": { "dinamica": "HURTO", "titulo": "DELITOS CONTRA EL PATRIMONIO ECONOMICO", "capitulo": "DEL HURTO", "articulo": "HURTO CALIFICADO. ART. 240 C.P.", "grado_deli": "NINGUNO", "tipo_notic": "DENUNCIA", "caracteriz": "HURTO A PERSONAS", "modalidad": "RAPONAZO", "modo": null, "motivo": null, "pais": "COLOMBIA", "dane_dep": 76, "departamen": "VALLE DEL CAUCA", "dane_mpio": 76001, "municipio": "CALI", "cod_comuna": 3.0, "comuna": "Comuna 3", "cod_barrio": 309.0, "nom_barrio": "San Pascual", "direccion": "76001 CALLE 13 13, SAN PASCUAL, CALI, VALLE DEL CAUCA", "sitio": "VIA PUBLICA", "x": -76.529007, "y": 3.444352, "anio": 2026, "mes": "febrero", "dia": 25, "dia_semana": 4, "hora_hecho": "03:30", "barrio": "SAN PASCUAL", "estrato": 1, "geom": "0101000020E6100000B9162D40DB2153C02B4CDF6B088E0B40", "fecha_hech": "2026-02-25 00:00:00", "Id": 0, "area": 136572.15568900001 }, "geometry": { "type": "Point", "coordinates": [ -76.529007, 3.444352 ] } },
{ "type": "Feature", "properties": { "dinamica": "HURTO", "titulo": "DELITOS CONTRA EL PATRIMONIO ECONOMICO", "capitulo": "DEL HURTO", "articulo": "HURTO. ART. 239 C.P.", "grado_deli": "NINGUNO", "tipo_notic": "DENUNCIA", "caracteriz": "HURTO A PERSONAS", "modalidad": "COSQUILLEO", "modo": null, "motivo": null, "pais": "COLOMBIA", "dane_dep": 76, "departamen": "VALLE DEL CAUCA", "dane_mpio": 76001, "municipio": "CALI", "cod_comuna": 3.0, "comuna": "Comuna 3", "cod_barrio": 309.0, "nom_barrio": "San Pascual", "direccion": "76001 CARRERA 15 13A 15, SAN PASCUAL, CALI, VALLE DEL CAUCA", "sitio": "TRANSPORTE MASIVO", "x": -76.527511, "y": 3.44283, "anio": 2026, "mes": "febrero", "dia": 25, "dia_semana": 4, "hora_hecho": "16:30", "barrio": "SAN PASCUAL", "estrato": 1, "geom": "0101000020E6100000F0517FBDC22153C05E807D74EA8A0B40", "fecha_hech": "2026-02-25 00:00:00", "Id": 0, "area": 136572.15568900001 }, "geometry": { "type": "Point", "coordinates": [ -76.527511, 3.44283 ] } },
{ "type": "Feature", "properties": { "dinamica": "HURTO", "titulo": "DELITOS CONTRA EL PATRIMONIO ECONOMICO", "capitulo": "DEL HURTO", "articulo": "HURTO. ART. 239 C.P.", "grado_deli": "NINGUNO", "tipo_notic": "QUERELLA", "caracteriz": "HURTO A PERSONAS", "modalidad": "COSQUILLEO", "modo": null, "motivo": null, "pais": "COLOMBIA", "dane_dep": 76, "departamen": "VALLE DEL CAUCA", "dane_mpio": 76001, "municipio": "CALI", "cod_comuna": 3.0, "comuna": "Comuna 3", "cod_barrio": 310.0, "nom_barrio": "El Calvario", "direccion": "76001 Carrera 10 12 100, El Calvario, Cali, Valle del Cauca, COL,EL CALVARIO", "sitio": "SIN INFORMACION", "x": -76.52989, "y": 3.447627, "anio": 2026, "mes": "febrero", "dia": 28, "dia_semana": 7, "hora_hecho": "13:00", "barrio": "EL CALVARIO", "estrato": 3, "geom": "0101000020E61000008E1EBFB7E92153C0E773EE76BD940B40", "fecha_hech": "2026-02-28 00:00:00", "Id": 0, "area": 136572.15568900001 }, "geometry": { "type": "Point", "coordinates": [ -76.52989, 3.447627 ] } },
{ "type": "Feature", "properties": { "dinamica": "HURTO", "titulo": "DELITOS CONTRA EL PATRIMONIO ECONOMICO", "capitulo": "DEL HURTO", "articulo": "HURTO. ART. 239 C.P.", "grado_deli": "NINGUNO", "tipo_notic": "DENUNCIA", "caracteriz": "HURTO A PERSONAS", "modalidad": "COSQUILLEO", "modo": null, "motivo": null, "pais": "COLOMBIA", "dane_dep": 76, "departamen": "VALLE DEL CAUCA", "dane_mpio": 76001, "municipio": "CALI", "cod_comuna": 3.0, "comuna": "Comuna 3", "cod_barrio": 309.0, "nom_barrio": "San Pascual", "direccion": "76001 CARRERA 15 CON CALLE 13, SAN PASCUAL, CALI, VALLE DEL CAUCA", "sitio": "TRANSPORTE MASIVO", "x": -76.528624, "y": 3.442786, "anio": 2026, "mes": "marzo", "dia": 1, "dia_semana": 1, "hora_hecho": "03:00", "barrio": "SAN PASCUAL", "estrato": 1, "geom": "0101000020E61000005DF8C1F9D42153C06403E962D38A0B40", "fecha_hech": "2026-03-01 00:00:00", "Id": 0, "area": 136572.15568900001 }, "geometry": { "type": "Point", "coordinates": [ -76.528624, 3.442786 ] } },
{ "type": "Feature", "properties": { "dinamica": "HURTO", "titulo": "DELITOS CONTRA EL PATRIMONIO ECONOMICO", "capitulo": "DEL HURTO", "articulo": "HURTO CALIFICADO. ART. 240 C.P.", "grado_deli": "NINGUNO", "tipo_notic": "DENUNCIA", "caracteriz": "HURTO A PERSONAS", "modalidad": "ATRACO", "modo": "ARMA BLANCA", "motivo": null, "pais": "COLOMBIA", "dane_dep": 76, "departamen": "VALLE DEL CAUCA", "dane_mpio": 76001, "municipio": "CALI", "cod_comuna": 3.0, "comuna": "Comuna 3", "cod_barrio": 310.0, "nom_barrio": "El Calvario", "direccion": "76001 CALLE 15 CON CARRERA 12, EL CALVARIO, CALI, VALLE DEL CAUCA", "sitio": "VIA PUBLICA", "x": -76.526949, "y": 3.445912, "anio": 2026, "mes": "marzo", "dia": 1, "dia_semana": 1, "hora_hecho": "08:15", "barrio": "EL CALVARIO", "estrato": 3, "geom": "0101000020E61000003C6A4C88B92153C0D026874F3A910B40", "fecha_hech": "2026-03-01 00:00:00", "Id": 0, "area": 136572.15568900001 }, "geometry": { "type": "Point", "coordinates": [ -76.526949, 3.445912 ] } },
{ "type": "Feature", "properties": { "dinamica": "HURTO", "titulo": "DELITOS CONTRA EL PATRIMONIO ECONOMICO", "capitulo": "DEL HURTO", "articulo": "HURTO. ART. 239 C.P.", "grado_deli": "NINGUNO", "tipo_notic": "QUERELLA", "caracteriz": "HURTO A PERSONAS", "modalidad": "FACTOR DE OPORTUNIDAD", "modo": null, "motivo": null, "pais": "COLOMBIA", "dane_dep": 76, "departamen": "VALLE DEL CAUCA", "dane_mpio": 76001, "municipio": "CALI", "cod_comuna": 3.0, "comuna": "Comuna 3", "cod_barrio": 309.0, "nom_barrio": "San Pascual", "direccion": "76001 CALLE 13 13 66", "sitio": "ESTACION TRANSPORTE MASIVO", "x": -76.528911, "y": 3.444143, "anio": 2026, "mes": "marzo", "dia": 8, "dia_semana": 1, "hora_hecho": "06:30", "barrio": "SAN PASCUAL", "estrato": 1, "geom": "0101000020E6100000A8DF85ADD92153C087FA5DD89A8D0B40", "fecha_hech": "2026-03-08 00:00:00", "Id": 0, "area": 136572.15568900001 }, "geometry": { "type": "Point", "coordinates": [ -76.528911, 3.444143 ] } },
{ "type": "Feature", "properties": { "dinamica": "HURTO", "titulo": "DELITOS CONTRA EL PATRIMONIO ECONOMICO", "capitulo": "DEL HURTO", "articulo": "HURTO. ART. 239 C.P.", "grado_deli": "NINGUNO", "tipo_notic": "DENUNCIA", "caracteriz": "HURTO A FINCAS", "modalidad": "FACTOR DE OPORTUNIDAD", "modo": null, "motivo": null, "pais": "COLOMBIA", "dane_dep": 76, "departamen": "VALLE DEL CAUCA", "dane_mpio": 76001, "municipio": "CALI", "cod_comuna": 3.0, "comuna": "Comuna 3", "cod_barrio": 310.0, "nom_barrio": "El Calvario", "direccion": "76001 El Calvario, Cali, Valle del Cauca, COL,EL CALVARIO", "sitio": "SIN INFORMACION", "x": -76.529191, "y": 3.447621, "anio": 2026, "mes": "marzo", "dia": 8, "dia_semana": 1, "hora_hecho": "21:00", "barrio": "EL CALVARIO", "estrato": 3, "geom": "0101000020E61000009A95ED43DE2153C0C405A051BA940B40", "fecha_hech": "2026-03-08 00:00:00", "Id": 0, "area": 136572.15568900001 }, "geometry": { "type": "Point", "coordinates": [ -76.529191, 3.447621 ] } },
{ "type": "Feature", "properties": { "dinamica": "HURTO", "titulo": "DELITOS CONTRA EL PATRIMONIO ECONOMICO", "capitulo": "DEL HURTO", "articulo": "HURTO. ART. 239 C.P.", "grado_deli": "AGRAVADO", "tipo_notic": "DENUNCIA", "caracteriz": "HURTO A CELULARES", "modalidad": "FACTOR DE OPORTUNIDAD", "modo": null, "motivo": null, "pais": "COLOMBIA", "dane_dep": 76, "departamen": "VALLE DEL CAUCA", "dane_mpio": 76001, "municipio": "CALI", "cod_comuna": 3.0, "comuna": "Comuna 3", "cod_barrio": 306.0, "nom_barrio": "San Juan Bosco", "direccion": "76001 KR 15 CL 10-113", "sitio": "SIN INFORMACION", "x": -76.53096, "y": 3.442826, "anio": 2026, "mes": "marzo", "dia": 9, "dia_semana": 2, "hora_hecho": "18:30", "barrio": null, "estrato": 3, "geom": "0101000020E6100000FCDEA63FFB2153C0488C9E5BE88A0B40", "fecha_hech": "2026-03-09 00:00:00", "Id": 0, "area": 136572.15568900001 }, "geometry": { "type": "Point", "coordinates": [ -76.53096, 3.442826 ] } },
{ "type": "Feature", "properties": { "dinamica": "HURTO", "titulo": "DELITOS CONTRA EL PATRIMONIO ECONOMICO", "capitulo": "DEL HURTO", "articulo": "HURTO. ART. 239 C.P.", "grado_deli": "AGRAVADO", "tipo_notic": "DENUNCIA", "caracteriz": "HURTO A PERSONAS", "modalidad": "COSQUILLEO", "modo": null, "motivo": null, "pais": "COLOMBIA", "dane_dep": 76, "departamen": "VALLE DEL CAUCA", "dane_mpio": 76001, "municipio": "CALI", "cod_comuna": 3.0, "comuna": "Comuna 3", "cod_barrio": 309.0, "nom_barrio": "San Pascual", "direccion": "76001 CL 15 CON CON KR 15 CALLE 15 CARRERA 15", "sitio": "SIN INFORMACION", "x": -76.52632, "y": 3.443125, "anio": 2026, "mes": "marzo", "dia": 10, "dia_semana": 3, "hora_hecho": "17:30", "barrio": null, "estrato": 1, "geom": "0101000020E6100000C4CE143AAF2153C0EC51B81E858B0B40", "fecha_hech": "2026-03-10 00:00:00", "Id": 0, "area": 136572.15568900001 }, "geometry": { "type": "Point", "coordinates": [ -76.52632, 3.443125 ] } },
{ "type": "Feature", "properties": { "dinamica": "HURTO", "titulo": "DELITOS CONTRA EL PATRIMONIO ECONOMICO", "capitulo": "DEL HURTO", "articulo": "HURTO. ART. 239 C.P.", "grado_deli": "NINGUNO", "tipo_notic": "DENUNCIA", "caracteriz": "HURTO A FINCAS", "modalidad": "FACTOR DE OPORTUNIDAD", "modo": null, "motivo": null, "pais": "COLOMBIA", "dane_dep": 76, "departamen": "VALLE DEL CAUCA", "dane_mpio": 76001, "municipio": "CALI", "cod_comuna": 3.0, "comuna": "Comuna 3", "cod_barrio": 310.0, "nom_barrio": "El Calvario", "direccion": "76001 El Calvario, Cali, Valle del Cauca, COL,EL CALVARIO", "sitio": "SIN INFORMACION", "x": -76.529191, "y": 3.447621, "anio": 2026, "mes": "marzo", "dia": 14, "dia_semana": 7, "hora_hecho": "21:00", "barrio": "EL CALVARIO", "estrato": 3, "geom": "0101000020E61000009A95ED43DE2153C0C405A051BA940B40", "fecha_hech": "2026-03-14 00:00:00", "Id": 0, "area": 136572.15568900001 }, "geometry": { "type": "Point", "coordinates": [ -76.529191, 3.447621 ] } },
{ "type": "Feature", "properties": { "dinamica": "HURTO", "titulo": "DELITOS CONTRA EL PATRIMONIO ECONOMICO", "capitulo": "DEL HURTO", "articulo": "HURTO. ART. 239 C.P.", "grado_deli": "NINGUNO", "tipo_notic": "DENUNCIA", "caracteriz": "HURTO A PERSONAS", "modalidad": "COSQUILLEO", "modo": null, "motivo": null, "pais": "COLOMBIA", "dane_dep": 76, "departamen": "VALLE DEL CAUCA", "dane_mpio": 76001, "municipio": "CALI", "cod_comuna": 3.0, "comuna": "Comuna 3", "cod_barrio": 309.0, "nom_barrio": "San Pascual", "direccion": "76001 KR 13 A CARRERA 13 a  15 09", "sitio": "SIN INFORMACION", "x": -76.527756, "y": 3.442875, "anio": 2026, "mes": "marzo", "dia": 18, "dia_semana": 4, "hora_hecho": "06:00", "barrio": null, "estrato": 1, "geom": "0101000020E610000023111AC1C62153C05EBA490C028B0B40", "fecha_hech": "2026-03-18 00:00:00", "Id": 0, "area": 136572.15568900001 }, "geometry": { "type": "Point", "coordinates": [ -76.527756, 3.442875 ] } },
{ "type": "Feature", "properties": { "dinamica": "HURTO", "titulo": "DELITOS CONTRA EL PATRIMONIO ECONOMICO", "capitulo": "DEL HURTO", "articulo": "HURTO CALIFICADO. ART. 240 C.P.", "grado_deli": "NINGUNO", "tipo_notic": "DENUNCIA", "caracteriz": "HURTO A PERSONAS", "modalidad": "FACTOR DE OPORTUNIDAD", "modo": null, "motivo": null, "pais": "COLOMBIA", "dane_dep": 76, "departamen": "VALLE DEL CAUCA", "dane_mpio": 76001, "municipio": "CALI", "cod_comuna": 3.0, "comuna": "Comuna 3", "cod_barrio": 310.0, "nom_barrio": "El Calvario", "direccion": "76001 CALLE 12 10 5", "sitio": "VIA PUBLICA", "x": -76.5306, "y": 3.447396, "anio": 2026, "mes": "marzo", "dia": 23, "dia_semana": 2, "hora_hecho": "14:09", "barrio": "EL CALVARIO", "estrato": 3, "geom": "0101000020E61000007DD0B359F52153C0C5E3A25A44940B40", "fecha_hech": "2026-03-23 00:00:00", "Id": 0, "area": 136572.15568900001 }, "geometry": { "type": "Point", "coordinates": [ -76.5306, 3.447396 ] } },
{ "type": "Feature", "properties": { "dinamica": "HURTO", "titulo": "DELITOS CONTRA EL PATRIMONIO ECONOMICO", "capitulo": "DEL HURTO", "articulo": "HURTO CALIFICADO. ART. 240 C.P.", "grado_deli": "NINGUNO", "tipo_notic": "DENUNCIA", "caracteriz": "HURTO A PERSONAS", "modalidad": "ATRACO", "modo": "SIN ARMA", "motivo": null, "pais": "COLOMBIA", "dane_dep": 76, "departamen": "VALLE DEL CAUCA", "dane_mpio": 76001, "municipio": "CALI", "cod_comuna": 3.0, "comuna": "Comuna 3", "cod_barrio": 310.0, "nom_barrio": "El Calvario", "direccion": "76001 CALLE 13 10 57, EL CALVARIO, CALI, VALLE DEL CAUCA", "sitio": "VIA PUBLICA", "x": -76.529648, "y": 3.447197, "anio": 2026, "mes": "marzo", "dia": 24, "dia_semana": 3, "hora_hecho": "12:00", "barrio": "EL CALVARIO", "estrato": 3, "geom": "0101000020E61000001399B9C0E52153C05AF44E05DC930B40", "fecha_hech": "2026-03-24 00:00:00", "Id": 0, "area": 136572.15568900001 }, "geometry": { "type": "Point", "coordinates": [ -76.529648, 3.447197 ] } },
{ "type": "Feature", "properties": { "dinamica": "HURTO", "titulo": "DELITOS CONTRA EL PATRIMONIO ECONOMICO", "capitulo": "DEL HURTO", "articulo": "HURTO. ART. 239 C.P.", "grado_deli": "NINGUNO", "tipo_notic": "DENUNCIA", "caracteriz": "HURTO A PERSONAS", "modalidad": "ATRACO", "modo": "ARMA DE FUEGO", "motivo": null, "pais": "COLOMBIA", "dane_dep": 76, "departamen": "VALLE DEL CAUCA", "dane_mpio": 76001, "municipio": "CALI", "cod_comuna": 3.0, "comuna": "Comuna 3", "cod_barrio": 309.0, "nom_barrio": "San Pascual", "direccion": "76001 KR 13 CON CL 13 A", "sitio": "SIN INFORMACION", "x": -76.52771, "y": 3.444729, "anio": 2026, "mes": "marzo", "dia": 27, "dia_semana": 6, "hora_hecho": "12:30", "barrio": null, "estrato": 1, "geom": "0101000020E61000006BF12900C62153C08BA9F413CE8E0B40", "fecha_hech": "2026-03-27 00:00:00", "Id": 0, "area": 136572.15568900001 }, "geometry": { "type": "Point", "coordinates": [ -76.52771, 3.444729 ] } },
{ "type": "Feature", "properties": { "dinamica": "HURTO", "titulo": "DELITOS CONTRA EL PATRIMONIO ECONOMICO", "capitulo": "DEL HURTO", "articulo": "HURTO. ART. 239 C.P.", "grado_deli": "NINGUNO", "tipo_notic": "QUERELLA", "caracteriz": "HURTO A PERSONAS", "modalidad": "COSQUILLEO", "modo": null, "motivo": null, "pais": "COLOMBIA", "dane_dep": 76, "departamen": "VALLE DEL CAUCA", "dane_mpio": 76001, "municipio": "CALI", "cod_comuna": 3.0, "comuna": "Comuna 3", "cod_barrio": 310.0, "nom_barrio": "El Calvario", "direccion": "76001 Carrera 10 12 100, El Calvario, Cali, Valle del Cauca, COL,EL CALVARIO", "sitio": "SIN INFORMACION", "x": -76.52989, "y": 3.447627, "anio": 2026, "mes": "marzo", "dia": 28, "dia_semana": 7, "hora_hecho": "18:00", "barrio": "EL CALVARIO", "estrato": 3, "geom": "0101000020E61000008E1EBFB7E92153C0E773EE76BD940B40", "fecha_hech": "2026-03-28 00:00:00", "Id": 0, "area": 136572.15568900001 }, "geometry": { "type": "Point", "coordinates": [ -76.52989, 3.447627 ] } },
{ "type": "Feature", "properties": { "dinamica": "HURTO", "titulo": "DELITOS CONTRA EL PATRIMONIO ECONOMICO", "capitulo": "DEL HURTO", "articulo": "HURTO. ART. 239 C.P.", "grado_deli": "NINGUNO", "tipo_notic": "QUERELLA", "caracteriz": "HURTO A PERSONAS", "modalidad": "COSQUILLEO", "modo": null, "motivo": null, "pais": "COLOMBIA", "dane_dep": 76, "departamen": "VALLE DEL CAUCA", "dane_mpio": 76001, "municipio": "CALI", "cod_comuna": 3.0, "comuna": "Comuna 3", "cod_barrio": 310.0, "nom_barrio": "El Calvario", "direccion": "76001 Carrera 10 12 100, El Calvario, Cali, Valle del Cauca, COL,EL CALVARIO", "sitio": "SIN INFORMACION", "x": -76.52989, "y": 3.447627, "anio": 2026, "mes": "marzo", "dia": 30, "dia_semana": 2, "hora_hecho": "07:00", "barrio": "EL CALVARIO", "estrato": 3, "geom": "0101000020E61000008E1EBFB7E92153C0E773EE76BD940B40", "fecha_hech": "2026-03-30 00:00:00", "Id": 0, "area": 136572.15568900001 }, "geometry": { "type": "Point", "coordinates": [ -76.52989, 3.447627 ] } }
]
}
